time,pos_x,pos_y,pos_z,joint_pos_1,joint_pos_2,joint_pos_3,joint_pos_4,joint_pos_5,joint_pos_6,joint_pos_7,joint_vel_1,joint_vel_2,joint_vel_3,joint_vel_4,joint_vel_5,joint_vel_6,joint_vel_7
0,0.572695,0.281235,-0.089736,-0.76252975,-0.03976575,0.033638525,0.594384,-0.0174617,1.014016,-0.026173635,0.5164346,0.07009215,0.017942378,-0.15325,0.053145294,0.0794738,0.411851943
0.002,0.572697,0.280481,-0.089736,-0.761496497,-0.039636093,0.033674453,0.5941003,-0.017355521,1.014159944,-0.025349392,0.516128301,0.0594832,0.01788518,-0.13025,0.052948005,0.0669724,0.412511386
0.004,0.572704,0.279727,-0.089736,-0.760465244,-0.039527736,0.03371008,0.5938626,-0.017249842,1.014283888,-0.02452367,0.515826504,0.048863499,0.017778819,-0.1072,0.052739485,0.054472001,0.413218903
0.006,0.572716,0.278973,-0.089736,-0.759433991,-0.039440679,0.033745608,0.5936719,-0.017144563,1.014377832,-0.023696497,0.51552651,0.038218498,0.017663772,-0.084,0.052524463,0.042972002,0.413941982
0.008,0.572732,0.278219,-0.089736,-0.758402738,-0.039374822,0.033780736,0.5935262,-0.017039784,1.014451776,-0.022867894,0.515276521,0.027568496,0.017538688,-0.06085,0.052314423,0.029972005,0.414646123
0.01,0.572754,0.277466,-0.089736,-0.757372485,-0.039330365,0.033815763,0.5934285,-0.016935305,1.01450572,-0.02203786,0.514876539,0.016903494,0.017403556,-0.0376,0.05210436,0.017972009,0.415348845
0.012,0.57278,0.276712,-0.089736,-0.756343232,-0.039307208,0.03385039,0.5933758,-0.016831327,1.014519664,-0.021206527,0.514476564,0.006218489,0.017283365,-0.01435,0.05190927,0.005472014,0.416032167
0.014,0.572811,0.275959,-0.089736,-0.755314979,-0.039305451,0.033884816,0.5933711,-0.016727748,1.014523608,-0.020373692,0.514126598,-0.004461516,0.017143104,0.0088,0.051714146,-0.007527978,0.416707607
0.016,0.572846,0.275206,-0.089736,-0.754286725,-0.039325094,0.033919042,0.5934114,-0.01662447,1.014497552,-0.019539656,0.513776643,-0.015146524,0.017012763,0.032,0.051518984,-0.019527968,0.417378182
0.018,0.572886,0.274453,-0.089736,-0.753259472,-0.039366037,0.033952868,0.5934987,-0.016521592,1.014441496,-0.018704219,0.5133767,-0.025811533,0.016872332,0.05515,0.051333779,-0.033027956,0.418033908
0.02,0.572931,0.2737,-0.089736,-0.752233219,-0.03942838,0.033986492,0.593632,-0.016419215,1.01436544,-0.017867481,0.51287677,-0.036471545,0.016726802,0.0784,0.051138527,-0.04552794,0.418694801
0.022,0.572981,0.272948,-0.089736,-0.751207965,-0.039511923,0.034019815,0.5938123,-0.016317038,1.014259384,-0.017029441,0.512476854,-0.047121559,0.016576164,0.10155,0.050953224,-0.058027921,0.419325877
0.024,0.573036,0.272196,-0.089736,-0.750183711,-0.039616866,0.034052837,0.5940386,-0.016215362,1.014133329,-0.016190098,0.512026954,-0.057741576,0.016420408,0.12465,0.050782865,-0.070527899,0.41994715
0.026,0.573095,0.271444,-0.089736,-0.749159457,-0.03974301,0.034085457,0.5943109,-0.016113986,1.013977273,-0.015349652,0.51162707,-0.068356595,0.016259527,0.14765,0.050602446,-0.082027873,0.420558635
0.028,0.573159,0.270693,-0.089736,-0.748137203,-0.039890253,0.034117875,0.5946292,-0.016012912,1.013801217,-0.014507904,0.511227203,-0.078936617,0.016098512,0.17065,0.050436964,-0.094027844,0.421155345
0.03,0.573227,0.269942,-0.089736,-0.747114948,-0.040058796,0.034149891,0.5949935,-0.015912238,1.013605161,-0.013664951,0.510777356,-0.089491643,0.015942356,0.19365,0.050261414,-0.10652781,0.421742294
0.032,0.5733,0.269192,-0.089736,-0.746093694,-0.040248339,0.034181605,0.5954038,-0.015811866,1.013379106,-0.012820895,0.510377528,-0.100021671,0.01578105,0.21665,0.050095794,-0.119527772,0.422314495
0.034,0.573378,0.268442,-0.089736,-0.745073438,-0.040458883,0.034213016,0.5958601,-0.015711895,1.01312305,-0.011975734,0.509877721,-0.110501703,0.015609588,0.23945,0.049935099,-0.132027729,0.422871959
0.036,0.573461,0.267692,-0.089736,-0.744054183,-0.040690426,0.034244123,0.5963624,-0.015612126,1.012846995,-0.011129367,0.509377935,-0.120951739,0.015437962,0.26215,0.049774327,-0.144027681,0.423424699
0.038,0.573549,0.266943,-0.089736,-0.743035927,-0.04094277,0.034274728,0.5969087,-0.015512758,1.01255094,-0.010281995,0.508878171,-0.131351779,0.015251166,0.28475,0.049628474,-0.156527629,0.423962726
0.04,0.573641,0.266195,-0.089736,-0.74201867,-0.041215913,0.034305128,0.597501,-0.015413692,1.012224884,-0.009433517,0.508278431,-0.141701822,0.015064192,0.3073,0.049482536,-0.168527571,0.424481051
0.042,0.573738,0.265447,-0.089736,-0.741002413,-0.041509657,0.034335025,0.5981383,-0.015314827,1.011868829,-0.008584032,0.507728716,-0.152001869,0.014882036,0.3299,0.049346511,-0.180527508,0.424994685
0.044,0.573839,0.2647,-0.089736,-0.739988155,-0.041824001,0.034364617,0.5988206,-0.015216265,1.011502774,-0.007733539,0.507229025,-0.162251921,0.01469469,0.3523,0.049205397,-0.192527439,0.425488639
0.046,0.573945,0.263954,-0.089736,-0.738973897,-0.042158745,0.034393804,0.5995479,-0.015118006,1.01110672,-0.006882038,0.50677936,-0.172451977,0.014507148,0.37455,0.049064189,-0.204527365,0.425967922
0.048,0.574056,0.263208,-0.089736,-0.737960638,-0.042513889,0.034422686,0.6003192,-0.015020049,1.010680665,-0.006029628,0.506379721,-0.182582037,0.014304406,0.39655,0.048937886,-0.217027284,0.426432544
0.05,0.574172,0.262463,-0.089736,-0.736948378,-0.042889233,0.034451062,0.6011345,-0.014922294,1.01023461,-0.005176308,0.50578011,-0.192652102,0.014106456,0.4185,0.048816485,-0.229027198,0.426887514
0.052,0.574292,0.261718,-0.089736,-0.735937118,-0.043284577,0.034479032,0.6019928,-0.014824742,1.009768556,-0.004322078,0.505230526,-0.202642171,0.013898295,0.4404,0.048699983,-0.240527105,0.427332842
0.054,0.574417,0.260975,-0.089736,-0.734927856,-0.043699921,0.034506695,0.6028961,-0.014727494,1.009272502,-0.003466937,0.504630972,-0.212567245,0.013694916,0.4621,0.048573378,-0.252027006,0.427763536
0.056,0.574547,0.260232,-0.089736,-0.733918594,-0.044134966,0.034533852,0.6038424,-0.014630449,1.008756448,-0.002610985,0.504031446,-0.222427324,0.013486315,0.48375,0.048456667,-0.264026901,0.428169605
0.058,0.574681,0.25949,-0.089736,-0.73291133,-0.044589711,0.034560601,0.6048307,-0.014533707,1.008220394,-0.001754219,0.503481951,-0.232207408,0.013272486,0.50515,0.048354848,-0.275526789,0.428561057
0.06,0.57482,0.258749,-0.089736,-0.731905066,-0.045063956,0.034586942,0.605863,-0.014437069,1.007654341,-0.000896741,0.502882486,-0.241917498,0.013058426,0.52635,0.048257919,-0.28702667,0.428942899
0.062,0.574964,0.258009,-0.089736,-0.7308998,-0.045557501,0.034612875,0.6069373,-0.014340635,1.007068288,-3.84E-05,0.502283052,-0.251542592,0.012839129,0.5475,0.048165877,-0.299026544,0.42931514
0.064,0.575112,0.25727,-0.089736,-0.729895534,-0.046070246,0.034638299,0.6080526,-0.014244405,1.006462235,0.000820559,0.50173365,-0.261072692,0.012609592,0.5684,0.048063721,-0.310526411,0.429672787
0.066,0.575265,0.256531,-0.089736,-0.728893266,-0.046601992,0.034663314,0.6092109,-0.01414838,1.005826182,0.001680282,0.50113428,-0.270527797,0.012379809,0.5892,0.047971449,-0.322026271,0.430005847
0.068,0.575422,0.255794,-0.089736,-0.727890997,-0.047152437,0.034687819,0.6104102,-0.014052559,1.00517013,0.002540622,0.500534943,-0.279882907,0.012149776,0.6098,0.047884058,-0.333026124,0.430324328
0.07,0.575585,0.255058,-0.089736,-0.726890726,-0.047721683,0.034711913,0.6116505,-0.013956844,1.004494078,0.003401579,0.49988564,-0.289158023,0.011919491,0.63015,0.047806547,-0.343025969,0.430623235
0.072,0.575751,0.254322,-0.089736,-0.725891454,-0.048309229,0.034735497,0.6129308,-0.013861333,1.003798026,0.004263154,0.49923637,-0.298343145,0.011688948,0.6504,0.047728913,-0.354025807,0.430907576
0.074,0.575923,0.253588,-0.089736,-0.724894181,-0.048915176,0.034758669,0.6142521,-0.013765928,1.003081974,0.005125248,0.498637135,-0.307433272,0.011448144,0.67045,0.047661156,-0.365525637,0.431177357
0.076,0.576099,0.252855,-0.089736,-0.723896906,-0.049539122,0.03478133,0.6156134,-0.013670728,1.002335923,0.005987863,0.498037934,-0.316433406,0.011202075,0.6904,0.047598273,-0.377025459,0.431437584
0.078,0.576279,0.252123,-0.089736,-0.722901629,-0.050181069,0.034803478,0.6170137,-0.013575535,1.001569872,0.006850998,0.497388769,-0.325323545,0.010955738,0.71005,0.047535262,-0.388025273,0.431688263
0.08,0.576465,0.251392,-0.089736,-0.721907351,-0.050840617,0.034825113,0.618454,-0.013480547,1.000783822,0.007714655,0.49673964,-0.33411869,0.01070413,0.72945,0.047477122,-0.39802508,0.4319144
0.082,0.576654,0.250662,-0.089736,-0.720915071,-0.051517664,0.034846335,0.6199323,-0.013385666,0.999977772,0.008578735,0.496040547,-0.342808841,0.010457246,0.74875,0.047423851,-0.408124878,0.432121
0.084,0.576849,0.249934,-0.089736,-0.719922789,-0.052212012,0.034866943,0.6214486,-0.013290891,0.999151723,0.009443138,0.495391491,-0.351398999,0.010200084,0.7678,0.047375449,-0.418374669,0.43229807
0.086,0.577048,0.249207,-0.089736,-0.718933505,-0.05292346,0.034887136,0.6230039,-0.013196124,0.998304673,0.010307966,0.494742472,-0.359884162,0.00994264,0.7866,0.047341912,-0.428774451,0.432470614
0.088,0.577251,0.248481,-0.089736,-0.717944219,-0.053651709,0.034906714,0.6245962,-0.013101564,0.997436625,0.01117302,0.49404349,-0.368269332,0.009684912,0.80525,0.04730324,-0.439274224,0.432633638
0.09,0.577459,0.247756,-0.089736,-0.716956931,-0.054396657,0.034925876,0.6262245,-0.013006911,0.996547576,0.0120385,0.493394547,-0.376549508,0.009416896,0.82365,0.047264432,-0.44957399,0.432777147
0.092,0.577672,0.247033,-0.089736,-0.715970641,-0.055158107,0.034944422,0.6278908,-0.012912466,0.995637529,0.012904208,0.492745641,-0.38473469,0.009153589,0.84195,0.047240485,-0.459673746,0.432901145
0.094,0.577889,0.246311,-0.089736,-0.714986348,-0.055935756,0.034962451,0.6295931,-0.012818029,0.994708482,0.013770144,0.492046774,-0.392799879,0.008884989,0.86005,0.047206399,-0.469623495,0.433000638
0.096,0.578111,0.24559,-0.089736,-0.714002054,-0.056729506,0.034979962,0.6313314,-0.0127236,0.993759435,0.014636209,0.491297947,-0.400760074,0.008616093,0.8778,0.047187173,-0.479423234,0.433090629
0.098,0.578337,0.244871,-0.089736,-0.713020757,-0.057538956,0.034996956,0.6331047,-0.01262928,0.992790389,0.015502506,0.490599158,-0.408610276,0.008341899,0.8953,0.047177804,-0.489172965,0.433161124
0.1,0.578568,0.244153,-0.089736,-0.712040457,-0.058364107,0.03501333,0.634913,-0.012534968,0.991802343,0.016368933,0.48990041,-0.416340485,0.008057403,0.91265,0.047168293,-0.498772687,0.433222128
0.102,0.578803,0.243437,-0.089736,-0.711061155,-0.059204558,0.035029186,0.6367553,-0.012440566,0.990795298,0.017235393,0.489301701,-0.4239707,0.007772602,0.9298,0.047163636,-0.5081724,0.433263643
0.104,0.579043,0.242722,-0.089736,-0.71008285,-0.06006011,0.035044421,0.6386326,-0.012346274,0.989769253,0.018101987,0.488553033,-0.431485922,0.007487496,0.9467,0.047163835,-0.517622104,0.433285674
0.106,0.579287,0.242008,-0.089736,-0.709106543,-0.060930662,0.035059136,0.6405429,-0.012251991,0.988725209,0.018968615,0.487754405,-0.438901151,0.007202081,0.9634,0.047163886,-0.526921799,0.433288226
0.108,0.579536,0.241297,-0.089736,-0.708132233,-0.061815915,0.03507323,0.6424862,-0.012157618,0.987661166,0.019835179,0.487005819,-0.446201386,0.006926354,0.9799,0.04717379,-0.536071485,0.433266303
0.11,0.579789,0.240586,-0.089736,-0.70715892,-0.062715668,0.035086802,0.6444625,-0.012063255,0.986580123,0.020701679,0.486307273,-0.453386629,0.006635314,0.9962,0.047178545,-0.545121161,0.433224907
0.112,0.580047,0.239878,-0.089736,-0.706186604,-0.063629621,0.035099852,0.6464718,-0.011968903,0.985481081,0.021568118,0.48555877,-0.460461878,0.006343959,1.0123,0.04719315,-0.554020829,0.433179044
0.114,0.580309,0.239171,-0.089736,-0.705216285,-0.064557675,0.035112179,0.6485121,-0.011874562,0.98436404,0.022434395,0.484860308,-0.467417135,0.005992285,1.02805,0.047187603,-0.562920487,0.433233716
0.116,0.580575,0.238465,-0.089736,-0.704247963,-0.06549953,0.035123982,0.6505844,-0.011780033,0.983228999,0.023300612,0.484061888,-0.474272398,0.005670292,1.04355,0.047206905,-0.571670136,0.433213928
0.118,0.580846,0.237762,-0.089736,-0.703279637,-0.066454885,0.03513466,0.6526867,-0.011685815,0.98207696,0.02416777,0.483313511,-0.481022669,0.005372976,1.059,0.047236054,-0.580269775,0.433109682
0.12,0.581121,0.23706,-0.089736,-0.702314309,-0.06742374,0.035145314,0.65482,-0.011591208,0.98090792,0.02503357,0.482615177,-0.487657946,0.005095337,1.0742,0.047270049,-0.588769405,0.432920983
0.122,0.581401,0.23636,-0.089736,-0.701349977,-0.068405796,0.035155242,0.6569843,-0.011496614,0.979721882,0.025899013,0.481816885,-0.494188231,0.004842371,1.0892,0.047338889,-0.597269026,0.432667832
0.124,0.581685,0.235661,-0.089736,-0.700386641,-0.069400653,0.035164644,0.6591776,-0.011401932,0.978518844,0.0267642,0.481068637,-0.500598523,0.004534077,1.1039,0.047377573,-0.605568636,0.432510235
0.126,0.581974,0.234965,-0.089736,-0.699425302,-0.07040831,0.035173419,0.6613999,-0.011307064,0.977298807,0.027629133,0.480170432,-0.506903822,0.004230454,1.1183,0.0474311,-0.613768237,0.432333193
0.128,0.582267,0.23427,-0.089736,-0.698465959,-0.071428468,0.035181566,0.6636512,-0.011212208,0.976063771,0.028493612,0.479372271,-0.513114129,0.003916499,1.13265,0.04748447,-0.621867829,0.432136711
0.13,0.582564,0.233577,-0.089736,-0.697508613,-0.072460927,0.035189085,0.6659305,-0.011117165,0.974811736,0.029357639,0.478574154,-0.519204442,0.00360221,1.1467,0.047532681,-0.62981741,0.43192579
0.132,0.582866,0.232886,-0.089736,-0.696551263,-0.073505486,0.035195976,0.6682388,-0.011022037,0.973543702,0.030221314,0.477826081,-0.525179763,0.003287586,1.16055,0.047585733,-0.637766982,0.431695435
0.134,0.583172,0.232197,-0.089736,-0.695596909,-0.074561846,0.035202236,0.6705731,-0.010926822,0.972260668,0.031084539,0.477028052,-0.531040092,0.002972625,1.17425,0.047638625,-0.645516544,0.431450647
0.136,0.583482,0.23151,-0.089736,-0.694643551,-0.075629807,0.035207867,0.6729354,-0.010831522,0.970961635,0.031947116,0.476180068,-0.536800428,0.002657326,1.1877,0.047706356,-0.653066096,0.43118643
0.138,0.583796,0.230825,-0.089736,-0.693692189,-0.076709168,0.035212866,0.6753247,-0.010736037,0.969647604,0.032809244,0.475432129,-0.542465772,0.002331686,1.20095,0.047778926,-0.660615638,0.430907786
0.14,0.584115,0.230141,-0.089736,-0.692741822,-0.07779983,0.035217234,0.67774,-0.010640366,0.968319573,0.033670826,0.474584235,-0.548021123,0.002010704,1.2139,0.047856332,-0.66801517,0.430609719
0.142,0.584439,0.22946,-0.089736,-0.691793452,-0.078901492,0.03522087,0.6801803,-0.010544611,0.966975543,0.034531762,0.473686386,-0.553476481,0.001684378,1.22665,0.047933576,-0.675414692,0.430282231
0.144,0.584766,0.228781,-0.089736,-0.690847077,-0.080013856,0.035223972,0.6826466,-0.010448672,0.965617514,0.035391954,0.472788583,-0.558816847,0.001357708,1.2393,0.048015656,-0.682764204,0.429945324
0.146,0.585098,0.228104,-0.089736,-0.689902697,-0.08113692,0.035226341,0.6851379,-0.010352548,0.964244486,0.036251503,0.472040826,-0.564057221,0.001035691,1.2518,0.048097571,-0.689913705,0.429594002
0.148,0.585434,0.227429,-0.089736,-0.688959314,-0.082270284,0.035228075,0.6876542,-0.010256241,0.962857459,0.037110409,0.471243114,-0.569202602,0.000698326,1.26395,0.04818432,-0.697013197,0.429223266
0.15,0.585774,0.226756,-0.089736,-0.688016925,-0.08341385,0.035229175,0.6901945,-0.010159851,0.961456433,0.037968475,0.470445448,-0.574242991,0.000365611,1.2759,0.048275904,-0.703912678,0.428833119
0.152,0.586118,0.226085,-0.089736,-0.687077532,-0.084567416,0.035229538,0.6927578,-0.010063177,0.960041408,0.038825701,0.469547829,-0.579183388,3.25E-05,1.28765,0.048362321,-0.710762149,0.428418564
0.154,0.586467,0.225417,-0.089736,-0.686139134,-0.085730784,0.035229266,0.6953451,-0.009966321,0.958613385,0.039682188,0.468600256,-0.584018793,-0.000305873,1.2993,0.04846857,-0.71751161,0.427989602
0.156,0.58682,0.22475,-0.089736,-0.685202731,-0.086903652,0.035228356,0.6979554,-0.009869383,0.957171362,0.040537738,0.467702729,-0.588754205,-0.000639645,1.3107,0.048564651,-0.72416106,0.427541237
0.158,0.587177,0.224086,-0.089736,-0.684268323,-0.08808592,0.035226708,0.7005887,-0.009772062,0.95571634,0.041392352,0.46690525,-0.593394625,-0.001043772,1.3219,0.048630564,-0.7306605,0.42719347
0.16,0.587538,0.223424,-0.089736,-0.68333591,-0.08927739,0.035224421,0.703243,-0.00967466,0.95424832,0.042246031,0.466007817,-0.597945053,-0.001408256,1.3329,0.048721307,-0.73710993,0.426776305
0.162,0.587903,0.222765,-0.089736,-0.682403492,-0.090477861,0.035220795,0.7059203,-0.009577377,0.952768301,0.043099976,0.465210432,-0.602405489,-0.001748098,1.3437,0.04882688,-0.743509349,0.426284742
0.164,0.588273,0.222108,-0.089736,-0.681475068,-0.091687132,0.035217229,0.7086186,-0.009479512,0.951274283,0.043951689,0.464313093,-0.606760932,-0.002063298,1.3544,0.048962282,-0.749808757,0.425708784
0.166,0.588646,0.221453,-0.089736,-0.68054664,-0.092905104,0.035212822,0.7113379,-0.009381367,0.949768266,0.04480237,0.463265803,-0.611021384,-0.002343859,1.3648,0.049117514,-0.756008155,0.425048434
0.168,0.589024,0.2208,-0.089736,-0.679621205,-0.094131377,0.035207774,0.7140782,-0.009283042,0.94825025,0.045651922,0.46241856,-0.615191843,-0.002694782,1.37505,0.049242573,-0.762007542,0.424493693
0.17,0.589406,0.22015,-0.089736,-0.678697765,-0.095365952,0.035202084,0.7168385,-0.009184437,0.946720235,0.046500344,0.461471365,-0.619272311,-0.003031068,1.38515,0.04936246,-0.768006919,0.423929564
0.172,0.589791,0.219502,-0.089736,-0.67777532,-0.096608627,0.035195651,0.7196188,-0.009085552,0.945178222,0.047347639,0.460524218,-0.623262786,-0.003377718,1.39505,0.049487174,-0.774006285,0.423346049
0.174,0.590181,0.218857,-0.089736,-0.676854869,-0.097859203,0.035188574,0.7224191,-0.008986488,0.94362421,0.048193807,0.459577119,-0.62715827,-0.003734733,1.4048,0.049611714,-0.77990564,0.422743149
0.176,0.590575,0.218214,-0.089736,-0.675937411,-0.09911738,0.035180752,0.7252384,-0.008887145,0.9420582,0.049038651,0.458580068,-0.630938761,-0.004087114,1.4144,0.049741081,-0.785654985,0.422115867
0.178,0.590973,0.217574,-0.089736,-0.675020948,-0.100383158,0.035172186,0.7280767,-0.008787523,0.94048119,0.04988227,0.457633066,-0.634664261,-0.004444864,1.4237,0.049880272,-0.791254319,0.421469204
0.18,0.591375,0.216936,-0.089736,-0.674106479,-0.101656037,0.035162973,0.730934,-0.008687623,0.938893182,0.050724566,0.456836112,-0.638329769,-0.004792982,1.4329,0.050019288,-0.796753642,0.420778163
0.182,0.591781,0.2163,-0.089736,-0.673194004,-0.102936517,0.035153014,0.7338083,-0.008587446,0.937294176,0.051565542,0.455889207,-0.641930284,-0.00514147,1.4419,0.050158129,-0.802252954,0.420067746
0.184,0.592191,0.215668,-0.089736,-0.672282523,-0.104223998,0.035142408,0.7367016,-0.00848699,0.935684171,0.052404796,0.454892351,-0.645390808,-0.005500329,1.4508,0.050296793,-0.807652255,0.419402954
0.186,0.592605,0.215037,-0.089736,-0.671374035,-0.10551848,0.035131054,0.7396119,-0.008386258,0.934063167,0.053242832,0.453845544,-0.648741341,-0.005854561,1.45955,0.050435281,-0.813001546,0.418718789
0.188,0.593023,0.21441,-0.089736,-0.67046754,-0.106818963,0.03511895,0.7425402,-0.008285249,0.932432164,0.054079951,0.452848786,-0.651991881,-0.006214166,1.46805,0.050583591,-0.818250825,0.418080254
0.19,0.593445,0.213785,-0.089736,-0.66956304,-0.108126448,0.035106198,0.7454845,-0.008183964,0.930790163,0.054915152,0.451902078,-0.65524243,-0.006564145,1.4765,0.050726723,-0.823400094,0.417272349
0.192,0.593871,0.213163,-0.089736,-0.668659532,-0.109439933,0.035092695,0.7484458,-0.008082302,0.929138164,0.055749439,0.450905419,-0.658392986,-0.0069245,1.4847,0.050884676,-0.828499351,0.416515077
0.194,0.5943,0.212543,-0.089736,-0.667759018,-0.110760419,0.03507854,0.7514241,-0.007980465,0.927476166,0.056580812,0.449958809,-0.661493552,-0.007350231,1.4928,0.050987451,-0.833498598,0.41580844
0.196,0.594734,0.211926,-0.089736,-0.666860497,-0.112085907,0.035063534,0.7544174,-0.007878152,0.92580417,0.057412272,0.44891225,-0.664494125,-0.00774634,1.50065,0.051115047,-0.838397833,0.414952439
0.198,0.595171,0.211312,-0.089736,-0.665962969,-0.113418396,0.035047276,0.7574267,-0.007776164,0.924122175,0.05824182,0.44801574,-0.667394707,-0.008107828,1.5084,0.051282462,-0.843247058,0.414147076
0.2,0.595613,0.210701,-0.089736,-0.665068434,-0.114755886,0.035030863,0.760451,-0.007673302,0.922431181,0.059068459,0.44701928,-0.670245297,-0.008429695,1.51605,0.051464697,-0.847996271,0.413192354
0.202,0.596058,0.210092,-0.089736,-0.664174892,-0.116099377,0.035013797,0.7634913,-0.007570065,0.92073019,0.059894189,0.445922871,-0.672895895,-0.008731943,1.52345,0.051676751,-0.852745473,0.412388272
0.204,0.596507,0.209486,-0.089736,-0.663284343,-0.11744787,0.034995976,0.7665456,-0.007466554,0.919020199,0.060718011,0.444776512,-0.675596502,-0.009099573,1.53075,0.051833624,-0.857494664,0.411584834
0.206,0.596959,0.208883,-0.089736,-0.662395786,-0.118801363,0.0349774,0.7696139,-0.00736277,0.917300211,0.061540927,0.443630203,-0.678247117,-0.009477585,1.5379,0.051995315,-0.862043844,0.410632041
0.208,0.597416,0.208283,-0.089736,-0.661510222,-0.120160858,0.034958067,0.7726972,-0.007258613,0.915571224,0.062360938,0.442633945,-0.680797741,-0.009845982,1.54495,0.052161824,-0.866493012,0.409729895
0.21,0.597876,0.207686,-0.089736,-0.66062565,-0.121525354,0.034937976,0.7757945,-0.007154083,0.913834239,0.063179046,0.441587737,-0.683248373,-0.010209763,1.5519,0.05234315,-0.870842169,0.408728397
0.212,0.59834,0.207092,-0.089736,-0.659743071,-0.122893851,0.034917228,0.7789048,-0.00704928,0.912088255,0.063996251,0.440541581,-0.685599013,-0.010563929,1.55865,0.052509292,-0.875241315,0.407877549
0.214,0.598808,0.2065,-0.089736,-0.658863484,-0.12426735,0.034895721,0.7820291,-0.006944005,0.910333274,0.064810555,0.439395475,-0.687899663,-0.010928483,1.5653,0.052680251,-0.87954045,0.406927353
0.216,0.599279,0.205912,-0.089736,-0.657985889,-0.12564585,0.034873555,0.7851664,-0.006838559,0.908569293,0.065623959,0.43829942,-0.69025032,-0.011298424,1.5718,0.052861026,-0.883739573,0.40587781
0.218,0.599754,0.205326,-0.089736,-0.657110287,-0.127028351,0.034850528,0.7883167,-0.006732641,0.906798315,0.066434465,0.437303417,-0.692500986,-0.011668754,1.57805,0.053031616,-0.887838685,0.404978922
0.22,0.600233,0.204744,-0.089736,-0.656236676,-0.128415854,0.03482684,0.791479,-0.006626352,0.905018339,0.067243074,0.436207465,-0.694651661,-0.012044473,1.58425,0.053212021,-0.891987786,0.403880691
0.222,0.600715,0.204165,-0.089736,-0.655365057,-0.129807358,0.034802391,0.7946533,-0.006519792,0.903230364,0.068050787,0.435161564,-0.696652344,-0.012455583,1.5903,0.05333224,-0.896136875,0.402883118
0.224,0.601201,0.203588,-0.089736,-0.65449643,-0.131202863,0.034777179,0.7978406,-0.006412863,0.901433391,0.068854605,0.433965715,-0.698603036,-0.012847085,1.5963,0.053482273,-0.900035952,0.401886205
0.226,0.601691,0.203015,-0.089736,-0.653628794,-0.13260137,0.034750803,0.8010389,-0.006306063,0.89962942,0.06965753,0.432819918,-0.700503736,-0.013213979,1.60215,0.05366712,-0.903935018,0.400789953
0.228,0.602184,0.202445,-0.089736,-0.65276515,-0.134004878,0.034724163,0.8042492,-0.006198394,0.897818451,0.070458564,0.431674173,-0.702404445,-0.013561266,1.6078,0.05387678,-0.907734073,0.399794364
0.23,0.602681,0.201877,-0.089736,-0.651902497,-0.135411388,0.034696759,0.8074705,-0.006090356,0.895998484,0.071256707,0.430478479,-0.704355163,-0.013883948,1.6134,0.054111253,-0.911533116,0.39859944
0.232,0.603182,0.201313,-0.089736,-0.651042836,-0.136821899,0.034668588,0.8107028,-0.005981949,0.894171519,0.072052961,0.429332838,-0.70605589,-0.014252025,1.6189,0.054295537,-0.915332147,0.397405182
0.234,0.603686,0.200753,-0.089736,-0.650185166,-0.138236411,0.034639751,0.8139461,-0.005873173,0.892337555,0.072846327,0.428087249,-0.707756625,-0.014620498,1.6243,0.054479634,-0.918881167,0.396311592
0.236,0.604193,0.200195,-0.089736,-0.649330487,-0.139652925,0.034610147,0.8172004,-0.00576403,0.890495594,0.073637806,0.426941712,-0.709357369,-0.014994369,1.62955,0.054673542,-0.922480175,0.395168671
0.238,0.604704,0.199641,-0.089736,-0.648477799,-0.141073441,0.034579774,0.8204647,-0.005654519,0.888647635,0.0744274,0.425746228,-0.710908121,-0.015368638,1.63465,0.05486226,-0.926079172,0.394076421
0.24,0.605218,0.199089,-0.089736,-0.647627102,-0.142496958,0.034548633,0.823739,-0.00554454,0.886791677,0.075214111,0.424600796,-0.712508883,-0.015738305,1.63965,0.055045789,-0.929528157,0.392884843
0.242,0.605736,0.198541,-0.089736,-0.646779396,-0.143923476,0.034516822,0.8270233,-0.005434295,0.884928722,0.075998938,0.423355417,-0.713909653,-0.016108373,1.64455,0.055234128,-0.93297713,0.39169394
0.244,0.606258,0.197997,-0.089736,-0.645933681,-0.145352997,0.03448424,0.8303176,-0.005323684,0.883059769,0.076780885,0.42221009,-0.715260432,-0.016513842,1.6493,0.055372277,-0.936326091,0.390503712
0.246,0.606782,0.197455,-0.089736,-0.645090956,-0.146784518,0.034450887,0.8336209,-0.005212606,0.881183818,0.077560952,0.421014817,-0.71661122,-0.016904712,1.6539,0.055545234,-0.939725041,0.389214161
0.248,0.60731,0.196917,-0.089736,-0.644249222,-0.148219041,0.034416462,0.8369332,-0.005101662,0.879300869,0.078338141,0.419769597,-0.717912016,-0.017265985,1.6584,0.055738001,-0.943023978,0.387975289
0.25,0.607842,0.196382,-0.089736,-0.643411478,-0.149656566,0.034381664,0.8402545,-0.004989853,0.877410922,0.079112452,0.41847443,-0.719262822,-0.017617662,1.6629,0.055945575,-0.946322904,0.386687098
0.252,0.608377,0.195851,-0.089736,-0.642575724,-0.151096093,0.034346192,0.8435848,-0.00487768,0.875515977,0.079884888,0.417129316,-0.720413636,-0.017954744,1.6673,0.056187957,-0.949471819,0.385399588
0.254,0.608915,0.195323,-0.089736,-0.64174296,-0.152538621,0.034309846,0.8469241,-0.004765141,0.873613034,0.08065445,0.415984256,-0.721514459,-0.018322231,1.67165,0.056385147,-0.952520721,0.384062762
0.256,0.609456,0.194798,-0.089736,-0.640912187,-0.15398215,0.034272824,0.8502714,-0.004652139,0.871705094,0.081421138,0.414689249,-0.722615292,-0.018690124,1.6758,0.056582143,-0.955569611,0.38272662
0.258,0.610001,0.194277,-0.089736,-0.640083404,-0.155428682,0.034235126,0.8536277,-0.004538772,0.869791156,0.082184955,0.413394296,-0.723666133,-0.019053425,1.6798,0.056773946,-0.95856849,0.381441165
0.26,0.610549,0.193759,-0.089736,-0.63925861,-0.156877215,0.034196651,0.856991,-0.004425043,0.86787122,0.082946902,0.412099397,-0.724766983,-0.019422135,1.68375,0.056955555,-0.961617356,0.380056399
0.262,0.6111,0.193244,-0.089736,-0.638435806,-0.15832775,0.034157398,0.8603623,-0.00431095,0.865944286,0.083705979,0.410804552,-0.725667842,-0.019826253,1.68755,0.057106969,-0.964616211,0.378672322
0.264,0.611655,0.192733,-0.089736,-0.637614992,-0.159780286,0.034117466,0.8637416,-0.004196494,0.864012355,0.08446119,0.40955976,-0.72651871,-0.020215782,1.6914,0.057283189,-0.967465053,0.377238936
0.266,0.612212,0.192226,-0.089736,-0.636797167,-0.161233825,0.034076455,0.8671279,-0.004081977,0.862074426,0.085214534,0.408165023,-0.727369587,-0.020585721,1.69505,0.057479213,-0.970213884,0.375856243
0.268,0.612773,0.191722,-0.089736,-0.635982332,-0.162689365,0.034034964,0.8705222,-0.003966697,0.8601315,0.085965014,0.406770341,-0.728170473,-0.020936073,1.69865,0.057700042,-0.972962702,0.374524244
0.27,0.613337,0.191222,-0.089736,-0.635170486,-0.164146907,0.033992792,0.8739225,-0.003851056,0.858182575,0.08671263,0.405425712,-0.728921369,-0.021266838,1.70215,0.057935674,-0.975711508,0.373092941
0.272,0.613904,0.190725,-0.089736,-0.634360629,-0.16560545,0.033949937,0.8773308,-0.003734954,0.856228654,0.087457384,0.404081138,-0.729622273,-0.021623016,1.70545,0.05813111,-0.978460303,0.371662336
0.274,0.614475,0.190231,-0.089736,-0.633553761,-0.167064996,0.0339063,0.8807451,-0.003618492,0.854268734,0.088199278,0.402786619,-0.730273187,-0.02198961,1.70875,0.058321348,-0.981109085,0.37013243
0.276,0.615048,0.189742,-0.089736,-0.632749883,-0.168526543,0.03386198,0.8841654,-0.003501669,0.852303817,0.088938313,0.401342155,-0.730924109,-0.022356619,1.7119,0.058511389,-0.983807854,0.368653224
0.278,0.615624,0.189256,-0.089736,-0.631947993,-0.169989092,0.033816874,0.8875927,-0.003384486,0.850333903,0.08967349,0.400047745,-0.731525041,-0.022744045,1.71515,0.058656232,-0.986356612,0.367124721
0.28,0.616204,0.188773,-0.089736,-0.631150092,-0.171452643,0.033771084,0.891026,-0.003266843,0.848357991,0.090406811,0.398703391,-0.732025982,-0.023121889,1.7183,0.058835877,-0.988855358,0.365596921
0.282,0.616786,0.188295,-0.089736,-0.630353179,-0.172917196,0.033724308,0.8944663,-0.003149342,0.846378081,0.091136276,0.397259092,-0.732426932,-0.023480151,1.7212,0.059030322,-0.991304091,0.364119827
0.284,0.617372,0.187819,-0.089736,-0.629560256,-0.174382751,0.033677044,0.8979116,-0.003030882,0.844393174,0.091862889,0.395814848,-0.732877891,-0.023833833,1.724,0.059244569,-0.993702812,0.362493441
0.286,0.61796,0.187348,-0.089736,-0.62877032,-0.175848307,0.033629093,0.9013619,-0.002912163,0.84240327,0.092586649,0.394220659,-0.73327886,-0.024172935,1.72675,0.059483615,-0.99620152,0.360917762
0.288,0.618551,0.18688,-0.089736,-0.627983373,-0.177315866,0.033580353,0.9048182,-0.002792987,0.840408368,0.093306559,0.392826526,-0.733679838,-0.024532459,1.72945,0.059667462,-0.998600216,0.359342794
0.29,0.619146,0.186416,-0.089736,-0.627199414,-0.178783427,0.033530924,0.9082805,-0.002673453,0.838408469,0.094023619,0.391382449,-0.734130825,-0.024887405,1.73215,0.059866107,-1.0008489,0.357718538
0.292,0.619743,0.185956,-0.089736,-0.626417443,-0.180251989,0.033480804,0.9117468,-0.002553562,0.836404573,0.094737832,0.389888427,-0.734331821,-0.025232775,1.73475,0.060049552,-1.003047572,0.356144996
0.294,0.620343,0.1855,-0.089736,-0.62563946,-0.181721554,0.033429993,0.9152191,-0.002433215,0.834396679,0.095448198,0.388444462,-0.734632827,-0.025608569,1.7372,0.060197794,-1.005296231,0.354472169
0.296,0.620946,0.185047,-0.089736,-0.624864465,-0.183190121,0.033378491,0.9186964,-0.002312611,0.832383788,0.096155719,0.386900552,-0.734783842,-0.025979788,1.73965,0.060365835,-1.007594877,0.352800058
0.298,0.621552,0.184598,-0.089736,-0.624091458,-0.184660689,0.033325995,0.9221777,-0.002191951,0.830365899,0.096859397,0.385506699,-0.734934866,-0.026341434,1.7419,0.060548673,-1.009843511,0.351228666
0.3,0.62216,0.184153,-0.089736,-0.623322439,-0.18613026,0.033273006,0.925664,-0.002070536,0.828344014,0.097560233,0.384012901,-0.7351359,-0.026688507,1.74415,0.060756308,-1.011942133,0.349507995
0.302,0.622772,0.183712,-0.089736,-0.622555407,-0.187600833,0.033219322,0.9291543,-0.001948765,0.826318131,0.098258228,0.382419161,-0.735186943,-0.027016009,1.7463,0.06098374,-1.013940742,0.347888045
0.304,0.623386,0.183274,-0.089736,-0.621792362,-0.189071408,0.033164942,0.9326496,-0.00182664,0.824288251,0.098951384,0.380875477,-0.735287996,-0.02736394,1.7484,0.061175967,-1.015939339,0.346118818
0.306,0.624003,0.182841,-0.089736,-0.621032305,-0.190541985,0.033109866,0.9361479,-0.001704061,0.822254373,0.099642702,0.379281849,-0.735289058,-0.027712301,1.7504,0.061367991,-1.018037922,0.344350317
0.308,0.624622,0.182411,-0.089736,-0.620275235,-0.192012564,0.033054094,0.9396512,-0.001581128,0.820216499,0.100329184,0.377788279,-0.73519013,-0.028081093,1.7524,0.061504809,-1.020086494,0.342632542
0.31,0.625245,0.181985,-0.089736,-0.619521152,-0.193483146,0.032997623,0.9431575,-0.001457842,0.818173627,0.101012831,0.376194765,-0.735141211,-0.028430318,1.7543,0.061656422,-1.022085052,0.340765497
0.312,0.62587,0.181563,-0.089736,-0.618770056,-0.194952729,0.032940253,0.9466688,-0.001334702,0.816127759,0.101692645,0.374651309,-0.735042301,-0.028774976,1.75605,0.061832829,-1.023933598,0.339049181
0.314,0.626497,0.181146,-0.089736,-0.618022947,-0.196423315,0.032882484,0.9501821,-0.00121071,0.814077893,0.102368627,0.373057909,-0.734943402,-0.029105068,1.75785,0.062034029,-1.025682131,0.337183598
0.316,0.627127,0.180732,-0.089736,-0.617277824,-0.197892903,0.032823913,0.9536994,-0.001086366,0.81202503,0.103041778,0.371364568,-0.734894511,-0.029425596,1.75945,0.062260023,-1.027530652,0.335368748
0.318,0.62776,0.180322,-0.089736,-0.616536689,-0.199362493,0.032764742,0.9572207,-0.00096167,0.80996817,0.1037101,0.369771283,-0.734695631,-0.029771561,1.76115,0.062435809,-1.029429159,0.333554634
0.32,0.628395,0.179916,-0.089736,-0.615799539,-0.200832085,0.032704868,0.960744,-0.000836622,0.807907313,0.104375595,0.368078057,-0.734446759,-0.030122963,1.76275,0.062571388,-1.031227654,0.331691257
0.322,0.629033,0.179514,-0.089736,-0.615064377,-0.20230068,0.032644291,0.9642713,-0.000711224,0.80584246,0.105037264,0.366484888,-0.734147898,-0.030479803,1.7642,0.062726758,-1.033026136,0.329878619
0.324,0.629674,0.179116,-0.089736,-0.6143332,-0.203768277,0.032582909,0.9678016,-0.000585875,0.803775609,0.105695109,0.364841777,-0.733899046,-0.030812083,1.76565,0.062891919,-1.034674605,0.328066722
0.326,0.630317,0.178722,-0.089736,-0.613605009,-0.205235876,0.032520923,0.9713339,-0.000459776,0.801703761,0.10634913,0.363098724,-0.733600204,-0.031139804,1.7669,0.063081871,-1.036323061,0.326205567
0.328,0.630962,0.178332,-0.089736,-0.612880805,-0.206703477,0.032458431,0.9748692,-0.000333427,0.799629917,0.10700033,0.361455729,-0.733301372,-0.031457966,1.76815,0.063286613,-1.038021505,0.324295157
0.33,0.63161,0.177946,-0.089736,-0.612159587,-0.208169081,0.032395132,0.9784065,-0.000206629,0.797552075,0.107646709,0.359762793,-0.732902549,-0.031781571,1.7694,0.063451145,-1.039569935,0.322335493
0.332,0.63226,0.177564,-0.089736,-0.611441354,-0.209634688,0.032331225,0.9819468,-7.96E-05,0.795471237,0.10828927,0.358019915,-0.732453736,-0.03212562,1.77055,0.063580465,-1.041268352,0.320226577
0.334,0.632912,0.177186,-0.089736,-0.610727107,-0.211099296,0.03226671,0.9854891,4.78E-05,0.793387402,0.108928014,0.356227096,-0.732054933,-0.032460114,1.77175,0.063724575,-1.042816757,0.318268411
0.336,0.633567,0.176813,-0.089736,-0.610016846,-0.212562907,0.032201386,0.9890334,0.000175157,0.79129957,0.109561943,0.354484335,-0.731556139,-0.032785054,1.7728,0.063888472,-1.044415148,0.316360997
0.338,0.634225,0.176443,-0.089736,-0.60930957,-0.214025521,0.032135451,0.9925807,0.000303248,0.789209741,0.110193057,0.352791634,-0.731057356,-0.033105442,1.7738,0.064067157,-1.045913526,0.314404337
0.34,0.634884,0.176078,-0.089736,-0.608605279,-0.215487137,0.032069005,0.996129,0.000431586,0.787115916,0.110820359,0.351048991,-0.730458582,-0.033411277,1.77425,0.064255629,-1.047311891,0.312448431
0.342,0.635546,0.175717,-0.089736,-0.607904974,-0.216947755,0.032001846,0.9996793,0.00056027,0.785020094,0.11144285,0.349256408,-0.729909818,-0.033722562,1.7755,0.064403887,-1.048760243,0.310393284
0.344,0.63621,0.17536,-0.089736,-0.607208654,-0.218406376,0.031934075,1.0032266,0.000689202,0.782921275,0.112061531,0.347413884,-0.729311064,-0.034059298,1.7762,0.064511932,-1.050058581,0.308288895
0.346,0.636876,0.175007,-0.089736,-0.606515319,-0.219864999,0.03186569,1.0067869,0.000818479,0.780819459,0.112676404,0.34557142,-0.72871232,-0.034386485,1.77735,0.064639762,-1.051506907,0.306335268
0.348,0.637545,0.174659,-0.089736,-0.605825968,-0.221321625,0.03179649,1.0103372,0.000947601,0.778715647,0.113286471,0.343779015,-0.728163586,-0.034699126,1.77865,0.064787376,-1.052905219,0.304232404
0.35,0.638216,0.174314,-0.089736,-0.605140603,-0.222777254,0.031726774,1.0138975,0.001077468,0.776607838,0.113893732,0.34193667,-0.727464862,-0.03500722,1.77815,0.064954775,-1.054203518,0.302180305
0.352,0.638889,0.173974,-0.089736,-0.604458222,-0.224231885,0.031656542,1.0174578,0.00120758,0.774498033,0.114495191,0.340094385,-0.726816148,-0.035295769,1.77865,0.065141958,-1.055501803,0.300128973
0.354,0.639564,0.173638,-0.089736,-0.603779825,-0.225684518,0.031585592,1.0210081,0.001338037,0.772386231,0.115093847,0.338302161,-0.726067443,-0.035604775,1.77865,0.065278923,-1.056650075,0.297928411
0.356,0.640241,0.173306,-0.089736,-0.603105413,-0.227136154,0.031514123,1.0245684,0.001468736,0.770271433,0.115687703,0.336359996,-0.725218749,-0.035924238,1.77915,0.065370672,-1.057898334,0.295828619
0.358,0.64092,0.172979,-0.089736,-0.602433985,-0.228585793,0.031441936,1.0281287,0.00159968,0.768154638,0.11627676,0.334467892,-0.724420065,-0.03622916,1.78115,0.065482202,-1.059246579,0.2935796
0.36,0.641601,0.172656,-0.089736,-0.601767542,-0.230033435,0.031369127,1.031689,0.001730466,0.766034846,0.11686202,0.332575849,-0.723671391,-0.036524542,1.78165,0.065618514,-1.060444811,0.291431357
0.362,0.642284,0.172337,-0.089736,-0.601104082,-0.231480079,0.031295798,1.0352593,0.001861994,0.763912058,0.117442485,0.330633866,-0.722872728,-0.036815385,1.78165,0.065764607,-1.06164303,0.28928389
0.364,0.64297,0.172022,-0.089736,-0.600444606,-0.232925726,0.031221947,1.0388196,0.001993764,0.761788274,0.118019155,0.328641945,-0.722074074,-0.037106691,1.78115,0.06593048,-1.062741235,0.287137203
0.366,0.643657,0.171712,-0.089736,-0.599789114,-0.234368375,0.031147372,1.0423799,0.002125676,0.759661493,0.118591032,0.326700084,-0.721175431,-0.03740846,1.78115,0.066011133,-1.063789426,0.284991297
0.368,0.644346,0.171406,-0.089736,-0.599138606,-0.235810027,0.031072274,1.0459402,0.002257929,0.757532716,0.119159119,0.324758285,-0.720226797,-0.037705694,1.78165,0.066106565,-1.064887603,0.282746174
0.37,0.645037,0.171104,-0.089736,-0.598490081,-0.237249682,0.03099655,1.0495105,0.002390023,0.755401943,0.119722416,0.322716547,-0.719328174,-0.037983394,1.78165,0.066231776,-1.065885767,0.280451837
0.372,0.64573,0.170807,-0.089736,-0.59784654,-0.23868734,0.030920301,1.0530708,0.002522657,0.753269173,0.120280925,0.32072487,-0.718329562,-0.038266561,1.78215,0.066361764,-1.066883918,0.278158288
0.374,0.646425,0.170514,-0.089736,-0.597207982,-0.240123001,0.030843525,1.0566311,0.00265563,0.751134407,0.120834647,0.318633256,-0.717330959,-0.038545197,1.78165,0.06651153,-1.067882054,0.275915528
0.376,0.647121,0.170226,-0.089736,-0.596572407,-0.241556664,0.030766121,1.0602014,0.002788743,0.748997645,0.121384586,0.316691703,-0.716332367,-0.038834303,1.78165,0.066576073,-1.068880177,0.27367356
0.378,0.647819,0.169941,-0.089736,-0.595940815,-0.24298833,0.030688188,1.0637617,0.002922095,0.746858887,0.12192974,0.314700213,-0.715333785,-0.039113881,1.78215,0.066650392,-1.069878286,0.271382386
0.38,0.64852,0.169662,-0.089736,-0.595313206,-0.244417999,0.030609626,1.067322,0.003055185,0.744718132,0.122470114,0.312658784,-0.714235214,-0.03937893,1.78165,0.066744486,-1.070876381,0.269092009
0.382,0.649222,0.169386,-0.089736,-0.59469058,-0.245845671,0.030530633,1.0708923,0.003188913,0.742575381,0.123005707,0.310567419,-0.713186653,-0.039649454,1.78165,0.066858355,-1.071774463,0.26675243
0.384,0.649925,0.169115,-0.089736,-0.594070937,-0.247270346,0.030451109,1.0744526,0.003322779,0.740430634,0.123537522,0.308476115,-0.712088103,-0.039910453,1.78115,0.066991998,-1.07262253,0.264463652
0.386,0.65063,0.168849,-0.089736,-0.593456276,-0.248694023,0.030370952,1.0780129,0.003456882,0.738284891,0.124063561,0.306334875,-0.710989562,-0.040186928,1.78015,0.067045415,-1.073370583,0.262075677
0.388,0.651337,0.168587,-0.089736,-0.592845597,-0.250114704,0.030290362,1.0815732,0.003591121,0.736137152,0.124585824,0.304093697,-0.709841033,-0.040463881,1.78015,0.067108605,-1.074218623,0.259588507
0.39,0.652046,0.168329,-0.089736,-0.592239901,-0.251533387,0.030209137,1.0851335,0.003725196,0.733988416,0.125102313,0.301952583,-0.708592514,-0.040726313,1.78015,0.067186567,-1.075016648,0.257252145
0.392,0.652756,0.168076,-0.089736,-0.591638187,-0.252949074,0.030127377,1.0886938,0.003859708,0.731836685,0.125614031,0.299861532,-0.707444005,-0.040979226,1.78015,0.067284301,-1.07576466,0.254816593
0.394,0.653468,0.167827,-0.089736,-0.591040455,-0.254362763,0.030045181,1.0922541,0.003994454,0.729684958,0.126121978,0.297770545,-0.706245507,-0.041217621,1.77915,0.067396806,-1.076562657,0.252531853
0.396,0.654181,0.167583,-0.089736,-0.590446705,-0.255774456,0.029962548,1.0958144,0.004129335,0.727531234,0.126624157,0.295629621,-0.70509702,-0.0414715,1.77865,0.067424081,-1.07726064,0.250047927
0.398,0.654896,0.167343,-0.089736,-0.589857937,-0.257183151,0.029879376,1.0993647,0.004264351,0.725375515,0.127122569,0.293388761,-0.703848543,-0.041725863,1.77765,0.067466126,-1.078008609,0.247514819
0.4,0.655613,0.167108,-0.089736,-0.58927315,-0.25858985,0.029795565,1.102925,0.004399,0.7232188,0.127614215,0.291147965,-0.702500077,-0.041980712,1.77765,0.06752294,-1.078706563,0.24508253
0.402,0.65633,0.166877,-0.089736,-0.588693345,-0.259993552,0.029711414,1.1064753,0.004534283,0.721061089,0.128102098,0.288907233,-0.701201622,-0.042221049,1.77765,0.067599522,-1.079354504,0.242651063
0.404,0.65705,0.166651,-0.089736,-0.588117521,-0.261394256,0.029626722,1.1100356,0.004669598,0.718901382,0.128585218,0.286566566,-0.699853178,-0.042446875,1.77665,0.067690872,-1.08000243,0.24027042
0.406,0.65777,0.166429,-0.089736,-0.587546679,-0.262792964,0.029541587,1.1135859,0.004805047,0.716740679,0.129063578,0.284275964,-0.698504744,-0.042698192,1.77615,0.067691989,-1.080600341,0.237740604
0.408,0.658492,0.166212,-0.089736,-0.586980817,-0.264188675,0.02945601,1.1171362,0.004940527,0.714578981,0.129536179,0.282035426,-0.697206321,-0.042930001,1.77415,0.067712872,-1.081098239,0.235211617
0.41,0.659216,0.166,-0.089736,-0.586418937,-0.26558139,0.029369788,1.1206865,0.005075738,0.712416286,0.130004023,0.279744954,-0.695857909,-0.043162303,1.77365,0.06775352,-1.081696121,0.232633461
0.412,0.65994,0.165792,-0.089736,-0.585861038,-0.266972107,0.029283321,1.1242268,0.005211381,0.710252596,0.130467112,0.277454546,-0.694409508,-0.0433901,1.77265,0.067803934,-1.08224399,0.23010614
0.414,0.660666,0.165588,-0.089736,-0.585309119,-0.268359828,0.029196308,1.1277771,0.005347155,0.70808691,0.130924446,0.275064204,-0.692961117,-0.043598394,1.77165,0.067869111,-1.082741844,0.227579656
0.416,0.661394,0.165389,-0.089736,-0.584761181,-0.269743552,0.029108848,1.1313174,0.005482858,0.705921229,0.131377029,0.272723928,-0.691462738,-0.043837186,1.77115,0.067854052,-1.083289683,0.225004011
0.418,0.662122,0.165195,-0.089736,-0.584218223,-0.271125279,0.02902104,1.1348577,0.005618691,0.703754551,0.131824861,0.270483717,-0.69011437,-0.044056478,1.77015,0.067853755,-1.083737507,0.222479208
0.42,0.662852,0.165005,-0.089736,-0.583679246,-0.272504009,0.028932583,1.138398,0.005754153,0.701585879,0.132266944,0.268043573,-0.688766012,-0.044271271,1.76915,0.06786822,-1.084235317,0.21985525
0.422,0.663583,0.16482,-0.089736,-0.583145249,-0.273880743,0.028843876,1.1419383,0.005890044,0.69941721,0.132704281,0.265603495,-0.687267666,-0.044476566,1.76765,0.067897447,-1.084583112,0.217232139
0.424,0.664315,0.164639,-0.089736,-0.582617232,-0.27525348,0.028754718,1.1454686,0.006025864,0.697247546,0.133135871,0.263113483,-0.685619331,-0.044667366,1.76615,0.067941433,-1.084930893,0.214609878
0.426,0.665048,0.164463,-0.089736,-0.582093195,-0.27662322,0.028665207,1.1489989,0.006161811,0.695077887,0.133562719,0.260673538,-0.683971006,-0.044878672,1.76515,0.06789518,-1.085328658,0.21188847
0.428,0.665782,0.164292,-0.089736,-0.581574138,-0.277988964,0.028575244,1.1525292,0.006297685,0.692906231,0.133983824,0.25828366,-0.682472693,-0.045085485,1.76515,0.067868685,-1.085726409,0.209217917
0.43,0.666517,0.164125,-0.089736,-0.581060061,-0.279352711,0.028484826,1.1560595,0.006433086,0.690734581,0.134399189,0.255893849,-0.680924391,-0.045287808,1.76415,0.067846948,-1.086074145,0.206598222
0.432,0.667254,0.163963,-0.089736,-0.580550963,-0.280713461,0.028394054,1.1595898,0.006568913,0.688561935,0.134809816,0.253454105,-0.679476101,-0.045475641,1.76265,0.067854969,-1.086321866,0.204029387
0.434,0.667991,0.163805,-0.089736,-0.580045845,-0.282070215,0.028302925,1.1631101,0.006704666,0.686389293,0.135215705,0.250864429,-0.677777821,-0.045653987,1.76015,0.067872746,-1.086669571,0.201411417
0.436,0.668729,0.163652,-0.089736,-0.579546705,-0.283424972,0.028211438,1.1666304,0.006840444,0.684215657,0.13561586,0.24827482,-0.676129553,-0.045842847,1.75865,0.067795278,-1.086967262,0.198644313
0.438,0.669469,0.163504,-0.089736,-0.579053545,-0.284774733,0.028119594,1.1701407,0.006976047,0.682041024,0.136010281,0.24568528,-0.674481297,-0.046037224,1.75765,0.067742566,-1.087214938,0.195778079
0.44,0.670209,0.16336,-0.089736,-0.578564364,-0.286122498,0.02802729,1.173661,0.007111175,0.679866397,0.136398971,0.243145808,-0.672783051,-0.046222117,1.75665,0.067699608,-1.087412598,0.193012716
0.442,0.67095,0.163221,-0.089736,-0.578080162,-0.287466265,0.027934626,1.1771713,0.007246726,0.677691774,0.136781931,0.240706404,-0.671234817,-0.04639753,1.75515,0.067681403,-1.087560244,0.190298229
0.444,0.671692,0.163087,-0.089736,-0.577601939,-0.288807037,0.027841701,1.1806816,0.007382101,0.675516156,0.137160162,0.238117068,-0.669536595,-0.046553464,1.75265,0.06766795,-1.087707874,0.18768462
0.446,0.672435,0.162958,-0.089736,-0.577127694,-0.290144812,0.027748413,1.1841819,0.007517398,0.673340542,0.137532668,0.235427802,-0.667788384,-0.046719921,1.75115,0.067554249,-1.087905488,0.184871892
0.448,0.673178,0.162833,-0.089736,-0.576659428,-0.29147859,0.027654862,1.1876822,0.007652518,0.671164934,0.137900448,0.232838605,-0.665990184,-0.046891902,1.75015,0.067465299,-1.088053088,0.182060048
0.45,0.673922,0.162712,-0.089736,-0.57619714,-0.292808373,0.027560847,1.1911825,0.00778706,0.66898833,0.138260506,0.230149477,-0.664241996,-0.04705441,1.74915,0.067401099,-1.088200672,0.179299091
0.452,0.674668,0.162597,-0.089736,-0.57573883,-0.294135158,0.027466565,1.1946828,0.007921923,0.666811731,0.138616843,0.227460419,-0.66254382,-0.047207446,1.74765,0.067351648,-1.08829824,0.176539024
0.454,0.675413,0.162486,-0.089736,-0.575286498,-0.295458948,0.027372018,1.1981731,0.008056707,0.664635137,0.138967461,0.224771431,-0.660795655,-0.047351012,1.74515,0.067311945,-1.088295793,0.17377985
0.456,0.67616,0.16238,-0.089736,-0.574840144,-0.296778741,0.027277202,1.2016634,0.008191211,0.662458548,0.139312361,0.222032512,-0.658997502,-0.047510109,1.74265,0.067176989,-1.088293331,0.170871573
0.458,0.676907,0.162278,-0.089736,-0.574398768,-0.298094538,0.027182018,1.2051437,0.008325535,0.660281964,0.139650546,0.219343664,-0.657149361,-0.047664741,1.74115,0.06705678,-1.088290852,0.167914195
0.46,0.677655,0.162181,-0.089736,-0.57396237,-0.299407338,0.027086464,1.208624,0.008459279,0.658105384,0.139984017,0.216704887,-0.655301231,-0.047809908,1.73915,0.066956316,-1.088288358,0.165057719
0.462,0.678403,0.162089,-0.089736,-0.573531949,-0.300716143,0.026990739,1.2121043,0.008593241,0.65592881,0.140310775,0.21386618,-0.653403113,-0.047940612,1.73765,0.066870597,-1.088285849,0.16230215
0.464,0.679152,0.162002,-0.089736,-0.573106505,-0.302020951,0.026894743,1.2155746,0.008726922,0.653752241,0.140632824,0.211077545,-0.651505007,-0.048056856,1.73615,0.066794622,-1.088283323,0.159497489
0.466,0.679901,0.161919,-0.089736,-0.572688039,-0.303321763,0.026798473,1.2190449,0.00886042,0.651575677,0.140949164,0.208338981,-0.649656913,-0.048198641,1.73415,0.06661839,-1.088280782,0.15664374
0.468,0.680651,0.161841,-0.089736,-0.572273549,-0.304619578,0.026702029,1.2225152,0.008993636,0.649399118,0.141259797,0.205550488,-0.647808831,-0.04833097,1.73265,0.066471899,-1.088178225,0.153640907
0.47,0.681402,0.161767,-0.089736,-0.571865037,-0.305913398,0.02660511,1.2259755,0.009126068,0.647222564,0.141563726,0.202762067,-0.645910761,-0.048448844,1.73015,0.066335149,-1.088025652,0.150638993
0.472,0.682152,0.161699,-0.089736,-0.571462501,-0.307203221,0.026508114,1.2294358,0.009258817,0.645047015,0.141861952,0.199773719,-0.644012703,-0.048562265,1.72765,0.066218139,-1.087873063,0.147788002
0.474,0.682904,0.161635,-0.089736,-0.571065942,-0.308489049,0.026410942,1.2328861,0.009391181,0.642871472,0.142154476,0.196885442,-0.642064657,-0.048666235,1.72515,0.066110869,-1.087670457,0.144887935
0.476,0.683655,0.161576,-0.089736,-0.57067536,-0.30977188,0.02631349,1.2363364,0.009523261,0.640695933,0.142442302,0.194047239,-0.640166623,-0.048785757,1.72265,0.065893336,-1.087517836,0.141988798
0.478,0.684407,0.161521,-0.089736,-0.570289753,-0.311049715,0.026215759,1.2397767,0.009654955,0.6385214,0.14272243,0.191209108,-0.638168601,-0.048900831,1.72115,0.065710541,-1.087365198,0.138990594
0.48,0.68516,0.161472,-0.089736,-0.569910123,-0.312324554,0.026117848,1.243217,0.009785863,0.636346873,0.142997863,0.188321051,-0.636170592,-0.049001462,1.71915,0.065537481,-1.087162544,0.135943325
0.482,0.685912,0.161427,-0.089736,-0.569536469,-0.313594398,0.026019754,1.2466573,0.009916985,0.63417235,0.143266602,0.185233067,-0.634172594,-0.04909265,1.71765,0.065389157,-1.086909874,0.133046996
0.484,0.686665,0.161386,-0.089736,-0.569168791,-0.314861245,0.025921478,1.2500876,0.01004762,0.631998833,0.143529649,0.182195156,-0.632074609,-0.049184397,1.71515,0.065245567,-1.086607188,0.130101609
0.486,0.687418,0.161351,-0.089736,-0.568808089,-0.316123096,0.025823018,1.2535179,0.010177968,0.629826321,0.143787007,0.17930732,-0.630126637,-0.049286706,1.71265,0.06499171,-1.086354484,0.12705717
0.488,0.688172,0.16132,-0.089736,-0.568452362,-0.317380951,0.025724372,1.2569382,0.010307827,0.627653815,0.144038677,0.176319558,-0.628078676,-0.049374579,1.71015,0.064767585,-1.086051765,0.124013681
0.49,0.688925,0.161294,-0.089736,-0.568101611,-0.318635811,0.02562544,1.2603585,0.010436799,0.625481314,0.14428266,0.173381871,-0.626080728,-0.049453018,1.70765,0.064553192,-1.085749029,0.121021145
0.492,0.689679,0.161273,-0.089736,-0.567758835,-0.319885674,0.025526521,1.2637688,0.010565881,0.623310819,0.14452196,0.170344258,-0.624032793,-0.049517025,1.70515,0.064368528,-1.085346276,0.118029568
0.494,0.690433,0.161256,-0.089736,-0.567421034,-0.321131542,0.025427413,1.2671791,0.010694473,0.621140329,0.144755577,0.167206721,-0.62183487,-0.049576603,1.70265,0.064188593,-1.084893507,0.115038951
0.496,0.691187,0.161244,-0.089736,-0.567089208,-0.322373414,0.025328216,1.2705794,0.010822675,0.618970845,0.144982514,0.164269259,-0.61968696,-0.049666754,1.70015,0.063903386,-1.08459072,0.1118993
0.498,0.691941,0.161237,-0.089736,-0.566764357,-0.32361029,0.025228827,1.2739797,0.010950287,0.616802366,0.145202772,0.161081873,-0.617639062,-0.049737479,1.69765,0.063632906,-1.084137917,0.108810618
0.5,0.692695,0.161235,-0.089736,-0.566444481,-0.32484317,0.025129147,1.27737,0.011077008,0.614633893,0.145417355,0.157944563,-0.615491177,-0.049803782,1.69515,0.063377151,-1.083735097,0.105772908
0.502,0.693449,0.161237,-0.089736,-0.566132579,-0.326073054,0.025029573,1.2807603,0.011203636,0.612467426,0.145626263,0.154807329,-0.613443305,-0.049845664,1.69265,0.063141122,-1.08323226,0.102786175
0.504,0.694203,0.161244,-0.089736,-0.565825651,-0.327296943,0.024929805,1.2841406,0.011329772,0.610300964,0.145828498,0.151620172,-0.611295445,-0.049883128,1.69015,0.062919816,-1.082729406,0.099700423
0.506,0.694956,0.161256,-0.089736,-0.565525698,-0.328517836,0.024830041,1.2875209,0.011455316,0.608136508,0.146025063,0.148583092,-0.609097599,-0.049951177,1.68665,0.062598232,-1.082226535,0.096515656
0.508,0.69571,0.161273,-0.089736,-0.565231719,-0.329733733,0.024730081,1.2908912,0.011580366,0.605972058,0.146214959,0.145396089,-0.606949765,-0.049999812,1.68365,0.062291369,-1.081623647,0.093381876
0.51,0.696464,0.161294,-0.089736,-0.564943714,-0.330945635,0.024629923,1.2942515,0.011704322,0.603809614,0.146398189,0.142159164,-0.604701944,-0.050044036,1.68115,0.062004227,-1.081070741,0.09019909
0.512,0.697217,0.16132,-0.089736,-0.564662683,-0.332152541,0.024529866,1.2976118,0.011828183,0.601648175,0.146575754,0.138872317,-0.602454136,-0.050063851,1.67915,0.061721804,-1.080467818,0.0871173
0.514,0.697971,0.161351,-0.089736,-0.564388625,-0.333355452,0.024429709,1.3009721,0.011951449,0.599487742,0.146746656,0.135635548,-0.600206341,-0.050079261,1.67665,0.061449098,-1.079964878,0.084036511
0.516,0.698724,0.161386,-0.089736,-0.56412054,-0.334553367,0.02432955,1.3043224,0.01207402,0.597328315,0.146911898,0.132448858,-0.59805856,-0.050125266,1.67365,0.061081109,-1.07936192,0.080956728
0.518,0.699477,0.161427,-0.089736,-0.563858429,-0.335747286,0.024229288,1.3076627,0.012195894,0.595169895,0.147070481,0.129212247,-0.595860791,-0.050161871,1.67015,0.060727836,-1.078708945,0.077777953
0.52,0.700229,0.161472,-0.089736,-0.563603292,-0.33693721,0.024128823,1.311003,0.012316772,0.59301348,0.147223408,0.125825714,-0.593613036,-0.050189077,1.66765,0.060394277,-1.077955952,0.074650192
0.522,0.700982,0.161521,-0.089736,-0.563355127,-0.338122138,0.024028453,1.3143333,0.012437352,0.590858071,0.147368681,0.122439262,-0.591315294,-0.050186887,1.66515,0.060075431,-1.077202942,0.071473449
0.524,0.701734,0.161576,-0.089736,-0.563113935,-0.339302071,0.023928077,1.3176636,0.012557234,0.588704668,0.1475093,0.119102889,-0.589067565,-0.050175304,1.66165,0.059756297,-1.076549914,0.068297727
0.526,0.702485,0.161635,-0.089736,-0.562878715,-0.340478008,0.023827793,1.3209839,0.012676418,0.586552271,0.14764227,0.115766597,-0.586769849,-0.050199329,1.65865,0.059341873,-1.075846867,0.065073033
0.528,0.703237,0.161699,-0.089736,-0.562650468,-0.34164995,0.0237274,1.3242942,0.012794802,0.58440088,0.147769591,0.112480385,-0.584472148,-0.050218967,1.65515,0.058942159,-1.075093803,0.061849369
0.53,0.703988,0.161767,-0.089736,-0.562429194,-0.342815897,0.023626798,1.3276045,0.012911987,0.582251496,0.147889266,0.109044254,-0.582174459,-0.050224218,1.65165,0.058557153,-1.074290721,0.05867674
0.532,0.704738,0.161841,-0.089736,-0.562213892,-0.343977848,0.023526384,1.3309048,0.013028871,0.580104117,0.148004296,0.105558205,-0.579776784,-0.050205087,1.64865,0.058191853,-1.073437621,0.055505152
0.534,0.705488,0.161919,-0.089736,-0.562006561,-0.345135804,0.023426059,1.3341951,0.013144955,0.577957745,0.148111685,0.102122237,-0.577479123,-0.050166576,1.64515,0.057831259,-1.072584503,0.052284608
0.536,0.706237,0.162002,-0.089736,-0.561806203,-0.346287765,0.023325719,1.3374854,0.013260237,0.575813379,0.148213433,0.098686351,-0.575181475,-0.050178687,1.64265,0.05737537,-1.071781366,0.048965114
0.538,0.706986,0.162089,-0.089736,-0.561611816,-0.34743573,0.023225465,1.3407657,0.013374617,0.57367102,0.148307543,0.095250548,-0.572783841,-0.050176424,1.64015,0.056929183,-1.070928212,0.045746673
0.54,0.707735,0.162181,-0.089736,-0.561424401,-0.3485797,0.023124894,1.344046,0.013487794,0.571529667,0.148396018,0.091814827,-0.570486221,-0.050149789,1.63665,0.056492698,-1.070075038,0.04257929
0.542,0.708482,0.162278,-0.089736,-0.561244957,-0.349717675,0.023024707,1.3473163,0.013600468,0.56939032,0.148477859,0.08822919,-0.568088615,-0.050113785,1.63365,0.056070913,-1.069071847,0.039412971
0.544,0.709229,0.16238,-0.089736,-0.561071484,-0.350851654,0.0229246,1.3505766,0.013712238,0.567252979,0.148554068,0.084643636,-0.565641023,-0.050048414,1.63015,0.055658827,-1.068018636,0.036197721
0.546,0.709976,0.162486,-0.089736,-0.560905982,-0.351980639,0.022824474,1.3538369,0.013823104,0.565118645,0.148622648,0.081208166,-0.563343444,-0.05004868,1.62665,0.055156438,-1.067015408,0.032883543
0.548,0.710722,0.162597,-0.089736,-0.560747452,-0.353104628,0.022724527,1.3570872,0.013933064,0.562985317,0.148685601,0.07757278,-0.56089588,-0.050024586,1.62265,0.054658746,-1.06606216,0.029570443
0.55,0.711467,0.162712,-0.089736,-0.560594891,-0.354224622,0.022624257,1.3603275,0.014041619,0.560853996,0.148740928,0.074037479,-0.55849833,-0.049976135,1.61865,0.054175748,-1.065158894,0.026258426
0.552,0.712211,0.162833,-0.089736,-0.560451302,-0.355338621,0.022524463,1.3635578,0.014149568,0.558724682,0.148790633,0.070402263,-0.556000794,-0.049918329,1.61515,0.053707444,-1.064055608,0.022947496
0.554,0.712955,0.162958,-0.089736,-0.560313682,-0.356448625,0.022424744,1.3667881,0.014256609,0.556597374,0.148832716,0.066717132,-0.553503272,-0.049831172,1.61265,0.053248831,-1.063002304,0.01973766
0.556,0.713697,0.163087,-0.089736,-0.560184033,-0.357552634,0.0223251,1.3700084,0.014362643,0.554473073,0.148869181,0.063182088,-0.551105765,-0.049819666,1.60915,0.052689909,-1.061898981,0.016478922
0.558,0.714439,0.163221,-0.089736,-0.560061354,-0.358652648,0.022225627,1.3732287,0.014467569,0.552349778,0.14889903,0.059497129,-0.548658272,-0.049778815,1.60515,0.052135675,-1.060695638,0.013271287
0.56,0.71518,0.16336,-0.089736,-0.559945645,-0.359747668,0.022125825,1.376429,0.014570987,0.55022949,0.148922265,0.055862258,-0.546260793,-0.049708621,1.60115,0.05159613,-1.059592276,0.009964761
0.562,0.715921,0.163504,-0.089736,-0.559837905,-0.360837692,0.022026593,1.3796293,0.014673794,0.548112209,0.148938888,0.052127473,-0.543763329,-0.049624089,1.59765,0.05107627,-1.058388895,0.006559349
0.564,0.71666,0.163652,-0.089736,-0.559737135,-0.361922721,0.02192753,1.3828196,0.014775492,0.545995934,0.1489489,0.048392776,-0.541265879,-0.049515221,1.59515,0.050571094,-1.057185494,0.003205055
0.566,0.717398,0.163805,-0.089736,-0.559644334,-0.363002755,0.021828534,1.3860099,0.014876079,0.543882667,0.148951306,0.044658167,-0.538768444,-0.04948702,1.59165,0.049955602,-1.055982074,-9.81E-05
0.568,0.718135,0.163963,-0.089736,-0.559558503,-0.364077795,0.021729703,1.3891902,0.014975555,0.541772406,0.148948106,0.040923646,-0.536271024,-0.04942449,1.58765,0.049359791,-1.054628634,-0.003350152
0.57,0.718872,0.164125,-0.089736,-0.55948064,-0.365147839,0.021630637,1.3923605,0.015073319,0.539664152,0.148938303,0.037189214,-0.533673619,-0.049337633,1.58265,0.04876866,-1.053375175,-0.006551055
0.572,0.719607,0.164292,-0.089736,-0.559409746,-0.366212889,0.021532234,1.3955208,0.01517047,0.537558905,0.1489219,0.033354871,-0.531126228,-0.049236454,1.57865,0.048187207,-1.052121695,-0.009950817
0.574,0.720341,0.164463,-0.089736,-0.559346821,-0.367271944,0.021433892,1.3986711,0.015266308,0.535455665,0.148898898,0.029470618,-0.528628853,-0.049110955,1.57515,0.047615431,-1.050868196,-0.013299432
0.576,0.721074,0.164639,-0.089736,-0.559291864,-0.368327004,0.021335711,1.4018214,0.015360933,0.533355433,0.148868301,0.025586455,-0.526081492,-0.049016141,1.57165,0.04698333,-1.049514677,-0.016696894
0.578,0.721806,0.16482,-0.089736,-0.559244875,-0.36937707,0.021237789,1.4049617,0.015454242,0.531257207,0.148832109,0.021852382,-0.523634147,-0.048967013,1.56765,0.046300902,-1.048111137,-0.019993198
0.58,0.722537,0.165005,-0.089736,-0.559204854,-0.370421141,0.021140124,1.408092,0.015546337,0.529162988,0.148788326,0.018068401,-0.521036817,-0.048883576,1.56365,0.045633146,-1.046707578,-0.023288339
0.582,0.723267,0.165195,-0.089736,-0.559171801,-0.371461217,0.021042015,1.4112123,0.015636615,0.527070776,0.148738954,0.014184511,-0.518439502,-0.048780834,1.55915,0.04498506,-1.045253998,-0.026682308
0.584,0.723996,0.165389,-0.089736,-0.559147716,-0.372495299,0.020944762,1.4143326,0.015726077,0.524981572,0.148681995,0.010250713,-0.515892202,-0.048648789,1.55515,0.044341643,-1.043850397,-0.030025102
0.586,0.724723,0.165588,-0.089736,-0.559131599,-0.373524386,0.020847661,1.4174329,0.015814222,0.522895375,0.148618451,0.006317008,-0.513294918,-0.048477446,1.55115,0.043717892,-1.042346776,-0.033416714
0.588,0.725449,0.165792,-0.089736,-0.559122448,-0.374548479,0.020750813,1.4205332,0.01590095,0.520812185,0.148548326,0.002383395,-0.510697649,-0.048371808,1.54765,0.043023807,-1.040743134,-0.036707138
0.59,0.726174,0.166,-0.089736,-0.559121265,-0.375567577,0.020654215,1.4236235,0.015986358,0.518732002,0.148471621,-0.001450124,-0.508150396,-0.048311879,1.54415,0.042264384,-1.039189472,-0.039996368
0.592,0.726897,0.166212,-0.089736,-0.559129049,-0.37658068,0.020557767,1.4267138,0.016070248,0.516655827,0.148388339,-0.00548355,-0.505553158,-0.048217662,1.54015,0.041524624,-1.037685789,-0.043284397
0.594,0.727619,0.166429,-0.089736,-0.5591428,-0.377589789,0.020461066,1.4297841,0.016152217,0.514581659,0.148298481,-0.009466881,-0.502955937,-0.048089161,1.53515,0.040804523,-1.036132085,-0.046671219
0.596,0.72834,0.166651,-0.089736,-0.559166517,-0.378592904,0.020365211,1.4328544,0.016233266,0.512510498,0.148202052,-0.013500117,-0.500308731,-0.04792638,1.53015,0.04009908,-1.034578359,-0.050106828
0.598,0.729059,0.166877,-0.089736,-0.5591972,-0.379591024,0.020269601,1.4359047,0.016312894,0.510443345,0.148098052,-0.017583258,-0.49756154,-0.047734323,1.52615,0.039398293,-1.032824613,-0.053541217
0.6,0.729777,0.167108,-0.089736,-0.55923685,-0.38058315,0.020174235,1.438955,0.0163909,0.5083792,0.147987485,-0.021566303,-0.494914366,-0.047597993,1.52165,0.03863216,-1.031170845,-0.05692438
0.602,0.730493,0.167343,-0.089736,-0.559283466,-0.381570282,0.020079211,1.4419953,0.016467383,0.506319062,0.147870353,-0.025549251,-0.492317208,-0.047532395,1.51765,0.03781068,-1.029467056,-0.06020631
0.604,0.731208,0.167583,-0.089736,-0.559339047,-0.382552419,0.019984427,1.4450256,0.016542343,0.504260932,0.147746658,-0.029532103,-0.489820066,-0.047417532,1.51365,0.037003851,-1.027713245,-0.063487001
0.606,0.731921,0.167827,-0.089736,-0.559401594,-0.383529562,0.019889182,1.4480459,0.016615279,0.502207809,0.147616403,-0.033714857,-0.487222941,-0.047278409,1.50915,0.03621167,-1.026009413,-0.066866446
0.608,0.732633,0.168076,-0.089736,-0.559473107,-0.384501711,0.019795074,1.4510662,0.016686991,0.500157694,0.14747959,-0.037797513,-0.484475831,-0.047090029,1.50515,0.035424136,-1.024205558,-0.070294638
0.61,0.733343,0.168329,-0.089736,-0.559553584,-0.385467865,0.019701103,1.4540665,0.016757176,0.498110587,0.147335222,-0.041980071,-0.481778738,-0.046857397,1.50115,0.034651246,-1.022451682,-0.07372157
0.612,0.734052,0.168587,-0.089736,-0.559641027,-0.386428025,0.019607566,1.4570668,0.016825636,0.496067487,0.147184302,-0.046162529,-0.479081662,-0.046705517,1.49565,0.033823,-1.020647784,-0.077097235
0.614,0.734759,0.168849,-0.089736,-0.559737435,-0.387384192,0.019514362,1.4600571,0.016892469,0.494028396,0.147026831,-0.050244888,-0.476384602,-0.046624392,1.49115,0.032934394,-1.018693864,-0.080371626
0.616,0.735464,0.169115,-0.089736,-0.559842807,-0.388334364,0.019421389,1.4630274,0.016957574,0.491992312,0.146862813,-0.054427147,-0.473787559,-0.046504028,1.48615,0.032060428,-1.016789922,-0.083744737
0.618,0.736168,0.169386,-0.089736,-0.559955143,-0.389278542,0.019327947,1.4659977,0.017020551,0.489961236,0.14669225,-0.058509305,-0.470990532,-0.046344428,1.48165,0.031186098,-1.014885957,-0.087166559
0.62,0.73687,0.169662,-0.089736,-0.560076444,-0.390218726,0.019235733,1.468958,0.017082199,0.487933168,0.146514145,-0.062641362,-0.468343523,-0.046130597,1.47765,0.030326402,-1.012931969,-0.090587085
0.622,0.73757,0.169941,-0.089736,-0.560205709,-0.391151916,0.019143746,1.4719083,0.017142017,0.485909108,0.1463295,-0.066973317,-0.465696531,-0.045877539,1.47265,0.02947634,-1.011027959,-0.093956309
0.624,0.738268,0.170226,-0.089736,-0.560343938,-0.392081112,0.019052184,1.4748486,0.017200105,0.483889056,0.146138317,-0.071155169,-0.462899555,-0.045780259,1.46865,0.028545908,-1.009023927,-0.097224222
0.626,0.738965,0.170514,-0.089736,-0.56049113,-0.393004314,0.018960946,1.4777789,0.017256362,0.481873012,0.145940601,-0.075436919,-0.460302597,-0.04563376,1.46415,0.027615105,-1.007019871,-0.100490818
0.628,0.739659,0.170807,-0.089736,-0.560645286,-0.393921522,0.01886933,1.4807092,0.017310486,0.479860977,0.145736352,-0.079668565,-0.457505656,-0.045448049,1.45915,0.026683927,-1.004915792,-0.103856087
0.63,0.740352,0.171104,-0.089736,-0.560809404,-0.394834737,0.018778835,1.4836195,0.017362978,0.477852949,0.145525574,-0.083950106,-0.454758732,-0.045233128,1.45365,0.025757374,-1.00276169,-0.107270024
0.632,0.741043,0.171406,-0.089736,-0.560981486,-0.395740957,0.018688759,1.4865198,0.017413636,0.47584993,0.14530727,-0.088281543,-0.452061826,-0.044974003,1.44865,0.024835443,-1.000607565,-0.110682619
0.634,0.741732,0.171712,-0.089736,-0.561162531,-0.396642184,0.0185989,1.4894101,0.01746236,0.473850919,0.145082442,-0.092412874,-0.449364938,-0.044870679,1.44415,0.023848132,-0.998503416,-0.114043866
0.636,0.74242,0.172022,-0.089736,-0.561351538,-0.397538417,0.018509558,1.4923004,0.017509149,0.471855916,0.144851092,-0.096694099,-0.446668067,-0.04472316,1.43915,0.022855438,-0.996399244,-0.117403755
0.638,0.743105,0.172337,-0.089736,-0.561548507,-0.398429656,0.018419729,1.4951707,0.017553703,0.469864922,0.144613224,-0.100975217,-0.443971214,-0.044521451,1.43465,0.021862359,-0.994145048,-0.120812279
0.64,0.743788,0.172656,-0.089736,-0.561755439,-0.399313902,0.018331113,1.498031,0.017596519,0.467878936,0.144367841,-0.105456228,-0.441124379,-0.044295557,1.42915,0.020878892,-0.991840829,-0.12421943
0.642,0.744469,0.172979,-0.089736,-0.561970332,-0.400194154,0.018242908,1.5008913,0.017637299,0.465897958,0.144115944,-0.109937131,-0.438377561,-0.044015482,1.42415,0.019895037,-0.989586585,-0.1275752
0.644,0.745148,0.173306,-0.089736,-0.562195188,-0.401067412,0.018155012,1.5037316,0.01767614,0.463920989,0.143857538,-0.114117925,-0.435730762,-0.043911233,1.41965,0.018835789,-0.987282317,-0.130729579
0.646,0.745826,0.173638,-0.089736,-0.562428004,-0.401936677,0.018067624,1.5065619,0.017712843,0.461948029,0.143592624,-0.11844861,-0.432933982,-0.043752814,1.41415,0.017781147,-0.984978024,-0.13403256
0.648,0.746501,0.173974,-0.089736,-0.562667782,-0.402799948,0.017979643,1.5093922,0.017747105,0.459981077,0.143322205,-0.122829185,-0.430237219,-0.043540229,1.40915,0.016726109,-0.982573708,-0.137434133
0.65,0.747173,0.174314,-0.089736,-0.562918521,-0.403657226,0.017893065,1.5122025,0.017779628,0.458018134,0.143043285,-0.127309649,-0.427390475,-0.043288485,1.40365,0.015685671,-0.980219366,-0.140784291
0.652,0.747844,0.174659,-0.089736,-0.563178221,-0.40450951,0.01780689,1.5150028,0.017810009,0.4560602,0.142757866,-0.131840002,-0.42454375,-0.042977586,1.39865,0.014644832,-0.977865,-0.144183024
0.654,0.748513,0.175007,-0.089736,-0.563445881,-0.405355801,0.017721116,1.5177931,0.017838248,0.454106274,0.142466951,-0.136070243,-0.421847043,-0.042872537,1.39415,0.013528588,-0.975360609,-0.147430324
0.656,0.749179,0.17536,-0.089736,-0.563722502,-0.406196098,0.017635841,1.5205834,0.017864244,0.452158357,0.142168542,-0.14040037,-0.419050355,-0.042713345,1.38915,0.012416938,-0.972806193,-0.150726181
0.658,0.749843,0.175717,-0.089736,-0.564007083,-0.407032402,0.017549864,1.5233537,0.017887796,0.450215449,0.141863644,-0.144980385,-0.416303686,-0.042505014,1.38365,0.011299879,-0.970301752,-0.154170587
0.66,0.750505,0.176078,-0.089736,-0.564301624,-0.407861713,0.017465383,1.526114,0.017909404,0.44827755,0.141552258,-0.149560285,-0.413607036,-0.04224255,1.37765,0.010197407,-0.967847286,-0.157463531
0.662,0.751165,0.176443,-0.089736,-0.564606124,-0.40868603,0.017381295,1.5288643,0.017928666,0.44634366,0.141233387,-0.15414007,-0.410810405,-0.041910958,1.37265,0.009094522,-0.965242793,-0.160805005
0.664,0.751822,0.176813,-0.089736,-0.564918584,-0.409505354,0.0172977,1.5316046,0.017945783,0.444415779,0.140909035,-0.158469739,-0.408063793,-0.041795245,1.36665,0.007911219,-0.962638275,-0.164045
0.666,0.752477,0.177186,-0.089736,-0.565240003,-0.410318685,0.017214596,1.5343349,0.017960552,0.442493907,0.140577205,-0.162799292,-0.405267201,-0.041630415,1.36115,0.006737496,-0.959933732,-0.167283505
0.668,0.753129,0.177564,-0.089736,-0.565569382,-0.411126023,0.01713078,1.5370452,0.017972573,0.440576044,0.140239899,-0.167278728,-0.402420629,-0.041416475,1.35615,0.00556335,-0.957229162,-0.170620511
0.67,0.75378,0.177946,-0.089736,-0.565908719,-0.411928368,0.017048451,1.5397555,0.017982646,0.43866419,0.13989512,-0.171808046,-0.399674076,-0.04114343,1.35065,0.004398779,-0.954524566,-0.173906008
0.672,0.754427,0.178332,-0.089736,-0.566257014,-0.412724719,0.016966608,1.5424558,0.017990369,0.436758346,0.139543872,-0.176487245,-0.396927543,-0.040801286,1.34615,0.00323878,-0.951769943,-0.177239987
0.674,0.755073,0.178722,-0.089736,-0.566614268,-0.413516078,0.016885247,1.5451361,0.017995642,0.434857511,0.139186158,-0.180916324,-0.394081029,-0.04068005,1.34015,0.00200335,-0.949065294,-0.180372436
0.676,0.755716,0.179116,-0.089736,-0.566981479,-0.414301443,0.016804369,1.5478164,0.017998463,0.432961685,0.13882198,-0.185445283,-0.391284536,-0.040509727,1.33415,0.000767486,-0.946310619,-0.183653346
0.678,0.756356,0.179514,-0.089736,-0.567355649,-0.415080816,0.01672277,1.5504767,0.017998633,0.431071868,0.138452342,-0.190024121,-0.388538063,-0.040285324,1.32865,-0.000468815,-0.943505916,-0.186932707
0.68,0.756994,0.179916,-0.089736,-0.567740776,-0.415855196,0.016642749,1.553127,0.017996549,0.429188061,0.138074247,-0.194602837,-0.38574161,-0.039991846,1.32265,-0.001700556,-0.940551186,-0.190310508
0.682,0.757629,0.180322,-0.089736,-0.568134861,-0.416624582,0.016563204,1.5557673,0.017991911,0.427309263,0.137690698,-0.19918143,-0.383045178,-0.0397393,1.31765,-0.00294274,-0.937646429,-0.193536739
0.684,0.758262,0.180732,-0.089736,-0.568537902,-0.417386976,0.016484233,1.5583976,0.017984818,0.425437475,0.137299697,-0.2036099,-0.380198767,-0.039552692,1.31165,-0.004210369,-0.934741644,-0.196711388
0.686,0.758892,0.181146,-0.089736,-0.5689489,-0.418145377,0.016404635,1.5610179,0.01797507,0.423570697,0.136904249,-0.208188245,-0.377352376,-0.039322029,1.30615,-0.005478447,-0.931686832,-0.199934445
0.688,0.75952,0.181563,-0.089736,-0.569369855,-0.418896786,0.016326507,1.5636182,0.017962865,0.421709928,0.136500357,-0.212866465,-0.374656006,-0.039037318,1.30015,-0.006761977,-0.928731992,-0.203205899
0.69,0.760145,0.181985,-0.089736,-0.569800766,-0.419643201,0.016248847,1.5662185,0.017948103,0.419856169,0.136091023,-0.217494558,-0.371859657,-0.038808564,1.29415,-0.008075962,-0.925627124,-0.206425738
0.692,0.760767,0.182411,-0.089736,-0.570240634,-0.420384624,0.016171754,1.5687988,0.017930682,0.418007419,0.135674251,-0.222022525,-0.369113329,-0.038620775,1.28865,-0.009395406,-0.922622228,-0.209493953
0.694,0.761386,0.182841,-0.089736,-0.570688457,-0.421120055,0.016093926,1.5713691,0.017910402,0.41616568,0.135253045,-0.226600363,-0.366317023,-0.038378957,1.28265,-0.010720311,-0.919617303,-0.21276053
0.696,0.762003,0.183274,-0.089736,-0.571146235,-0.421849492,0.01601776,1.5739294,0.017887762,0.41432895,0.134824407,-0.231278072,-0.363470738,-0.038078118,1.27665,-0.012030681,-0.916412349,-0.215975458
0.698,0.762617,0.183712,-0.089736,-0.571613969,-0.422573938,0.015942055,1.5764797,0.01786236,0.41249923,0.13438834,-0.235905652,-0.360624475,-0.037833264,1.27115,-0.013371519,-0.913207367,-0.219188726
0.7,0.763229,0.184153,-0.089736,-0.572090658,-0.42329239,0.015866908,1.57901,0.017834396,0.41067652,0.133946849,-0.240433101,-0.357828233,-0.037659402,1.26515,-0.014737828,-0.909952356,-0.222300322
0.702,0.763837,0.184598,-0.089736,-0.572575302,-0.424004851,0.015791019,1.5815403,0.01780337,0.408859821,0.133499936,-0.245010418,-0.355082014,-0.03741654,1.25915,-0.016099613,-0.906747315,-0.225410233
0.704,0.764443,0.185047,-0.089736,-0.5730699,-0.424712318,0.015716684,1.5840506,0.017769879,0.407049131,0.133045605,-0.249687602,-0.352285816,-0.037124684,1.25265,-0.017476875,-0.903492245,-0.228668448
0.706,0.765046,0.1855,-0.089736,-0.573574453,-0.425414794,0.015643002,1.5865509,0.017733623,0.405245452,0.13258486,-0.254314653,-0.349589641,-0.036883843,1.24615,-0.01885462,-0.900187145,-0.231874954
0.708,0.765646,0.185956,-0.089736,-0.574087959,-0.426110277,0.01556967,1.5890312,0.017694501,0.403448782,0.132117703,-0.258941569,-0.346743488,-0.036699023,1.24015,-0.02026785,-0.896832015,-0.234929738
0.71,0.766243,0.186416,-0.089736,-0.574609419,-0.426801768,0.015495687,1.5915115,0.017652512,0.401658124,0.131645138,-0.26366835,-0.343997358,-0.036460232,1.23415,-0.021676568,-0.893476856,-0.237982789
0.712,0.766838,0.18688,-0.089736,-0.575141833,-0.427486266,0.015423351,1.5939718,0.017607756,0.399874475,0.131166169,-0.268394994,-0.341251251,-0.036142478,1.22865,-0.023080779,-0.890071665,-0.241184092
0.714,0.767429,0.187348,-0.089736,-0.575684199,-0.428166773,0.015351559,1.5964221,0.01756023,0.398097837,0.130680799,-0.273071501,-0.338405167,-0.035900768,1.22165,-0.024510487,-0.886666445,-0.244233635
0.716,0.768018,0.187819,-0.089736,-0.576234519,-0.428840287,0.015280309,1.5988624,0.017509834,0.396328209,0.130188032,-0.277597868,-0.335709105,-0.035720111,1.21615,-0.025955694,-0.883211193,-0.247331405
0.718,0.768603,0.188295,-0.089736,-0.576793791,-0.429508809,0.0152082,1.6012827,0.017456368,0.394564592,0.12969187,-0.282224096,-0.332913067,-0.035470513,1.21015,-0.027406405,-0.87970591,-0.250377388
0.72,0.769185,0.188773,-0.089736,-0.577363015,-0.430172339,0.015137829,1.603703,0.01740013,0.392808985,0.129187319,-0.287000184,-0.330167053,-0.035166984,1.20315,-0.028857624,-0.876150596,-0.25342157
0.722,0.769765,0.189256,-0.089736,-0.577942192,-0.430829877,0.015068094,1.6061033,0.017341018,0.39106039,0.128677381,-0.291526129,-0.327371062,-0.034924532,1.19715,-0.030319354,-0.872445251,-0.256563939
0.724,0.770341,0.189742,-0.089736,-0.57853032,-0.431481423,0.014998693,1.6084836,0.017278933,0.389318804,0.12816106,-0.296101931,-0.324525095,-0.034743165,1.19015,-0.0318016,-0.868789874,-0.259604479
0.726,0.770915,0.190231,-0.089736,-0.5791254,-0.432127978,0.014928523,1.6108639,0.017213773,0.38758523,0.12763936,-0.30072759,-0.321779152,-0.03449789,1.18415,-0.033289365,-0.865134464,-0.262693177
0.728,0.771485,0.190725,-0.089736,-0.579732431,-0.43276854,0.014860183,1.6132242,0.017145736,0.385858667,0.127110285,-0.305553103,-0.319033233,-0.034178718,1.17865,-0.034782653,-0.861429023,-0.265780018
0.73,0.772052,0.191222,-0.089736,-0.580348412,-0.43340411,0.01479237,1.6155745,0.017074723,0.384139114,0.126575837,-0.31027847,-0.316287338,-0.033940655,1.17165,-0.036286469,-0.857773549,-0.268714989
0.732,0.772616,0.191722,-0.089736,-0.580974345,-0.434033689,0.014724982,1.6179148,0.017000631,0.382427572,0.126035022,-0.314803689,-0.313641468,-0.033763712,1.16515,-0.037805817,-0.854018042,-0.271598073
0.734,0.773177,0.192226,-0.089736,-0.581607227,-0.434658276,0.014656717,1.6202351,0.016923461,0.380723042,0.125489842,-0.31947876,-0.310845623,-0.033522897,1.15865,-0.039330701,-0.850262502,-0.274529256
0.736,0.773735,0.192733,-0.089736,-0.58225106,-0.435277872,0.014590372,1.6225454,0.016843309,0.379026522,0.124937302,-0.324103681,-0.308149803,-0.033308219,1.15165,-0.040856124,-0.846406929,-0.277408523
0.738,0.774289,0.193244,-0.089736,-0.582904842,-0.435890475,0.014524446,1.6248457,0.016760077,0.377337014,0.124379405,-0.328878451,-0.305404008,-0.032974687,1.14515,-0.042387093,-0.842501322,-0.280485859
0.74,0.77484,0.193759,-0.089736,-0.583566574,-0.436499088,0.014458035,1.627126,0.016673762,0.375656517,0.123816155,-0.333553069,-0.302608239,-0.032727311,1.13865,-0.04393861,-0.838595682,-0.283461247
0.742,0.775388,0.194277,-0.089736,-0.584238255,-0.437101708,0.014393138,1.6293963,0.016584363,0.373983031,0.123245557,-0.338027533,-0.299912494,-0.032541099,1.13165,-0.045495681,-0.834640007,-0.286434672
0.744,0.775933,0.194798,-0.089736,-0.584919885,-0.437698338,0.014328753,1.6316566,0.01649178,0.372317557,0.122669613,-0.342751842,-0.297166776,-0.032246062,1.12515,-0.04706331,-0.830734298,-0.289406119
0.746,0.776474,0.195323,-0.089736,-0.585608463,-0.438289975,0.014263676,1.6338969,0.016396111,0.370660094,0.122088329,-0.347475996,-0.294471084,-0.031992209,1.11865,-0.048631501,-0.826628555,-0.292225569
0.748,0.777013,0.195851,-0.089736,-0.586308989,-0.438876622,0.014200306,1.6361272,0.016297255,0.369010642,0.121500708,-0.351999992,-0.291725418,-0.03180955,1.11165,-0.05021026,-0.822572776,-0.295043008
0.75,0.777547,0.196382,-0.089736,-0.587018463,-0.439457277,0.01413744,1.6383475,0.016195311,0.367370203,0.120907754,-0.356773829,-0.289029778,-0.031503094,1.10515,-0.05179459,-0.818466962,-0.297908419
0.752,0.778079,0.196917,-0.089736,-0.587734884,-0.440031941,0.014073775,1.6405478,0.016090078,0.365736775,0.120309471,-0.361397507,-0.286234166,-0.031262853,1.09865,-0.053389497,-0.814361113,-0.300821783
0.754,0.778607,0.197455,-0.089736,-0.588463253,-0.440602614,0.01401191,1.6427381,0.015981754,0.364112358,0.119704863,-0.365921023,-0.283588579,-0.031083836,1.09165,-0.054994986,-0.810205227,-0.303683085
0.756,0.779132,0.197997,-0.089736,-0.589200569,-0.441166295,0.013950442,1.6449184,0.015870139,0.362495954,0.119093935,-0.370594377,-0.280943021,-0.030781053,1.08515,-0.056596061,-0.805949306,-0.306542306
0.758,0.779653,0.198541,-0.089736,-0.589944831,-0.441725986,0.013888268,1.6470787,0.015755331,0.360888561,0.118478691,-0.375167566,-0.278247489,-0.030544515,1.07765,-0.058212728,-0.801693348,-0.309299428
0.76,0.780171,0.199089,-0.089736,-0.590700039,-0.442279685,0.013827786,1.649229,0.015637329,0.35928918,0.117857134,-0.37979059,-0.275601985,-0.030359234,1.07015,-0.059824992,-0.797437353,-0.312004435
0.762,0.780685,0.199641,-0.089736,-0.591465193,-0.442828394,0.013767793,1.6513593,0.015516032,0.357698811,0.11723027,-0.384563447,-0.272856509,-0.030055218,1.06365,-0.061447858,-0.793181322,-0.314857306
0.764,0.781196,0.200195,-0.089736,-0.592238293,-0.443371111,0.013707087,1.6534796,0.015391538,0.356116455,0.116598101,-0.389136136,-0.270111061,-0.029802481,1.05665,-0.06308133,-0.788825252,-0.317658025
0.766,0.781704,0.200753,-0.089736,-0.593021338,-0.443908838,0.013648065,1.6555899,0.015263747,0.35454311,0.115959634,-0.393558655,-0.267465641,-0.029626033,1.05015,-0.064720415,-0.784419145,-0.320356571
0.768,0.782208,0.201313,-0.089736,-0.593813328,-0.444440574,0.013589625,1.6576802,0.015132658,0.352978778,0.115315872,-0.398181002,-0.26487025,-0.029330885,1.04265,-0.066370118,-0.779913,-0.323152926
0.77,0.782708,0.201877,-0.089736,-0.594613263,-0.444968319,0.013530264,1.6597605,0.014998268,0.351423458,0.114667819,-0.402803177,-0.262174887,-0.029087049,1.03515,-0.068020444,-0.775506817,-0.32584707
0.772,0.783205,0.202445,-0.089736,-0.595424141,-0.445490073,0.013472679,1.6618208,0.014860577,0.349877151,0.11401248,-0.407375177,-0.259579554,-0.028919536,1.02865,-0.069671399,-0.771050595,-0.328538984
0.774,0.783698,0.203015,-0.089736,-0.596243964,-0.446005837,0.013415668,1.6638711,0.014719583,0.348338856,0.113352859,-0.411997001,-0.25688425,-0.028608359,1.02165,-0.071332988,-0.766544334,-0.331228647
0.776,0.784188,0.203588,-0.089736,-0.597071729,-0.44651761,0.013357728,1.6659114,0.014575286,0.346810573,0.112687962,-0.416568648,-0.254288975,-0.028373529,1.01415,-0.073000217,-0.761988033,-0.333866039
0.778,0.784674,0.204165,-0.089736,-0.597909438,-0.447023393,0.013301656,1.6679317,0.014427583,0.345291304,0.112017791,-0.421040115,-0.251643731,-0.028205059,1.00715,-0.074668093,-0.757281692,-0.33655114
0.78,0.785156,0.204744,-0.089736,-0.59875709,-0.447524185,0.01324595,1.669932,0.014276574,0.343781047,0.111341353,-0.425561402,-0.248998516,-0.027897962,0.99915,-0.076331621,-0.752625312,-0.339183928
0.782,0.785635,0.205326,-0.089736,-0.599611684,-0.448018987,0.013189506,1.6719323,0.014122258,0.342280802,0.110660652,-0.430082506,-0.246403332,-0.027662249,0.99265,-0.077995806,-0.74796889,-0.341864382
0.784,0.78611,0.205912,-0.089736,-0.600476221,-0.448509798,0.013134823,1.6739026,0.013964632,0.340789571,0.109974692,-0.434453426,-0.243808179,-0.027497934,0.98615,-0.079675656,-0.743262428,-0.344342481
0.786,0.786581,0.2065,-0.089736,-0.601350698,-0.448994619,0.013080597,1.6758729,0.013803596,0.339307353,0.109282478,-0.43907416,-0.241263057,-0.02720003,0.97815,-0.081361176,-0.738505924,-0.346918202
0.788,0.787049,0.207092,-0.089736,-0.602232117,-0.44947445,0.013025425,1.6778232,0.013639149,0.337835147,0.108587015,-0.443644706,-0.238567966,-0.02696855,0.97115,-0.083052372,-0.733699379,-0.349491523
0.79,0.787513,0.207686,-0.089736,-0.603124477,-0.449949291,0.012972205,1.6797535,0.013471388,0.336372955,0.107885308,-0.448015063,-0.236022906,-0.026793508,0.96265,-0.084744252,-0.728842792,-0.351962422
0.792,0.787973,0.208283,-0.089736,-0.604025778,-0.450418142,0.012919333,1.6816738,0.013300213,0.334919776,0.107178362,-0.452585229,-0.233427878,-0.026484917,0.95515,-0.086431821,-0.723986162,-0.354630875
0.794,0.78843,0.208883,-0.089736,-0.604934019,-0.450883003,0.012865708,1.6835741,0.013125622,0.33347661,0.106467181,-0.457055202,-0.230832883,-0.026257791,0.94765,-0.088125086,-0.719079489,-0.357146858
0.796,0.788883,0.209486,-0.089736,-0.605853199,-0.451341873,0.012813825,1.6854644,0.012947714,0.332043458,0.10574977,-0.46142498,-0.22828792,-0.026092144,0.94015,-0.089819054,-0.714072773,-0.359560349
0.798,0.789332,0.210092,-0.089736,-0.606781319,-0.451795754,0.012762381,1.6873347,0.012766387,0.330620319,0.105028135,-0.46589456,-0.22569299,-0.025797991,0.93365,-0.091508732,-0.709066013,-0.361971323
0.8,0.789777,0.210701,-0.089736,-0.607716378,-0.452244645,0.012710075,1.689195,0.01258164,0.329207194,0.104302281,-0.470313943,-0.223198093,-0.025565346,0.92565,-0.093214126,-0.704059209,-0.364429756
0.802,0.790218,0.211312,-0.089736,-0.608661375,-0.452688547,0.012659602,1.6910453,0.012393571,0.327804082,0.103571212,-0.474583124,-0.220703229,-0.025399224,0.91865,-0.094905244,-0.699052361,-0.366885621
0.804,0.790655,0.211926,-0.089736,-0.609616311,-0.453127458,0.012609561,1.6928656,0.01220198,0.326410984,0.102833934,-0.479052103,-0.2181084,-0.025099641,0.91115,-0.096602093,-0.693945467,-0.369338895
0.806,0.791089,0.212543,-0.089736,-0.610577184,-0.45356138,0.012558646,1.6946859,0.012007164,0.3250279,0.102093453,-0.483470877,-0.215563604,-0.024871611,0.90315,-0.098309679,-0.688788528,-0.37173955
0.808,0.791518,0.213163,-0.089736,-0.611548994,-0.453989313,0.012509557,1.6964862,0.011808822,0.32365583,0.101347772,-0.487639444,-0.213068843,-0.024710149,0.89615,-0.100008011,-0.683631543,-0.373937562
0.81,0.791944,0.213785,-0.089736,-0.612529742,-0.454413256,0.012460888,1.6982665,0.011607053,0.322293774,0.100596898,-0.492157803,-0.210624116,-0.024405273,0.88765,-0.101717097,-0.678424512,-0.376332902
0.812,0.792366,0.21441,-0.089736,-0.613516426,-0.454832209,0.012411338,1.7000368,0.011401955,0.320941732,0.099842836,-0.49642595,-0.208129425,-0.024176998,0.87915,-0.103416942,-0.673267433,-0.378775545
0.814,0.792784,0.215037,-0.089736,-0.614515046,-0.455246173,0.012363703,1.7017871,0.011193427,0.319600704,0.099082591,-0.500643885,-0.205584769,-0.02401034,0.87215,-0.105112557,-0.668010308,-0.381015461
0.816,0.793198,0.215668,-0.089736,-0.615520602,-0.455654148,0.012316379,1.7035174,0.010981466,0.318269691,0.09831717,-0.505061604,-0.203090149,-0.023720316,0.86415,-0.106813947,-0.662653134,-0.383352625
0.818,0.793608,0.2163,-0.089736,-0.616534093,-0.456058134,0.012268264,1.7052477,0.010766172,0.316949692,0.097549577,-0.509229106,-0.200645566,-0.023491943,0.85665,-0.108516122,-0.657245912,-0.385637006
0.82,0.794014,0.216936,-0.089736,-0.617557519,-0.45645713,0.012221854,1.706948,0.010547443,0.315640707,0.096775817,-0.513396387,-0.198251019,-0.023335239,0.84865,-0.11020409,-0.651838642,-0.387768575
0.822,0.794416,0.217574,-0.089736,-0.618588879,-0.456851138,0.012176046,1.7086383,0.010325277,0.314342737,0.095996898,-0.517713447,-0.195756509,-0.02304022,0.84015,-0.111902858,-0.646381322,-0.390097304
0.824,0.794814,0.218214,-0.089736,-0.619627173,-0.457240156,0.012129136,1.7103086,0.010099873,0.313054782,0.095215823,-0.521880282,-0.193262036,-0.022806904,0.83265,-0.113597436,-0.640973952,-0.392273162
0.826,0.795208,0.218857,-0.089736,-0.6206764,-0.457624186,0.012084221,1.7119689,0.009870929,0.311778841,0.0944286,-0.52604689,-0.190867602,-0.022650311,0.82515,-0.115287832,-0.635466531,-0.394446118
0.828,0.795598,0.219502,-0.089736,-0.621732561,-0.458003227,0.012039698,1.7136092,0.009638643,0.310512915,0.093637234,-0.530263269,-0.188423205,-0.022340457,0.81765,-0.116979055,-0.62995906,-0.396716142
0.83,0.795984,0.22015,-0.089736,-0.622796654,-0.458378279,0.011994262,1.7152395,0.009403014,0.309259005,0.092841731,-0.534379416,-0.186028847,-0.022117363,0.81015,-0.118661113,-0.624451537,-0.398883202
0.832,0.796365,0.2208,-0.089736,-0.623869679,-0.458747342,0.011950711,1.7168498,0.00916404,0.308015109,0.092042097,-0.538445329,-0.183634528,-0.021961047,0.80265,-0.120339016,-0.618743962,-0.400897265
0.834,0.796743,0.221453,-0.089736,-0.624951635,-0.459112417,0.011907541,1.7184501,0.008921619,0.306783229,0.091237337,-0.542661005,-0.181190249,-0.021666528,0.79415,-0.122022773,-0.613136334,-0.403008299
0.836,0.797117,0.222108,-0.089736,-0.626039523,-0.459472503,0.011863448,1.7200304,0.00867595,0.305563364,0.090430459,-0.546776442,-0.17879601,-0.021438826,0.78515,-0.123707394,-0.607428654,-0.40506627
0.838,0.797486,0.222765,-0.089736,-0.627138341,-0.459827601,0.011821228,1.7215907,0.008426831,0.304353514,0.089617467,-0.550741636,-0.176401811,-0.021272962,0.77615,-0.125367887,-0.601720919,-0.406971145
0.84,0.797851,0.223424,-0.089736,-0.62824409,-0.46017771,0.011779479,1.723131,0.00817436,0.30315568,0.088801369,-0.554806586,-0.174057652,-0.020968957,0.76865,-0.127034264,-0.59601313,-0.409122888
0.842,0.798213,0.224086,-0.089736,-0.629356768,-0.460523831,0.011736796,1.7246613,0.007918735,0.301969862,0.087982171,-0.558771287,-0.171713535,-0.02073683,0.76165,-0.128696533,-0.590155286,-0.411121465
0.844,0.79857,0.22475,-0.089736,-0.630478376,-0.460864964,0.011695975,1.7261816,0.007659655,0.300795059,0.087156878,-0.562735739,-0.16941946,-0.020586603,0.75415,-0.130349705,-0.584297386,-0.41311684
0.846,0.798922,0.225417,-0.089736,-0.631608912,-0.461201109,0.011655612,1.7276819,0.007397218,0.299632272,0.086328498,-0.566749937,-0.167075427,-0.020293298,0.74515,-0.13200879,-0.578489431,-0.415158975
0.848,0.799271,0.226085,-0.089736,-0.632745376,-0.461533266,0.011614205,1.7291622,0.007131622,0.298481501,0.085497037,-0.570663879,-0.164731437,-0.020066938,0.73615,-0.133648799,-0.572631418,-0.417097835
0.85,0.799615,0.226756,-0.089736,-0.633890767,-0.461860435,0.011574748,1.7306225,0.006862664,0.297341746,0.084660501,-0.574477562,-0.16243749,-0.019897544,0.72765,-0.135274742,-0.566673347,-0.41898338
0.852,0.799956,0.227429,-0.089736,-0.635044086,-0.462182616,0.011535738,1.7320728,0.006590444,0.296214007,0.083819898,-0.578490983,-0.160093586,-0.019590139,0.72015,-0.13691163,-0.560715218,-0.420915573
0.854,0.800292,0.228104,-0.089736,-0.636204332,-0.462500809,0.01149587,1.7335031,0.006315059,0.295099285,0.082977234,-0.582354139,-0.157749727,-0.019359747,0.71265,-0.138544475,-0.554707031,-0.422794374
0.856,0.800623,0.228781,-0.089736,-0.637373503,-0.462814014,0.011457742,1.7349234,0.006036308,0.293995579,0.082129515,-0.586117026,-0.155455912,-0.019201392,0.70415,-0.140153287,-0.548648784,-0.424569743
0.858,0.800951,0.22946,-0.089736,-0.6385496,-0.463122232,0.011420148,1.7363237,0.005754288,0.29290389,0.081277749,-0.589879642,-0.153112143,-0.018900097,0.69615,-0.141773078,-0.542690476,-0.426491639
0.86,0.801274,0.230141,-0.089736,-0.639732622,-0.463426463,0.011381585,1.737704,0.005469297,0.291825217,0.080423943,-0.593691983,-0.15086842,-0.018660888,0.68665,-0.14337386,-0.536582107,-0.428260021
0.862,0.801593,0.230825,-0.089736,-0.640923569,-0.463725706,0.011344948,1.7390743,0.005180834,0.290757561,0.079565103,-0.597404045,-0.148624742,-0.01849379,0.67865,-0.144960645,-0.530473677,-0.429874845
0.864,0.801907,0.23151,-0.089736,-0.642123439,-0.464020962,0.011308733,1.7404146,0.004889296,0.289702922,0.078703238,-0.601165826,-0.146381112,-0.018178828,0.67015,-0.146558445,-0.524315184,-0.43173607
0.866,0.802218,0.232197,-0.089736,-0.643328233,-0.46431123,0.011271636,1.7417549,0.004594682,0.288660301,0.077839353,-0.604927323,-0.14413753,-0.017941029,0.66165,-0.148127273,-0.518056627,-0.43344365
0.868,0.802524,0.232886,-0.089736,-0.644541949,-0.464597512,0.011236453,1.7430652,0.004296789,0.287630696,0.076969457,-0.608438531,-0.141893995,-0.017780419,0.65365,-0.14969714,-0.511798007,-0.43514754
0.87,0.802825,0.233577,-0.089736,-0.645763587,-0.464878806,0.011201678,1.7443655,0.003995815,0.286613108,0.076097557,-0.612149446,-0.139750509,-0.017477025,0.64515,-0.151268061,-0.505539321,-0.436897695
0.872,0.803122,0.23427,-0.089736,-0.646990147,-0.465156114,0.011165908,1.7456458,0.003691758,0.285608538,0.07522266,-0.615710066,-0.137557072,-0.017245875,0.63765,-0.152815047,-0.49928057,-0.438544069
0.874,0.803415,0.234965,-0.089736,-0.648225628,-0.465429435,0.011132138,1.7469161,0.003384516,0.284615986,0.074343775,-0.619170387,-0.135313686,-0.017066999,0.62915,-0.154348114,-0.492921753,-0.440136612
0.876,0.803704,0.235661,-0.089736,-0.649468029,-0.465697768,0.011098764,1.7481664,0.003074287,0.283636451,0.073460908,-0.622880404,-0.133120349,-0.016750423,0.62015,-0.155882274,-0.486612868,-0.441775278
0.878,0.803988,0.23636,-0.089736,-0.65071635,-0.465961116,0.01106458,1.7493967,0.002761069,0.282669934,0.072577067,-0.626390114,-0.130927064,-0.016506179,0.61115,-0.157397541,-0.480153914,-0.443360015
0.88,0.804268,0.23706,-0.089736,-0.65197359,-0.466221477,0.011032183,1.750607,0.002444659,0.281715436,0.071688261,-0.629799513,-0.128733831,-0.016324295,0.60265,-0.15890893,-0.473744892,-0.444840773
0.882,0.804543,0.237762,-0.089736,-0.653236749,-0.466476851,0.011000367,1.7518073,0.002125355,0.280774955,0.070796498,-0.633358597,-0.126540651,-0.016009803,0.59415,-0.160411456,-0.467335799,-0.446567501
0.884,0.804814,0.238465,-0.089736,-0.654505825,-0.466727239,0.010967627,1.7529876,0.001803055,0.279846492,0.069902785,-0.636767362,-0.124297523,-0.015762734,0.58515,-0.161890132,-0.460876636,-0.448090146
0.886,0.805081,0.239171,-0.089736,-0.655783818,-0.466973641,0.01093676,1.7541479,0.001477757,0.278931048,0.069004131,-0.640075803,-0.12220445,-0.01558812,0.57615,-0.163354975,-0.454367401,-0.449508654
0.888,0.805343,0.239878,-0.089736,-0.657067729,-0.467216057,0.010906359,1.7552882,0.001149557,0.278028623,0.068103543,-0.643483916,-0.120111431,-0.015270993,0.56765,-0.164821,-0.447808092,-0.45097297
0.89,0.8056,0.240586,-0.089736,-0.658356555,-0.467454487,0.01087512,1.7564185,0.000818554,0.277140216,0.067201032,-0.646741697,-0.118068467,-0.015016387,0.55915,-0.166278223,-0.44119871,-0.452333038
0.892,0.805853,0.241297,-0.089736,-0.659654296,-0.467687931,0.010845737,1.7575288,0.000484446,0.276263828,0.066294604,-0.649949142,-0.11597556,-0.014824337,0.55115,-0.167706659,-0.434589254,-0.4537388
0.894,0.806102,0.242008,-0.089736,-0.660957952,-0.467918389,0.010816907,1.7586191,0.00014753,0.275401458,0.06538527,-0.653256245,-0.113782709,-0.014499876,0.54265,-0.169141326,-0.428029721,-0.455140197
0.896,0.806346,0.242722,-0.089736,-0.662266521,-0.468143861,0.010787222,1.7596994,-0.000191997,0.274552109,0.064474036,-0.656463002,-0.111689916,-0.01424304,0.53415,-0.17054224,-0.421320112,-0.456537171
0.898,0.806586,0.243437,-0.089736,-0.663583004,-0.468364348,0.010759379,1.7607597,-0.000534637,0.273715778,0.063559914,-0.659569409,-0.109497182,-0.014048865,0.52515,-0.171934418,-0.414660424,-0.45782966
0.9,0.806821,0.244153,-0.089736,-0.6649064,-0.46858185,0.010732071,1.7618,-0.000879893,0.272893467,0.062641911,-0.66287546,-0.107504507,-0.013727389,0.51615,-0.173327879,-0.408000658,-0.459217601
0.902,0.807052,0.244871,-0.089736,-0.666233707,-0.468794366,0.010703994,1.7628203,-0.001227867,0.272084175,0.061723036,-0.66598115,-0.105511892,-0.013468649,0.50765,-0.174692639,-0.401290811,-0.460500931
0.904,0.807278,0.24559,-0.089736,-0.667569925,-0.469003898,0.010677641,1.7638306,-0.001578661,0.271287903,0.060800299,-0.668936475,-0.103419338,-0.013262685,0.49915,-0.176038718,-0.394530883,-0.461629585
0.906,0.8075,0.246311,-0.089736,-0.668911053,-0.469208444,0.010651907,1.7648209,-0.001932179,0.270505651,0.05987571,-0.671991429,-0.101376845,-0.012929535,0.49015,-0.177376135,-0.387620873,-0.462853495
0.908,0.807717,0.247033,-0.089736,-0.670257091,-0.469409005,0.010625487,1.7657912,-0.002288124,0.26973742,0.058949278,-0.674946006,-0.099184416,-0.01266424,0.48115,-0.178699907,-0.380710779,-0.464022594
0.91,0.80793,0.247756,-0.089736,-0.671610038,-0.469605581,0.010600775,1.7667415,-0.002646897,0.268983208,0.058020012,-0.677900202,-0.09714205,-0.012451842,0.47165,-0.179995056,-0.373850601,-0.465236811
0.912,0.808138,0.248481,-0.089736,-0.672969893,-0.469797173,0.010576565,1.7676818,-0.003008302,0.268242017,0.057087923,-0.680904011,-0.095149748,-0.012122382,0.46265,-0.181296601,-0.367090336,-0.466496076
0.914,0.808341,0.249207,-0.089736,-0.674333655,-0.46998578,0.01055185,1.7685921,-0.003372041,0.267514847,0.05615402,-0.683807427,-0.093207512,-0.011850904,0.45465,-0.182574563,-0.360229984,-0.467650316
0.916,0.80854,0.249934,-0.089736,-0.675704323,-0.470170403,0.010528726,1.7694924,-0.003738518,0.266800697,0.055217313,-0.686710444,-0.091215343,-0.011517452,0.44565,-0.183843963,-0.353319543,-0.468799457
0.918,0.808735,0.250662,-0.089736,-0.677080897,-0.470351041,0.010506185,1.7703827,-0.004107534,0.266101568,0.054278813,-0.689463056,-0.089173241,-0.011277072,0.43765,-0.185089822,-0.346309013,-0.469743421
0.92,0.808925,0.251392,-0.089736,-0.678463376,-0.470526696,0.010484223,1.771243,-0.004478994,0.265415461,0.053337531,-0.692165258,-0.087181207,-0.01106481,0.42865,-0.186302162,-0.339298391,-0.47068213
0.922,0.80911,0.252123,-0.089736,-0.679848759,-0.470699366,0.010461331,1.7720933,-0.004852701,0.264744375,0.052396476,-0.694867042,-0.085139243,-0.010780713,0.41915,-0.187501006,-0.332287676,-0.471765506
0.924,0.80929,0.252855,-0.089736,-0.681242045,-0.470868053,0.010440505,1.7729236,-0.005228956,0.26408631,0.05145166,-0.697568403,-0.083197349,-0.01042483,0.41015,-0.188696377,-0.325276867,-0.472793466
0.926,0.809466,0.253588,-0.089736,-0.682640233,-0.471031755,0.010420237,1.7737339,-0.005607564,0.263443267,0.050504094,-0.700219334,-0.081205528,-0.01012721,0.40015,-0.189873299,-0.318265963,-0.473865926
0.928,0.809638,0.254322,-0.089736,-0.684043323,-0.471192475,0.010400521,1.7745242,-0.005988527,0.262813246,0.049555788,-0.702719828,-0.079263779,-0.009907905,0.39115,-0.191021795,-0.311154962,-0.474682801
0.93,0.809805,0.255058,-0.089736,-0.685450313,-0.47134921,0.010380051,1.7752945,-0.006371648,0.262198247,0.048605753,-0.705319879,-0.077372104,-0.009621966,0.38265,-0.192161891,-0.304093862,-0.475544002
0.932,0.809967,0.255794,-0.089736,-0.686864203,-0.471501963,0.010361519,1.7760548,-0.006757132,0.26159727,0.047654002,-0.707969478,-0.075380504,-0.009264447,0.37415,-0.193288611,-0.296982662,-0.47644944
0.934,0.810124,0.256531,-0.089736,-0.688282992,-0.471650732,0.010343519,1.7767951,-0.00714488,0.261010316,0.046699546,-0.71051862,-0.07338898,-0.008965403,0.36515,-0.194386983,-0.28987136,-0.477299023
0.936,0.810277,0.25727,-0.089736,-0.689706678,-0.471795519,0.010326143,1.7775154,-0.007534797,0.260437385,0.045744397,-0.712817297,-0.071497534,-0.008729889,0.35615,-0.195462031,-0.282709955,-0.478092656
0.938,0.810425,0.258009,-0.089736,-0.691134262,-0.471936322,0.010308085,1.7782157,-0.007926685,0.259879476,0.044787566,-0.715215501,-0.069556166,-0.008432964,0.34665,-0.196523785,-0.275448445,-0.478830242
0.94,0.810569,0.258749,-0.089736,-0.692566741,-0.472074143,0.010291937,1.778906,-0.008320849,0.259335591,0.043829066,-0.717613224,-0.067664879,-0.008069685,0.33765,-0.197572271,-0.268186828,-0.479761682
0.942,0.810708,0.25949,-0.089736,-0.694005115,-0.472206982,0.010276292,1.7795663,-0.008717092,0.258806729,0.042868909,-0.719960459,-0.065773673,-0.007760114,0.32865,-0.198597519,-0.261025102,-0.480436875
0.944,0.810842,0.260232,-0.089736,-0.695447384,-0.472336838,0.010261342,1.7802166,-0.009115316,0.25829189,0.041906108,-0.722207198,-0.06383255,-0.007509312,0.31915,-0.199594557,-0.253813266,-0.481155715
0.946,0.810972,0.260975,-0.089736,-0.696893545,-0.472462712,0.010245781,1.7808469,-0.009515427,0.257791076,0.040944676,-0.724403431,-0.061941512,-0.007202343,0.31115,-0.200548417,-0.246651318,-0.481818097
0.948,0.811097,0.261718,-0.089736,-0.698344598,-0.472584604,0.010232099,1.7814572,-0.009917627,0.257305285,0.039979625,-0.72664915,-0.059950558,-0.006844272,0.30165,-0.201509128,-0.239389256,-0.482473909
0.95,0.811217,0.262463,-0.089736,-0.699800542,-0.472702514,0.01021889,1.7820575,-0.010321421,0.256833518,0.03901397,-0.728844347,-0.058059692,-0.006420165,0.29265,-0.202526723,-0.232027077,-0.48322304
0.952,0.811333,0.263208,-0.089736,-0.701260376,-0.472816442,0.010206345,1.7826278,-0.010727411,0.256376776,0.038046722,-0.730789013,-0.056218915,-0.006240092,0.28365,-0.203416235,-0.224714781,-0.483665374
0.954,0.811444,0.263954,-0.089736,-0.702724099,-0.472927389,0.010194456,1.7831881,-0.011135802,0.255935059,0.037078897,-0.732783137,-0.054378227,-0.005979123,0.27415,-0.204297696,-0.217352364,-0.484150792
0.956,0.81155,0.2647,-0.089736,-0.70419071,-0.473034355,0.010181915,1.7837284,-0.011544599,0.255507367,0.036110508,-0.734776712,-0.052487631,-0.00565733,0.26515,-0.205201141,-0.209989825,-0.484679172
0.958,0.811652,0.265447,-0.089736,-0.705663207,-0.47313734,0.010171314,1.7842487,-0.011955804,0.2550947,0.035140569,-0.736869726,-0.050597129,-0.005284788,0.25615,-0.206006606,-0.202677161,-0.485250389
0.96,0.811748,0.266195,-0.089736,-0.70713859,-0.473236343,0.010161343,1.784749,-0.012369422,0.254697058,0.034169095,-0.738912171,-0.048756722,-0.004836572,0.24665,-0.206914127,-0.195214371,-0.485864314
0.962,0.811841,0.266943,-0.089736,-0.708618857,-0.473332366,0.010151895,1.7852393,-0.012783457,0.254313442,0.0331971,-0.740754034,-0.046916411,-0.004522762,0.23765,-0.20772374,-0.187801452,-0.486370816
0.964,0.811928,0.267692,-0.089736,-0.710102007,-0.473424409,0.010143259,1.7856996,-0.013199913,0.253945852,0.032223599,-0.742445307,-0.045126199,-0.004333437,0.22865,-0.208485485,-0.180388402,-0.486669759
0.966,0.812011,0.268442,-0.089736,-0.711589039,-0.473512471,0.010135128,1.7861499,-0.013617795,0.253592288,0.031249609,-0.744185978,-0.043286087,-0.004068681,0.21915,-0.2092994,-0.173025217,-0.486961002
0.968,0.812089,0.269192,-0.089736,-0.713077952,-0.473597553,0.010126392,1.7865802,-0.014037107,0.253253751,0.030276143,-0.745926035,-0.041446078,-0.003753579,0.21015,-0.210015527,-0.165661897,-0.487194403
0.97,0.812162,0.269942,-0.089736,-0.714572744,-0.473678655,0.010119641,1.7869905,-0.014457854,0.25292924,0.029301218,-0.747665468,-0.039556172,-0.003353218,0.20115,-0.210733906,-0.158248437,-0.487569814
0.972,0.812231,0.270693,-0.089736,-0.716069414,-0.473755778,0.010113467,1.7873808,-0.014880039,0.252620757,0.028325851,-0.749404264,-0.037666373,-0.002897688,0.19165,-0.21145458,-0.150834836,-0.488037083
0.974,0.812294,0.271444,-0.089736,-0.717569962,-0.47382892,0.010108058,1.7877611,-0.015303668,0.252326301,0.027349057,-0.750992411,-0.035826682,-0.002567082,0.18265,-0.212177594,-0.143271091,-0.488296054
0.976,0.812354,0.272196,-0.089736,-0.719073385,-0.473899084,0.010103206,1.7881114,-0.015728746,0.252046872,0.026371853,-0.752579897,-0.033987101,-0.002241496,0.17365,-0.212802992,-0.135807199,-0.488546567
0.978,0.812408,0.272948,-0.089736,-0.720580683,-0.473965269,0.010099101,1.7884517,-0.016155277,0.251783472,0.025395257,-0.753916708,-0.032197632,-0.002031027,0.16415,-0.213380822,-0.128193157,-0.488638455
0.98,0.812458,0.2737,-0.089736,-0.722089853,-0.474027474,0.010095531,1.788772,-0.016582265,0.251534099,0.024417285,-0.755352832,-0.030358278,-0.001760776,0.15515,-0.213961131,-0.120678963,-0.488721549
0.982,0.812503,0.274453,-0.089736,-0.723600895,-0.474086702,0.010091586,1.7890723,-0.017010717,0.251300756,0.023439956,-0.756738254,-0.028619041,-0.001435849,0.14515,-0.21459397,-0.113264612,-0.488945673
0.984,0.812543,0.275206,-0.089736,-0.725116807,-0.47414195,0.010089356,1.7893526,-0.017440637,0.251081441,0.022462288,-0.758222961,-0.026879923,-0.001041351,0.13615,-0.215229388,-0.105800102,-0.489060646
0.986,0.812579,0.275959,-0.089736,-0.726634588,-0.474194221,0.01008783,1.7896129,-0.01787203,0.250877155,0.021483298,-0.759606938,-0.025040927,-0.000592394,0.12665,-0.215817438,-0.098285431,-0.489216282
0.988,0.812609,0.276712,-0.089736,-0.728155236,-0.474242514,0.010086995,1.7898632,-0.018303902,0.250687899,0.020505007,-0.760790169,-0.023152055,-0.000259092,0.11765,-0.216308175,-0.090720593,-0.489312389
0.99,0.812635,0.277466,-0.089736,-0.72967775,-0.474286829,0.010086842,1.7900835,-0.018737259,0.250514672,0.019526433,-0.761972641,-0.02126331,7.34E-05,0.10865,-0.216701654,-0.083105587,-0.48924877
0.992,0.812657,0.278219,-0.089736,-0.731203128,-0.474327167,0.010087259,1.7902938,-0.019171105,0.250355476,0.018547596,-0.763154335,-0.019524694,0.000405076,0.09915,-0.217147933,-0.075590408,-0.489225219
0.994,0.812673,0.278973,-0.089736,-0.732730369,-0.474364528,0.010088432,1.7904841,-0.019605446,0.25021231,0.017569516,-0.764335237,-0.017736211,0.000725696,0.09015,-0.217647072,-0.068075053,-0.489191526
0.996,0.812685,0.279727,-0.089736,-0.73426047,-0.474398912,0.010090251,1.7906544,-0.020041288,0.250083175,0.016591214,-0.765415328,-0.015947862,0.001060168,0.08015,-0.218099131,-0.060459517,-0.489097474
0.998,0.812692,0.280481,-0.089736,-0.735792431,-0.474428319,0.010092603,1.7908047,-0.020478638,0.249970072,0.015612709,-0.766350021,-0.014158746,0.00141956,0.07115,-0.218534599,-0.052895005,-0.489112269
1,0.812695,0.281235,-0.089736,-0.73732625,-0.47445475,0.010095775,1.790935,-0.0209155,0.249872,0.014635025,-0.767247558,-0.01236749,0.001896422,0.06265,-0.218823758,-0.045283346,-0.489191322
1.002,0.812692,0.281989,-0.089736,-0.738860979,-0.474478196,0.010099866,1.7910553,-0.021353686,0.249788948,0.013656488,-0.768210871,-0.010623605,0.002503013,0.05315,-0.219006033,-0.037775194,-0.489372144
1.004,0.812685,0.282743,-0.089736,-0.740398672,-0.474497648,0.010105584,1.7911556,-0.021792002,0.249720904,0.012677411,-0.7690375,-0.0088275,0.00309565,0.04365,-0.2191903,-0.03017,-0.48967325
1.006,0.812673,0.283497,-0.089736,-0.741938329,-0.474513106,0.010112729,1.7912259,-0.022230447,0.249667868,0.011697795,-0.7699195,-0.0069805,0.00379905,0.03365,-0.2192552,-0.022516,-0.49004305
1.008,0.812657,0.284251,-0.089736,-0.74347795,-0.47452557,0.0101203,1.7912862,-0.022669022,0.24963084,0.010717639,-0.7707515,-0.0051335,0.00454245,0.02415,-0.2194201,-0.014962,-0.49056285
1.01,0.812635,0.285004,-0.089736,-0.745020535,-0.47453404,0.010130499,1.7913265,-0.023107728,0.24960882,0.009735944,-0.7714835,-0.0033365,0.00535585,0.01615,-0.219535,-0.007408,-0.49113265
1.012,0.812609,0.285758,-0.089736,-0.746565084,-0.474538516,0.010142124,1.7913468,-0.023547562,0.249600808,0.008752708,-0.7723655,-0.0014895,0.00621925,0.00665,-0.2195999,9.60E-05,-0.49155245
1.014,0.812579,0.286511,-0.089736,-0.748109597,-0.474539998,0.010155376,1.7913571,-0.023986527,0.249608804,0.007768934,-0.7729975,0.0002575,0.00698265,-0.00235,-0.2195148,0.00765,-0.49192225
1.016,0.812543,0.287264,-0.089736,-0.749657074,-0.474537486,0.010170054,1.7913374,-0.024425622,0.249631808,0.006785619,-0.7736295,0.0021045,0.00776605,-0.01135,-0.2194297,0.015254,-0.49223705
1.018,0.812503,0.288017,-0.089736,-0.751204515,-0.47453198,0.01018636,1.7913077,-0.024863846,0.24966982,0.005800266,-0.7742115,0.0039015,0.00853945,-0.02185,-0.2193946,0.022858,-0.49258685
1.02,0.812458,0.28877,-0.089736,-0.75275392,-0.47452148,0.010204292,1.791258,-0.0253032,0.24972284,0.004814672,-0.7746935,0.0056485,0.00932285,-0.03135,-0.2192595,0.030412,-0.49296165
1.022,0.812408,0.289522,-0.089736,-0.754303289,-0.474508986,0.010223651,1.7911783,-0.025741684,0.249791868,0.003828539,-0.7751755,0.0074455,0.01010625,-0.04035,-0.2192244,0.038016,-0.49319145
1.024,0.812354,0.290274,-0.089736,-0.755854622,-0.474492498,0.010244637,1.7910886,-0.026179298,0.249874904,0.002841866,-0.7755575,0.0092425,0.01089965,-0.04935,-0.2189893,0.04562,-0.49344625
1.026,0.812294,0.291026,-0.089736,-0.757405919,-0.474472016,0.01026725,1.7909889,-0.026618041,0.249973948,0.001854754,-0.7759895,0.0111395,0.01170305,-0.05835,-0.2189042,0.053174,-0.49369105
1.028,0.812231,0.291777,-0.089736,-0.75895818,-0.47444754,0.010291489,1.7908592,-0.027054914,0.250088,0.000867102,-0.7762715,0.0129865,0.01249145,-0.06785,-0.2187191,0.060778,-0.49390585
1.03,0.812162,0.292528,-0.089736,-0.760511405,-0.47442007,0.010317256,1.7907095,-0.027492918,0.25021706,-0.000120989,-0.7766035,0.0147335,0.01328485,-0.07735,-0.218434,0.068282,-0.49410565
1.032,0.812089,0.293278,-0.089736,-0.762064594,-0.474388606,0.010344549,1.7905498,-0.02792905,0.250361128,-0.001109321,-0.7767355,0.0164805,0.01408825,-0.08585,-0.2182989,0.075886,-0.49427545
1.034,0.812011,0.294028,-0.089736,-0.763618747,-0.474354148,0.010373569,1.7903701,-0.028365313,0.250520204,-0.002098091,-0.7768175,0.0183275,0.01489665,-0.09485,-0.2179638,0.08344,-0.49442525
1.036,0.811928,0.294778,-0.089736,-0.765171864,-0.474315696,0.010404215,1.7901704,-0.028801706,0.250695288,-0.003087102,-0.7769995,0.0202245,0.01571505,-0.10485,-0.2177287,0.090944,-0.49456505
1.038,0.811841,0.295527,-0.089736,-0.766725945,-0.47427325,0.010436389,1.7899507,-0.029236228,0.25088438,-0.004076352,-0.7770815,0.0221215,0.01652845,-0.11485,-0.2173936,0.098498,-0.49467485
1.04,0.811748,0.296275,-0.089736,-0.76828099,-0.47422681,0.010470289,1.789711,-0.02967088,0.25108848,-0.005065841,-0.7772635,0.0238685,0.01744685,-0.12385,-0.2170085,0.106152,-0.49483965
1.042,0.811652,0.297023,-0.089736,-0.769834999,-0.474177376,0.010505816,1.7894513,-0.030104662,0.251308588,-0.00605547,-0.7772455,0.0256655,0.01832025,-0.13335,-0.2166734,0.113756,-0.49494445
1.044,0.81155,0.29777,-0.089736,-0.771389972,-0.474124948,0.01054397,1.7891816,-0.030537574,0.251544704,-0.007045939,-0.7770275,0.0274625,0.01913365,-0.14235,-0.2162383,0.12131,-0.49497925
1.046,0.811444,0.298516,-0.089736,-0.772943909,-0.474067526,0.010582751,1.7888819,-0.030969615,0.251793828,-0.008035747,-0.7768095,0.0293595,0.01989705,-0.15135,-0.2158032,0.128664,-0.49495905
1.048,0.811333,0.299262,-0.089736,-0.77449681,-0.47400711,0.010623158,1.7885722,-0.031400786,0.25205896,-0.009025495,-0.7765415,0.0312065,0.02062045,-0.16085,-0.2153681,0.136068,-0.49487385
1.05,0.811217,0.300007,-0.089736,-0.776049675,-0.4739427,0.010665193,1.7882425,-0.031831088,0.2523381,-0.010015283,-0.7763235,0.0329535,0.02144885,-0.16985,-0.214833,0.143572,-0.49484365
1.052,0.811097,0.300751,-0.089736,-0.777602504,-0.473875296,0.010708954,1.7878928,-0.032260518,0.252633248,-0.01100491,-0.7760555,0.0348005,0.02228725,-0.17885,-0.2143479,0.151076,-0.49479845
1.054,0.810972,0.301495,-0.089736,-0.779154297,-0.473803898,0.010754342,1.7875231,-0.032688079,0.252942404,-0.011994476,-0.7758375,0.0366975,0.02323565,-0.18835,-0.2138128,0.15868,-0.49482325
1.056,0.810842,0.302238,-0.089736,-0.780705054,-0.473728506,0.010801456,1.7871434,-0.03311577,0.253267568,-0.012983883,-0.7755195,0.0385945,0.02412905,-0.19735,-0.2132777,0.166134,-0.49478805
1.058,0.810708,0.30298,-0.089736,-0.782256775,-0.47364912,0.010851298,1.7867337,-0.03354159,0.25360774,-0.013974029,-0.7750515,0.0404415,0.02495745,-0.20635,-0.2126926,0.173588,-0.49467285
1.06,0.810569,0.303721,-0.089736,-0.78380646,-0.47356674,0.010901766,1.786314,-0.03396654,0.25396192,-0.014963014,-0.7744335,0.0422885,0.02573585,-0.21585,-0.2120075,0.180942,-0.49449265
1.062,0.810425,0.304461,-0.089736,-0.785354109,-0.473480366,0.010953761,1.7858743,-0.03438962,0.254331108,-0.015951639,-0.7736655,0.0441855,0.02645425,-0.22485,-0.2113224,0.188346,-0.49423745
1.064,0.810277,0.3052,-0.089736,-0.786900722,-0.473389998,0.011007583,1.7854146,-0.03481183,0.254715304,-0.016940004,-0.7730475,0.0460825,0.02729265,-0.23485,-0.2106373,0.19575,-0.49404725
1.066,0.810124,0.305938,-0.089736,-0.788446299,-0.473295636,0.011062932,1.7849349,-0.035232169,0.255114508,-0.017927908,-0.7726295,0.0480295,0.02826105,-0.24385,-0.2099522,0.203204,-0.49395705
1.068,0.809967,0.306676,-0.089736,-0.78999084,-0.47319828,0.011120107,1.7844352,-0.035651638,0.25552772,-0.018915352,-0.7720615,0.0499265,0.02915445,-0.25235,-0.2092671,0.210608,-0.49378685
1.07,0.809805,0.307412,-0.089736,-0.791535345,-0.47309593,0.01118011,1.7839255,-0.036069238,0.25595694,-0.019903536,-0.7712935,0.0517235,0.02999785,-0.26185,-0.208582,0.218012,-0.49354665
1.072,0.809638,0.308147,-0.089736,-0.793076814,-0.472990586,0.011240539,1.7833958,-0.036485966,0.256400168,-0.020890059,-0.7703255,0.0536205,0.03076625,-0.27135,-0.2077969,0.225366,-0.49323145
1.074,0.809466,0.308882,-0.089736,-0.794616247,-0.472882248,0.011302695,1.7828361,-0.036900825,0.256858404,-0.021876021,-0.7693075,0.0555175,0.03147465,-0.28035,-0.2069618,0.23262,-0.49283125
1.076,0.80929,0.309615,-0.089736,-0.796153644,-0.472768916,0.011366477,1.7822664,-0.037313814,0.257330648,-0.022861424,-0.7685395,0.0574645,0.03242805,-0.28935,-0.2061267,0.239974,-0.49262605
1.078,0.80911,0.310347,-0.089736,-0.797690005,-0.47265159,0.011431887,1.7816867,-0.037724932,0.2578179,-0.023846166,-0.7676215,0.0594115,0.03332645,-0.29735,-0.2052416,0.247278,-0.49234585
1.08,0.808925,0.311078,-0.089736,-0.79922533,-0.47253127,0.011500223,1.781077,-0.03813518,0.25832016,-0.024831247,-0.7666535,0.0612585,0.03415985,-0.30735,-0.2044065,0.254632,-0.49199065
1.082,0.808735,0.311807,-0.089736,-0.800756619,-0.472406956,0.011569086,1.7804573,-0.038542558,0.258836428,-0.025814568,-0.7654855,0.0631555,0.03493325,-0.31735,-0.2034714,0.261886,-0.49156045
1.084,0.80854,0.312536,-0.089736,-0.802286872,-0.472278648,0.011639476,1.7798076,-0.038949066,0.259367704,-0.026797129,-0.7643675,0.0651525,0.03574665,-0.32635,-0.2025363,0.26914,-0.49115525
1.086,0.808341,0.313263,-0.089736,-0.803814089,-0.472146346,0.011711593,1.7791479,-0.039352703,0.259912988,-0.027778829,-0.7632495,0.0671495,0.03663005,-0.33485,-0.2017012,0.276394,-0.49078505
1.088,0.808138,0.313989,-0.089736,-0.80534027,-0.47201005,0.011786436,1.7784682,-0.03975547,0.26047328,-0.028760669,-0.7619815,0.0691465,0.03745845,-0.34335,-0.2007161,0.283548,-0.49034485
1.09,0.80793,0.314714,-0.089736,-0.806862415,-0.47186976,0.011861907,1.7777785,-0.040156368,0.26104758,-0.029740649,-0.7606635,0.0711435,0.03822685,-0.35235,-0.199731,0.290752,-0.48982965
1.092,0.807717,0.315437,-0.089736,-0.808382524,-0.471725476,0.011938904,1.7770588,-0.040554394,0.261635888,-0.030719668,-0.7592955,0.0730405,0.03906025,-0.36135,-0.1986459,0.297906,-0.48935445
1.094,0.8075,0.316159,-0.089736,-0.809899597,-0.471577198,0.012017628,1.7763291,-0.040950551,0.262239204,-0.031697626,-0.7580275,0.0749875,0.03993865,-0.37085,-0.1976108,0.30506,-0.48889425
1.096,0.807278,0.31688,-0.089736,-0.811414634,-0.471425926,0.012099178,1.7755794,-0.041344838,0.262856528,-0.032675725,-0.7565595,0.0769845,0.04075205,-0.37985,-0.1965757,0.312264,-0.48836405
1.098,0.807052,0.317599,-0.089736,-0.812926635,-0.47126966,0.012181156,1.7748097,-0.041737254,0.26348786,-0.033651563,-0.7549915,0.0789315,0.04150045,-0.38885,-0.1954906,0.319318,-0.48776385
1.1,0.806821,0.318317,-0.089736,-0.8144346,-0.4711094,0.01226466,1.77402,-0.0421268,0.2641342,-0.03462634,-0.7535235,0.0809785,0.04231385,-0.39835,-0.1943055,0.326422,-0.48719865
1.102,0.806586,0.319033,-0.089736,-0.815939529,-0.470946146,0.012349891,1.7732203,-0.042514476,0.264793548,-0.035599957,-0.7520055,0.0829755,0.04318225,-0.40735,-0.1931204,0.333526,-0.48666345
1.104,0.806346,0.319748,-0.089736,-0.817443422,-0.470777898,0.012437949,1.7723906,-0.042899282,0.265467904,-0.036573514,-0.7503875,0.0850225,0.04399065,-0.41635,-0.1920353,0.34048,-0.48604325
1.106,0.806102,0.320461,-0.089736,-0.818942279,-0.470605656,0.012526334,1.7715509,-0.043282217,0.266156268,-0.03754461,-0.7486195,0.0871195,0.04471905,-0.42485,-0.1908002,0.347534,-0.48534305
1.108,0.805853,0.321173,-0.089736,-0.8204371,-0.47042942,0.012616345,1.7706912,-0.043663282,0.26685764,-0.038514446,-0.7468515,0.0891165,0.04551745,-0.43335,-0.1896651,0.354538,-0.48469785
1.11,0.8056,0.321883,-0.089736,-0.821928885,-0.47024919,0.012707884,1.7698215,-0.044040478,0.26757402,-0.039482922,-0.7451835,0.0911135,0.04637085,-0.44235,-0.18848,0.361492,-0.48409265
1.112,0.805343,0.322592,-0.089736,-0.823418634,-0.470064966,0.012802349,1.7689218,-0.044416802,0.268304408,-0.040451337,-0.7434155,0.0931105,0.04714925,-0.45135,-0.1872449,0.368446,-0.48339245
1.114,0.805081,0.323299,-0.089736,-0.824903347,-0.469876748,0.012897041,1.7680121,-0.044790257,0.269047804,-0.041417091,-0.7414475,0.0952075,0.04785765,-0.46085,-0.1860098,0.3753,-0.48259725
1.116,0.804814,0.324004,-0.089736,-0.826384024,-0.469684536,0.012993259,1.7670824,-0.045160842,0.269805208,-0.042381286,-0.7395295,0.0972545,0.04864105,-0.46885,-0.1846747,0.382204,-0.48185705
1.118,0.804543,0.324708,-0.089736,-0.827860665,-0.46948733,0.013091005,1.7661327,-0.045528556,0.27057662,-0.04334392,-0.7376115,0.0993515,0.04947945,-0.47835,-0.1832896,0.389108,-0.48115185
1.12,0.804268,0.32541,-0.089736,-0.82933527,-0.46928713,0.013191777,1.765173,-0.0458944,0.27136204,-0.044306493,-0.7355935,0.1014485,0.05023285,-0.48735,-0.1819545,0.395962,-0.48036165
1.122,0.803988,0.32611,-0.089736,-0.830803839,-0.469081936,0.013292576,1.7641833,-0.046256374,0.272160468,-0.045266006,-0.7335755,0.1035955,0.05102625,-0.49635,-0.1806194,0.402816,-0.47959145
1.124,0.803704,0.326808,-0.089736,-0.832268372,-0.468872748,0.013394802,1.7631836,-0.046616478,0.272972904,-0.046223859,-0.7313075,0.1057425,0.05167465,-0.50485,-0.1792343,0.40952,-0.47867625
1.126,0.803415,0.327505,-0.089736,-0.833729869,-0.468658566,0.013499755,1.7621639,-0.046973711,0.273799348,-0.047181151,-0.7291395,0.1078395,0.05241305,-0.51335,-0.1778992,0.416324,-0.47782605
1.128,0.803122,0.3282,-0.089736,-0.83518533,-0.46844139,0.013604934,1.7611342,-0.047328074,0.2746378,-0.048135683,-0.7270215,0.1099365,0.05321145,-0.52235,-0.1765641,0.423078,-0.47701085
1.13,0.802825,0.328893,-0.089736,-0.836636755,-0.46821922,0.013711641,1.7600745,-0.047679568,0.27549126,-0.049088355,-0.7246535,0.1119835,0.05387985,-0.53035,-0.175179,0.429782,-0.47606065
1.132,0.802524,0.329584,-0.089736,-0.838085144,-0.467993056,0.013820974,1.7590048,-0.04802919,0.276357728,-0.050040366,-0.7223355,0.1141805,0.05461325,-0.53935,-0.1737439,0.436486,-0.47513545
1.134,0.802218,0.330273,-0.089736,-0.839526497,-0.467762898,0.013930534,1.7579251,-0.048374943,0.277237204,-0.050989416,-0.7199675,0.1163275,0.05538165,-0.54735,-0.1722588,0.44299,-0.47425525
1.136,0.801907,0.33096,-0.089736,-0.840963814,-0.467527746,0.01404162,1.7568154,-0.048717826,0.278129688,-0.051936507,-0.7175495,0.1184745,0.05602005,-0.55635,-0.1707237,0.449594,-0.47323505
1.138,0.801593,0.331645,-0.089736,-0.842397095,-0.4672886,0.014155134,1.7556957,-0.049057838,0.27903518,-0.052882837,-0.7151815,0.1206715,0.05671345,-0.56585,-0.1691886,0.456148,-0.47225485
1.14,0.801274,0.332328,-0.089736,-0.84382534,-0.46704546,0.014268874,1.754556,-0.04939498,0.27995468,-0.053826006,-0.7127135,0.1228185,0.05745685,-0.57485,-0.1677035,0.462752,-0.47131465
1.142,0.800951,0.33301,-0.089736,-0.845247549,-0.466797326,0.014384041,1.7533963,-0.049728252,0.280886188,-0.054767215,-0.7100955,0.1250655,0.05808525,-0.58385,-0.1661684,0.469356,-0.47023445
1.144,0.800623,0.333689,-0.089736,-0.846665722,-0.466545198,0.014501735,1.7522166,-0.050059654,0.281831704,-0.055707464,-0.7073775,0.1273125,0.05875865,-0.59235,-0.1646333,0.47581,-0.46918925
1.146,0.800292,0.334366,-0.089736,-0.848077859,-0.466288076,0.014619556,1.7510269,-0.050387185,0.282790228,-0.056644452,-0.7048595,0.1295595,0.05947205,-0.59985,-0.1631482,0.482364,-0.46817405
1.148,0.799956,0.335041,-0.089736,-0.84948396,-0.46602696,0.014738703,1.7498172,-0.050711846,0.28376076,-0.05757928,-0.7020915,0.1318065,0.06006045,-0.60835,-0.1615131,0.488768,-0.46702885
1.15,0.799615,0.335714,-0.089736,-0.850887025,-0.46576085,0.014860278,1.7485975,-0.051033638,0.2847453,-0.058513048,-0.6993235,0.1339535,0.06069885,-0.61735,-0.159928,0.495072,-0.46591365
1.152,0.799271,0.336385,-0.089736,-0.852282054,-0.465490746,0.014981979,1.7473478,-0.051351558,0.285741848,-0.059443455,-0.6966555,0.1361505,0.06138725,-0.62535,-0.1583429,0.501476,-0.46484345
1.154,0.798922,0.337053,-0.089736,-0.853672047,-0.465216648,0.015104907,1.7460881,-0.051666609,0.286750404,-0.060371501,-0.6937875,0.1383975,0.06195065,-0.63435,-0.1567078,0.50778,-0.46362825
1.156,0.79857,0.337719,-0.089736,-0.855058004,-0.464937556,0.015230261,1.7448184,-0.05197879,0.287772968,-0.061298488,-0.6910195,0.1406945,0.06256405,-0.64235,-0.1550227,0.514084,-0.46244805
1.158,0.798213,0.338384,-0.089736,-0.856436925,-0.46465347,0.015355643,1.7435187,-0.0522871,0.28880754,-0.062221814,-0.6881515,0.1430415,0.06322745,-0.65135,-0.1533876,0.520388,-0.46132285
1.16,0.797851,0.339045,-0.089736,-0.85780981,-0.46436539,0.015482251,1.742209,-0.05259154,0.28985412,-0.063142779,-0.6850835,0.1452885,0.06376585,-0.65985,-0.1517525,0.526542,-0.46004265
1.162,0.797486,0.339705,-0.089736,-0.859177659,-0.464072316,0.015611186,1.7408793,-0.05289411,0.290913708,-0.064062584,-0.6819655,0.1475355,0.06434425,-0.66735,-0.1501174,0.532696,-0.45880745
1.164,0.797117,0.340362,-0.089736,-0.860538472,-0.463775248,0.015740148,1.7395396,-0.05319281,0.291985304,-0.064978529,-0.6789475,0.1497825,0.06496765,-0.67585,-0.1484823,0.5389,-0.45760725
1.166,0.796743,0.341017,-0.089736,-0.861892249,-0.463473186,0.015870137,1.7381799,-0.053487639,0.293068908,-0.065892013,-0.6758795,0.1520295,0.06546605,-0.68485,-0.1466972,0.545054,-0.45625205
1.168,0.796365,0.34167,-0.089736,-0.86324199,-0.46316713,0.016002452,1.7368002,-0.053779598,0.29416552,-0.066804137,-0.6728115,0.1543765,0.06600945,-0.69385,-0.1449121,0.551208,-0.45495185
1.17,0.795984,0.34232,-0.089736,-0.864584695,-0.46285608,0.016134695,1.7354005,-0.054067688,0.29527414,-0.067712301,-0.6696935,0.1567735,0.06660785,-0.70235,-0.143177,0.557312,-0.45369165
1.172,0.795598,0.342968,-0.089736,-0.865920364,-0.462540036,0.016267964,1.7339908,-0.054351906,0.296394768,-0.068617904,-0.6663255,0.1591705,0.06707125,-0.70985,-0.1413919,0.563216,-0.45228645
1.174,0.795208,0.343613,-0.089736,-0.867249997,-0.462218998,0.01640346,1.7325611,-0.054633255,0.297527404,-0.069522046,-0.6630575,0.1615175,0.06758465,-0.71735,-0.1397068,0.56917,-0.45091625
1.176,0.794814,0.344256,-0.089736,-0.868572594,-0.461893966,0.016538782,1.7311214,-0.054910734,0.298671048,-0.070422129,-0.6598895,0.1638645,0.06813805,-0.72585,-0.1380217,0.575174,-0.44958605
1.178,0.794416,0.344896,-0.089736,-0.869889155,-0.46156394,0.016675132,1.7296617,-0.055185342,0.2998277,-0.071319351,-0.6565715,0.1661615,0.06857145,-0.73485,-0.1362366,0.581128,-0.44810585
1.18,0.794014,0.345534,-0.089736,-0.87119968,-0.46122892,0.016813508,1.728182,-0.05545608,0.30099636,-0.072215112,-0.6531535,0.1686085,0.06904985,-0.74385,-0.1345015,0.587082,-0.44667565
1.182,0.793608,0.346169,-0.089736,-0.872502169,-0.460889906,0.016951811,1.7266823,-0.055722948,0.302176028,-0.073106613,-0.6496855,0.1710055,0.06956825,-0.75135,-0.1327164,0.592836,-0.44529545
1.184,0.793198,0.346802,-0.089736,-0.873797622,-0.460544898,0.017090941,1.7251726,-0.055986946,0.303367704,-0.073995254,-0.6461175,0.1734025,0.06996165,-0.75935,-0.1309313,0.59859,-0.44375525
1.186,0.792784,0.347432,-0.089736,-0.875087039,-0.460195896,0.017232098,1.7236529,-0.056247073,0.304570388,-0.074882234,-0.6425995,0.1758495,0.07039005,-0.76635,-0.1290962,0.604344,-0.44226005
1.188,0.792366,0.34806,-0.089736,-0.87636842,-0.4598419,0.017372981,1.7221032,-0.05650333,0.30578508,-0.075764854,-0.6391315,0.1781465,0.07086845,-0.77485,-0.1272611,0.610098,-0.44080885
1.19,0.791944,0.348685,-0.089736,-0.877642765,-0.45948291,0.017514692,1.7205535,-0.056755718,0.30701078,-0.076644414,-0.6355635,0.1805935,0.07122685,-0.78335,-0.125476,0.615852,-0.43920465
1.192,0.791518,0.349307,-0.089736,-0.878911074,-0.459119926,0.017658329,1.7189738,-0.057005234,0.308248488,-0.077522253,-0.6319455,0.1829905,0.07163025,-0.79135,-0.1235909,0.621506,-0.43764495
1.194,0.791089,0.349927,-0.089736,-0.880171347,-0.458750948,0.017801693,1.7173841,-0.057250881,0.309497204,-0.078395581,-0.6283275,0.1854875,0.07207365,-0.79985,-0.1218058,0.62721,-0.43613475
1.196,0.790655,0.350544,-0.089736,-0.881423584,-0.458377976,0.017945783,1.7157744,-0.057491658,0.310756928,-0.07926572,-0.6246095,0.1879845,0.07238205,-0.80735,-0.1199207,0.632764,-0.43446555
1.198,0.790218,0.351158,-0.089736,-0.882669785,-0.45799901,0.018091701,1.7141547,-0.057730564,0.31202866,-0.080134028,-0.6208915,0.1903815,0.07273045,-0.81585,-0.1180356,0.638368,-0.43284335
1.2,0.789777,0.351769,-0.089736,-0.88390795,-0.45761605,0.018237145,1.712515,-0.0579646,0.3133104,-0.080997685,-0.6171735,0.1929285,0.07313385,-0.82385,-0.1162505,0.643872,-0.43127015
1.202,0.789332,0.352378,-0.089736,-0.885138079,-0.457228096,0.018383316,1.7108553,-0.058194766,0.314604148,-0.081858032,-0.6133055,0.1953755,0.07341225,-0.83135,-0.1143654,0.649276,-0.42953645
1.204,0.788883,0.352984,-0.089736,-0.886361172,-0.456834148,0.018531314,1.7091856,-0.058422062,0.315907904,-0.082716419,-0.6093375,0.1978725,0.07373565,-0.83935,-0.1124803,0.65473,-0.42785225
1.206,0.78843,0.353586,-0.089736,-0.887576229,-0.456436206,0.018678739,1.7075059,-0.058645487,0.317222668,-0.083570025,-0.6055695,0.2003195,0.07408905,-0.84635,-0.1105952,0.660134,-0.42621605
1.208,0.787973,0.354187,-0.089736,-0.88878225,-0.45603327,0.01882679,1.7057962,-0.058864042,0.31854844,-0.084420211,-0.6016515,0.2028165,0.07431245,-0.85485,-0.1086601,0.665538,-0.42442075
1.21,0.787513,0.354784,-0.089736,-0.889983235,-0.45562534,0.018976469,1.7040865,-0.059079728,0.31988522,-0.085268297,-0.5976835,0.2053635,0.07458585,-0.86335,-0.106775,0.670892,-0.4226743
1.212,0.787049,0.355378,-0.089736,-0.891174184,-0.455211416,0.019125574,1.7023468,-0.059291542,0.321232008,-0.086111491,-0.5937655,0.2079605,0.07489425,-0.87035,-0.1050399,0.676146,-0.42097555
1.214,0.786581,0.355969,-0.089736,-0.892357097,-0.454793498,0.019275206,1.7005971,-0.059499487,0.322589804,-0.086951128,-0.5895975,0.2104575,0.07508765,-0.87835,-0.1031548,0.6813,-0.4191178
1.216,0.78611,0.356558,-0.089736,-0.893532974,-0.454369586,0.019426364,1.6988374,-0.059704562,0.323957608,-0.087788551,-0.5855795,0.2129545,0.07532605,-0.88585,-0.1012197,0.686504,-0.41730855
1.218,0.785635,0.357143,-0.089736,-0.894699815,-0.45394168,0.01957695,1.6970577,-0.059904766,0.32533542,-0.088620945,-0.5815115,0.2155515,0.07559945,-0.89385,-0.0993346,0.691658,-0.41554715
1.22,0.785156,0.357726,-0.089736,-0.89585862,-0.45350778,0.019727962,1.695258,-0.0601011,0.32672424,-0.089449668,-0.5773935,0.2180985,0.07575285,-0.90135,-0.0973495,0.696912,-0.41362815
1.222,0.784674,0.358305,-0.089736,-0.897009389,-0.453068886,0.019880401,1.6934483,-0.060294564,0.328123068,-0.090276041,-0.5731755,0.2206955,0.07594125,-0.90935,-0.0955144,0.702066,-0.41175895
1.224,0.784188,0.358882,-0.089736,-0.898152122,-0.452624998,0.020032167,1.6916286,-0.060483158,0.329532904,-0.091097284,-0.5690575,0.2231925,0.07615465,-0.91635,-0.0936793,0.70707,-0.40993625
1.226,0.783698,0.359455,-0.089736,-0.899284819,-0.452176116,0.02018426,1.6897789,-0.060668881,0.330951748,-0.091914726,-0.5648395,0.2256895,0.07625305,-0.92385,-0.0916942,0.712024,-0.40795605
1.228,0.783205,0.360025,-0.089736,-0.90041148,-0.45172224,0.020337579,1.6879292,-0.060850734,0.3323806,-0.092729688,-0.5605215,0.2282865,0.07639145,-0.93185,-0.0898091,0.716928,-0.40602435
1.23,0.782708,0.360592,-0.089736,-0.901528105,-0.45126337,0.020490226,1.6860595,-0.061027718,0.33381946,-0.0935394,-0.5563535,0.2309335,0.07656985,-0.93885,-0.087874,0.721932,-0.40413965
1.232,0.782208,0.361156,-0.089736,-0.902635694,-0.450798506,0.020643099,1.6841698,-0.06120183,0.335268328,-0.094345191,-0.5519355,0.2335805,0.07664325,-0.94735,-0.0859889,0.726936,-0.40210095
1.234,0.781704,0.361717,-0.089736,-0.903736247,-0.450328648,0.020797199,1.6822701,-0.061372073,0.336727204,-0.095148371,-0.5476675,0.2361775,0.07674665,-0.95485,-0.0841538,0.73184,-0.40011325
1.236,0.781196,0.362275,-0.089736,-0.904826764,-0.449853796,0.020950525,1.6803504,-0.061538446,0.338196088,-0.095946212,-0.5433495,0.2387745,0.07687505,-0.96135,-0.0822187,0.736694,-0.39816055
1.238,0.780685,0.362829,-0.089736,-0.905909245,-0.44937395,0.021103979,1.6784207,-0.061700948,0.33967398,-0.096740022,-0.5388815,0.2414215,0.07689345,-0.96935,-0.0802836,0.741448,-0.39605685
1.24,0.780171,0.363381,-0.089736,-0.90698269,-0.44888811,0.021258459,1.676481,-0.06185958,0.34116188,-0.097530971,-0.5344635,0.2440685,0.07694685,-0.97635,-0.0783485,0.746102,-0.39400465
1.242,0.779653,0.363929,-0.089736,-0.908047099,-0.448397276,0.021412166,1.6745113,-0.062014342,0.342658788,-0.09831656,-0.5300455,0.2466655,0.07703025,-0.98385,-0.0764134,0.750806,-0.39200445
1.244,0.779132,0.364473,-0.089736,-0.909102472,-0.447901448,0.0215659,1.6725416,-0.062165234,0.344164704,-0.099097989,-0.5255775,0.2492625,0.07700865,-0.99185,-0.0745783,0.75546,-0.38984925
1.246,0.778607,0.365015,-0.089736,-0.910149809,-0.447400626,0.021720561,1.6705519,-0.062312255,0.345680628,-0.099876557,-0.5210595,0.2519095,0.07702205,-0.99785,-0.0726932,0.760114,-0.38773905
1.248,0.778079,0.365553,-0.089736,-0.91118711,-0.44689381,0.021874348,1.6685422,-0.062456406,0.34720556,-0.100649465,-0.5164915,0.2545565,0.07705045,-1.00585,-0.0708581,0.764718,-0.38567385
1.25,0.777547,0.366088,-0.089736,-0.912215375,-0.446382,0.022028163,1.6665325,-0.062595688,0.3487395,-0.101418213,-0.5118735,0.2572535,0.07698385,-1.01335,-0.068923,0.769222,-0.38344865
1.252,0.777013,0.366619,-0.089736,-0.913234604,-0.445865196,0.022182604,1.6644928,-0.062732098,0.350282448,-0.1021839,-0.5073555,0.2599005,0.07695725,-1.02035,-0.0669879,0.773726,-0.38128345
1.254,0.776474,0.367147,-0.089736,-0.914244797,-0.445342398,0.022336272,1.6624431,-0.062863639,0.351834404,-0.102943826,-0.5028375,0.2626475,0.07694565,-1.02835,-0.0651528,0.77823,-0.37914825
1.256,0.775933,0.367672,-0.089736,-0.915245954,-0.444814606,0.022489866,1.6603834,-0.06299231,0.353395368,-0.103699493,-0.4981195,0.2652945,0.07684905,-1.03485,-0.0632677,0.782734,-0.37687805
1.258,0.775388,0.368193,-0.089736,-0.916238075,-0.44428082,0.022643988,1.6583037,-0.06311711,0.35496534,-0.104451899,-0.4934015,0.2679915,0.07677245,-1.04135,-0.0613326,0.787138,-0.37465785
1.26,0.77484,0.368711,-0.089736,-0.91721916,-0.44374304,0.022797236,1.656214,-0.06323804,0.35654432,-0.105198644,-0.4887335,0.2706385,0.07670085,-1.04835,-0.0594475,0.791492,-0.37247265
1.262,0.774289,0.369226,-0.089736,-0.918192209,-0.443198266,0.022950311,1.6541143,-0.0633541,0.358131308,-0.105940829,-0.4840655,0.2732855,0.07655925,-1.05485,-0.0575624,0.795746,-0.37014745
1.264,0.773735,0.369736,-0.089736,-0.919156222,-0.442649498,0.023103713,1.6519946,-0.06346829,0.359727304,-0.106679754,-0.4793975,0.2760825,0.07643765,-1.06235,-0.0557773,0.8,-0.36786725
1.266,0.773177,0.370244,-0.089736,-0.920110199,-0.442094736,0.023256342,1.6498649,-0.063577609,0.361331308,-0.107412818,-0.4745795,0.2787795,0.07633105,-1.06985,-0.0540422,0.804254,-0.36562205
1.268,0.772616,0.370748,-0.089736,-0.92105414,-0.44153398,0.023408597,1.6477152,-0.063684058,0.36294432,-0.108141322,-0.4698115,0.2815265,0.07614945,-1.07635,-0.0520571,0.808508,-0.36323185
1.27,0.772052,0.371248,-0.089736,-0.921989045,-0.44096823,0.02356118,1.6455555,-0.063786638,0.36456534,-0.108866266,-0.4649935,0.2842235,0.07597785,-1.08335,-0.050172,0.812662,-0.36088665
1.272,0.771485,0.371745,-0.089736,-0.922914914,-0.440397486,0.023712789,1.6433858,-0.063884346,0.366195368,-0.109585349,-0.4602755,0.2868705,0.07583125,-1.08985,-0.0483369,0.816766,-0.35858145
1.274,0.770915,0.372238,-0.089736,-0.923829747,-0.439820748,0.023864025,1.6411961,-0.063979185,0.367832404,-0.110299671,-0.4554075,0.2896175,0.07560465,-1.09735,-0.0465018,0.82087,-0.35615125
1.276,0.770341,0.372728,-0.089736,-0.924736544,-0.439239016,0.024015487,1.6389964,-0.064071154,0.369478448,-0.111010434,-0.4505395,0.2923645,0.07540305,-1.10485,-0.0447667,0.824924,-0.35376105
1.278,0.769765,0.373214,-0.089736,-0.925632305,-0.43865129,0.024165877,1.6367767,-0.064158252,0.3711325,-0.111715236,-0.4457215,0.2950115,0.07520145,-1.11135,-0.0429316,0.829028,-0.35140585
1.28,0.769185,0.373697,-0.089736,-0.92651903,-0.43805857,0.024315893,1.634547,-0.06424248,0.37279456,-0.112415177,-0.4407535,0.2977085,0.07492985,-1.11835,-0.0410465,0.833032,-0.34891065
1.282,0.768603,0.374175,-0.089736,-0.927395719,-0.437460856,0.024465836,1.6323073,-0.064322838,0.374464628,-0.113111358,-0.4358355,0.3004555,0.07467825,-1.12485,-0.0392114,0.836936,-0.34646545
1.284,0.768018,0.37465,-0.089736,-0.928262372,-0.436857148,0.024614806,1.6300476,-0.064399326,0.376142704,-0.113801479,-0.4309175,0.3032525,0.07443165,-1.13135,-0.0374763,0.84079,-0.34405525
1.286,0.767429,0.375122,-0.089736,-0.929118989,-0.436247446,0.024763203,1.6277779,-0.064471943,0.377827788,-0.114486739,-0.4259495,0.3060995,0.07414005,-1.13835,-0.0357412,0.844644,-0.34151005
1.288,0.766838,0.37559,-0.089736,-0.92996657,-0.43563275,0.024911526,1.6254982,-0.06454269,0.37952088,-0.115168039,-0.4210315,0.3088465,0.07385845,-1.14485,-0.0339561,0.848448,-0.33900985
1.29,0.766243,0.376054,-0.089736,-0.930803115,-0.43501206,0.025058877,1.6231985,-0.064608568,0.38122198,-0.115843179,-0.4161135,0.3114935,0.07356685,-1.15135,-0.032171,0.852302,-0.33653965
1.292,0.765646,0.376514,-0.089736,-0.931630624,-0.434386376,0.025205554,1.6208888,-0.064670574,0.382930088,-0.116513358,-0.4111455,0.3142905,0.07322525,-1.15735,-0.0302859,0.856056,-0.33394445
1.294,0.765046,0.37697,-0.089736,-0.932448097,-0.433755698,0.025351858,1.6185691,-0.064729711,0.384646204,-0.117179476,-0.4061275,0.3169875,0.07288365,-1.16335,-0.0285008,0.85971,-0.33139425
1.296,0.764443,0.377423,-0.089736,-0.933255534,-0.433118026,0.025497288,1.6162394,-0.064784978,0.386369328,-0.117839335,-0.4010595,0.3197345,0.07255705,-1.16985,-0.0268657,0.863414,-0.32887405
1.298,0.763837,0.377872,-0.089736,-0.934051935,-0.43247636,0.025641846,1.6138897,-0.064836374,0.38809946,-0.118494133,-0.3960415,0.3225315,0.07219045,-1.17735,-0.0251306,0.867068,-0.32622885
1.3,0.763229,0.378317,-0.089736,-0.9348393,-0.4318287,0.02578613,1.61153,-0.0648859,0.3898376,-0.11914477,-0.3909735,0.3252285,0.07181385,-1.18385,-0.0234455,0.870722,-0.32362865
1.302,0.762617,0.378758,-0.089736,-0.935616629,-0.431175046,0.025929341,1.6091503,-0.064930556,0.391582748,-0.119789047,-0.3860055,0.3280755,0.07144725,-1.18985,-0.0217104,0.874326,-0.32104845
1.304,0.762003,0.379196,-0.089736,-0.936382922,-0.430516398,0.026071679,1.6067706,-0.064972342,0.393334904,-0.120428164,-0.3808875,0.3309225,0.07103065,-1.19685,-0.0199253,0.87783,-0.31835825
1.306,0.761386,0.379629,-0.089736,-0.937140179,-0.429851756,0.026213544,1.6043709,-0.065010257,0.395094068,-0.12106292,-0.3757695,0.3336195,0.07062405,-1.20285,-0.0182402,0.881234,-0.31571305
1.308,0.760767,0.380059,-0.089736,-0.9378864,-0.42918112,0.026354335,1.6019512,-0.065045302,0.39686024,-0.121691416,-0.3707015,0.3364165,0.07021745,-1.20985,-0.0165551,0.884688,-0.31308785
1.31,0.760145,0.380485,-0.089736,-0.938622585,-0.42850649,0.026494254,1.5995315,-0.065076478,0.39863242,-0.122314552,-0.3655835,0.3391635,0.06977085,-1.21585,-0.01497,0.888092,-0.31035265
1.312,0.75952,0.380906,-0.089736,-0.939348734,-0.427824866,0.026633499,1.5970918,-0.065104782,0.400412608,-0.122933227,-0.3604655,0.3418605,0.06932425,-1.22135,-0.0132349,0.891496,-0.30765745
1.314,0.758892,0.381324,-0.089736,-0.940064847,-0.427138248,0.026771671,1.5946421,-0.065130217,0.402198804,-0.123545541,-0.3552975,0.3447575,0.06887265,-1.22835,-0.0115998,0.89485,-0.30498725
1.316,0.758262,0.381738,-0.089736,-0.940769924,-0.426446636,0.026908869,1.5921824,-0.065150782,0.403992008,-0.124152496,-0.3501295,0.3474545,0.06839605,-1.23385,-0.0099147,0.898104,-0.30220205
1.318,0.757629,0.382148,-0.089736,-0.941464965,-0.42574803,0.027045295,1.5897027,-0.065169476,0.40579122,-0.12475479,-0.3450115,0.3502015,0.06792445,-1.23985,-0.0082796,0.901458,-0.29951185
1.32,0.756994,0.382554,-0.089736,-0.94214997,-0.42504543,0.027180647,1.587223,-0.0651843,0.40759744,-0.125350623,-0.3399935,0.3529985,0.06743285,-1.24585,-0.0067945,0.904762,-0.29673165
1.322,0.756356,0.382956,-0.089736,-0.942824939,-0.424336836,0.027315026,1.5847233,-0.065196254,0.409410668,-0.125941596,-0.3348755,0.3557955,0.06691125,-1.25235,-0.0051594,0.908016,-0.29392645
1.324,0.755716,0.383354,-0.089736,-0.943489872,-0.423622248,0.027448332,1.5822136,-0.065205338,0.411229904,-0.126526409,-0.3297075,0.3585925,0.06639465,-1.25885,-0.0035743,0.91112,-0.29113125
1.326,0.755073,0.383748,-0.089736,-0.944143769,-0.422901666,0.027580565,1.5796839,-0.065210551,0.413055148,-0.127106161,-0.3244395,0.3613895,0.06587305,-1.26485,-0.0018892,0.914224,-0.28831105
1.328,0.754427,0.384138,-0.089736,-0.94478763,-0.42217709,0.027711824,1.5771542,-0.065212894,0.4148864,-0.127679653,-0.3191715,0.3641365,0.06534145,-1.27085,-0.0003041,0.917278,-0.28549085
1.33,0.75378,0.384524,-0.089736,-0.945420455,-0.42144552,0.027842011,1.5746045,-0.065211368,0.41672466,-0.128248085,-0.3140035,0.3669335,0.06479985,-1.27635,0.001231,0.920382,-0.28265565
1.332,0.753129,0.384906,-0.089736,-0.946043244,-0.420708956,0.027971024,1.5720448,-0.06520797,0.418567928,-0.128810356,-0.3088855,0.3697805,0.06423825,-1.28235,0.0027661,0.923386,-0.27981045
1.334,0.752477,0.385283,-0.089736,-0.946655997,-0.419966398,0.028098964,1.5694751,-0.065200703,0.420418204,-0.129367366,-0.3037675,0.3724275,0.06365665,-1.28835,0.0042512,0.92639,-0.27694025
1.336,0.751822,0.385657,-0.089736,-0.947258714,-0.419218846,0.02822573,1.5668954,-0.065190566,0.422273488,-0.129918117,-0.2984995,0.3752245,0.06308505,-1.29385,0.0058863,0.929394,-0.27406005
1.338,0.751165,0.386026,-0.089736,-0.947850395,-0.4184663,0.028351224,1.5642957,-0.065177558,0.42413578,-0.130463607,-0.2932815,0.3779215,0.06249345,-1.29985,0.0073714,0.932298,-0.27116985
1.34,0.750505,0.386392,-0.089736,-0.94843104,-0.41770676,0.028475744,1.561696,-0.06516068,0.42600308,-0.131002836,-0.2880635,0.3807685,0.06189685,-1.30585,0.0088065,0.935252,-0.26826465
1.342,0.749843,0.386753,-0.089736,-0.949002649,-0.416943226,0.028598891,1.5590763,-0.065141932,0.427876388,-0.131536705,-0.2828455,0.3836155,0.06129025,-1.31135,0.0102916,0.938056,-0.26534445
1.344,0.749179,0.38711,-0.089736,-0.949563222,-0.416172698,0.028720865,1.5564466,-0.065120314,0.429755704,-0.132064214,-0.2776275,0.3863125,0.06066865,-1.31735,0.0117767,0.94091,-0.26240425
1.346,0.748513,0.387463,-0.089736,-0.950112759,-0.415397176,0.028841566,1.5538069,-0.065094825,0.431640028,-0.132586362,-0.2723595,0.3891095,0.06004705,-1.32235,0.0132618,0.943664,-0.25945905
1.348,0.747844,0.387811,-0.089736,-0.95065226,-0.41461666,0.028961093,1.5511572,-0.065066466,0.43353036,-0.13310205,-0.2671415,0.3917565,0.05941045,-1.32835,0.0147469,0.946418,-0.25650385
1.35,0.747173,0.388156,-0.089736,-0.951181725,-0.41383015,0.029079248,1.5484975,-0.065036238,0.4354257,-0.133612378,-0.2619735,0.3945035,0.05875885,-1.33385,0.016082,0.949172,-0.25352865
1.352,0.746501,0.388496,-0.089736,-0.951700154,-0.413038646,0.029196129,1.5458178,-0.065002138,0.437327048,-0.134116245,-0.2568055,0.3973505,0.05810725,-1.33985,0.0175171,0.951826,-0.25055345
1.354,0.745826,0.388832,-0.089736,-0.952208547,-0.412241148,0.029311637,1.5431381,-0.064966169,0.439233404,-0.134614551,-0.2515875,0.4001475,0.05744065,-1.34485,0.0189522,0.95453,-0.24755325
1.356,0.745148,0.389164,-0.089736,-0.952706904,-0.411437656,0.029425971,1.5404384,-0.06492633,0.441144768,-0.135106498,-0.2463195,0.4029945,0.05677405,-1.34985,0.0202873,0.957184,-0.24454805
1.358,0.744469,0.389491,-0.089736,-0.953194225,-0.41062917,0.029538733,1.5377387,-0.06488462,0.44306214,-0.135592784,-0.2410015,0.4057415,0.05609745,-1.35585,0.0216724,0.959838,-0.24152785
1.36,0.743788,0.389814,-0.089736,-0.95367051,-0.40981469,0.029650321,1.535019,-0.06484004,0.44498452,-0.136072609,-0.2357335,0.4083885,0.05541585,-1.36135,0.0230075,0.962342,-0.23849765
1.362,0.743105,0.390133,-0.089736,-0.954136759,-0.408995216,0.029760436,1.5322893,-0.06479259,0.446911908,-0.136546774,-0.2306155,0.4110855,0.05471925,-1.36735,0.0243426,0.964796,-0.23545745
1.364,0.74242,0.390448,-0.089736,-0.954592972,-0.408170748,0.029869278,1.5295496,-0.06474227,0.448843304,-0.137014479,-0.2254975,0.4138325,0.05401265,-1.37235,0.0257277,0.9673,-0.23240225
1.366,0.741732,0.390758,-0.089736,-0.955039149,-0.407340286,0.029976447,1.5267999,-0.064690079,0.450780708,-0.137476423,-0.2202295,0.4166295,0.05329105,-1.37735,0.0269628,0.969754,-0.22933205
1.368,0.741043,0.391064,-0.089736,-0.95547429,-0.40650383,0.030082442,1.5240402,-0.064634018,0.45272312,-0.137931807,-0.2150115,0.4193765,0.05257945,-1.38335,0.0282479,0.972308,-0.22626185
1.37,0.740352,0.391365,-0.089736,-0.955898395,-0.40566238,0.030186765,1.5212705,-0.064577088,0.45466954,-0.138381431,-0.2096935,0.4220735,0.05185785,-1.38885,0.029533,0.974712,-0.22317665
1.372,0.739659,0.391663,-0.089736,-0.956313464,-0.404815936,0.030289914,1.5184808,-0.064516286,0.456621968,-0.138824594,-0.2045255,0.4248205,0.05113125,-1.39385,0.0308681,0.977016,-0.22009145
1.374,0.738965,0.391956,-0.089736,-0.956716497,-0.403963498,0.03039129,1.5156911,-0.064453615,0.458578404,-0.139261796,-0.1993575,0.4276175,0.05039465,-1.39935,0.0322032,0.97942,-0.21697625
1.376,0.738268,0.392244,-0.089736,-0.957110494,-0.403105066,0.030491492,1.5128914,-0.064387074,0.460538848,-0.139692539,-0.1941395,0.4303645,0.04964805,-1.40385,0.0333883,0.981624,-0.21385605
1.378,0.73757,0.392528,-0.089736,-0.957493455,-0.40224164,0.030589922,1.5100717,-0.064319662,0.4625053,-0.140117221,-0.1889715,0.4330615,0.04889645,-1.40885,0.0346234,0.983978,-0.21073585
1.38,0.73687,0.392808,-0.089736,-0.95786638,-0.40137322,0.030687078,1.507252,-0.06424938,0.46447476,-0.140535442,-0.1837035,0.4357085,0.04813485,-1.41435,0.0357585,0.986232,-0.20760065
1.382,0.736168,0.393083,-0.089736,-0.958228269,-0.400498806,0.030782461,1.5044223,-0.064176228,0.466450228,-0.140947703,-0.1785355,0.4384555,0.04736325,-1.41885,0.0370436,0.988386,-0.20445545
1.384,0.735464,0.393354,-0.089736,-0.958580122,-0.399619398,0.030876571,1.5015726,-0.064101206,0.468428704,-0.141353304,-0.1734175,0.4412025,0.04659665,-1.42485,0.0382287,0.99059,-0.20130525
1.386,0.734759,0.393621,-0.089736,-0.958921939,-0.398733996,0.030968808,1.4987229,-0.064023313,0.470412188,-0.141752844,-0.1681995,0.4439495,0.04582505,-1.42985,0.0394138,0.992744,-0.19813505
1.388,0.734052,0.393883,-0.089736,-0.95925372,-0.3978436,0.031059871,1.4958532,-0.06394355,0.47239968,-0.142145924,-0.1629815,0.4465965,0.04505345,-1.43385,0.0405989,0.994898,-0.19497485
1.39,0.733343,0.394141,-0.089736,-0.959573465,-0.39694721,0.031149062,1.4929835,-0.063860918,0.47439218,-0.142532744,-0.1578135,0.4492935,0.04426685,-1.43935,0.041684,0.997002,-0.19179465
1.392,0.732633,0.394394,-0.089736,-0.959884174,-0.396046826,0.031236979,1.4901038,-0.063776414,0.476387688,-0.142913103,-0.1526455,0.4519405,0.04346525,-1.44385,0.0428191,0.999106,-0.18860445
1.394,0.731921,0.394642,-0.089736,-0.960184847,-0.395139448,0.031322923,1.4872041,-0.063690041,0.478388204,-0.143287201,-0.1475775,0.4545875,0.04266365,-1.44885,0.0439042,1.00116,-0.18540925
1.396,0.731208,0.394887,-0.089736,-0.960474484,-0.394228076,0.031407593,1.4843044,-0.063600798,0.480392728,-0.14365474,-0.1424095,0.4573845,0.04186705,-1.45435,0.0449893,1.003164,-0.18219405
1.398,0.730493,0.395126,-0.089736,-0.960754085,-0.39331071,0.031490391,1.4813947,-0.063509684,0.48240126,-0.144016018,-0.1371915,0.4599815,0.04107045,-1.45885,0.0460244,1.005118,-0.17898385
1.4,0.729777,0.395362,-0.089736,-0.96102365,-0.39238735,0.031571915,1.478465,-0.0634167,0.4844128,-0.144370635,-0.1321235,0.4626785,0.04026885,-1.46385,0.0470595,1.007022,-0.17576865
1.402,0.729059,0.395592,-0.089736,-0.961282179,-0.391459996,0.031651466,1.4755353,-0.063321846,0.486429348,-0.144719092,-0.1272055,0.4653755,0.03944725,-1.46835,0.0481446,1.008926,-0.17254345
1.404,0.72834,0.395819,-0.089736,-0.961531672,-0.390526648,0.031729744,1.4725956,-0.063224122,0.488448904,-0.145060889,-0.1215875,0.4679725,0.03862065,-1.47235,0.0492297,1.01088,-0.16931825
1.406,0.727619,0.39604,-0.089736,-0.961772129,-0.389587306,0.031805949,1.4696459,-0.063124527,0.490472468,-0.145396325,-0.1166195,0.4706695,0.03779405,-1.47735,0.0502648,1.012684,-0.16606805
1.408,0.726897,0.396258,-0.089736,-0.96199455,-0.38864397,0.03188088,1.4666862,-0.063023062,0.49250004,-0.145725201,-0.1120015,0.4732665,0.03697245,-1.48235,0.0512999,1.014538,-0.16282285
1.41,0.726174,0.39647,-0.089736,-0.962216935,-0.38769464,0.031953839,1.4637165,-0.062919728,0.49453062,-0.146047617,-0.1066835,0.4759135,0.03615085,-1.48735,0.052285,1.016392,-0.15956765
1.412,0.725449,0.396678,-0.089736,-0.962429284,-0.386740316,0.032025524,1.4607368,-0.062813522,0.496565208,-0.146363472,-0.1021655,0.4786605,0.03532425,-1.49135,0.0532201,1.018196,-0.15631245
1.414,0.724723,0.396882,-0.089736,-0.962621597,-0.385779998,0.032095136,1.4577471,-0.062706447,0.498603804,-0.146672866,-0.0961475,0.4812075,0.03447765,-1.49585,0.0542052,1.01995,-0.15304725
1.416,0.723996,0.397081,-0.089736,-0.962813874,-0.384814686,0.032163474,1.4547574,-0.062597502,0.500645408,-0.146975701,-0.0911295,0.4838545,0.03363605,-1.49985,0.0550903,1.021654,-0.14977705
1.418,0.723267,0.397275,-0.089736,-0.962986115,-0.38384538,0.03222964,1.4517477,-0.062485686,0.50269002,-0.147271975,-0.0861115,0.4864015,0.03278945,-1.50485,0.0560254,1.023308,-0.14649685
1.42,0.722537,0.397465,-0.089736,-0.96315832,-0.38286908,0.032294632,1.448738,-0.062373,0.50473864,-0.147561688,-0.0810935,0.4890485,0.03195285,-1.50985,0.0570105,1.024962,-0.14321665
1.422,0.721806,0.39765,-0.089736,-0.963310489,-0.381888786,0.032357451,1.4457083,-0.062258444,0.506790268,-0.147844841,-0.0760755,0.4916455,0.03111625,-1.51385,0.0578956,1.026666,-0.13993645
1.424,0.721074,0.397831,-0.089736,-0.963462622,-0.380902498,0.032419097,1.4426786,-0.062141018,0.508844904,-0.148121434,-0.0710575,0.4941425,0.03026965,-1.51835,0.0588307,1.02832,-0.13664625
1.426,0.720341,0.398007,-0.089736,-0.963594719,-0.379912216,0.03247857,1.4396389,-0.062022721,0.510903548,-0.148391466,-0.0670395,0.4968395,0.02940805,-1.52235,0.0596158,1.029874,-0.13335105
1.428,0.719607,0.398178,-0.089736,-0.96372678,-0.37891594,0.032536769,1.4365892,-0.061902554,0.5129652,-0.148654838,-0.0615215,0.4994365,0.02855145,-1.52635,0.0604009,1.031428,-0.13004585
1.43,0.718872,0.398345,-0.089736,-0.963848805,-0.37791367,0.032592696,1.4335295,-0.061781518,0.51502886,-0.14891165,-0.0570035,0.5020335,0.02769485,-1.53085,0.061336,1.032932,-0.12673065
1.432,0.718135,0.398507,-0.089736,-0.963950794,-0.376907406,0.032647549,1.4304698,-0.06165761,0.517096528,-0.149161801,-0.0509855,0.5045805,0.02683825,-1.53485,0.0622211,1.034486,-0.12342045
1.434,0.717398,0.398665,-0.089736,-0.964052747,-0.375896148,0.032700129,1.4273901,-0.061531833,0.519167204,-0.149405291,-0.0459675,0.5070275,0.02598165,-1.53885,0.0631062,1.03599,-0.12010525
1.436,0.71666,0.398818,-0.089736,-0.964134664,-0.374878896,0.032751435,1.4243104,-0.061405186,0.521240888,-0.149642222,-0.0419495,0.5096245,0.02512005,-1.54335,0.0637913,1.037444,-0.11679005
1.438,0.715921,0.398966,-0.089736,-0.964216545,-0.37385765,0.032800569,1.4212207,-0.061276668,0.52331658,-0.149872492,-0.0364315,0.5122215,0.02426345,-1.54735,0.0644764,1.038848,-0.11347985
1.44,0.71518,0.399109,-0.089736,-0.96428839,-0.37283041,0.032848529,1.418121,-0.06114728,0.52539628,-0.150096101,-0.0319135,0.5146685,0.02340185,-1.55235,0.0652615,1.040252,-0.11015465
1.442,0.714439,0.399248,-0.089736,-0.964340199,-0.371798176,0.032894216,1.4150113,-0.061016022,0.527477988,-0.15031315,-0.0268955,0.5172155,0.02253525,-1.55635,0.0660966,1.041606,-0.10682445
1.444,0.713697,0.399383,-0.089736,-0.964391972,-0.370761948,0.03293863,1.4118916,-0.060882894,0.529562704,-0.150523439,-0.0213775,0.5197125,0.02166365,-1.55985,0.0669317,1.04296,-0.10348925
1.446,0.712955,0.399512,-0.089736,-0.964433709,-0.369719726,0.032980871,1.4087719,-0.060747895,0.531649428,-0.150727067,-0.0168595,0.5222595,0.02080205,-1.56335,0.0676168,1.044264,-0.10014905
1.448,0.712211,0.399637,-0.089736,-0.96445541,-0.36867251,0.033021838,1.4056422,-0.060612026,0.53374016,-0.150924035,-0.0118415,0.5248565,0.01994045,-1.56735,0.0682519,1.045618,-0.09681885
1.45,0.711467,0.399758,-0.089736,-0.964477075,-0.3676203,0.033060633,1.4025025,-0.060475288,0.5358319,-0.151114343,-0.0073235,0.5272535,0.01906885,-1.57135,0.068937,1.046872,-0.09348865
1.452,0.710722,0.399873,-0.089736,-0.964488704,-0.366563096,0.033098154,1.3993528,-0.060336678,0.537927648,-0.15129799,-0.0033055,0.5297005,0.01820225,-1.57585,0.0696721,1.048126,-0.09014845
1.454,0.709976,0.399984,-0.089736,-0.964490297,-0.365501898,0.033133402,1.3962031,-0.060196199,0.540024404,-0.151474976,0.0017125,0.5321975,0.01733065,-1.57985,0.0703572,1.04938,-0.08680325
1.456,0.709229,0.40009,-0.089736,-0.964481854,-0.364434706,0.033167476,1.3930334,-0.06005485,0.542125168,-0.151645203,0.0067305,0.5346445,0.01646905,-1.58385,0.0709923,1.050534,-0.08345805
1.458,0.708482,0.400192,-0.089736,-0.964463375,-0.36336252,0.033199278,1.3898637,-0.05991263,0.54422694,-0.151808769,0.0117485,0.5370915,0.01560745,-1.58735,0.0715774,1.051738,-0.08010785
1.46,0.707735,0.400289,-0.089736,-0.96443486,-0.36228634,0.033229906,1.386684,-0.05976854,0.54633172,-0.151965674,0.0167665,0.5395385,0.01474585,-1.59085,0.0722625,1.052892,-0.07677265
1.462,0.706986,0.400381,-0.089736,-0.964396309,-0.361205166,0.033258261,1.3835043,-0.05962358,0.548438508,-0.152115819,0.0217845,0.5419855,0.01387425,-1.59485,0.0729476,1.054046,-0.07342245
1.464,0.706237,0.400468,-0.089736,-0.964347722,-0.360117998,0.033285443,1.3803046,-0.05947675,0.550548304,-0.152259404,0.0258025,0.5444825,0.01300765,-1.59785,0.0735327,1.05515,-0.07007725
1.466,0.705488,0.400551,-0.089736,-0.964289099,-0.359026836,0.033310252,1.3771049,-0.059329049,0.552659108,-0.152396128,0.0303205,0.5468295,0.01213605,-1.60185,0.0740678,1.056254,-0.06672205
1.468,0.704738,0.400629,-0.089736,-0.96423044,-0.35793068,0.033333987,1.3739052,-0.059180478,0.55477292,-0.152526292,0.0353385,0.5491765,0.01127445,-1.60485,0.0746029,1.057308,-0.06337685
1.47,0.703988,0.400702,-0.089736,-0.964151745,-0.35683053,0.03335535,1.3706855,-0.059031038,0.55688874,-0.152649596,0.0398565,0.5515735,0.01042285,-1.60885,0.075188,1.058312,-0.06002665
1.472,0.703237,0.400771,-0.089736,-0.964063014,-0.355724386,0.033375639,1.3674658,-0.058879726,0.559006568,-0.152766439,0.0453745,0.5539705,0.00955625,-1.61235,0.0757731,1.059266,-0.05667145
1.474,0.702485,0.400835,-0.089736,-0.963974247,-0.354614248,0.033393655,1.3642361,-0.058727545,0.561125404,-0.152876321,0.0493925,0.5564175,0.00869965,-1.61585,0.0763082,1.06027,-0.05332125
1.476,0.701734,0.400894,-0.089736,-0.963865444,-0.353499116,0.033410397,1.3610064,-0.058574494,0.563247248,-0.152979644,0.0534105,0.5588145,0.00783805,-1.61985,0.0768433,1.061224,-0.04997105
1.478,0.700982,0.400948,-0.089736,-0.963756605,-0.35237899,0.033424967,1.3577567,-0.058420572,0.5653711,-0.153076206,0.0589285,0.5612115,0.00697145,-1.62285,0.0773284,1.062278,-0.04662085
1.48,0.700229,0.400998,-0.089736,-0.96363773,-0.35125387,0.033438363,1.354507,-0.05826478,0.56749596,-0.153166207,0.0634465,0.5635585,0.00611485,-1.62685,0.0778635,1.063182,-0.04327065
1.482,0.699477,0.401043,-0.089736,-0.963498819,-0.350124756,0.033449386,1.3512573,-0.058109118,0.569623828,-0.153249248,0.0684645,0.5658055,0.00525325,-1.62985,0.0783986,1.063986,-0.03991545
1.484,0.698724,0.401083,-0.089736,-0.963359872,-0.348990648,0.033459336,1.3479876,-0.057951586,0.571752704,-0.153325829,0.0729825,0.5680525,0.00440665,-1.63285,0.0788837,1.06489,-0.03657525
1.486,0.697971,0.401119,-0.089736,-0.963210889,-0.347852546,0.033467013,1.3447179,-0.057793183,0.573882588,-0.153395549,0.0760005,0.5703995,0.00356005,-1.63685,0.0793188,1.065694,-0.03323505
1.488,0.697217,0.40115,-0.089736,-0.96305187,-0.34670945,0.033473616,1.3414482,-0.05763391,0.57601548,-0.153458809,0.0805185,0.5726965,0.00270845,-1.63985,0.0797039,1.066598,-0.02988985
1.49,0.696464,0.401176,-0.089736,-0.962892815,-0.34556136,0.033477847,1.3381585,-0.057474768,0.57814938,-0.153515109,0.0855365,0.5750435,0.00185685,-1.64285,0.080039,1.067452,-0.02653465
1.492,0.69571,0.401197,-0.089736,-0.962713724,-0.344409276,0.033481004,1.3348688,-0.057313754,0.580285288,-0.153564948,0.0900545,0.5772905,0.00101025,-1.64585,0.0804741,1.068106,-0.02318945
1.494,0.694956,0.401214,-0.089736,-0.962524597,-0.343252198,0.033481888,1.3315791,-0.057152871,0.582422204,-0.153607826,0.0945725,0.5795375,0.00017365,-1.64835,0.0809092,1.06881,-0.01984925
1.496,0.694203,0.401225,-0.089736,-0.962335434,-0.342091126,0.033481698,1.3282794,-0.056990118,0.584560128,-0.153644345,0.0990905,0.5817845,-0.00067295,-1.65235,0.0813443,1.069564,-0.01650905
1.498,0.693449,0.401233,-0.089736,-0.962136235,-0.34092506,0.033479236,1.3249697,-0.056827494,0.58670006,-0.153673903,0.1036049,0.5835321,-0.00129723,-1.65635,0.08179238,1.0702672,-0.01385989
1.5,0.692695,0.401235,-0.089736,-0.961917,-0.339755,0.0334756,1.32165,-0.056663,0.588842,-0.153697,0.1084103,0.5849312,-0.00183321,-1.65885,0.08209291,1.0708684,-0.01154083
1.502,0.691941,0.401233,-0.089736,-0.961697765,-0.33858494,0.033471964,1.3183303,-0.056498506,0.59098394,-0.153720098,0.1124049,0.5863821,-0.00213223,-1.66085,0.08247238,1.0714172,-0.00945989
1.504,0.691187,0.401225,-0.089736,-0.961470566,-0.337411874,0.033467002,1.3150106,-0.056333682,0.593126872,-0.153736655,0.1153905,0.5881345,-0.00235795,-1.66335,0.0828193,1.071964,-0.00714405
1.506,0.690433,0.401214,-0.089736,-0.961235403,-0.336232802,0.033462213,1.3116809,-0.056167429,0.595271796,-0.153748674,0.1191725,0.5903375,-0.00259635,-1.66635,0.0832742,1.07261,-0.00427425
1.508,0.689679,0.401197,-0.089736,-0.960994276,-0.335049724,0.033456896,1.3083412,-0.056000346,0.597417712,-0.153754152,0.1229045,0.5926405,-0.00277975,-1.66985,0.0837491,1.073306,-0.00135445
1.51,0.688925,0.401176,-0.089736,-0.960744185,-0.33386264,0.033451054,1.3050015,-0.055832433,0.59956462,-0.153754092,0.1267865,0.5947935,-0.00309815,-1.67235,0.084104,1.073852,0.00176535
1.512,0.688172,0.40115,-0.089736,-0.96048713,-0.33267055,0.033444784,1.3016518,-0.05566369,0.60171352,-0.153747491,0.1306685,0.5969465,-0.00339155,-1.67485,0.0844789,1.074448,0.00473515
1.514,0.687418,0.401119,-0.089736,-0.960221111,-0.331474454,0.033437287,1.2983021,-0.055494717,0.603862412,-0.153734351,0.1344005,0.5991495,-0.00363995,-1.67735,0.0848588,1.075044,0.00770495
1.516,0.686665,0.401083,-0.089736,-0.959949128,-0.330274352,0.033429864,1.2949424,-0.055324414,0.606013296,-0.153716671,0.1380825,0.6013025,-0.00385335,-1.67985,0.0852587,1.07559,0.01057475
1.518,0.685912,0.401043,-0.089736,-0.959669181,-0.329069244,0.033422114,1.2915827,-0.055153482,0.608165172,-0.153692452,0.1416145,0.6035555,-0.00402675,-1.68335,0.0856736,1.076186,0.01339455
1.52,0.68516,0.400998,-0.089736,-0.95938227,-0.32786013,0.033413837,1.288213,-0.05498172,0.61031804,-0.153662693,0.1453965,0.6058085,-0.00433015,-1.68635,0.0859885,1.076682,0.01636435
1.522,0.684407,0.400948,-0.089736,-0.959088395,-0.32664601,0.033405033,1.2848333,-0.054809328,0.6124719,-0.153627395,0.1490785,0.6079615,-0.00461355,-1.68985,0.0863184,1.077278,0.01928415
1.524,0.683655,0.400894,-0.089736,-0.958785556,-0.325427884,0.033395103,1.2814536,-0.054636606,0.614626752,-0.153585556,0.1528105,0.6101645,-0.00484195,-1.69235,0.0866483,1.077824,0.02230395
1.526,0.682904,0.400835,-0.089736,-0.958476753,-0.324205752,0.033385346,1.2780639,-0.054462855,0.616783596,-0.153538179,0.1564925,0.6122175,-0.00503035,-1.69385,0.0870032,1.07822,0.02522375
1.528,0.682152,0.400771,-0.089736,-0.958159986,-0.322978614,0.033375261,1.2746742,-0.054288474,0.618940432,-0.153484261,0.1599245,0.6143205,-0.00517375,-1.69585,0.0873631,1.078616,0.02809355
1.53,0.681402,0.400702,-0.089736,-0.957836255,-0.32174847,0.033364651,1.2712845,-0.054113363,0.62109726,-0.153425805,0.1635565,0.6164235,-0.00545715,-1.69835,0.087628,1.078912,0.03106335
1.532,0.680651,0.400629,-0.089736,-0.95750656,-0.32051332,0.033353713,1.2678848,-0.053937722,0.62325608,-0.153360808,0.1671885,0.6184765,-0.00571555,-1.70135,0.0879129,1.079408,0.03393315
1.534,0.679901,0.400551,-0.089736,-0.957167901,-0.319274164,0.033341548,1.2644751,-0.053761951,0.625414892,-0.153289272,0.1707705,0.6206795,-0.00592395,-1.70485,0.0881978,1.079804,0.03680295
1.536,0.679152,0.400468,-0.089736,-0.956822278,-0.318031002,0.033329657,1.2610654,-0.05358505,0.627575696,-0.153213196,0.1743025,0.6227325,-0.00609735,-1.70735,0.0885077,1.08015,0.03962275
1.538,0.678403,0.400381,-0.089736,-0.956470691,-0.316782834,0.033317439,1.2576457,-0.05340772,0.629735492,-0.153131581,0.1776345,0.6248355,-0.00622575,-1.70885,0.0888226,1.080496,0.04244255
1.54,0.677655,0.400289,-0.089736,-0.95611214,-0.31553166,0.033304794,1.254226,-0.05322976,0.63189728,-0.153043426,0.1811165,0.6268385,-0.00648915,-1.71085,0.0890375,1.080692,0.04536235
1.542,0.676907,0.400192,-0.089736,-0.955746625,-0.31427548,0.033291722,1.2508063,-0.05305137,0.63405906,-0.152949732,0.1847485,0.6287415,-0.00672255,-1.71335,0.0892674,1.081088,0.04823215
1.544,0.67616,0.40009,-0.089736,-0.955373146,-0.313016294,0.033277624,1.2473766,-0.05287285,0.636220832,-0.152850497,0.1882805,0.6307945,-0.00691095,-1.71635,0.0895073,1.081284,0.05110195
1.546,0.675413,0.399984,-0.089736,-0.954992703,-0.311753102,0.033263799,1.2439369,-0.052693501,0.638384596,-0.152745724,0.1916125,0.6327475,-0.00705435,-1.71885,0.0897672,1.08153,0.05392175
1.548,0.674668,0.399873,-0.089736,-0.954606296,-0.310484904,0.033249646,1.2404972,-0.052513622,0.640547352,-0.15263441,0.1948945,0.6348505,-0.00716775,-1.72085,0.0900371,1.081826,0.05669155
1.55,0.673922,0.399758,-0.089736,-0.954213925,-0.3092137,0.033235168,1.2370575,-0.052333313,0.6427111,-0.152518558,0.1982765,0.6368535,-0.00741615,-1.72235,0.090222,1.081922,0.05951135
1.552,0.673178,0.399637,-0.089736,-0.95381359,-0.30793749,0.033220262,1.2336078,-0.052152574,0.64487584,-0.152397165,0.2018085,0.6387565,-0.00761955,-1.72485,0.0904069,1.082118,0.06233115
1.554,0.672435,0.399512,-0.089736,-0.953406291,-0.306658274,0.033204329,1.2301581,-0.051971805,0.647039572,-0.152269233,0.2051905,0.6407095,-0.00778795,-1.72735,0.0906068,1.082214,0.06515095
1.556,0.671692,0.399383,-0.089736,-0.952992028,-0.305375052,0.03318887,1.2266984,-0.051790306,0.649204296,-0.152135761,0.2084725,0.6426125,-0.00790635,-1.72885,0.0908267,1.08236,0.06797075
1.558,0.67095,0.399248,-0.089736,-0.952572801,-0.304087824,0.033172984,1.2232387,-0.051608378,0.651369012,-0.15199775,0.2117045,0.6445155,-0.00798975,-1.73085,0.0910516,1.082606,0.07064055
1.56,0.670209,0.399109,-0.089736,-0.95214561,-0.30279659,0.033156871,1.219779,-0.05142602,0.65353472,-0.151853199,0.2149865,0.6463685,-0.00821815,-1.73235,0.0911965,1.082652,0.07341035
1.562,0.669469,0.398966,-0.089736,-0.951712455,-0.30150235,0.033140431,1.2163093,-0.051243432,0.65570042,-0.151704109,0.2183185,0.6482215,-0.00840655,-1.73485,0.0913414,1.082698,0.07628015
1.564,0.668729,0.398818,-0.089736,-0.951272336,-0.300204104,0.033122965,1.2128396,-0.051060814,0.657865112,-0.151548478,0.2215505,0.6501245,-0.00854995,-1.73735,0.0914963,1.082694,0.07899995
1.566,0.667991,0.398665,-0.089736,-0.950826253,-0.298901852,0.033105872,1.2093599,-0.050877567,0.660030796,-0.151387309,0.2247825,0.6520275,-0.00865835,-1.73885,0.0916762,1.08274,0.08181975
1.568,0.667254,0.398507,-0.089736,-0.950373206,-0.297595594,0.033088651,1.2058802,-0.05069399,0.662196472,-0.151221599,0.2279145,0.6538805,-0.00871675,-1.74085,0.0918611,1.082736,0.08448955
1.57,0.666517,0.398345,-0.089736,-0.949914195,-0.29628633,0.033071005,1.2024005,-0.050510083,0.66436214,-0.151049351,0.2310965,0.6556335,-0.00884515,-1.74235,0.092001,1.082682,0.08715935
1.572,0.665782,0.398178,-0.089736,-0.94944922,-0.29497306,0.033053231,1.1989108,-0.050325946,0.6665268,-0.150872562,0.2343285,0.6573865,-0.00906855,-1.74485,0.0920759,1.082578,0.08997915
1.574,0.665048,0.398007,-0.089736,-0.948977281,-0.293656784,0.03303513,1.1954211,-0.050141579,0.668692452,-0.150690234,0.2376105,0.6592395,-0.00923195,-1.74635,0.0921758,1.082574,0.09259895
1.576,0.664315,0.397831,-0.089736,-0.948498378,-0.292336502,0.033015903,1.1919214,-0.049957482,0.670857096,-0.150501366,0.2407425,0.6610425,-0.00934535,-1.74735,0.0922957,1.08257,0.09531875
1.578,0.663583,0.39765,-0.089736,-0.948013511,-0.291012214,0.032997349,1.1884317,-0.049772556,0.673022732,-0.150308959,0.2437745,0.6627955,-0.00940875,-1.74935,0.0924356,1.082466,0.09793855
1.58,0.662852,0.397465,-0.089736,-0.94752368,-0.28968492,0.032978668,1.184932,-0.0495875,0.67518736,-0.150110012,0.2467565,0.6644985,-0.00943215,-1.75035,0.0925855,1.082312,0.10060835
1.582,0.662122,0.397275,-0.089736,-0.947026885,-0.28835462,0.03295966,1.1814223,-0.049402214,0.67735198,-0.149906526,0.2497885,0.6661515,-0.00954055,-1.75235,0.0926654,1.082058,0.10337815
1.584,0.661394,0.397081,-0.089736,-0.946524126,-0.287020314,0.032940426,1.1779226,-0.049216798,0.679515592,-0.149696499,0.2529705,0.6678045,-0.00972895,-1.75435,0.0927003,1.081904,0.10604795
1.586,0.660666,0.396882,-0.089736,-0.946015403,-0.285683002,0.032921065,1.1744129,-0.049031253,0.681679196,-0.149481934,0.2560025,0.6695075,-0.00986735,-1.75535,0.0927552,1.0817,0.10866775
1.588,0.65994,0.396678,-0.089736,-0.945499716,-0.284342684,0.032900676,1.1708932,-0.048845978,0.683842792,-0.149261828,0.2590845,0.6711605,-0.00995075,-1.75735,0.0928351,1.081546,0.11128755
1.59,0.659216,0.39647,-0.089736,-0.944979065,-0.28299836,0.032880862,1.1673835,-0.048660073,0.68600538,-0.149037184,0.2620665,0.6729135,-0.00999415,-1.75835,0.092935,1.081292,0.11385735
1.592,0.658492,0.396258,-0.089736,-0.94445145,-0.28165103,0.03286102,1.1638638,-0.048474038,0.68816796,-0.148805999,0.2649485,0.6745665,-0.00999755,-1.75985,0.0930399,1.081038,0.11647715
1.594,0.65777,0.39604,-0.089736,-0.943918871,-0.280299694,0.032840951,1.1603441,-0.048287873,0.690329532,-0.148571275,0.2678805,0.6761695,-0.01007095,-1.76135,0.0930898,1.080784,0.11909695
1.596,0.65705,0.395819,-0.089736,-0.943380328,-0.278946352,0.032820656,1.1568144,-0.048101678,0.692491096,-0.148330011,0.2708625,0.6777725,-0.01023435,-1.76235,0.0930897,1.08043,0.12166675
1.598,0.65633,0.395592,-0.089736,-0.942835821,-0.277589004,0.032800334,1.1532947,-0.047915354,0.694651652,-0.148084208,0.2737945,0.6793255,-0.01033775,-1.76335,0.0930996,1.080126,0.12428655
1.6,0.655613,0.395362,-0.089736,-0.94228435,-0.27622865,0.032778985,1.149765,-0.0477294,0.6968112,-0.147832865,0.2767265,0.6809285,-0.01040115,-1.76485,0.0931345,1.079672,0.12680635
1.602,0.654896,0.395126,-0.089736,-0.941728915,-0.27486529,0.032758409,1.1462353,-0.047543016,0.69897074,-0.147576983,0.2795585,0.6824315,-0.01042455,-1.76635,0.0931844,1.079268,0.12942615
1.604,0.654181,0.394887,-0.089736,-0.941166516,-0.273498924,0.032737607,1.1426956,-0.047356502,0.701128272,-0.14731556,0.2823405,0.6839345,-0.01039795,-1.76735,0.0932543,1.078964,0.13199595
1.606,0.653468,0.394642,-0.089736,-0.940599153,-0.272129552,0.032716778,1.1391659,-0.047169959,0.703285796,-0.147048599,0.2851725,0.6854375,-0.01044635,-1.76835,0.0932792,1.07856,0.13451575
1.608,0.652756,0.394394,-0.089736,-0.940025826,-0.270757174,0.032695821,1.1356262,-0.046983386,0.705443312,-0.146777097,0.2880045,0.6869405,-0.01056475,-1.76885,0.0932341,1.078156,0.13708555
1.61,0.652046,0.394141,-0.089736,-0.939447535,-0.26938179,0.032674839,1.1320865,-0.046796783,0.70759882,-0.146501057,0.2908865,0.6884435,-0.01065315,-1.77085,0.093209,1.077702,0.13955535
1.612,0.651337,0.393883,-0.089736,-0.93886228,-0.2680034,0.032652929,1.1285468,-0.04661075,0.70975332,-0.146218476,0.2936685,0.6898465,-0.01069655,-1.77135,0.0932089,1.077148,0.14207515
1.614,0.65063,0.393621,-0.089736,-0.938272061,-0.266622004,0.032631692,1.1249971,-0.046424187,0.711907812,-0.145932356,0.2964505,0.6912995,-0.01069495,-1.77235,0.0932188,1.076644,0.14454495
1.616,0.649925,0.393354,-0.089736,-0.937676878,-0.265238602,0.032610429,1.1214574,-0.046237594,0.714060296,-0.145640696,0.2990825,0.6927025,-0.01063835,-1.77335,0.0932537,1.07609,0.14686475
1.618,0.649222,0.393083,-0.089736,-0.937075731,-0.263851194,0.032589139,1.1179077,-0.046051172,0.716211772,-0.145344497,0.3017145,0.6941055,-0.01065175,-1.77385,0.0932286,1.075486,0.14933455
1.62,0.64852,0.392808,-0.089736,-0.93646962,-0.26246178,0.032567822,1.114358,-0.04586472,0.71836224,-0.145043758,0.3044965,0.6954585,-0.01075515,-1.77485,0.0931585,1.074982,0.15185435
1.622,0.647819,0.392528,-0.089736,-0.935858545,-0.26106936,0.032546478,1.1108083,-0.045678338,0.7205117,-0.14473748,0.3071785,0.6967115,-0.01081355,-1.77585,0.0931134,1.074378,0.15442415
1.624,0.647121,0.392244,-0.089736,-0.935240506,-0.259674934,0.032524208,1.1072586,-0.045492426,0.722660152,-0.144425661,0.3099105,0.6980645,-0.01082695,-1.77635,0.0930783,1.073724,0.15694395
1.626,0.646425,0.391956,-0.089736,-0.934618503,-0.258277502,0.032502811,1.1036989,-0.045306185,0.724806596,-0.144109304,0.3125925,0.6993675,-0.01079535,-1.77735,0.0930532,1.07307,0.15931375
1.628,0.64573,0.391663,-0.089736,-0.933990536,-0.256877064,0.032481386,1.1001492,-0.045120014,0.726952032,-0.143788406,0.3151245,0.7007205,-0.01071875,-1.77835,0.0930431,1.072466,0.16158355
1.63,0.645037,0.391365,-0.089736,-0.933357605,-0.25547462,0.032459936,1.0965895,-0.044934013,0.72909646,-0.14346297,0.3177065,0.7019735,-0.01072215,-1.77885,0.092993,1.071762,0.16395335
1.632,0.644346,0.391064,-0.089736,-0.93271971,-0.25406917,0.032438458,1.0930298,-0.044748082,0.73123988,-0.143132993,0.3202885,0.7032265,-0.01079055,-1.77885,0.0928879,1.071058,0.16637315
1.634,0.643657,0.390758,-0.089736,-0.932076851,-0.252661714,0.032417053,1.0894701,-0.044562221,0.733380292,-0.142797477,0.3229205,0.7044795,-0.01081395,-1.77835,0.0928028,1.070304,0.16879295
1.636,0.64297,0.390448,-0.089736,-0.931428028,-0.251251252,0.032394922,1.0859204,-0.04437703,0.735520696,-0.142457421,0.3254525,0.7056325,-0.01080235,-1.77935,0.0927377,1.0695,0.17116275
1.638,0.642284,0.390133,-0.089736,-0.930774241,-0.249838784,0.032373564,1.0823607,-0.04419151,0.737659092,-0.142112826,0.3279845,0.7068355,-0.01075575,-1.78035,0.0926826,1.068796,0.17343255
1.64,0.641601,0.389814,-0.089736,-0.93011649,-0.24842431,0.032352179,1.078791,-0.04400606,0.73979548,-0.141763691,0.3303665,0.7079885,-0.01066415,-1.78135,0.0926575,1.067942,0.17580235
1.642,0.64092,0.389491,-0.089736,-0.929452775,-0.24700683,0.032330867,1.0752313,-0.04382088,0.74193086,-0.141410017,0.3328485,0.7091415,-0.01063755,-1.78085,0.0925724,1.067088,0.17812215
1.644,0.640241,0.389164,-0.089736,-0.928785096,-0.245587344,0.032309629,1.0716716,-0.04363577,0.744064232,-0.141050802,0.3354305,0.7102445,-0.01060095,-1.77985,0.0924873,1.066184,0.18039195
1.646,0.639564,0.388832,-0.089736,-0.928111453,-0.244165852,0.032288464,1.0681119,-0.043450931,0.746195596,-0.140688049,0.3379625,0.7112475,-0.01064435,-1.78085,0.0923522,1.06528,0.18281175
1.648,0.638889,0.388496,-0.089736,-0.927432846,-0.242742354,0.032267371,1.0645522,-0.043266162,0.748324952,-0.140320755,0.3404445,0.7122505,-0.01064775,-1.78135,0.0922221,1.064326,0.18508155
1.65,0.638216,0.388156,-0.089736,-0.926749275,-0.24131685,0.032245553,1.0609825,-0.043082163,0.7504533,-0.139946923,0.3427765,0.7133535,-0.01061115,-1.78135,0.092127,1.063422,0.18745135
1.652,0.637545,0.387811,-0.089736,-0.92606174,-0.23988934,0.032224607,1.0574228,-0.042897934,0.75257864,-0.13957055,0.3451085,0.7144065,-0.01052455,-1.78185,0.0920369,1.062518,0.18967115
1.654,0.636876,0.387463,-0.089736,-0.925369241,-0.238458824,0.032203734,1.0538631,-0.042713775,0.754702972,-0.139188638,0.3474905,0.7154095,-0.01039295,-1.78135,0.0919868,1.061464,0.19174095
1.656,0.63621,0.38711,-0.089736,-0.924671778,-0.237027302,0.032183035,1.0502934,-0.042529986,0.756825296,-0.138803186,0.3498725,0.7164625,-0.01034135,-1.78135,0.0918767,1.06051,0.19396075
1.658,0.635546,0.386753,-0.089736,-0.923969351,-0.235593774,0.032162409,1.0467337,-0.042346268,0.758944612,-0.138413195,0.3522045,0.7173155,-0.01028475,-1.78185,0.0917566,1.059406,0.19613055
1.66,0.634884,0.386392,-0.089736,-0.92326296,-0.23415724,0.032141856,1.043174,-0.04216292,0.76106292,-0.138018664,0.3546365,0.7182685,-0.01030315,-1.78135,0.0915915,1.058302,0.19850035
1.662,0.634225,0.386026,-0.089736,-0.922551605,-0.2327207,0.032121476,1.0396043,-0.041979742,0.76317822,-0.137619594,0.3569685,0.7191215,-0.01027655,-1.78135,0.0914264,1.057248,0.20082015
1.664,0.633567,0.385657,-0.089736,-0.921834286,-0.231281154,0.03210047,1.0360446,-0.041797334,0.765291512,-0.137214983,0.3593005,0.7200245,-0.01020495,-1.78085,0.0912963,1.056144,0.20308995
1.666,0.632912,0.385283,-0.089736,-0.921114003,-0.229840602,0.032080337,1.0324849,-0.041614797,0.767402796,-0.136806834,0.3614825,0.7209275,-0.01009335,-1.77985,0.0911862,1.05504,0.20520975
1.668,0.63226,0.384906,-0.089736,-0.920388756,-0.228397044,0.032060376,1.0289252,-0.04143243,0.769512072,-0.136394144,0.3636145,0.7216805,-0.00993675,-1.77985,0.0911061,1.053886,0.20722955
1.67,0.63161,0.384524,-0.089736,-0.919659545,-0.22695348,0.03204059,1.0253655,-0.041250333,0.77161834,-0.135977916,0.3658465,0.7224835,-0.00986015,-1.77985,0.090971,1.052632,0.20934935
1.672,0.630962,0.384138,-0.089736,-0.91892537,-0.22550791,0.032020976,1.0218058,-0.041068506,0.7737226,-0.135557147,0.3680785,0.7231865,-0.00977855,-1.77985,0.0908209,1.051378,0.21141915
1.674,0.630317,0.383748,-0.089736,-0.918187231,-0.224060334,0.032001435,1.0182461,-0.040887049,0.775823852,-0.135131839,0.3704105,0.7240395,-0.00977195,-1.77885,0.0906208,1.050124,0.21363895
1.676,0.629674,0.383354,-0.089736,-0.917444128,-0.222611752,0.031982168,1.0146864,-0.040705862,0.777923096,-0.134702991,0.3725925,0.7247925,-0.00972035,-1.77835,0.0904507,1.04887,0.21580875
1.678,0.629033,0.382956,-0.089736,-0.916696061,-0.221161164,0.031962274,1.0111367,-0.040525446,0.780019332,-0.134268604,0.3747745,0.7254455,-0.00962375,-1.77735,0.0903056,1.047616,0.21787855
1.68,0.628395,0.382554,-0.089736,-0.91594503,-0.21970957,0.031943353,1.007577,-0.0403448,0.78211356,-0.133830677,0.3768565,0.7260485,-0.00948715,-1.77635,0.0901705,1.046262,0.21994835
1.682,0.62776,0.382148,-0.089736,-0.915189035,-0.21825697,0.031924605,1.0040273,-0.040164524,0.78420478,-0.133389211,0.3788885,0.7266515,-0.00930555,-1.77605,0.0900454,1.044858,0.22196815
1.684,0.627127,0.381738,-0.089736,-0.914429076,-0.216803364,0.031906131,1.0004776,-0.039984618,0.786292992,-0.132943204,0.3810705,0.7273045,-0.00920395,-1.77495,0.0898703,1.043354,0.22403795
1.686,0.626497,0.381324,-0.089736,-0.913665153,-0.215347752,0.03188783,0.9969259,-0.039805083,0.788378196,-0.132492659,0.3831025,0.7279575,-0.00909735,-1.77455,0.0897002,1.04195,0.22615775
1.688,0.62587,0.380906,-0.089736,-0.912896266,-0.213891134,0.031869701,0.9933782,-0.039625818,0.790460392,-0.132038573,0.3851845,0.7284605,-0.00899575,-1.7737,0.0895401,1.040496,0.22817755
1.69,0.625245,0.380485,-0.089736,-0.912124415,-0.21243351,0.031851847,0.9898315,-0.039446923,0.79254058,-0.131579949,0.3873665,0.7289135,-0.00896415,-1.7726,0.08932,1.039092,0.23029735
1.692,0.624622,0.380059,-0.089736,-0.9113476,-0.21097588,0.031834165,0.9862878,-0.039268298,0.79461676,-0.131117784,0.3894485,0.7294165,-0.00888255,-1.7716,0.0891199,1.037588,0.23236715
1.694,0.624003,0.379629,-0.089736,-0.910565821,-0.209516244,0.031815956,0.9827451,-0.039090643,0.796690932,-0.13065008,0.3915305,0.7298695,-0.00875595,-1.7705,0.0889348,1.035984,0.23428695
1.696,0.623386,0.379196,-0.089736,-0.909781078,-0.208055602,0.031798821,0.9792054,-0.038912758,0.798761096,-0.130179836,0.3934625,0.7303225,-0.00858935,-1.76935,0.0887747,1.03443,0.23620675
1.698,0.622772,0.378758,-0.089736,-0.908992371,-0.206594954,0.031781959,0.9756677,-0.038735344,0.800828252,-0.129706053,0.3953445,0.7306755,-0.00838775,-1.7681,0.0886396,1.032826,0.23802655
1.7,0.62216,0.378317,-0.089736,-0.9081997,-0.2051333,0.03176527,0.972133,-0.0385582,0.8028924,-0.12922773,0.3973265,0.7310785,-0.00826615,-1.76685,0.0884445,1.031222,0.24004635
1.702,0.621552,0.377872,-0.089736,-0.907403065,-0.20367064,0.031748854,0.9686003,-0.038381526,0.80495354,-0.128745868,0.3993085,0.7314815,-0.00813955,-1.7655,0.0882544,1.029568,0.24206615
1.704,0.620946,0.377423,-0.089736,-0.906602466,-0.202206974,0.031732712,0.9650706,-0.038205222,0.807010672,-0.128259465,0.4011905,0.7317345,-0.00799295,-1.7642,0.0880593,1.027814,0.24398595
1.706,0.620343,0.37697,-0.089736,-0.905797903,-0.200743302,0.031716843,0.9615439,-0.038029289,0.809064796,-0.127769524,0.4032225,0.7319375,-0.00792135,-1.76275,0.0878242,1.02606,0.24595575
1.708,0.619743,0.376514,-0.089736,-0.904990376,-0.199279624,0.031701346,0.9580192,-0.037853726,0.811114912,-0.127276042,0.4051545,0.7321905,-0.00780975,-1.76125,0.0876041,1.024306,0.24787555
1.71,0.619146,0.376054,-0.089736,-0.904176885,-0.19781494,0.031685324,0.9544985,-0.037679033,0.81316202,-0.126778022,0.4070365,0.7324935,-0.00766315,-1.7596,0.087404,1.022452,0.24979535
1.712,0.618551,0.37559,-0.089736,-0.90336143,-0.19634925,0.031670374,0.9509808,-0.03750431,0.81520512,-0.126276461,0.4089185,0.7326465,-0.00748655,-1.75785,0.0872189,1.020648,0.25166515
1.714,0.61796,0.375122,-0.089736,-0.902542011,-0.194883554,0.031655697,0.9474671,-0.037329957,0.817244212,-0.125771361,0.4106005,0.7327995,-0.00726995,-1.7561,0.0870588,1.018794,0.25353495
1.716,0.617372,0.37465,-0.089736,-0.901718628,-0.193418852,0.031641294,0.9439564,-0.037156074,0.819280296,-0.125262721,0.4125325,0.7328525,-0.00712335,-1.75435,0.0868487,1.01694,0.25535475
1.718,0.616786,0.374175,-0.089736,-0.900892281,-0.191952144,0.031627164,0.9404497,-0.036982562,0.821312372,-0.124749542,0.4143145,0.7329055,-0.00697175,-1.7525,0.0866286,1.015036,0.25722455
1.72,0.616204,0.373697,-0.089736,-0.90006097,-0.19048643,0.031613407,0.936946,-0.03680952,0.82334044,-0.124233823,0.4161465,0.7329585,-0.00681015,-1.7506,0.0864135,1.013032,0.25899435
1.722,0.615624,0.373214,-0.089736,-0.899227695,-0.18902071,0.031599923,0.9334473,-0.036636948,0.8253645,-0.123713565,0.4179785,0.7328615,-0.00663855,-1.7486,0.0862034,1.011028,0.26076415
1.724,0.615048,0.372728,-0.089736,-0.898389456,-0.187554984,0.031586813,0.9299516,-0.036464746,0.827384552,-0.123190766,0.4197605,0.7328645,-0.00654195,-1.7465,0.0859383,1.008924,0.26263395
1.726,0.614475,0.372238,-0.089736,-0.897548253,-0.186089252,0.031574076,0.9264609,-0.036292915,0.829400596,-0.122663429,0.4215925,0.7328675,-0.00640535,-1.74435,0.0856982,1.00677,0.26445375
1.728,0.613904,0.371745,-0.089736,-0.896703086,-0.184623514,0.031560911,0.9229742,-0.036122154,0.831411632,-0.122132551,0.4233245,0.7327705,-0.00624375,-1.7421,0.0854731,1.004616,0.26632355
1.73,0.613337,0.371248,-0.089736,-0.895854955,-0.18315777,0.031548821,0.9194925,-0.035951263,0.83341866,-0.121598135,0.4250565,0.7326235,-0.00604715,-1.73985,0.085268,1.002512,0.26799335
1.732,0.612773,0.370748,-0.089736,-0.89500286,-0.18169302,0.031537003,0.9160148,-0.035780842,0.83542168,-0.121060178,0.4266885,0.7324765,-0.00579555,-1.7374,0.0851029,1.000408,0.26971315
1.734,0.612212,0.370244,-0.089736,-0.894147801,-0.180228264,0.031525558,0.9125421,-0.035610891,0.837420692,-0.120519682,0.4283705,0.7321795,-0.00562395,-1.73495,0.0848728,0.998254,0.27148295
1.736,0.611655,0.369736,-0.089736,-0.893289778,-0.178763502,0.031514587,0.9090754,-0.03544131,0.839414696,-0.119974646,0.4300025,0.7319825,-0.00544235,-1.73235,0.0846477,0.996,0.27320275
1.738,0.6111,0.369226,-0.089736,-0.892427791,-0.177300734,0.031503789,0.9056127,-0.0352723,0.841404692,-0.119426071,0.4316345,0.7316355,-0.00526075,-1.72975,0.0844126,0.993646,0.27492255
1.74,0.610549,0.368711,-0.089736,-0.89156284,-0.17583696,0.031493464,0.902156,-0.03510366,0.84338968,-0.118874956,0.4333165,0.7312885,-0.00507915,-1.7272,0.0841775,0.991242,0.27654235
1.742,0.610001,0.368193,-0.089736,-0.890694925,-0.17437518,0.031483512,0.8987043,-0.03493559,0.84536966,-0.118320302,0.4349485,0.7309915,-0.00488255,-1.7244,0.0839424,0.988838,0.27821215
1.744,0.609456,0.367672,-0.089736,-0.889823046,-0.172913394,0.031473934,0.8952576,-0.03476789,0.847344632,-0.117762107,0.4366805,0.7304445,-0.00476595,-1.7216,0.0836573,0.986384,0.28008195
1.746,0.608915,0.367147,-0.089736,-0.888948203,-0.171452602,0.031464729,0.8918179,-0.034600761,0.849315596,-0.117200374,0.4383125,0.7299975,-0.00461435,-1.7186,0.0833972,0.98398,0.28180175
1.748,0.608377,0.366619,-0.089736,-0.888069396,-0.169993804,0.031455196,0.8883832,-0.034434502,0.851280552,-0.1166341,0.4397945,0.7295005,-0.00442775,-1.7155,0.0831621,0.981476,0.28342155
1.75,0.607842,0.366088,-0.089736,-0.887188625,-0.168535,0.031446738,0.8849555,-0.034268313,0.8532415,-0.116066288,0.4413265,0.7289535,-0.00420615,-1.71245,0.082952,0.978872,0.28499135
1.752,0.60731,0.365553,-0.089736,-0.88630489,-0.16707719,0.031438652,0.8815338,-0.034102494,0.85519644,-0.115494935,0.4427585,0.7284065,-0.00393955,-1.70925,0.0827569,0.976318,0.28656115
1.754,0.606782,0.365015,-0.089736,-0.885417191,-0.165621374,0.031430939,0.8781181,-0.033937245,0.857146372,-0.114920043,0.4443405,0.7277595,-0.00373795,-1.706,0.0825068,0.973614,0.28823095
1.756,0.606258,0.364473,-0.089736,-0.884527528,-0.164166552,0.0314237,0.8747094,-0.033772466,0.859091296,-0.114341611,0.4459225,0.7270625,-0.00353635,-1.7026,0.0822567,0.97096,0.28985075
1.758,0.605736,0.363929,-0.089736,-0.883633901,-0.162712724,0.031416834,0.8713077,-0.033608258,0.861030212,-0.11376064,0.4474545,0.7263155,-0.00332975,-1.6991,0.0820116,0.968306,0.29141055
1.76,0.605218,0.363381,-0.089736,-0.88273731,-0.16126089,0.031410341,0.867913,-0.03344442,0.86296412,-0.113176129,0.4489365,0.7255185,-0.00313815,-1.6956,0.0817665,0.965502,0.29296035
1.762,0.604704,0.362829,-0.089736,-0.881837755,-0.15981105,0.031404321,0.8645253,-0.033281152,0.86489302,-0.112588679,0.4503685,0.7246715,-0.00293155,-1.692,0.0815264,0.962698,0.29454515
1.764,0.604193,0.362275,-0.089736,-0.880936236,-0.158362204,0.031398575,0.8611446,-0.033118354,0.866814912,-0.111997988,0.4517505,0.7238245,-0.00271995,-1.68825,0.0812813,0.959794,0.29609495
1.766,0.603686,0.361717,-0.089736,-0.880030753,-0.156915352,0.031393402,0.8577719,-0.032956027,0.868731796,-0.111404259,0.4532325,0.7229275,-0.00257335,-1.68435,0.0809862,0.95684,0.29769975
1.768,0.603182,0.361156,-0.089736,-0.879123306,-0.155470494,0.031388601,0.8544072,-0.03279417,0.870642672,-0.110807389,0.4547145,0.7219305,-0.00238675,-1.68045,0.0807111,0.953936,0.29925955
1.77,0.602681,0.360592,-0.089736,-0.878211895,-0.15402763,0.031383575,0.8510505,-0.032633383,0.87254754,-0.110206981,0.4560965,0.7209335,-0.00218515,-1.6764,0.080451,0.950932,0.30077935
1.772,0.602184,0.360025,-0.089736,-0.87729852,-0.15258676,0.031379621,0.8477008,-0.032472566,0.8744464,-0.109604032,0.4575285,0.7199365,-0.00194355,-1.67235,0.0802159,0.947928,0.30225915
1.774,0.601691,0.359455,-0.089736,-0.876382181,-0.151147884,0.03137604,0.8443611,-0.032312319,0.876339252,-0.108998144,0.4589105,0.7188395,-0.00167195,-1.6681,0.0800158,0.944824,0.30370395
1.776,0.601201,0.358882,-0.089736,-0.875462878,-0.149711002,0.031372933,0.8410284,-0.032152542,0.878226096,-0.108389216,0.4602925,0.7175925,-0.00146035,-1.66375,0.0797607,0.94167,0.30518875
1.778,0.600715,0.358305,-0.089736,-0.874540611,-0.148277114,0.031370199,0.8377057,-0.031993236,0.880105932,-0.107777349,0.4616245,0.7162955,-0.00123875,-1.65935,0.0795106,0.938416,0.30665855
1.78,0.600233,0.357726,-0.089736,-0.87361638,-0.14684622,0.031367938,0.834391,-0.0318345,0.88197976,-0.107162542,0.4628565,0.7150485,-0.00102215,-1.65475,0.0792505,0.935162,0.30812335
1.782,0.599754,0.357143,-0.089736,-0.872689185,-0.14541732,0.03136615,0.8310863,-0.031676234,0.88384658,-0.106544896,0.4641885,0.7137515,-0.00080055,-1.6501,0.0789904,0.931808,0.30957315
1.784,0.599279,0.356558,-0.089736,-0.871760026,-0.143990414,0.031364736,0.8277906,-0.031518538,0.885707392,-0.105924209,0.4654705,0.7124545,-0.00057895,-1.64535,0.0787403,0.928404,0.31100795
1.786,0.598808,0.355969,-0.089736,-0.870826903,-0.142567502,0.031363795,0.8245049,-0.031361313,0.887560196,-0.105300784,0.4668025,0.7110575,-0.00036235,-1.6405,0.0784852,0.925,0.31243275
1.788,0.59834,0.355378,-0.089736,-0.869892816,-0.141146584,0.031363326,0.8212282,-0.031204558,0.889406992,-0.104674518,0.4680345,0.7095105,-0.00014075,-1.6356,0.0782251,0.921546,0.31384255
1.79,0.597876,0.354784,-0.089736,-0.868954765,-0.13972866,0.031363232,0.8179625,-0.031048373,0.89124678,-0.104045414,0.4692665,0.7079635,3.08E-05,-1.6305,0.07791,0.918042,0.31527235
1.792,0.597416,0.354187,-0.089736,-0.86801575,-0.13831473,0.03136361,0.8147058,-0.030892758,0.89307956,-0.103413469,0.4705985,0.7063165,0.00023245,-1.62525,0.0776249,0.914388,0.31667715
1.794,0.596959,0.353586,-0.089736,-0.867072771,-0.136903794,0.031363961,0.8114611,-0.030738113,0.894904332,-0.102778585,0.4717805,0.7046195,0.00045905,-1.61995,0.0773698,0.910734,0.31805695
1.796,0.596507,0.352984,-0.089736,-0.866127828,-0.135495852,0.031365286,0.8082264,-0.030583438,0.896722096,-0.102141161,0.4730625,0.7029725,0.00070565,-1.6145,0.0771347,0.90703,0.31940675
1.798,0.596058,0.352378,-0.089736,-0.865180921,-0.134091904,0.031366984,0.8050027,-0.030429334,0.898532852,-0.101500998,0.4741945,0.7011255,0.00098725,-1.609,0.0769196,0.903376,0.32074155
1.8,0.595613,0.351769,-0.089736,-0.86423105,-0.13269095,0.031369155,0.80179,-0.0302758,0.9003356,-0.100858195,0.4753265,0.6992285,0.00120885,-1.60325,0.0766495,0.899522,0.32208635
1.802,0.595171,0.351158,-0.089736,-0.863279215,-0.13129499,0.031371899,0.7985893,-0.030122736,0.90213134,-0.100212653,0.4765085,0.6973315,0.00144045,-1.59745,0.0763894,0.895618,0.32342115
1.804,0.594734,0.350544,-0.089736,-0.862325416,-0.129902024,0.031374917,0.7954006,-0.029970242,0.903918072,-0.09956447,0.4776405,0.6953845,0.00167205,-1.5915,0.0761293,0.891714,0.32474095
1.806,0.5943,0.349927,-0.089736,-0.861368653,-0.128513052,0.031378508,0.7922229,-0.029818219,0.905697796,-0.098913649,0.4787725,0.6934875,0.00189365,-1.5855,0.0758692,0.88766,0.32605575
1.808,0.593871,0.349307,-0.089736,-0.860409926,-0.127128074,0.031382571,0.7890582,-0.029666766,0.907469512,-0.098260287,0.4799545,0.6913905,0.00213525,-1.57935,0.0756091,0.883606,0.32735555
1.81,0.593445,0.348685,-0.089736,-0.859449235,-0.12574709,0.031387009,0.7859055,-0.029515783,0.90923222,-0.097604187,0.4809865,0.6891435,0.00236185,-1.573,0.075349,0.879452,0.32864035
1.812,0.593023,0.34806,-0.089736,-0.85848558,-0.1243711,0.031392019,0.7827658,-0.02936537,0.91098692,-0.096945646,0.4820685,0.6868465,0.00258845,-1.5666,0.0750789,0.875248,0.32992515
1.814,0.592605,0.347432,-0.089736,-0.857520961,-0.123000104,0.031397402,0.7796391,-0.029215427,0.912733612,-0.096284566,0.4831505,0.6844995,0.00282005,-1.56,0.0748138,0.870994,0.33117995
1.816,0.592191,0.346802,-0.089736,-0.856553378,-0.121633102,0.031403259,0.7765254,-0.029066154,0.914471296,-0.095620846,0.4841825,0.6821525,0.00304665,-1.55325,0.0745537,0.86659,0.33244475
1.818,0.591781,0.346169,-0.089736,-0.855583831,-0.120271094,0.031409589,0.7734257,-0.028917252,0.916199972,-0.094954787,0.4853645,0.6797555,0.00324325,-1.54645,0.0742386,0.862186,0.33368955
1.82,0.591375,0.345534,-0.089736,-0.85461232,-0.11891408,0.031416392,0.77034,-0.02876892,0.91791964,-0.094286088,0.4863965,0.6772585,0.00345985,-1.5394,0.0739585,0.857732,0.33491435
1.822,0.590973,0.344896,-0.089736,-0.853637845,-0.11756206,0.031423268,0.7672673,-0.028621658,0.9196313,-0.09361505,0.4873785,0.6747615,0.00368645,-1.53235,0.0736884,0.853228,0.33614915
1.824,0.590575,0.344256,-0.089736,-0.852662406,-0.116215034,0.031431018,0.7642106,-0.028474366,0.921332952,-0.092941571,0.4883105,0.6720645,0.00393805,-1.5251,0.0734433,0.848574,0.33735395
1.826,0.590181,0.343613,-0.089736,-0.851685003,-0.114873002,0.031439141,0.7611669,-0.028327645,0.923025596,-0.092265554,0.4891925,0.6693675,0.00420465,-1.51765,0.0732282,0.84382,0.33856875
1.828,0.589791,0.342968,-0.089736,-0.850705636,-0.113537964,0.031447836,0.7581392,-0.028181494,0.924708232,-0.091587296,0.4901745,0.6665205,0.00444125,-1.5101,0.0729581,0.839066,0.33976355
1.83,0.589406,0.34232,-0.089736,-0.849724305,-0.11220692,0.031456906,0.7551265,-0.028035813,0.92638186,-0.0909065,0.4911565,0.6635735,0.00467785,-1.50225,0.072698,0.834312,0.34093835
1.832,0.589024,0.34167,-0.089736,-0.84874101,-0.11088287,0.031466548,0.7521298,-0.027890702,0.92804548,-0.090223463,0.4921385,0.6606265,0.00490445,-1.49435,0.0724379,0.829458,0.34211315
1.834,0.588646,0.341017,-0.089736,-0.847755751,-0.109564814,0.031476563,0.7491491,-0.027746061,0.929700092,-0.089538087,0.4930205,0.6575295,0.00513605,-1.48635,0.0721678,0.824454,0.34327295
1.836,0.588273,0.340362,-0.089736,-0.846768528,-0.108252752,0.031487052,0.7461844,-0.02760199,0.931343696,-0.088850371,0.4939525,0.6545325,0.00536265,-1.47825,0.0719027,0.8194,0.34443275
1.838,0.587903,0.339705,-0.089736,-0.845780341,-0.106946684,0.031498014,0.7432357,-0.02745849,0.932977292,-0.088160316,0.4948345,0.6514355,0.00558925,-1.47,0.0716426,0.814196,0.34557755
1.84,0.587538,0.339045,-0.089736,-0.84478919,-0.10564661,0.031509449,0.740304,-0.02731546,0.93460088,-0.087468021,0.4957165,0.6481885,0.00582085,-1.4615,0.0713875,0.808942,0.34670735
1.842,0.587177,0.338384,-0.089736,-0.843797075,-0.10435353,0.031521257,0.7373893,-0.0271729,0.93621346,-0.086773487,0.4965485,0.6447915,0.00604745,-1.45275,0.0711274,0.803638,0.34782715
1.844,0.58682,0.337719,-0.089736,-0.842802996,-0.103067444,0.031533639,0.7344926,-0.02703091,0.937815032,-0.086076712,0.4973805,0.6412945,0.00628405,-1.44385,0.0708623,0.798284,0.34894695
1.846,0.586467,0.337053,-0.089736,-0.841807953,-0.101788352,0.031546394,0.7316139,-0.026889491,0.939406596,-0.085377699,0.4982625,0.6377275,0.00652065,-1.43485,0.0705922,0.79283,0.35004675
1.848,0.586118,0.336385,-0.089736,-0.840809946,-0.100516254,0.031559721,0.7287532,-0.026748542,0.940987152,-0.084676445,0.4991445,0.6341055,0.00671725,-1.42575,0.0702821,0.787276,0.35110655
1.85,0.585774,0.335714,-0.089736,-0.839810975,-0.09925185,0.031573423,0.7259105,-0.026608163,0.9425557,-0.083973153,0.4999765,0.6304235,0.00693385,-1.4165,0.070007,0.781622,0.35217135
1.852,0.585434,0.335041,-0.089736,-0.83881004,-0.09799464,0.031587297,0.7230868,-0.026468754,0.94411324,-0.08326792,0.5006085,0.6266515,0.00715045,-1.407,0.0697419,0.775918,0.35324615
1.854,0.585098,0.334366,-0.089736,-0.837808141,-0.096744924,0.031601944,0.7202821,-0.026329315,0.945659772,-0.082560248,0.5013905,0.6228195,0.00738705,-1.39725,0.0695018,0.770164,0.35434095
1.856,0.584766,0.333689,-0.089736,-0.836805278,-0.095503202,0.031616965,0.7174974,-0.026190546,0.947194296,-0.081850436,0.5020725,0.6188675,0.00763865,-1.38735,0.0692867,0.76426,0.35543075
1.858,0.584439,0.33301,-0.089736,-0.835799451,-0.094269374,0.031632459,0.7147327,-0.026052248,0.948716812,-0.081138485,0.5029045,0.6148155,0.00786525,-1.37725,0.0690216,0.758256,0.35647555
1.86,0.584115,0.332328,-0.089736,-0.83479366,-0.09304374,0.031648426,0.711988,-0.02591442,0.95022732,-0.080424494,0.5036365,0.6106885,0.00809185,-1.3671,0.0687615,0.752152,0.35751535
1.862,0.583796,0.331645,-0.089736,-0.833784905,-0.0918265,0.031664866,0.7092643,-0.025777162,0.95172582,-0.079708464,0.5042685,0.6064565,0.00831345,-1.35675,0.0685064,0.745998,0.35854015
1.864,0.583482,0.33096,-0.089736,-0.832776186,-0.090617754,0.03168168,0.7065606,-0.025640474,0.953211312,-0.078990293,0.5050505,0.6021345,0.00853505,-1.34615,0.0682413,0.739744,0.35956995
1.866,0.583172,0.330273,-0.089736,-0.831765503,-0.089417802,0.031698967,0.7038789,-0.025504157,0.954684796,-0.078270184,0.5056325,0.5977225,0.00875165,-1.33535,0.0679812,0.73339,0.36058975
1.868,0.582866,0.329584,-0.089736,-0.830752856,-0.088226744,0.031716726,0.7012192,-0.02536851,0.956145272,-0.077547934,0.5063145,0.5932055,0.00897325,-1.32435,0.0677261,0.726986,0.36158955
1.87,0.582564,0.328893,-0.089736,-0.829740245,-0.08704478,0.03173486,0.6985815,-0.025233333,0.95759274,-0.076823746,0.5069965,0.5886035,0.00918485,-1.31325,0.067461,0.720382,0.36257935
1.872,0.582267,0.3282,-0.089736,-0.82872567,-0.08587221,0.031753466,0.6959658,-0.025098626,0.9590272,-0.076097617,0.5075785,0.5838965,0.00939645,-1.302,0.0672109,0.713728,0.36355915
1.874,0.581974,0.327505,-0.089736,-0.827709131,-0.084709034,0.031772445,0.6933731,-0.024964489,0.960447652,-0.075369549,0.5082605,0.5790895,0.00961805,-1.2904,0.0669608,0.707074,0.36454395
1.876,0.581685,0.326808,-0.089736,-0.826692628,-0.083555652,0.031791898,0.6908034,-0.024830822,0.961855096,-0.074639441,0.5088425,0.5741775,0.00983465,-1.2786,0.0667057,0.70027,0.36551875
1.878,0.581401,0.32611,-0.089736,-0.825674161,-0.082412164,0.031811824,0.6882587,-0.024697626,0.963249532,-0.073907394,0.5094745,0.5691655,0.01004625,-1.2666,0.0664556,0.693366,0.36648355
1.88,0.581121,0.32541,-0.089736,-0.82465473,-0.08127887,0.031832123,0.685737,-0.024565,0.96462896,-0.073173507,0.5101065,0.5640585,0.01024285,-1.2545,0.0661655,0.686312,0.36736835
1.882,0.580846,0.324708,-0.089736,-0.823633335,-0.08015577,0.031852795,0.6832403,-0.024432844,0.96599438,-0.072437681,0.5105885,0.5588515,0.01043945,-1.24225,0.0658904,0.679108,0.36828315
1.884,0.580575,0.324004,-0.089736,-0.822611976,-0.079043264,0.031873841,0.6807676,-0.024301558,0.967345792,-0.071700614,0.5111205,0.5535495,0.01064105,-1.22965,0.0656303,0.671954,0.36922795
1.886,0.580309,0.323299,-0.089736,-0.821589653,-0.077941452,0.03189536,0.6783209,-0.024170443,0.968682196,-0.070961009,0.5115525,0.5481325,0.01085265,-1.21695,0.0653852,0.6646,0.37019275
1.888,0.580047,0.322592,-0.089736,-0.820565366,-0.076850534,0.031917251,0.6759002,-0.024039898,0.970004592,-0.070219563,0.5121345,0.5426205,0.01106425,-1.2039,0.0651651,0.657096,0.37118255
1.89,0.579789,0.321883,-0.089736,-0.819541115,-0.07577081,0.031939617,0.6735045,-0.023909823,0.97131098,-0.069476279,0.5127165,0.5369985,0.01127585,-1.19075,0.06492,0.649542,0.37209235
1.892,0.579536,0.321173,-0.089736,-0.8185149,-0.07470238,0.031962355,0.6711368,-0.023780218,0.97260236,-0.068731154,0.5131485,0.5312665,0.01147745,-1.17735,0.0646749,0.641938,0.37299715
1.894,0.579287,0.320461,-0.089736,-0.817487721,-0.073645544,0.031985566,0.6687951,-0.023651083,0.973878732,-0.06798429,0.5135805,0.5254295,0.01167405,-1.16375,0.0644348,0.634334,0.37389195
1.896,0.579043,0.319748,-0.089736,-0.816460578,-0.072600502,0.032009051,0.6664814,-0.023522518,0.975140096,-0.067235586,0.5140125,0.5194825,0.01186065,-1.15,0.0641797,0.62648,0.37478675
1.898,0.578803,0.319033,-0.089736,-0.815432471,-0.071567454,0.032033009,0.6641947,-0.023394324,0.976385452,-0.066485143,0.5144445,0.5134255,0.01204725,-1.136,0.0639296,0.618526,0.37568155
1.9,0.578568,0.318317,-0.089736,-0.8144024,-0.0705466,0.03205724,0.661937,-0.0232668,0.9776138,-0.06573286,0.5149265,0.5072635,0.01224385,-1.12175,0.0636895,0.610422,0.37656635
1.902,0.578337,0.317599,-0.089736,-0.813372365,-0.06953824,0.032081944,0.6597073,-0.023139646,0.97882714,-0.064978838,0.5152585,0.5010015,0.01243545,-1.10725,0.0634394,0.602218,0.37743615
1.904,0.578111,0.31688,-0.089736,-0.812341366,-0.068542474,0.032107022,0.6575076,-0.023012962,0.980023472,-0.064223075,0.5155905,0.4946245,0.01262205,-1.0926,0.0631993,0.593914,0.37829095
1.906,0.577889,0.316159,-0.089736,-0.811310403,-0.067559502,0.032132473,0.6553369,-0.022886849,0.981202796,-0.063465674,0.5159725,0.4881375,0.01280365,-1.07775,0.0629492,0.58551,0.37914575
1.908,0.577672,0.315437,-0.089736,-0.810277476,-0.066589724,0.032158196,0.6531962,-0.022761206,0.982365112,-0.062706532,0.5163545,0.4815355,0.01298025,-1.06265,0.0627041,0.577056,0.37999555
1.91,0.577459,0.314714,-0.089736,-0.809244585,-0.06563324,0.032184394,0.6510855,-0.022636033,0.98351142,-0.061945652,0.5167865,0.4748185,0.01315685,-1.04735,0.062459,0.568452,0.38084035
1.912,0.577251,0.313989,-0.089736,-0.80821073,-0.06469025,0.032210864,0.6490068,-0.02251133,0.98463972,-0.061183131,0.5170685,0.4680065,0.01333845,-1.03175,0.0622189,0.559748,0.38168015
1.914,0.577048,0.313263,-0.089736,-0.807175911,-0.063761054,0.032237707,0.6469581,-0.022387197,0.985750012,-0.060418971,0.5174005,0.4610745,0.01351505,-1.0159,0.0619538,0.550894,0.38242495
1.916,0.576849,0.312536,-0.089736,-0.806141128,-0.062845752,0.032264924,0.6449424,-0.022263434,0.986843296,-0.059653071,0.5176325,0.4540275,0.01369165,-0.99995,0.0617087,0.54194,0.38320475
1.918,0.576654,0.311807,-0.089736,-0.805105381,-0.061944744,0.032292514,0.6429587,-0.022140442,0.987918572,-0.058886432,0.5178645,0.4468755,0.01386325,-0.98375,0.0614736,0.532886,0.38401955
1.92,0.576465,0.311078,-0.089736,-0.80406967,-0.06105813,0.032320377,0.641007,-0.02201762,0.98897484,-0.058117353,0.5181965,0.4396085,0.01402485,-0.9674,0.0612485,0.523732,0.38486935
1.922,0.576279,0.310347,-0.089736,-0.803032995,-0.06018611,0.032348613,0.6390883,-0.021895368,0.9900131,-0.057346635,0.5183785,0.4322365,0.01418645,-0.95075,0.0610334,0.514528,0.38575915
1.924,0.576099,0.309615,-0.089736,-0.801995356,-0.059328984,0.032377123,0.6372036,-0.021773486,0.991033352,-0.056574276,0.5186605,0.4247495,0.01434805,-0.93385,0.0607983,0.505174,0.38656395
1.926,0.575923,0.308882,-0.089736,-0.800958753,-0.058486952,0.032406006,0.6353529,-0.021652175,0.992034596,-0.055800379,0.5188925,0.4171525,0.01449965,-0.91675,0.0605632,0.49572,0.38734875
1.928,0.575751,0.308147,-0.089736,-0.799920186,-0.057660214,0.032435161,0.6335362,-0.021531234,0.993015832,-0.055024841,0.5190745,0.4094555,0.01465625,-0.8995,0.0603281,0.486116,0.38812855
1.93,0.575585,0.307412,-0.089736,-0.798881655,-0.05684897,0.032464591,0.6317545,-0.021410863,0.99397906,-0.054247865,0.5192565,0.4016485,0.01480785,-0.882,0.060103,0.476412,0.38890835
1.932,0.575422,0.306676,-0.089736,-0.79784316,-0.05605342,0.032494393,0.6300078,-0.021290862,0.99492228,-0.053469248,0.5193385,0.3937265,0.01495945,-0.86425,0.0598729,0.466608,0.38967315
1.934,0.575265,0.305938,-0.089736,-0.796804701,-0.055273864,0.032524468,0.6282971,-0.021171331,0.995845492,-0.052689092,0.5195705,0.3856895,0.01510605,-0.84625,0.0596478,0.456604,0.39043795
1.936,0.575112,0.3052,-0.089736,-0.795765278,-0.054510502,0.032554817,0.6266224,-0.02105227,0.996748696,-0.051907496,0.5197525,0.3775425,0.01524265,-0.828,0.0594127,0.4466,0.39119275
1.938,0.574964,0.304461,-0.089736,-0.794724891,-0.053763534,0.032585439,0.6249847,-0.02093368,0.997631892,-0.051124361,0.5199345,0.3692955,0.01537925,-0.8096,0.0591876,0.436596,0.39194255
1.94,0.57482,0.303721,-0.089736,-0.79368554,-0.05303316,0.032616334,0.623384,-0.02081556,0.99849508,-0.050339686,0.5200165,0.3609385,0.01551585,-0.791,0.0589675,0.426692,0.39269735
1.942,0.574681,0.30298,-0.089736,-0.792645225,-0.05231958,0.032647502,0.6218203,-0.02069781,0.99933826,-0.049553572,0.5200485,0.3524865,0.01565245,-0.77225,0.0587474,0.415838,0.39343215
1.944,0.574547,0.302238,-0.089736,-0.791604946,-0.051623094,0.032678944,0.6202946,-0.02058053,1.000162432,-0.048765917,0.5201305,0.3439195,0.01577905,-0.75335,0.0585323,0.405484,0.39416195
1.946,0.574417,0.301495,-0.089736,-0.790564703,-0.050943702,0.032710659,0.6188069,-0.020463721,1.000956596,-0.047976924,0.5201125,0.3352575,0.01591065,-0.73415,0.0583122,0.39458,0.39488175
1.948,0.574292,0.300751,-0.089736,-0.789524496,-0.050281904,0.032742546,0.6173572,-0.020347282,1.001740752,-0.04718639,0.5201945,0.3264955,0.01603725,-0.71475,0.0580921,0.384576,0.39560155
1.95,0.574172,0.300007,-0.089736,-0.788484325,-0.0496376,0.032774808,0.6159475,-0.020231313,1.0024949,-0.046394518,0.5202265,0.3176285,0.01615385,-0.6951,0.057877,0.374572,0.39632135
1.952,0.574056,0.299262,-0.089736,-0.78744319,-0.04901119,0.032807242,0.6145768,-0.020115814,1.00323904,-0.045601105,0.5203085,0.3086765,0.01627045,-0.67525,0.0576569,0.363568,0.39702115
1.954,0.573945,0.298516,-0.089736,-0.786403091,-0.048402774,0.032839849,0.6132461,-0.020000685,1.003953172,-0.044806353,0.5202905,0.2996095,0.01638205,-0.65525,0.0574468,0.352064,0.39772095
1.956,0.573839,0.29777,-0.089736,-0.785362028,-0.047812552,0.03287273,0.6119554,-0.019886026,1.004647296,-0.044010261,0.5202725,0.2904575,0.01649865,-0.6351,0.0572367,0.34056,0.39840575
1.958,0.573738,0.297023,-0.089736,-0.784322001,-0.047240824,0.032905884,0.6107057,-0.019771738,1.005311412,-0.04321273,0.5202545,0.2812105,0.01662025,-0.61475,0.0570066,0.329556,0.39899055
1.96,0.573641,0.296275,-0.089736,-0.78328101,-0.04668759,0.032939211,0.609496,-0.01965792,1.00596552,-0.042413859,0.5201365,0.2718685,0.01673185,-0.59415,0.0567965,0.318552,0.39962035
1.962,0.573549,0.295527,-0.089736,-0.782241055,-0.04615315,0.032972811,0.6083283,-0.019544672,1.00658962,-0.041614649,0.5200685,0.2624515,0.01682345,-0.57345,0.0565914,0.307048,0.40029015
1.964,0.573461,0.294778,-0.089736,-0.781201136,-0.045637704,0.033006585,0.6072026,-0.019431594,1.007193712,-0.040813098,0.5200505,0.2529345,0.01691505,-0.5525,0.0564013,0.295544,0.40099995
1.966,0.573378,0.294028,-0.089736,-0.780161253,-0.045141252,0.033040432,0.6061179,-0.019318987,1.007767796,-0.040010209,0.5199825,0.2433375,0.01699165,-0.5314,0.0562212,0.28454,0.40176075
1.968,0.5733,0.293278,-0.089736,-0.779120406,-0.044664194,0.033074551,0.6050762,-0.01920675,1.008331872,-0.039206079,0.5199145,0.2336705,0.01707825,-0.5102,0.0560161,0.273536,0.40241355
1.97,0.573227,0.292528,-0.089736,-0.778081595,-0.04420653,0.033108745,0.6040775,-0.019094883,1.00886594,-0.038400551,0.5198465,0.2239085,0.01716485,-0.48885,0.055816,0.262032,0.40305785
1.972,0.573159,0.291777,-0.089736,-0.77704182,-0.04376836,0.033143211,0.6031208,-0.018983486,1.00938,-0.037593792,0.5196785,0.2140815,0.01725145,-0.4674,0.0556159,0.249528,0.40369715
1.974,0.573095,0.291026,-0.089736,-0.776002081,-0.043350084,0.03317775,0.6022071,-0.018872459,1.009864052,-0.036785774,0.5196105,0.2041695,0.01733805,-0.44575,0.0554208,0.238024,0.40432095
1.976,0.573036,0.290274,-0.089736,-0.774963378,-0.042951602,0.033212563,0.6013374,-0.018761802,1.010328096,-0.035976496,0.5193425,0.1941875,0.01740465,-0.42385,0.0552357,0.22602,0.40494125
1.978,0.572981,0.289522,-0.089736,-0.773924711,-0.042573214,0.033247449,0.6005117,-0.018651516,1.010772132,-0.035165989,0.5191745,0.1841505,0.01747125,-0.40185,0.0550506,0.214516,0.40555405
1.98,0.572931,0.28877,-0.089736,-0.77288708,-0.04221492,0.033282408,0.59973,-0.0185416,1.01118616,-0.034354272,0.5189565,0.1740335,0.01753285,-0.37975,0.0548755,0.202012,0.40615885
1.982,0.572886,0.288017,-0.089736,-0.771848485,-0.04187692,0.03331754,0.5989923,-0.018432054,1.01158018,-0.033541346,0.5187885,0.1638665,0.01759945,-0.3576,0.0546954,0.189508,0.40675665
1.984,0.572846,0.287264,-0.089736,-0.770811926,-0.041559414,0.033352846,0.5982996,-0.018322778,1.011944192,-0.032727229,0.5186205,0.1536345,0.01767105,-0.33525,0.0545103,0.178004,0.40734605
1.986,0.572811,0.286511,-0.089736,-0.769774403,-0.041262302,0.033388225,0.5976509,-0.018213973,1.012288196,-0.031911944,0.5184025,0.1433425,0.01772265,-0.31275,0.0543302,0.166,0.40792645
1.988,0.57278,0.285758,-0.089736,-0.768737916,-0.040985884,0.033423776,0.5970482,-0.018105538,1.012612192,-0.031095512,0.5182345,0.1330105,0.01776925,-0.2902,0.0541501,0.154496,0.40849825
1.99,0.572754,0.285004,-0.089736,-0.767701465,-0.04073026,0.033459302,0.5964905,-0.017997373,1.01290618,-0.03027794,0.5178665,0.1226185,0.01781585,-0.2676,0.05398,0.141992,0.40906205
1.992,0.572732,0.284251,-0.089736,-0.76666605,-0.04049533,0.033495,0.5959778,-0.017889578,1.01318016,-0.029459249,0.5176485,0.1121865,0.01785745,-0.245,0.0538149,0.129488,0.40961835
1.994,0.572716,0.283497,-0.089736,-0.765631671,-0.040281394,0.033530771,0.5955101,-0.017782153,1.013424132,-0.028639455,0.5173305,0.1017195,0.01790405,-0.22215,0.0536548,0.116984,0.41016505
1.996,0.572704,0.282743,-0.089736,-0.764596328,-0.040088452,0.033566616,0.5950884,-0.017674998,1.013648096,-0.027818571,0.5170625,0.0912025,0.01794065,-0.1992,0.0534897,0.10448,0.41070275
1.998,0.572697,0.281989,-0.089736,-0.763563021,-0.039916504,0.033602534,0.5947137,-0.017568114,1.013842052,-0.026996628,0.5168463,0.0806652,0.01796359,-0.1762,0.05332811,0.0919764,0.41125307
2,0.572695,0.281235,-0.089736,,,,,,,,,,,,,,
