time,pos_x,pos_y,pos_z,joint_pos_1,joint_pos_2,joint_pos_3,joint_pos_4,joint_pos_5,joint_pos_6,joint_pos_7,joint_vel_1,joint_vel_2,joint_vel_3,joint_vel_4,joint_vel_5,joint_vel_6,joint_vel_7
0.00000,0.57269,0.28124,-0.08974,-0.76253,-0.03977,0.03364,0.59438,-0.01746,1.01402,-0.02617,0.51643,0.07009,0.01794,-0.15325,0.05315,0.07947,0.41185
0.00100,0.57270,0.28086,-0.08974,-0.76201,-0.03970,0.03366,0.59424,-0.01741,1.01409,-0.02576,0.51628,0.06479,0.01791,-0.14175,0.05305,0.07322,0.41218
0.00200,0.57270,0.28048,-0.08974,-0.76150,-0.03964,0.03367,0.59410,-0.01736,1.01416,-0.02535,0.51613,0.05948,0.01789,-0.13025,0.05295,0.06697,0.41251
0.00300,0.57270,0.28010,-0.08974,-0.76098,-0.03958,0.03369,0.59398,-0.01730,1.01422,-0.02494,0.51598,0.05417,0.01783,-0.11872,0.05284,0.06072,0.41287
0.00400,0.57270,0.27973,-0.08974,-0.76047,-0.03953,0.03371,0.59386,-0.01725,1.01428,-0.02452,0.51583,0.04886,0.01778,-0.10720,0.05274,0.05447,0.41322
0.00500,0.57271,0.27935,-0.08974,-0.75995,-0.03948,0.03373,0.59377,-0.01720,1.01433,-0.02411,0.51568,0.04354,0.01772,-0.09560,0.05263,0.04872,0.41358
0.00600,0.57272,0.27897,-0.08974,-0.75943,-0.03944,0.03375,0.59367,-0.01714,1.01438,-0.02370,0.51553,0.03822,0.01766,-0.08400,0.05252,0.04297,0.41394
0.00700,0.57272,0.27860,-0.08974,-0.75892,-0.03941,0.03376,0.59360,-0.01709,1.01441,-0.02328,0.51540,0.03289,0.01760,-0.07243,0.05242,0.03647,0.41429
0.00800,0.57273,0.27822,-0.08974,-0.75840,-0.03937,0.03378,0.59353,-0.01704,1.01445,-0.02287,0.51528,0.02757,0.01754,-0.06085,0.05231,0.02997,0.41465
0.00900,0.57274,0.27784,-0.08974,-0.75789,-0.03935,0.03380,0.59348,-0.01699,1.01448,-0.02245,0.51508,0.02224,0.01747,-0.04923,0.05221,0.02397,0.41500
0.01000,0.57275,0.27747,-0.08974,-0.75737,-0.03933,0.03382,0.59343,-0.01694,1.01451,-0.02204,0.51488,0.01690,0.01740,-0.03760,0.05210,0.01797,0.41535
0.01100,0.57277,0.27709,-0.08974,-0.75686,-0.03932,0.03383,0.59340,-0.01688,1.01451,-0.02162,0.51468,0.01156,0.01734,-0.02598,0.05201,0.01172,0.41569
0.01200,0.57278,0.27671,-0.08974,-0.75634,-0.03931,0.03385,0.59338,-0.01683,1.01452,-0.02121,0.51448,0.00622,0.01728,-0.01435,0.05191,0.00547,0.41603
0.01300,0.57280,0.27634,-0.08974,-0.75583,-0.03931,0.03387,0.59337,-0.01678,1.01452,-0.02079,0.51430,0.00088,0.01721,-0.00277,0.05181,-0.00103,0.41637
0.01400,0.57281,0.27596,-0.08974,-0.75531,-0.03931,0.03388,0.59337,-0.01673,1.01452,-0.02037,0.51413,-0.00446,0.01714,0.00880,0.05171,-0.00753,0.41671
0.01500,0.57283,0.27558,-0.08974,-0.75480,-0.03932,0.03390,0.59339,-0.01668,1.01451,-0.01996,0.51395,-0.00980,0.01708,0.02040,0.05162,-0.01353,0.41704
0.01600,0.57285,0.27521,-0.08974,-0.75429,-0.03933,0.03392,0.59341,-0.01662,1.01450,-0.01954,0.51378,-0.01515,0.01701,0.03200,0.05152,-0.01953,0.41738
0.01700,0.57287,0.27483,-0.08974,-0.75377,-0.03935,0.03394,0.59346,-0.01657,1.01447,-0.01912,0.51358,-0.02048,0.01694,0.04358,0.05143,-0.02628,0.41771
0.01800,0.57289,0.27445,-0.08974,-0.75326,-0.03937,0.03395,0.59350,-0.01652,1.01444,-0.01870,0.51338,-0.02581,0.01687,0.05515,0.05133,-0.03303,0.41803
0.01900,0.57291,0.27408,-0.08974,-0.75275,-0.03940,0.03397,0.59357,-0.01647,1.01440,-0.01829,0.51313,-0.03114,0.01680,0.06678,0.05124,-0.03928,0.41836
0.02000,0.57293,0.27370,-0.08974,-0.75223,-0.03943,0.03399,0.59363,-0.01642,1.01437,-0.01787,0.51288,-0.03647,0.01673,0.07840,0.05114,-0.04553,0.41869
0.02100,0.57296,0.27332,-0.08974,-0.75172,-0.03947,0.03400,0.59372,-0.01637,1.01431,-0.01745,0.51268,-0.04180,0.01665,0.08997,0.05105,-0.05178,0.41901
0.02200,0.57298,0.27295,-0.08974,-0.75121,-0.03951,0.03402,0.59381,-0.01632,1.01426,-0.01703,0.51248,-0.04712,0.01658,0.10155,0.05095,-0.05803,0.41933
0.02300,0.57301,0.27257,-0.08974,-0.75070,-0.03956,0.03404,0.59393,-0.01627,1.01420,-0.01661,0.51225,-0.05243,0.01650,0.11310,0.05087,-0.06428,0.41964
0.02400,0.57304,0.27220,-0.08974,-0.75018,-0.03962,0.03405,0.59404,-0.01622,1.01413,-0.01619,0.51203,-0.05774,0.01642,0.12465,0.05078,-0.07053,0.41995
0.02500,0.57307,0.27182,-0.08974,-0.74967,-0.03968,0.03407,0.59417,-0.01616,1.01406,-0.01577,0.51183,-0.06305,0.01634,0.13615,0.05069,-0.07628,0.42025
0.02600,0.57310,0.27144,-0.08974,-0.74916,-0.03974,0.03409,0.59431,-0.01611,1.01398,-0.01535,0.51163,-0.06836,0.01626,0.14765,0.05060,-0.08203,0.42056
0.02700,0.57313,0.27107,-0.08974,-0.74865,-0.03982,0.03410,0.59447,-0.01606,1.01389,-0.01493,0.51143,-0.07365,0.01618,0.15915,0.05052,-0.08803,0.42086
0.02800,0.57316,0.27069,-0.08974,-0.74814,-0.03989,0.03412,0.59463,-0.01601,1.01380,-0.01451,0.51123,-0.07894,0.01610,0.17065,0.05044,-0.09403,0.42116
0.02900,0.57319,0.27032,-0.08974,-0.74763,-0.03997,0.03413,0.59481,-0.01596,1.01370,-0.01409,0.51100,-0.08421,0.01602,0.18215,0.05035,-0.10028,0.42145
0.03000,0.57323,0.26994,-0.08974,-0.74711,-0.04006,0.03415,0.59499,-0.01591,1.01361,-0.01366,0.51078,-0.08949,0.01594,0.19365,0.05026,-0.10653,0.42174
0.03100,0.57326,0.26957,-0.08974,-0.74660,-0.04015,0.03417,0.59520,-0.01586,1.01349,-0.01324,0.51058,-0.09476,0.01586,0.20515,0.05018,-0.11303,0.42203
0.03200,0.57330,0.26919,-0.08974,-0.74609,-0.04025,0.03418,0.59540,-0.01581,1.01338,-0.01282,0.51038,-0.10002,0.01578,0.21665,0.05010,-0.11953,0.42231
0.03300,0.57334,0.26882,-0.08974,-0.74558,-0.04035,0.03420,0.59563,-0.01576,1.01325,-0.01240,0.51013,-0.10526,0.01570,0.22805,0.05002,-0.12578,0.42259
0.03400,0.57338,0.26844,-0.08974,-0.74507,-0.04046,0.03421,0.59586,-0.01571,1.01312,-0.01198,0.50988,-0.11050,0.01561,0.23945,0.04994,-0.13203,0.42287
0.03500,0.57342,0.26807,-0.08974,-0.74456,-0.04057,0.03423,0.59611,-0.01566,1.01299,-0.01155,0.50963,-0.11573,0.01552,0.25080,0.04985,-0.13803,0.42315
0.03600,0.57346,0.26769,-0.08974,-0.74405,-0.04069,0.03424,0.59636,-0.01561,1.01285,-0.01113,0.50938,-0.12095,0.01544,0.26215,0.04977,-0.14403,0.42342
0.03700,0.57350,0.26732,-0.08974,-0.74355,-0.04082,0.03426,0.59664,-0.01556,1.01270,-0.01071,0.50913,-0.12615,0.01534,0.27345,0.04970,-0.15028,0.42369
0.03800,0.57355,0.26694,-0.08974,-0.74304,-0.04094,0.03427,0.59691,-0.01551,1.01255,-0.01028,0.50888,-0.13135,0.01525,0.28475,0.04963,-0.15653,0.42396
0.03900,0.57359,0.26657,-0.08974,-0.74253,-0.04108,0.03429,0.59720,-0.01546,1.01239,-0.00986,0.50858,-0.13653,0.01516,0.29602,0.04956,-0.16253,0.42422
0.04000,0.57364,0.26620,-0.08974,-0.74202,-0.04122,0.03431,0.59750,-0.01541,1.01222,-0.00943,0.50828,-0.14170,0.01506,0.30730,0.04948,-0.16853,0.42448
0.04100,0.57369,0.26582,-0.08974,-0.74151,-0.04136,0.03432,0.59782,-0.01536,1.01205,-0.00901,0.50800,-0.14685,0.01497,0.31860,0.04941,-0.17453,0.42474
0.04200,0.57374,0.26545,-0.08974,-0.74100,-0.04151,0.03434,0.59814,-0.01531,1.01187,-0.00858,0.50773,-0.15200,0.01488,0.32990,0.04935,-0.18053,0.42499
0.04300,0.57379,0.26507,-0.08974,-0.74050,-0.04167,0.03435,0.59848,-0.01527,1.01169,-0.00816,0.50748,-0.15713,0.01479,0.34110,0.04928,-0.18653,0.42524
0.04400,0.57384,0.26470,-0.08974,-0.73999,-0.04182,0.03436,0.59882,-0.01522,1.01150,-0.00773,0.50723,-0.16225,0.01469,0.35230,0.04921,-0.19253,0.42549
0.04500,0.57389,0.26433,-0.08974,-0.73948,-0.04199,0.03438,0.59918,-0.01517,1.01130,-0.00731,0.50700,-0.16735,0.01460,0.36342,0.04913,-0.19853,0.42573
0.04600,0.57395,0.26395,-0.08974,-0.73897,-0.04216,0.03439,0.59955,-0.01512,1.01111,-0.00688,0.50678,-0.17245,0.01451,0.37455,0.04906,-0.20453,0.42597
0.04700,0.57400,0.26358,-0.08974,-0.73847,-0.04234,0.03441,0.59993,-0.01507,1.01089,-0.00646,0.50658,-0.17752,0.01441,0.38555,0.04900,-0.21078,0.42620
0.04800,0.57406,0.26321,-0.08974,-0.73796,-0.04251,0.03442,0.60032,-0.01502,1.01068,-0.00603,0.50638,-0.18258,0.01430,0.39655,0.04894,-0.21703,0.42643
0.04900,0.57411,0.26284,-0.08974,-0.73745,-0.04270,0.03444,0.60073,-0.01497,1.01046,-0.00560,0.50608,-0.18762,0.01421,0.40753,0.04888,-0.22303,0.42666
0.05000,0.57417,0.26246,-0.08974,-0.73695,-0.04289,0.03445,0.60113,-0.01492,1.01023,-0.00518,0.50578,-0.19265,0.01411,0.41850,0.04882,-0.22903,0.42689
0.05100,0.57423,0.26209,-0.08974,-0.73644,-0.04309,0.03447,0.60156,-0.01487,1.01000,-0.00475,0.50551,-0.19765,0.01400,0.42945,0.04876,-0.23478,0.42711
0.05200,0.57429,0.26172,-0.08974,-0.73594,-0.04328,0.03448,0.60199,-0.01482,1.00977,-0.00432,0.50523,-0.20264,0.01390,0.44040,0.04870,-0.24053,0.42733
0.05300,0.57435,0.26135,-0.08974,-0.73543,-0.04349,0.03449,0.60244,-0.01478,1.00952,-0.00389,0.50493,-0.20760,0.01380,0.45125,0.04864,-0.24628,0.42755
0.05400,0.57442,0.26098,-0.08974,-0.73493,-0.04370,0.03451,0.60290,-0.01473,1.00927,-0.00347,0.50463,-0.21257,0.01369,0.46210,0.04857,-0.25203,0.42776
0.05500,0.57448,0.26060,-0.08974,-0.73442,-0.04392,0.03452,0.60337,-0.01468,1.00901,-0.00304,0.50433,-0.21750,0.01359,0.47293,0.04852,-0.25803,0.42797
0.05600,0.57455,0.26023,-0.08974,-0.73392,-0.04413,0.03453,0.60384,-0.01463,1.00876,-0.00261,0.50403,-0.22243,0.01349,0.48375,0.04846,-0.26403,0.42817
0.05700,0.57461,0.25986,-0.08974,-0.73341,-0.04436,0.03455,0.60434,-0.01458,1.00849,-0.00218,0.50376,-0.22732,0.01338,0.49445,0.04841,-0.26978,0.42837
0.05800,0.57468,0.25949,-0.08974,-0.73291,-0.04459,0.03456,0.60483,-0.01453,1.00822,-0.00175,0.50348,-0.23221,0.01327,0.50515,0.04835,-0.27553,0.42856
0.05900,0.57475,0.25912,-0.08974,-0.73241,-0.04483,0.03457,0.60535,-0.01449,1.00794,-0.00133,0.50318,-0.23706,0.01317,0.51575,0.04831,-0.28128,0.42875
0.06000,0.57482,0.25875,-0.08974,-0.73191,-0.04506,0.03459,0.60586,-0.01444,1.00765,-0.00090,0.50288,-0.24192,0.01306,0.52635,0.04826,-0.28703,0.42894
0.06100,0.57489,0.25838,-0.08974,-0.73140,-0.04531,0.03460,0.60640,-0.01439,1.00736,-0.00047,0.50258,-0.24673,0.01295,0.53692,0.04821,-0.29303,0.42913
0.06200,0.57496,0.25801,-0.08974,-0.73090,-0.04556,0.03461,0.60694,-0.01434,1.00707,-0.00004,0.50228,-0.25154,0.01284,0.54750,0.04817,-0.29903,0.42932
0.06300,0.57504,0.25764,-0.08974,-0.73040,-0.04581,0.03463,0.60749,-0.01429,1.00677,0.00039,0.50201,-0.25631,0.01272,0.55795,0.04811,-0.30478,0.42949
0.06400,0.57511,0.25727,-0.08974,-0.72990,-0.04607,0.03464,0.60805,-0.01424,1.00646,0.00082,0.50173,-0.26107,0.01261,0.56840,0.04806,-0.31053,0.42967
0.06500,0.57519,0.25690,-0.08974,-0.72939,-0.04634,0.03465,0.60863,-0.01420,1.00614,0.00125,0.50143,-0.26580,0.01249,0.57880,0.04802,-0.31628,0.42984
0.06600,0.57527,0.25653,-0.08974,-0.72889,-0.04660,0.03466,0.60921,-0.01415,1.00583,0.00168,0.50113,-0.27053,0.01238,0.58920,0.04797,-0.32203,0.43001
0.06700,0.57534,0.25616,-0.08974,-0.72839,-0.04688,0.03468,0.60981,-0.01410,1.00550,0.00211,0.50083,-0.27521,0.01226,0.59950,0.04793,-0.32753,0.43017
0.06800,0.57542,0.25579,-0.08974,-0.72789,-0.04715,0.03469,0.61041,-0.01405,1.00517,0.00254,0.50053,-0.27988,0.01215,0.60980,0.04788,-0.33303,0.43032
0.06900,0.57550,0.25543,-0.08974,-0.72739,-0.04744,0.03470,0.61103,-0.01400,1.00483,0.00297,0.50021,-0.28452,0.01203,0.61997,0.04785,-0.33803,0.43047
0.07000,0.57559,0.25506,-0.08974,-0.72689,-0.04772,0.03471,0.61165,-0.01396,1.00449,0.00340,0.49989,-0.28916,0.01192,0.63015,0.04781,-0.34303,0.43062
0.07100,0.57567,0.25469,-0.08974,-0.72639,-0.04802,0.03472,0.61229,-0.01391,1.00415,0.00383,0.49956,-0.29375,0.01180,0.64027,0.04777,-0.34853,0.43077
0.07200,0.57575,0.25432,-0.08974,-0.72589,-0.04831,0.03474,0.61293,-0.01386,1.00380,0.00426,0.49924,-0.29834,0.01169,0.65040,0.04773,-0.35403,0.43091
0.07300,0.57584,0.25395,-0.08974,-0.72539,-0.04861,0.03475,0.61359,-0.01381,1.00344,0.00469,0.49894,-0.30289,0.01157,0.66043,0.04770,-0.35978,0.43104
0.07400,0.57592,0.25359,-0.08974,-0.72489,-0.04892,0.03476,0.61425,-0.01377,1.00308,0.00513,0.49864,-0.30743,0.01145,0.67045,0.04766,-0.36553,0.43118
0.07500,0.57601,0.25322,-0.08974,-0.72440,-0.04923,0.03477,0.61493,-0.01372,1.00271,0.00556,0.49834,-0.31193,0.01133,0.68043,0.04763,-0.37128,0.43131
0.07600,0.57610,0.25285,-0.08974,-0.72390,-0.04954,0.03478,0.61561,-0.01367,1.00234,0.00599,0.49804,-0.31643,0.01120,0.69040,0.04760,-0.37703,0.43144
0.07700,0.57619,0.25249,-0.08974,-0.72340,-0.04986,0.03479,0.61631,-0.01362,1.00195,0.00642,0.49771,-0.32088,0.01108,0.70022,0.04757,-0.38253,0.43156
0.07800,0.57628,0.25212,-0.08974,-0.72290,-0.05018,0.03480,0.61701,-0.01358,1.00157,0.00685,0.49739,-0.32532,0.01096,0.71005,0.04754,-0.38803,0.43169
0.07900,0.57637,0.25176,-0.08974,-0.72240,-0.05051,0.03481,0.61773,-0.01353,1.00118,0.00728,0.49706,-0.32972,0.01083,0.71975,0.04751,-0.39303,0.43180
0.08000,0.57647,0.25139,-0.08974,-0.72191,-0.05084,0.03483,0.61845,-0.01348,1.00078,0.00771,0.49674,-0.33412,0.01070,0.72945,0.04748,-0.39803,0.43191
0.08100,0.57656,0.25103,-0.08974,-0.72141,-0.05118,0.03484,0.61919,-0.01343,1.00038,0.00815,0.49639,-0.33846,0.01058,0.73910,0.04745,-0.40307,0.43202
0.08200,0.57665,0.25066,-0.08974,-0.72092,-0.05152,0.03485,0.61993,-0.01339,0.99998,0.00858,0.49604,-0.34281,0.01046,0.74875,0.04742,-0.40812,0.43212
0.08300,0.57675,0.25030,-0.08974,-0.72042,-0.05186,0.03486,0.62069,-0.01334,0.99956,0.00901,0.49572,-0.34710,0.01033,0.75828,0.04740,-0.41325,0.43221
0.08400,0.57685,0.24993,-0.08974,-0.71992,-0.05221,0.03487,0.62145,-0.01329,0.99915,0.00944,0.49539,-0.35140,0.01020,0.76780,0.04738,-0.41837,0.43230
0.08500,0.57695,0.24957,-0.08974,-0.71943,-0.05257,0.03488,0.62223,-0.01324,0.99873,0.00988,0.49507,-0.35564,0.01007,0.77720,0.04736,-0.42357,0.43238
0.08600,0.57705,0.24921,-0.08974,-0.71893,-0.05292,0.03489,0.62300,-0.01320,0.99830,0.01031,0.49474,-0.35988,0.00994,0.78660,0.04734,-0.42877,0.43247
0.08700,0.57715,0.24884,-0.08974,-0.71844,-0.05329,0.03490,0.62380,-0.01315,0.99787,0.01074,0.49439,-0.36408,0.00981,0.79592,0.04732,-0.43402,0.43255
0.08800,0.57725,0.24848,-0.08974,-0.71794,-0.05365,0.03491,0.62460,-0.01310,0.99744,0.01117,0.49404,-0.36827,0.00968,0.80525,0.04730,-0.43927,0.43263
0.08900,0.57735,0.24812,-0.08974,-0.71745,-0.05402,0.03492,0.62541,-0.01305,0.99699,0.01161,0.49372,-0.37241,0.00955,0.81445,0.04728,-0.44442,0.43271
0.09000,0.57746,0.24776,-0.08974,-0.71696,-0.05440,0.03493,0.62622,-0.01301,0.99655,0.01204,0.49339,-0.37655,0.00942,0.82365,0.04726,-0.44957,0.43278
0.09100,0.57757,0.24739,-0.08974,-0.71646,-0.05478,0.03494,0.62706,-0.01296,0.99609,0.01247,0.49307,-0.38064,0.00929,0.83280,0.04725,-0.45462,0.43284
0.09200,0.57767,0.24703,-0.08974,-0.71597,-0.05516,0.03494,0.62789,-0.01291,0.99564,0.01290,0.49275,-0.38473,0.00915,0.84195,0.04724,-0.45967,0.43290
0.09300,0.57778,0.24667,-0.08974,-0.71548,-0.05555,0.03495,0.62874,-0.01287,0.99517,0.01334,0.49240,-0.38877,0.00902,0.85100,0.04722,-0.46465,0.43295
0.09400,0.57789,0.24631,-0.08974,-0.71499,-0.05594,0.03496,0.62959,-0.01282,0.99471,0.01377,0.49205,-0.39280,0.00888,0.86005,0.04721,-0.46962,0.43300
0.09500,0.57800,0.24595,-0.08974,-0.71449,-0.05633,0.03497,0.63046,-0.01277,0.99423,0.01420,0.49167,-0.39678,0.00875,0.86892,0.04720,-0.47452,0.43305
0.09600,0.57811,0.24559,-0.08974,-0.71400,-0.05673,0.03498,0.63133,-0.01272,0.99376,0.01464,0.49130,-0.40076,0.00862,0.87780,0.04719,-0.47942,0.43309
0.09700,0.57822,0.24523,-0.08974,-0.71351,-0.05713,0.03499,0.63222,-0.01268,0.99327,0.01507,0.49095,-0.40469,0.00848,0.88655,0.04718,-0.48430,0.43313
0.09800,0.57834,0.24487,-0.08974,-0.71302,-0.05754,0.03500,0.63310,-0.01263,0.99279,0.01550,0.49060,-0.40861,0.00834,0.89530,0.04718,-0.48917,0.43316
0.09900,0.57845,0.24451,-0.08974,-0.71253,-0.05795,0.03501,0.63401,-0.01258,0.99230,0.01594,0.49025,-0.41248,0.00820,0.90397,0.04717,-0.49397,0.43319
0.10000,0.57857,0.24415,-0.08974,-0.71204,-0.05836,0.03501,0.63491,-0.01253,0.99180,0.01637,0.48990,-0.41634,0.00806,0.91265,0.04717,-0.49877,0.43322
0.10100,0.57869,0.24379,-0.08974,-0.71155,-0.05878,0.03502,0.63583,-0.01249,0.99130,0.01680,0.48960,-0.42016,0.00792,0.92122,0.04717,-0.50347,0.43324
0.10200,0.57880,0.24344,-0.08974,-0.71106,-0.05920,0.03503,0.63676,-0.01244,0.99080,0.01724,0.48930,-0.42397,0.00777,0.92980,0.04716,-0.50817,0.43326
0.10300,0.57892,0.24308,-0.08974,-0.71057,-0.05963,0.03504,0.63769,-0.01239,0.99028,0.01767,0.48893,-0.42773,0.00763,0.93825,0.04716,-0.51290,0.43327
0.10400,0.57904,0.24272,-0.08974,-0.71008,-0.06006,0.03504,0.63863,-0.01235,0.98977,0.01810,0.48855,-0.43149,0.00749,0.94670,0.04716,-0.51762,0.43329
0.10500,0.57916,0.24236,-0.08974,-0.70959,-0.06050,0.03505,0.63959,-0.01230,0.98925,0.01854,0.48815,-0.43519,0.00734,0.95505,0.04716,-0.52227,0.43329
0.10600,0.57929,0.24201,-0.08974,-0.70911,-0.06093,0.03506,0.64054,-0.01225,0.98873,0.01897,0.48775,-0.43890,0.00720,0.96340,0.04716,-0.52692,0.43329
0.10700,0.57941,0.24165,-0.08974,-0.70862,-0.06137,0.03507,0.64151,-0.01220,0.98819,0.01940,0.48738,-0.44255,0.00706,0.97165,0.04717,-0.53150,0.43328
0.10800,0.57954,0.24130,-0.08974,-0.70813,-0.06182,0.03507,0.64249,-0.01216,0.98766,0.01984,0.48701,-0.44620,0.00693,0.97990,0.04717,-0.53607,0.43327
0.10900,0.57966,0.24094,-0.08974,-0.70765,-0.06227,0.03508,0.64347,-0.01211,0.98712,0.02027,0.48666,-0.44979,0.00678,0.98805,0.04718,-0.54060,0.43325
0.11000,0.57979,0.24059,-0.08974,-0.70716,-0.06272,0.03509,0.64446,-0.01206,0.98658,0.02070,0.48631,-0.45339,0.00664,0.99620,0.04718,-0.54512,0.43322
0.11100,0.57992,0.24023,-0.08974,-0.70667,-0.06317,0.03509,0.64547,-0.01202,0.98603,0.02113,0.48593,-0.45692,0.00649,1.00425,0.04719,-0.54957,0.43320
0.11200,0.58005,0.23988,-0.08974,-0.70619,-0.06363,0.03510,0.64647,-0.01197,0.98548,0.02157,0.48556,-0.46046,0.00634,1.01230,0.04719,-0.55402,0.43318
0.11300,0.58018,0.23952,-0.08974,-0.70570,-0.06409,0.03511,0.64749,-0.01192,0.98492,0.02200,0.48521,-0.46394,0.00617,1.02018,0.04719,-0.55847,0.43321
0.11400,0.58031,0.23917,-0.08974,-0.70522,-0.06456,0.03511,0.64851,-0.01187,0.98436,0.02243,0.48486,-0.46742,0.00599,1.02805,0.04719,-0.56292,0.43323
0.11500,0.58044,0.23882,-0.08974,-0.70473,-0.06503,0.03512,0.64955,-0.01183,0.98380,0.02287,0.48446,-0.47084,0.00583,1.03580,0.04720,-0.56730,0.43322
0.11600,0.58057,0.23847,-0.08974,-0.70425,-0.06550,0.03512,0.65058,-0.01178,0.98323,0.02330,0.48406,-0.47427,0.00567,1.04355,0.04721,-0.57167,0.43321
0.11700,0.58071,0.23811,-0.08974,-0.70376,-0.06598,0.03513,0.65164,-0.01173,0.98265,0.02373,0.48369,-0.47765,0.00552,1.05127,0.04722,-0.57597,0.43316
0.11800,0.58085,0.23776,-0.08974,-0.70328,-0.06645,0.03513,0.65269,-0.01169,0.98208,0.02417,0.48331,-0.48102,0.00537,1.05900,0.04724,-0.58027,0.43311
0.11900,0.58098,0.23741,-0.08974,-0.70280,-0.06694,0.03514,0.65375,-0.01164,0.98149,0.02460,0.48296,-0.48434,0.00523,1.06660,0.04725,-0.58452,0.43302
0.12000,0.58112,0.23706,-0.08974,-0.70231,-0.06742,0.03515,0.65482,-0.01159,0.98091,0.02503,0.48262,-0.48766,0.00510,1.07420,0.04727,-0.58877,0.43292
0.12100,0.58126,0.23671,-0.08974,-0.70183,-0.06791,0.03515,0.65590,-0.01154,0.98031,0.02547,0.48222,-0.49092,0.00497,1.08170,0.04730,-0.59302,0.43279
0.12200,0.58140,0.23636,-0.08974,-0.70135,-0.06841,0.03516,0.65698,-0.01150,0.97972,0.02590,0.48182,-0.49419,0.00484,1.08920,0.04734,-0.59727,0.43267
0.12300,0.58154,0.23601,-0.08974,-0.70087,-0.06890,0.03516,0.65808,-0.01145,0.97912,0.02633,0.48144,-0.49739,0.00469,1.09655,0.04736,-0.60142,0.43259
0.12400,0.58169,0.23566,-0.08974,-0.70039,-0.06940,0.03516,0.65918,-0.01140,0.97852,0.02676,0.48107,-0.50060,0.00453,1.10390,0.04738,-0.60557,0.43251
0.12500,0.58183,0.23531,-0.08974,-0.69991,-0.06990,0.03517,0.66029,-0.01135,0.97791,0.02720,0.48062,-0.50375,0.00438,1.11110,0.04740,-0.60967,0.43242
0.12600,0.58197,0.23497,-0.08974,-0.69943,-0.07041,0.03517,0.66140,-0.01131,0.97730,0.02763,0.48017,-0.50690,0.00423,1.11830,0.04743,-0.61377,0.43233
0.12700,0.58212,0.23462,-0.08974,-0.69895,-0.07092,0.03518,0.66253,-0.01126,0.97668,0.02806,0.47977,-0.51001,0.00407,1.12548,0.04746,-0.61782,0.43223
0.12800,0.58227,0.23427,-0.08974,-0.69847,-0.07143,0.03518,0.66365,-0.01121,0.97606,0.02849,0.47937,-0.51311,0.00392,1.13265,0.04748,-0.62187,0.43214
0.12900,0.58242,0.23392,-0.08974,-0.69799,-0.07194,0.03519,0.66479,-0.01116,0.97544,0.02893,0.47897,-0.51616,0.00376,1.13967,0.04751,-0.62584,0.43203
0.13000,0.58256,0.23358,-0.08974,-0.69751,-0.07246,0.03519,0.66593,-0.01112,0.97481,0.02936,0.47857,-0.51920,0.00360,1.14670,0.04753,-0.62982,0.43193
0.13100,0.58271,0.23323,-0.08974,-0.69703,-0.07298,0.03519,0.66708,-0.01107,0.97418,0.02979,0.47820,-0.52219,0.00344,1.15362,0.04756,-0.63379,0.43181
0.13200,0.58287,0.23289,-0.08974,-0.69655,-0.07351,0.03520,0.66824,-0.01102,0.97354,0.03022,0.47783,-0.52518,0.00329,1.16055,0.04759,-0.63777,0.43170
0.13300,0.58302,0.23254,-0.08974,-0.69607,-0.07403,0.03520,0.66941,-0.01097,0.97290,0.03065,0.47743,-0.52811,0.00313,1.16740,0.04761,-0.64164,0.43157
0.13400,0.58317,0.23220,-0.08974,-0.69560,-0.07456,0.03520,0.67057,-0.01093,0.97226,0.03108,0.47703,-0.53104,0.00297,1.17425,0.04764,-0.64552,0.43145
0.13500,0.58333,0.23185,-0.08974,-0.69512,-0.07510,0.03521,0.67175,-0.01088,0.97161,0.03152,0.47660,-0.53392,0.00281,1.18098,0.04767,-0.64929,0.43132
0.13600,0.58348,0.23151,-0.08974,-0.69464,-0.07563,0.03521,0.67294,-0.01083,0.97096,0.03195,0.47618,-0.53680,0.00266,1.18770,0.04771,-0.65307,0.43119
0.13700,0.58364,0.23117,-0.08974,-0.69417,-0.07617,0.03521,0.67413,-0.01078,0.97030,0.03238,0.47581,-0.53963,0.00249,1.19433,0.04774,-0.65684,0.43105
0.13800,0.58380,0.23083,-0.08974,-0.69369,-0.07671,0.03521,0.67532,-0.01074,0.96965,0.03281,0.47543,-0.54247,0.00233,1.20095,0.04778,-0.66062,0.43091
0.13900,0.58396,0.23048,-0.08974,-0.69322,-0.07725,0.03522,0.67653,-0.01069,0.96898,0.03324,0.47501,-0.54524,0.00217,1.20742,0.04782,-0.66432,0.43076
0.14000,0.58412,0.23014,-0.08974,-0.69274,-0.07780,0.03522,0.67774,-0.01064,0.96832,0.03367,0.47458,-0.54802,0.00201,1.21390,0.04786,-0.66802,0.43061
0.14100,0.58428,0.22980,-0.08974,-0.69227,-0.07835,0.03522,0.67896,-0.01059,0.96765,0.03410,0.47414,-0.55075,0.00185,1.22027,0.04789,-0.67171,0.43045
0.14200,0.58444,0.22946,-0.08974,-0.69179,-0.07890,0.03522,0.68018,-0.01054,0.96698,0.03453,0.47369,-0.55348,0.00168,1.22665,0.04793,-0.67541,0.43028
0.14300,0.58460,0.22912,-0.08974,-0.69132,-0.07946,0.03522,0.68141,-0.01050,0.96630,0.03496,0.47324,-0.55615,0.00152,1.23298,0.04797,-0.67909,0.43011
0.14400,0.58477,0.22878,-0.08974,-0.69085,-0.08001,0.03522,0.68265,-0.01045,0.96562,0.03539,0.47279,-0.55882,0.00136,1.23930,0.04802,-0.68276,0.42995
0.14500,0.58493,0.22844,-0.08974,-0.69037,-0.08058,0.03523,0.68389,-0.01040,0.96493,0.03582,0.47241,-0.56144,0.00120,1.24555,0.04806,-0.68634,0.42977
0.14600,0.58510,0.22810,-0.08974,-0.68990,-0.08114,0.03523,0.68514,-0.01035,0.96424,0.03625,0.47204,-0.56406,0.00104,1.25180,0.04810,-0.68991,0.42959
0.14700,0.58527,0.22777,-0.08974,-0.68943,-0.08170,0.03523,0.68640,-0.01030,0.96355,0.03668,0.47164,-0.56663,0.00087,1.25787,0.04814,-0.69346,0.42941
0.14800,0.58543,0.22743,-0.08974,-0.68896,-0.08227,0.03523,0.68765,-0.01026,0.96286,0.03711,0.47124,-0.56920,0.00070,1.26395,0.04818,-0.69701,0.42922
0.14900,0.58560,0.22709,-0.08974,-0.68849,-0.08284,0.03523,0.68892,-0.01021,0.96216,0.03754,0.47084,-0.57172,0.00053,1.26992,0.04823,-0.70046,0.42903
0.15000,0.58577,0.22676,-0.08974,-0.68802,-0.08341,0.03523,0.69019,-0.01016,0.96146,0.03797,0.47045,-0.57424,0.00037,1.27590,0.04828,-0.70391,0.42883
0.15100,0.58595,0.22642,-0.08974,-0.68755,-0.08399,0.03523,0.69148,-0.01011,0.96075,0.03840,0.47000,-0.57671,0.00020,1.28178,0.04832,-0.70734,0.42863
0.15200,0.58612,0.22609,-0.08974,-0.68708,-0.08457,0.03523,0.69276,-0.01006,0.96004,0.03883,0.46955,-0.57918,0.00003,1.28765,0.04836,-0.71076,0.42842
0.15300,0.58629,0.22575,-0.08974,-0.68661,-0.08515,0.03523,0.69405,-0.01001,0.95933,0.03925,0.46907,-0.58160,-0.00014,1.29347,0.04842,-0.71414,0.42820
0.15400,0.58647,0.22542,-0.08974,-0.68614,-0.08573,0.03523,0.69535,-0.00997,0.95861,0.03968,0.46860,-0.58402,-0.00031,1.29930,0.04847,-0.71751,0.42799
0.15500,0.58664,0.22508,-0.08974,-0.68567,-0.08632,0.03523,0.69665,-0.00992,0.95789,0.04011,0.46815,-0.58639,-0.00047,1.30500,0.04852,-0.72084,0.42777
0.15600,0.58682,0.22475,-0.08974,-0.68520,-0.08690,0.03523,0.69796,-0.00987,0.95717,0.04054,0.46770,-0.58875,-0.00064,1.31070,0.04856,-0.72416,0.42754
0.15700,0.58700,0.22442,-0.08974,-0.68474,-0.08749,0.03523,0.69927,-0.00982,0.95644,0.04097,0.46730,-0.59107,-0.00084,1.31630,0.04860,-0.72741,0.42737
0.15800,0.58718,0.22409,-0.08974,-0.68427,-0.08809,0.03523,0.70059,-0.00977,0.95572,0.04139,0.46691,-0.59339,-0.00104,1.32190,0.04863,-0.73066,0.42719
0.15900,0.58736,0.22376,-0.08974,-0.68380,-0.08868,0.03523,0.70192,-0.00972,0.95498,0.04182,0.46646,-0.59567,-0.00123,1.32740,0.04868,-0.73389,0.42698
0.16000,0.58754,0.22342,-0.08974,-0.68334,-0.08928,0.03522,0.70324,-0.00967,0.95425,0.04225,0.46601,-0.59795,-0.00141,1.33290,0.04872,-0.73711,0.42678
0.16100,0.58772,0.22309,-0.08974,-0.68287,-0.08988,0.03522,0.70458,-0.00963,0.95351,0.04267,0.46561,-0.60018,-0.00158,1.33830,0.04877,-0.74031,0.42653
0.16200,0.58790,0.22276,-0.08974,-0.68240,-0.09048,0.03522,0.70592,-0.00958,0.95277,0.04310,0.46521,-0.60241,-0.00175,1.34370,0.04883,-0.74351,0.42628
0.16300,0.58809,0.22244,-0.08974,-0.68194,-0.09108,0.03522,0.70727,-0.00953,0.95202,0.04353,0.46476,-0.60458,-0.00191,1.34905,0.04889,-0.74666,0.42600
0.16400,0.58827,0.22211,-0.08974,-0.68148,-0.09169,0.03522,0.70862,-0.00948,0.95127,0.04395,0.46431,-0.60676,-0.00206,1.35440,0.04896,-0.74981,0.42571
0.16500,0.58846,0.22178,-0.08974,-0.68101,-0.09230,0.03522,0.70998,-0.00943,0.95052,0.04438,0.46379,-0.60889,-0.00220,1.35960,0.04904,-0.75291,0.42538
0.16600,0.58865,0.22145,-0.08974,-0.68055,-0.09291,0.03521,0.71134,-0.00938,0.94977,0.04480,0.46327,-0.61102,-0.00234,1.36480,0.04912,-0.75601,0.42505
0.16700,0.58883,0.22113,-0.08974,-0.68008,-0.09352,0.03521,0.71271,-0.00933,0.94901,0.04523,0.46284,-0.61311,-0.00252,1.36993,0.04918,-0.75901,0.42477
0.16800,0.58902,0.22080,-0.08974,-0.67962,-0.09413,0.03521,0.71408,-0.00928,0.94825,0.04565,0.46242,-0.61519,-0.00269,1.37505,0.04924,-0.76201,0.42449
0.16900,0.58922,0.22048,-0.08974,-0.67916,-0.09475,0.03520,0.71546,-0.00923,0.94749,0.04608,0.46194,-0.61723,-0.00286,1.38010,0.04930,-0.76501,0.42421
0.17000,0.58941,0.22015,-0.08974,-0.67870,-0.09537,0.03520,0.71684,-0.00918,0.94672,0.04650,0.46147,-0.61927,-0.00303,1.38515,0.04936,-0.76801,0.42393
0.17100,0.58960,0.21983,-0.08974,-0.67824,-0.09599,0.03520,0.71823,-0.00913,0.94595,0.04692,0.46100,-0.62127,-0.00320,1.39010,0.04942,-0.77101,0.42364
0.17200,0.58979,0.21950,-0.08974,-0.67778,-0.09661,0.03520,0.71962,-0.00909,0.94518,0.04735,0.46052,-0.62326,-0.00338,1.39505,0.04949,-0.77401,0.42335
0.17300,0.58999,0.21918,-0.08974,-0.67732,-0.09723,0.03519,0.72102,-0.00904,0.94440,0.04777,0.46005,-0.62521,-0.00356,1.39993,0.04955,-0.77696,0.42304
0.17400,0.59018,0.21886,-0.08974,-0.67685,-0.09786,0.03519,0.72242,-0.00899,0.94362,0.04819,0.45958,-0.62716,-0.00373,1.40480,0.04961,-0.77991,0.42274
0.17500,0.59038,0.21854,-0.08974,-0.67640,-0.09849,0.03518,0.72383,-0.00894,0.94284,0.04862,0.45908,-0.62905,-0.00391,1.40960,0.04968,-0.78278,0.42243
0.17600,0.59057,0.21821,-0.08974,-0.67594,-0.09912,0.03518,0.72524,-0.00889,0.94206,0.04904,0.45858,-0.63094,-0.00409,1.41440,0.04974,-0.78565,0.42212
0.17700,0.59077,0.21789,-0.08974,-0.67548,-0.09975,0.03518,0.72666,-0.00884,0.94127,0.04946,0.45811,-0.63280,-0.00427,1.41905,0.04981,-0.78845,0.42179
0.17800,0.59097,0.21757,-0.08974,-0.67502,-0.10038,0.03517,0.72808,-0.00879,0.94048,0.04988,0.45763,-0.63466,-0.00444,1.42370,0.04988,-0.79125,0.42147
0.17900,0.59117,0.21725,-0.08974,-0.67456,-0.10102,0.03517,0.72951,-0.00874,0.93969,0.05030,0.45723,-0.63650,-0.00462,1.42830,0.04995,-0.79400,0.42112
0.18000,0.59137,0.21694,-0.08974,-0.67411,-0.10166,0.03516,0.73093,-0.00869,0.93889,0.05072,0.45684,-0.63833,-0.00479,1.43290,0.05002,-0.79675,0.42078
0.18100,0.59158,0.21662,-0.08974,-0.67365,-0.10230,0.03516,0.73237,-0.00864,0.93809,0.05115,0.45636,-0.64013,-0.00497,1.43740,0.05009,-0.79950,0.42042
0.18200,0.59178,0.21630,-0.08974,-0.67319,-0.10294,0.03515,0.73381,-0.00859,0.93729,0.05157,0.45589,-0.64193,-0.00514,1.44190,0.05016,-0.80225,0.42007
0.18300,0.59199,0.21598,-0.08974,-0.67274,-0.10358,0.03515,0.73525,-0.00854,0.93649,0.05199,0.45539,-0.64366,-0.00532,1.44635,0.05023,-0.80495,0.41974
0.18400,0.59219,0.21567,-0.08974,-0.67228,-0.10422,0.03514,0.73670,-0.00849,0.93568,0.05240,0.45489,-0.64539,-0.00550,1.45080,0.05030,-0.80765,0.41940
0.18500,0.59240,0.21535,-0.08974,-0.67183,-0.10487,0.03514,0.73816,-0.00844,0.93487,0.05282,0.45437,-0.64707,-0.00568,1.45518,0.05037,-0.81033,0.41906
0.18600,0.59261,0.21504,-0.08974,-0.67137,-0.10552,0.03513,0.73961,-0.00839,0.93406,0.05324,0.45385,-0.64874,-0.00585,1.45955,0.05044,-0.81300,0.41872
0.18700,0.59281,0.21472,-0.08974,-0.67092,-0.10617,0.03513,0.74108,-0.00834,0.93325,0.05366,0.45335,-0.65037,-0.00603,1.46380,0.05051,-0.81563,0.41840
0.18800,0.59302,0.21441,-0.08974,-0.67047,-0.10682,0.03512,0.74254,-0.00829,0.93243,0.05408,0.45285,-0.65199,-0.00621,1.46805,0.05058,-0.81825,0.41808
0.18900,0.59323,0.21410,-0.08974,-0.67002,-0.10747,0.03511,0.74401,-0.00823,0.93161,0.05450,0.45238,-0.65362,-0.00639,1.47228,0.05066,-0.82083,0.41768
0.19000,0.59345,0.21379,-0.08974,-0.66956,-0.10813,0.03511,0.74548,-0.00818,0.93079,0.05492,0.45190,-0.65524,-0.00656,1.47650,0.05073,-0.82340,0.41727
0.19100,0.59366,0.21347,-0.08974,-0.66911,-0.10878,0.03510,0.74697,-0.00813,0.92996,0.05533,0.45140,-0.65682,-0.00674,1.48060,0.05081,-0.82595,0.41689
0.19200,0.59387,0.21316,-0.08974,-0.66866,-0.10944,0.03509,0.74845,-0.00808,0.92914,0.05575,0.45091,-0.65839,-0.00692,1.48470,0.05088,-0.82850,0.41652
0.19300,0.59409,0.21285,-0.08974,-0.66821,-0.11010,0.03509,0.74993,-0.00803,0.92831,0.05617,0.45043,-0.65994,-0.00714,1.48875,0.05094,-0.83100,0.41616
0.19400,0.59430,0.21254,-0.08974,-0.66776,-0.11076,0.03508,0.75142,-0.00798,0.92748,0.05658,0.44996,-0.66149,-0.00735,1.49280,0.05099,-0.83350,0.41581
0.19500,0.59452,0.21223,-0.08974,-0.66731,-0.11142,0.03507,0.75292,-0.00793,0.92664,0.05700,0.44944,-0.66299,-0.00755,1.49673,0.05105,-0.83595,0.41538
0.19600,0.59473,0.21193,-0.08974,-0.66686,-0.11209,0.03506,0.75442,-0.00788,0.92580,0.05741,0.44891,-0.66449,-0.00775,1.50065,0.05112,-0.83840,0.41495
0.19700,0.59495,0.21162,-0.08974,-0.66641,-0.11275,0.03506,0.75592,-0.00783,0.92496,0.05783,0.44846,-0.66594,-0.00793,1.50453,0.05120,-0.84082,0.41455
0.19800,0.59517,0.21131,-0.08974,-0.66596,-0.11342,0.03505,0.75743,-0.00778,0.92412,0.05824,0.44802,-0.66739,-0.00811,1.50840,0.05128,-0.84325,0.41415
0.19900,0.59539,0.21101,-0.08974,-0.66552,-0.11409,0.03504,0.75894,-0.00772,0.92328,0.05866,0.44752,-0.66882,-0.00827,1.51222,0.05137,-0.84562,0.41367
0.20000,0.59561,0.21070,-0.08974,-0.66507,-0.11476,0.03503,0.76045,-0.00767,0.92243,0.05907,0.44702,-0.67025,-0.00843,1.51605,0.05146,-0.84800,0.41319
0.20100,0.59584,0.21040,-0.08974,-0.66462,-0.11543,0.03502,0.76197,-0.00762,0.92158,0.05948,0.44647,-0.67157,-0.00858,1.51975,0.05157,-0.85037,0.41279
0.20200,0.59606,0.21009,-0.08974,-0.66417,-0.11610,0.03501,0.76349,-0.00757,0.92073,0.05989,0.44592,-0.67290,-0.00873,1.52345,0.05168,-0.85275,0.41239
0.20300,0.59628,0.20979,-0.08974,-0.66373,-0.11677,0.03500,0.76502,-0.00752,0.91988,0.06031,0.44535,-0.67425,-0.00892,1.52710,0.05176,-0.85512,0.41199
0.20400,0.59651,0.20949,-0.08974,-0.66328,-0.11745,0.03500,0.76655,-0.00747,0.91902,0.06072,0.44478,-0.67560,-0.00910,1.53075,0.05183,-0.85749,0.41158
0.20500,0.59673,0.20918,-0.08974,-0.66284,-0.11812,0.03499,0.76808,-0.00741,0.91816,0.06113,0.44420,-0.67692,-0.00929,1.53432,0.05191,-0.85977,0.41111
0.20600,0.59696,0.20888,-0.08974,-0.66240,-0.11880,0.03498,0.76961,-0.00736,0.91730,0.06154,0.44363,-0.67825,-0.00948,1.53790,0.05200,-0.86204,0.41063
0.20700,0.59719,0.20858,-0.08974,-0.66195,-0.11948,0.03497,0.77116,-0.00731,0.91644,0.06195,0.44313,-0.67952,-0.00966,1.54143,0.05208,-0.86427,0.41018
0.20800,0.59742,0.20828,-0.08974,-0.66151,-0.12016,0.03496,0.77270,-0.00726,0.91557,0.06236,0.44263,-0.68080,-0.00985,1.54495,0.05216,-0.86649,0.40973
0.20900,0.59765,0.20798,-0.08974,-0.66107,-0.12084,0.03495,0.77425,-0.00721,0.91470,0.06277,0.44211,-0.68202,-0.01003,1.54842,0.05225,-0.86867,0.40923
0.21000,0.59788,0.20769,-0.08974,-0.66063,-0.12153,0.03494,0.77579,-0.00715,0.91383,0.06318,0.44159,-0.68325,-0.01021,1.55190,0.05234,-0.87084,0.40873
0.21100,0.59811,0.20739,-0.08974,-0.66018,-0.12221,0.03493,0.77735,-0.00710,0.91296,0.06359,0.44106,-0.68442,-0.01039,1.55527,0.05243,-0.87304,0.40830
0.21200,0.59834,0.20709,-0.08974,-0.65974,-0.12289,0.03492,0.77890,-0.00705,0.91209,0.06400,0.44054,-0.68560,-0.01056,1.55865,0.05251,-0.87524,0.40788
0.21300,0.59857,0.20680,-0.08974,-0.65930,-0.12358,0.03491,0.78047,-0.00700,0.91121,0.06440,0.43997,-0.68675,-0.01075,1.56197,0.05259,-0.87739,0.40740
0.21400,0.59881,0.20650,-0.08974,-0.65886,-0.12427,0.03490,0.78203,-0.00694,0.91033,0.06481,0.43940,-0.68790,-0.01093,1.56530,0.05268,-0.87954,0.40693
0.21500,0.59904,0.20621,-0.08974,-0.65842,-0.12496,0.03488,0.78360,-0.00689,0.90945,0.06522,0.43885,-0.68907,-0.01111,1.56855,0.05277,-0.88164,0.40640
0.21600,0.59928,0.20591,-0.08974,-0.65799,-0.12565,0.03487,0.78517,-0.00684,0.90857,0.06562,0.43830,-0.69025,-0.01130,1.57180,0.05286,-0.88374,0.40588
0.21700,0.59952,0.20562,-0.08974,-0.65755,-0.12634,0.03486,0.78674,-0.00679,0.90768,0.06603,0.43780,-0.69138,-0.01148,1.57492,0.05295,-0.88579,0.40543
0.21800,0.59975,0.20533,-0.08974,-0.65711,-0.12703,0.03485,0.78832,-0.00673,0.90680,0.06643,0.43730,-0.69250,-0.01167,1.57805,0.05303,-0.88784,0.40498
0.21900,0.59999,0.20504,-0.08974,-0.65667,-0.12772,0.03484,0.78990,-0.00668,0.90591,0.06684,0.43676,-0.69358,-0.01186,1.58115,0.05312,-0.88991,0.40443
0.22000,0.60023,0.20474,-0.08974,-0.65624,-0.12842,0.03483,0.79148,-0.00663,0.90502,0.06724,0.43621,-0.69465,-0.01204,1.58425,0.05321,-0.89199,0.40388
0.22100,0.60047,0.20445,-0.08974,-0.65580,-0.12911,0.03481,0.79307,-0.00657,0.90412,0.06765,0.43568,-0.69565,-0.01225,1.58727,0.05327,-0.89406,0.40338
0.22200,0.60071,0.20417,-0.08974,-0.65537,-0.12981,0.03480,0.79465,-0.00652,0.90323,0.06805,0.43516,-0.69665,-0.01246,1.59030,0.05333,-0.89614,0.40288
0.22300,0.60096,0.20388,-0.08974,-0.65493,-0.13051,0.03479,0.79625,-0.00647,0.90233,0.06845,0.43456,-0.69763,-0.01265,1.59330,0.05341,-0.89809,0.40238
0.22400,0.60120,0.20359,-0.08974,-0.65450,-0.13120,0.03478,0.79784,-0.00641,0.90143,0.06885,0.43397,-0.69860,-0.01285,1.59630,0.05348,-0.90004,0.40189
0.22500,0.60145,0.20330,-0.08974,-0.65406,-0.13190,0.03476,0.79944,-0.00636,0.90053,0.06926,0.43339,-0.69955,-0.01303,1.59923,0.05357,-0.90199,0.40134
0.22600,0.60169,0.20302,-0.08974,-0.65363,-0.13260,0.03475,0.80104,-0.00631,0.89963,0.06966,0.43282,-0.70050,-0.01321,1.60215,0.05367,-0.90394,0.40079
0.22700,0.60194,0.20273,-0.08974,-0.65320,-0.13330,0.03474,0.80264,-0.00625,0.89872,0.07006,0.43225,-0.70145,-0.01339,1.60498,0.05377,-0.90583,0.40029
0.22800,0.60218,0.20245,-0.08974,-0.65277,-0.13400,0.03472,0.80425,-0.00620,0.89782,0.07046,0.43167,-0.70240,-0.01356,1.60780,0.05388,-0.90773,0.39979
0.22900,0.60243,0.20216,-0.08974,-0.65233,-0.13471,0.03471,0.80586,-0.00614,0.89691,0.07086,0.43108,-0.70338,-0.01372,1.61060,0.05399,-0.90963,0.39920
0.23000,0.60268,0.20188,-0.08974,-0.65190,-0.13541,0.03470,0.80747,-0.00609,0.89600,0.07126,0.43048,-0.70436,-0.01388,1.61340,0.05411,-0.91153,0.39860
0.23100,0.60293,0.20159,-0.08974,-0.65147,-0.13612,0.03468,0.80909,-0.00604,0.89509,0.07165,0.42991,-0.70521,-0.01407,1.61615,0.05420,-0.91343,0.39800
0.23200,0.60318,0.20131,-0.08974,-0.65104,-0.13682,0.03467,0.81070,-0.00598,0.89417,0.07205,0.42933,-0.70606,-0.01425,1.61890,0.05430,-0.91533,0.39741
0.23300,0.60343,0.20103,-0.08974,-0.65061,-0.13753,0.03465,0.81232,-0.00593,0.89325,0.07245,0.42871,-0.70691,-0.01444,1.62160,0.05439,-0.91711,0.39686
0.23400,0.60369,0.20075,-0.08974,-0.65019,-0.13824,0.03464,0.81395,-0.00587,0.89234,0.07285,0.42809,-0.70776,-0.01462,1.62430,0.05448,-0.91888,0.39631
0.23500,0.60394,0.20047,-0.08974,-0.64976,-0.13894,0.03462,0.81557,-0.00582,0.89142,0.07324,0.42751,-0.70856,-0.01481,1.62692,0.05458,-0.92068,0.39574
0.23600,0.60419,0.20020,-0.08974,-0.64933,-0.13965,0.03461,0.81720,-0.00576,0.89050,0.07364,0.42694,-0.70936,-0.01499,1.62955,0.05467,-0.92248,0.39517
0.23700,0.60445,0.19992,-0.08974,-0.64890,-0.14036,0.03459,0.81883,-0.00571,0.88957,0.07403,0.42634,-0.71013,-0.01518,1.63210,0.05477,-0.92428,0.39462
0.23800,0.60470,0.19964,-0.08974,-0.64848,-0.14107,0.03458,0.82046,-0.00565,0.88865,0.07443,0.42575,-0.71091,-0.01537,1.63465,0.05486,-0.92608,0.39408
0.23900,0.60496,0.19937,-0.08974,-0.64805,-0.14179,0.03456,0.82210,-0.00560,0.88772,0.07482,0.42517,-0.71171,-0.01555,1.63715,0.05495,-0.92780,0.39348
0.24000,0.60522,0.19909,-0.08974,-0.64763,-0.14250,0.03455,0.82374,-0.00554,0.88679,0.07521,0.42460,-0.71251,-0.01574,1.63965,0.05505,-0.92953,0.39288
0.24100,0.60548,0.19881,-0.08974,-0.64720,-0.14321,0.03453,0.82538,-0.00549,0.88586,0.07561,0.42398,-0.71321,-0.01592,1.64210,0.05514,-0.93125,0.39229
0.24200,0.60574,0.19854,-0.08974,-0.64678,-0.14392,0.03452,0.82702,-0.00543,0.88493,0.07600,0.42336,-0.71391,-0.01611,1.64455,0.05523,-0.93298,0.39169
0.24300,0.60600,0.19827,-0.08974,-0.64636,-0.14464,0.03450,0.82867,-0.00538,0.88399,0.07639,0.42278,-0.71459,-0.01631,1.64692,0.05530,-0.93465,0.39110
0.24400,0.60626,0.19800,-0.08974,-0.64593,-0.14535,0.03448,0.83032,-0.00532,0.88306,0.07678,0.42221,-0.71526,-0.01651,1.64930,0.05537,-0.93633,0.39050
0.24500,0.60652,0.19773,-0.08974,-0.64551,-0.14607,0.03447,0.83197,-0.00527,0.88212,0.07717,0.42161,-0.71594,-0.01671,1.65160,0.05546,-0.93803,0.38986
0.24600,0.60678,0.19745,-0.08974,-0.64509,-0.14678,0.03445,0.83362,-0.00521,0.88118,0.07756,0.42101,-0.71661,-0.01690,1.65390,0.05555,-0.93973,0.38921
0.24700,0.60705,0.19719,-0.08974,-0.64467,-0.14750,0.03443,0.83528,-0.00516,0.88024,0.07795,0.42039,-0.71726,-0.01709,1.65615,0.05564,-0.94137,0.38859
0.24800,0.60731,0.19692,-0.08974,-0.64425,-0.14822,0.03442,0.83693,-0.00510,0.87930,0.07834,0.41977,-0.71791,-0.01727,1.65840,0.05574,-0.94302,0.38798
0.24900,0.60758,0.19665,-0.08974,-0.64383,-0.14894,0.03440,0.83859,-0.00505,0.87836,0.07873,0.41912,-0.71859,-0.01744,1.66065,0.05584,-0.94467,0.38733
0.25000,0.60784,0.19638,-0.08974,-0.64341,-0.14966,0.03438,0.84025,-0.00499,0.87741,0.07911,0.41847,-0.71926,-0.01762,1.66290,0.05595,-0.94632,0.38669
0.25100,0.60811,0.19612,-0.08974,-0.64299,-0.15038,0.03436,0.84192,-0.00493,0.87646,0.07950,0.41780,-0.71984,-0.01779,1.66510,0.05607,-0.94790,0.38604
0.25200,0.60838,0.19585,-0.08974,-0.64258,-0.15110,0.03435,0.84358,-0.00488,0.87552,0.07988,0.41713,-0.72041,-0.01795,1.66730,0.05619,-0.94947,0.38540
0.25300,0.60865,0.19559,-0.08974,-0.64216,-0.15182,0.03433,0.84525,-0.00482,0.87456,0.08027,0.41656,-0.72096,-0.01814,1.66948,0.05629,-0.95100,0.38473
0.25400,0.60891,0.19532,-0.08974,-0.64174,-0.15254,0.03431,0.84692,-0.00477,0.87361,0.08065,0.41598,-0.72151,-0.01832,1.67165,0.05639,-0.95252,0.38406
0.25500,0.60919,0.19506,-0.08974,-0.64133,-0.15326,0.03429,0.84860,-0.00471,0.87266,0.08104,0.41534,-0.72206,-0.01851,1.67373,0.05648,-0.95405,0.38339
0.25600,0.60946,0.19480,-0.08974,-0.64091,-0.15398,0.03427,0.85027,-0.00465,0.87171,0.08142,0.41469,-0.72262,-0.01869,1.67580,0.05658,-0.95557,0.38273
0.25700,0.60973,0.19454,-0.08974,-0.64050,-0.15471,0.03425,0.85195,-0.00460,0.87075,0.08180,0.41404,-0.72314,-0.01887,1.67780,0.05668,-0.95707,0.38208
0.25800,0.61000,0.19428,-0.08974,-0.64008,-0.15543,0.03424,0.85363,-0.00454,0.86979,0.08218,0.41339,-0.72367,-0.01905,1.67980,0.05677,-0.95857,0.38144
0.25900,0.61028,0.19402,-0.08974,-0.63967,-0.15615,0.03422,0.85531,-0.00448,0.86883,0.08257,0.41275,-0.72422,-0.01924,1.68178,0.05686,-0.96009,0.38075
0.26000,0.61055,0.19376,-0.08974,-0.63926,-0.15688,0.03420,0.85699,-0.00443,0.86787,0.08295,0.41210,-0.72477,-0.01942,1.68375,0.05696,-0.96162,0.38006
0.26100,0.61082,0.19350,-0.08974,-0.63885,-0.15760,0.03418,0.85868,-0.00437,0.86691,0.08333,0.41145,-0.72522,-0.01962,1.68565,0.05703,-0.96312,0.37936
0.26200,0.61110,0.19324,-0.08974,-0.63844,-0.15833,0.03416,0.86036,-0.00431,0.86594,0.08371,0.41080,-0.72567,-0.01983,1.68755,0.05711,-0.96462,0.37867
0.26300,0.61138,0.19299,-0.08974,-0.63803,-0.15905,0.03414,0.86205,-0.00425,0.86498,0.08408,0.41018,-0.72609,-0.02002,1.68948,0.05720,-0.96604,0.37796
0.26400,0.61165,0.19273,-0.08974,-0.63761,-0.15978,0.03412,0.86374,-0.00420,0.86401,0.08446,0.40956,-0.72652,-0.02022,1.69140,0.05728,-0.96747,0.37724
0.26500,0.61193,0.19248,-0.08974,-0.63721,-0.16051,0.03410,0.86543,-0.00414,0.86304,0.08484,0.40886,-0.72694,-0.02040,1.69322,0.05738,-0.96884,0.37655
0.26600,0.61221,0.19223,-0.08974,-0.63680,-0.16123,0.03408,0.86713,-0.00408,0.86207,0.08521,0.40817,-0.72737,-0.02059,1.69505,0.05748,-0.97021,0.37586
0.26700,0.61249,0.19197,-0.08974,-0.63639,-0.16196,0.03406,0.86883,-0.00402,0.86110,0.08559,0.40747,-0.72777,-0.02076,1.69685,0.05759,-0.97159,0.37519
0.26800,0.61277,0.19172,-0.08974,-0.63598,-0.16269,0.03403,0.87052,-0.00397,0.86013,0.08597,0.40677,-0.72817,-0.02094,1.69865,0.05770,-0.97296,0.37452
0.26900,0.61306,0.19147,-0.08974,-0.63558,-0.16342,0.03401,0.87222,-0.00391,0.85916,0.08634,0.40610,-0.72855,-0.02110,1.70040,0.05782,-0.97434,0.37381
0.27000,0.61334,0.19122,-0.08974,-0.63517,-0.16415,0.03399,0.87392,-0.00385,0.85818,0.08671,0.40543,-0.72892,-0.02127,1.70215,0.05794,-0.97571,0.37309
0.27100,0.61362,0.19097,-0.08974,-0.63477,-0.16488,0.03397,0.87563,-0.00379,0.85721,0.08709,0.40475,-0.72927,-0.02144,1.70380,0.05803,-0.97709,0.37238
0.27200,0.61390,0.19073,-0.08974,-0.63436,-0.16561,0.03395,0.87733,-0.00373,0.85623,0.08746,0.40408,-0.72962,-0.02162,1.70545,0.05813,-0.97846,0.37166
0.27300,0.61419,0.19048,-0.08974,-0.63396,-0.16634,0.03393,0.87904,-0.00368,0.85525,0.08783,0.40343,-0.72995,-0.02181,1.70710,0.05823,-0.97978,0.37090
0.27400,0.61447,0.19023,-0.08974,-0.63355,-0.16706,0.03391,0.88075,-0.00362,0.85427,0.08820,0.40279,-0.73027,-0.02199,1.70875,0.05832,-0.98111,0.37013
0.27500,0.61476,0.18999,-0.08974,-0.63315,-0.16780,0.03388,0.88246,-0.00356,0.85329,0.08857,0.40206,-0.73060,-0.02217,1.71033,0.05842,-0.98246,0.36939
0.27600,0.61505,0.18974,-0.08974,-0.63275,-0.16853,0.03386,0.88417,-0.00350,0.85230,0.08894,0.40134,-0.73092,-0.02236,1.71190,0.05851,-0.98381,0.36865
0.27700,0.61534,0.18950,-0.08974,-0.63235,-0.16926,0.03384,0.88588,-0.00344,0.85132,0.08931,0.40069,-0.73122,-0.02255,1.71352,0.05858,-0.98508,0.36789
0.27800,0.61562,0.18926,-0.08974,-0.63195,-0.16999,0.03382,0.88759,-0.00338,0.85033,0.08967,0.40005,-0.73153,-0.02274,1.71515,0.05866,-0.98636,0.36712
0.27900,0.61591,0.18901,-0.08974,-0.63155,-0.17072,0.03379,0.88931,-0.00333,0.84935,0.09004,0.39938,-0.73178,-0.02293,1.71672,0.05875,-0.98761,0.36636
0.28000,0.61620,0.18877,-0.08974,-0.63115,-0.17145,0.03377,0.89103,-0.00327,0.84836,0.09041,0.39870,-0.73203,-0.02312,1.71830,0.05884,-0.98886,0.36560
0.28100,0.61650,0.18853,-0.08974,-0.63075,-0.17218,0.03375,0.89275,-0.00321,0.84737,0.09077,0.39798,-0.73223,-0.02330,1.71975,0.05893,-0.99008,0.36486
0.28200,0.61679,0.18829,-0.08974,-0.63035,-0.17292,0.03372,0.89447,-0.00315,0.84638,0.09114,0.39726,-0.73243,-0.02348,1.72120,0.05903,-0.99130,0.36412
0.28300,0.61708,0.18806,-0.08974,-0.62996,-0.17365,0.03370,0.89619,-0.00309,0.84539,0.09150,0.39654,-0.73265,-0.02366,1.72260,0.05914,-0.99250,0.36331
0.28400,0.61737,0.18782,-0.08974,-0.62956,-0.17438,0.03368,0.89791,-0.00303,0.84439,0.09186,0.39581,-0.73288,-0.02383,1.72400,0.05924,-0.99370,0.36249
0.28500,0.61767,0.18758,-0.08974,-0.62917,-0.17512,0.03365,0.89964,-0.00297,0.84340,0.09222,0.39502,-0.73308,-0.02400,1.72538,0.05936,-0.99495,0.36171
0.28600,0.61796,0.18735,-0.08974,-0.62877,-0.17585,0.03363,0.90136,-0.00291,0.84240,0.09259,0.39422,-0.73328,-0.02417,1.72675,0.05948,-0.99620,0.36092
0.28700,0.61826,0.18711,-0.08974,-0.62838,-0.17658,0.03360,0.90309,-0.00285,0.84141,0.09295,0.39352,-0.73348,-0.02435,1.72810,0.05958,-0.99740,0.36013
0.28800,0.61855,0.18688,-0.08974,-0.62798,-0.17732,0.03358,0.90482,-0.00279,0.84041,0.09331,0.39283,-0.73368,-0.02453,1.72945,0.05967,-0.99860,0.35934
0.28900,0.61885,0.18665,-0.08974,-0.62759,-0.17805,0.03356,0.90655,-0.00273,0.83941,0.09367,0.39210,-0.73391,-0.02471,1.73080,0.05977,-0.99972,0.35853
0.29000,0.61915,0.18642,-0.08974,-0.62720,-0.17878,0.03353,0.90828,-0.00267,0.83841,0.09402,0.39138,-0.73413,-0.02489,1.73215,0.05987,-1.00085,0.35772
0.29100,0.61944,0.18619,-0.08974,-0.62681,-0.17952,0.03351,0.91001,-0.00261,0.83741,0.09438,0.39064,-0.73423,-0.02506,1.73345,0.05996,-1.00195,0.35693
0.29200,0.61974,0.18596,-0.08974,-0.62642,-0.18025,0.03348,0.91175,-0.00255,0.83640,0.09474,0.38989,-0.73433,-0.02523,1.73475,0.06005,-1.00305,0.35614
0.29300,0.62004,0.18573,-0.08974,-0.62603,-0.18099,0.03346,0.91348,-0.00249,0.83540,0.09509,0.38917,-0.73448,-0.02542,1.73598,0.06012,-1.00417,0.35531
0.29400,0.62034,0.18550,-0.08974,-0.62564,-0.18172,0.03343,0.91522,-0.00243,0.83440,0.09545,0.38844,-0.73463,-0.02561,1.73720,0.06020,-1.00530,0.35447
0.29500,0.62064,0.18527,-0.08974,-0.62525,-0.18246,0.03340,0.91696,-0.00237,0.83339,0.09580,0.38767,-0.73471,-0.02579,1.73842,0.06028,-1.00645,0.35364
0.29600,0.62095,0.18505,-0.08974,-0.62486,-0.18319,0.03338,0.91870,-0.00231,0.83238,0.09616,0.38690,-0.73478,-0.02598,1.73965,0.06037,-1.00759,0.35280
0.29700,0.62125,0.18482,-0.08974,-0.62448,-0.18393,0.03335,0.92044,-0.00225,0.83137,0.09651,0.38620,-0.73486,-0.02616,1.74077,0.06046,-1.00872,0.35201
0.29800,0.62155,0.18460,-0.08974,-0.62409,-0.18466,0.03333,0.92218,-0.00219,0.83037,0.09686,0.38551,-0.73493,-0.02634,1.74190,0.06055,-1.00984,0.35123
0.29900,0.62186,0.18438,-0.08974,-0.62371,-0.18540,0.03330,0.92392,-0.00213,0.82935,0.09721,0.38476,-0.73504,-0.02651,1.74303,0.06065,-1.01089,0.35037
0.30000,0.62216,0.18415,-0.08974,-0.62332,-0.18613,0.03327,0.92566,-0.00207,0.82834,0.09756,0.38401,-0.73514,-0.02669,1.74415,0.06076,-1.01194,0.34951
0.30100,0.62247,0.18393,-0.08974,-0.62294,-0.18687,0.03325,0.92741,-0.00201,0.82733,0.09791,0.38322,-0.73516,-0.02685,1.74523,0.06087,-1.01294,0.34870
0.30200,0.62277,0.18371,-0.08974,-0.62256,-0.18760,0.03322,0.92915,-0.00195,0.82632,0.09826,0.38242,-0.73519,-0.02702,1.74630,0.06098,-1.01394,0.34789
0.30300,0.62308,0.18349,-0.08974,-0.62217,-0.18834,0.03319,0.93090,-0.00189,0.82530,0.09860,0.38165,-0.73524,-0.02719,1.74735,0.06108,-1.01494,0.34700
0.30400,0.62339,0.18327,-0.08974,-0.62179,-0.18907,0.03316,0.93265,-0.00183,0.82429,0.09895,0.38088,-0.73529,-0.02736,1.74840,0.06118,-1.01594,0.34612
0.30500,0.62369,0.18306,-0.08974,-0.62141,-0.18981,0.03314,0.93440,-0.00177,0.82327,0.09930,0.38008,-0.73529,-0.02754,1.74940,0.06127,-1.01699,0.34523
0.30600,0.62400,0.18284,-0.08974,-0.62103,-0.19054,0.03311,0.93615,-0.00170,0.82225,0.09964,0.37928,-0.73529,-0.02771,1.75040,0.06137,-1.01804,0.34435
0.30700,0.62431,0.18263,-0.08974,-0.62065,-0.19128,0.03308,0.93790,-0.00164,0.82124,0.09999,0.37854,-0.73524,-0.02790,1.75140,0.06144,-1.01906,0.34349
0.30800,0.62462,0.18241,-0.08974,-0.62028,-0.19201,0.03305,0.93965,-0.00158,0.82022,0.10033,0.37779,-0.73519,-0.02808,1.75240,0.06150,-1.02009,0.34263
0.30900,0.62493,0.18220,-0.08974,-0.61990,-0.19275,0.03303,0.94140,-0.00152,0.81920,0.10067,0.37699,-0.73517,-0.02826,1.75335,0.06158,-1.02109,0.34170
0.31000,0.62525,0.18199,-0.08974,-0.61952,-0.19348,0.03300,0.94316,-0.00146,0.81817,0.10101,0.37619,-0.73514,-0.02843,1.75430,0.06166,-1.02209,0.34077
0.31100,0.62556,0.18177,-0.08974,-0.61915,-0.19422,0.03297,0.94491,-0.00140,0.81715,0.10135,0.37542,-0.73509,-0.02860,1.75517,0.06174,-1.02301,0.33991
0.31200,0.62587,0.18156,-0.08974,-0.61877,-0.19495,0.03294,0.94667,-0.00133,0.81613,0.10169,0.37465,-0.73504,-0.02877,1.75605,0.06183,-1.02393,0.33905
0.31300,0.62618,0.18135,-0.08974,-0.61840,-0.19569,0.03291,0.94843,-0.00127,0.81510,0.10203,0.37385,-0.73499,-0.02894,1.75695,0.06193,-1.02481,0.33812
0.31400,0.62650,0.18115,-0.08974,-0.61802,-0.19642,0.03288,0.95018,-0.00121,0.81408,0.10237,0.37306,-0.73494,-0.02911,1.75785,0.06203,-1.02568,0.33718
0.31500,0.62681,0.18094,-0.08974,-0.61765,-0.19716,0.03285,0.95194,-0.00115,0.81305,0.10271,0.37221,-0.73492,-0.02927,1.75865,0.06215,-1.02661,0.33628
0.31600,0.62713,0.18073,-0.08974,-0.61728,-0.19789,0.03282,0.95370,-0.00109,0.81203,0.10304,0.37136,-0.73489,-0.02943,1.75945,0.06226,-1.02753,0.33537
0.31700,0.62744,0.18053,-0.08974,-0.61691,-0.19863,0.03279,0.95546,-0.00102,0.81100,0.10338,0.37057,-0.73480,-0.02960,1.76030,0.06235,-1.02848,0.33446
0.31800,0.62776,0.18032,-0.08974,-0.61654,-0.19936,0.03276,0.95722,-0.00096,0.80997,0.10371,0.36977,-0.73470,-0.02977,1.76115,0.06244,-1.02943,0.33355
0.31900,0.62808,0.18012,-0.08974,-0.61617,-0.20010,0.03273,0.95898,-0.00090,0.80894,0.10404,0.36892,-0.73457,-0.02995,1.76195,0.06250,-1.03033,0.33262
0.32000,0.62840,0.17992,-0.08974,-0.61580,-0.20083,0.03270,0.96074,-0.00084,0.80791,0.10438,0.36808,-0.73445,-0.03012,1.76275,0.06257,-1.03123,0.33169
0.32100,0.62871,0.17972,-0.08974,-0.61543,-0.20157,0.03267,0.96251,-0.00077,0.80687,0.10471,0.36728,-0.73430,-0.03030,1.76348,0.06265,-1.03213,0.33078
0.32200,0.62903,0.17951,-0.08974,-0.61506,-0.20230,0.03264,0.96427,-0.00071,0.80584,0.10504,0.36648,-0.73415,-0.03048,1.76420,0.06273,-1.03303,0.32988
0.32300,0.62935,0.17932,-0.08974,-0.61470,-0.20303,0.03261,0.96604,-0.00065,0.80481,0.10537,0.36566,-0.73402,-0.03065,1.76492,0.06281,-1.03385,0.32897
0.32400,0.62967,0.17912,-0.08974,-0.61433,-0.20377,0.03258,0.96780,-0.00059,0.80378,0.10570,0.36484,-0.73390,-0.03081,1.76565,0.06289,-1.03467,0.32807
0.32500,0.63000,0.17892,-0.08974,-0.61397,-0.20450,0.03255,0.96957,-0.00052,0.80274,0.10602,0.36397,-0.73375,-0.03098,1.76627,0.06299,-1.03550,0.32714
0.32600,0.63032,0.17872,-0.08974,-0.61361,-0.20524,0.03252,0.97133,-0.00046,0.80170,0.10635,0.36310,-0.73360,-0.03114,1.76690,0.06308,-1.03632,0.32621
0.32700,0.63064,0.17853,-0.08974,-0.61324,-0.20597,0.03249,0.97310,-0.00040,0.80067,0.10667,0.36228,-0.73345,-0.03130,1.76753,0.06318,-1.03717,0.32525
0.32800,0.63096,0.17833,-0.08974,-0.61288,-0.20670,0.03246,0.97487,-0.00033,0.79963,0.10700,0.36146,-0.73330,-0.03146,1.76815,0.06329,-1.03802,0.32430
0.32900,0.63129,0.17814,-0.08974,-0.61252,-0.20744,0.03243,0.97664,-0.00027,0.79859,0.10732,0.36061,-0.73310,-0.03162,1.76878,0.06337,-1.03880,0.32332
0.33000,0.63161,0.17795,-0.08974,-0.61216,-0.20817,0.03240,0.97841,-0.00021,0.79755,0.10765,0.35976,-0.73290,-0.03178,1.76940,0.06345,-1.03957,0.32234
0.33100,0.63194,0.17775,-0.08974,-0.61180,-0.20890,0.03236,0.98018,-0.00014,0.79651,0.10797,0.35889,-0.73268,-0.03195,1.76998,0.06352,-1.04042,0.32128
0.33200,0.63226,0.17756,-0.08974,-0.61144,-0.20963,0.03233,0.98195,-0.00008,0.79547,0.10829,0.35802,-0.73245,-0.03213,1.77055,0.06358,-1.04127,0.32023
0.33300,0.63259,0.17738,-0.08974,-0.61108,-0.21037,0.03230,0.98372,-0.00002,0.79443,0.10861,0.35712,-0.73225,-0.03229,1.77115,0.06365,-1.04204,0.31925
0.33400,0.63291,0.17719,-0.08974,-0.61073,-0.21110,0.03227,0.98549,0.00005,0.79339,0.10893,0.35623,-0.73205,-0.03246,1.77175,0.06372,-1.04282,0.31827
0.33500,0.63324,0.17700,-0.08974,-0.61037,-0.21183,0.03223,0.98726,0.00011,0.79234,0.10924,0.35536,-0.73181,-0.03262,1.77228,0.06381,-1.04362,0.31731
0.33600,0.63357,0.17681,-0.08974,-0.61002,-0.21256,0.03220,0.98903,0.00018,0.79130,0.10956,0.35448,-0.73156,-0.03279,1.77280,0.06389,-1.04442,0.31636
0.33700,0.63390,0.17663,-0.08974,-0.60966,-0.21329,0.03217,0.99081,0.00024,0.79025,0.10988,0.35364,-0.73131,-0.03295,1.77330,0.06398,-1.04516,0.31538
0.33800,0.63423,0.17644,-0.08974,-0.60931,-0.21403,0.03214,0.99258,0.00030,0.78921,0.11019,0.35279,-0.73106,-0.03311,1.77380,0.06407,-1.04591,0.31440
0.33900,0.63455,0.17626,-0.08974,-0.60896,-0.21476,0.03210,0.99435,0.00037,0.78816,0.11051,0.35192,-0.73076,-0.03326,1.77402,0.06416,-1.04661,0.31343
0.34000,0.63488,0.17608,-0.08974,-0.60861,-0.21549,0.03207,0.99613,0.00043,0.78712,0.11082,0.35105,-0.73046,-0.03341,1.77425,0.06426,-1.04731,0.31245
0.34100,0.63522,0.17590,-0.08974,-0.60826,-0.21622,0.03204,0.99790,0.00050,0.78607,0.11113,0.35015,-0.73018,-0.03357,1.77488,0.06433,-1.04804,0.31142
0.34200,0.63555,0.17572,-0.08974,-0.60790,-0.21695,0.03200,0.99968,0.00056,0.78502,0.11144,0.34926,-0.72991,-0.03372,1.77550,0.06440,-1.04876,0.31039
0.34300,0.63588,0.17554,-0.08974,-0.60756,-0.21768,0.03197,1.00145,0.00062,0.78397,0.11175,0.34834,-0.72961,-0.03389,1.77585,0.06446,-1.04941,0.30934
0.34400,0.63621,0.17536,-0.08974,-0.60721,-0.21841,0.03193,1.00323,0.00069,0.78292,0.11206,0.34741,-0.72931,-0.03406,1.77620,0.06451,-1.05006,0.30829
0.34500,0.63654,0.17518,-0.08974,-0.60686,-0.21914,0.03190,1.00501,0.00075,0.78187,0.11237,0.34649,-0.72901,-0.03422,1.77677,0.06458,-1.05078,0.30731
0.34600,0.63688,0.17501,-0.08974,-0.60652,-0.21986,0.03187,1.00679,0.00082,0.78082,0.11268,0.34557,-0.72871,-0.03439,1.77735,0.06464,-1.05151,0.30634
0.34700,0.63721,0.17483,-0.08974,-0.60617,-0.22059,0.03183,1.00856,0.00088,0.77977,0.11298,0.34468,-0.72844,-0.03454,1.77800,0.06471,-1.05221,0.30528
0.34800,0.63755,0.17466,-0.08974,-0.60583,-0.22132,0.03180,1.01034,0.00095,0.77872,0.11329,0.34378,-0.72816,-0.03470,1.77865,0.06479,-1.05291,0.30423
0.34900,0.63788,0.17449,-0.08974,-0.60548,-0.22205,0.03176,1.01212,0.00101,0.77766,0.11359,0.34286,-0.72781,-0.03485,1.77840,0.06487,-1.05355,0.30321
0.35000,0.63822,0.17431,-0.08974,-0.60514,-0.22278,0.03173,1.01390,0.00108,0.77661,0.11389,0.34194,-0.72746,-0.03501,1.77815,0.06495,-1.05420,0.30218
0.35100,0.63855,0.17414,-0.08974,-0.60480,-0.22350,0.03169,1.01568,0.00114,0.77555,0.11419,0.34102,-0.72714,-0.03515,1.77840,0.06505,-1.05485,0.30115
0.35200,0.63889,0.17397,-0.08974,-0.60446,-0.22423,0.03166,1.01746,0.00121,0.77450,0.11450,0.34009,-0.72682,-0.03530,1.77865,0.06514,-1.05550,0.30013
0.35300,0.63923,0.17381,-0.08974,-0.60412,-0.22496,0.03162,1.01923,0.00127,0.77344,0.11479,0.33920,-0.72644,-0.03545,1.77865,0.06521,-1.05608,0.29903
0.35400,0.63956,0.17364,-0.08974,-0.60378,-0.22568,0.03159,1.02101,0.00134,0.77239,0.11509,0.33830,-0.72607,-0.03560,1.77865,0.06528,-1.05665,0.29793
0.35500,0.63990,0.17347,-0.08974,-0.60344,-0.22641,0.03155,1.02279,0.00140,0.77133,0.11539,0.33733,-0.72564,-0.03576,1.77890,0.06532,-1.05727,0.29688
0.35600,0.64024,0.17331,-0.08974,-0.60311,-0.22714,0.03151,1.02457,0.00147,0.77027,0.11569,0.33636,-0.72522,-0.03592,1.77915,0.06537,-1.05790,0.29583
0.35700,0.64058,0.17314,-0.08974,-0.60277,-0.22786,0.03148,1.02635,0.00153,0.76921,0.11598,0.33541,-0.72482,-0.03608,1.78015,0.06543,-1.05857,0.29470
0.35800,0.64092,0.17298,-0.08974,-0.60243,-0.22859,0.03144,1.02813,0.00160,0.76815,0.11628,0.33447,-0.72442,-0.03623,1.78115,0.06548,-1.05925,0.29358
0.35900,0.64126,0.17282,-0.08974,-0.60210,-0.22931,0.03141,1.02991,0.00167,0.76709,0.11657,0.33352,-0.72405,-0.03638,1.78140,0.06555,-1.05985,0.29251
0.36000,0.64160,0.17266,-0.08974,-0.60177,-0.23003,0.03137,1.03169,0.00173,0.76603,0.11686,0.33258,-0.72367,-0.03652,1.78165,0.06562,-1.06044,0.29143
0.36100,0.64194,0.17250,-0.08974,-0.60144,-0.23076,0.03133,1.03347,0.00180,0.76497,0.11715,0.33160,-0.72327,-0.03667,1.78165,0.06569,-1.06104,0.29036
0.36200,0.64228,0.17234,-0.08974,-0.60110,-0.23148,0.03130,1.03526,0.00186,0.76391,0.11744,0.33063,-0.72287,-0.03682,1.78165,0.06576,-1.06164,0.28928
0.36300,0.64263,0.17218,-0.08974,-0.60077,-0.23220,0.03126,1.03704,0.00193,0.76285,0.11773,0.32964,-0.72247,-0.03696,1.78140,0.06585,-1.06219,0.28821
0.36400,0.64297,0.17202,-0.08974,-0.60044,-0.23293,0.03122,1.03882,0.00199,0.76179,0.11802,0.32864,-0.72207,-0.03711,1.78115,0.06593,-1.06274,0.28714
0.36500,0.64331,0.17187,-0.08974,-0.60012,-0.23365,0.03118,1.04060,0.00206,0.76072,0.11831,0.32767,-0.72162,-0.03726,1.78115,0.06597,-1.06327,0.28606
0.36600,0.64366,0.17171,-0.08974,-0.59979,-0.23437,0.03115,1.04238,0.00213,0.75966,0.11859,0.32670,-0.72118,-0.03741,1.78115,0.06601,-1.06379,0.28499
0.36700,0.64400,0.17156,-0.08974,-0.59946,-0.23509,0.03111,1.04416,0.00219,0.75860,0.11888,0.32573,-0.72070,-0.03756,1.78140,0.06606,-1.06434,0.28387
0.36800,0.64435,0.17141,-0.08974,-0.59914,-0.23581,0.03107,1.04594,0.00226,0.75753,0.11916,0.32476,-0.72023,-0.03771,1.78165,0.06611,-1.06489,0.28275
0.36900,0.64469,0.17125,-0.08974,-0.59881,-0.23653,0.03103,1.04773,0.00232,0.75647,0.11944,0.32374,-0.71978,-0.03784,1.78165,0.06617,-1.06539,0.28160
0.37000,0.64504,0.17110,-0.08974,-0.59849,-0.23725,0.03100,1.04951,0.00239,0.75540,0.11972,0.32272,-0.71933,-0.03798,1.78165,0.06623,-1.06589,0.28045
0.37100,0.64538,0.17096,-0.08974,-0.59817,-0.23797,0.03096,1.05129,0.00246,0.75434,0.12000,0.32172,-0.71883,-0.03812,1.78190,0.06630,-1.06638,0.27931
0.37200,0.64573,0.17081,-0.08974,-0.59785,-0.23869,0.03092,1.05307,0.00252,0.75327,0.12028,0.32072,-0.71833,-0.03827,1.78215,0.06636,-1.06688,0.27816
0.37300,0.64608,0.17066,-0.08974,-0.59753,-0.23941,0.03088,1.05485,0.00259,0.75220,0.12056,0.31968,-0.71783,-0.03841,1.78190,0.06644,-1.06738,0.27704
0.37400,0.64643,0.17051,-0.08974,-0.59721,-0.24012,0.03084,1.05663,0.00266,0.75113,0.12083,0.31863,-0.71733,-0.03855,1.78165,0.06651,-1.06788,0.27592
0.37500,0.64677,0.17037,-0.08974,-0.59689,-0.24084,0.03080,1.05842,0.00272,0.75007,0.12111,0.31766,-0.71683,-0.03869,1.78165,0.06654,-1.06838,0.27479
0.37600,0.64712,0.17023,-0.08974,-0.59657,-0.24156,0.03077,1.06020,0.00279,0.74900,0.12138,0.31669,-0.71633,-0.03883,1.78165,0.06658,-1.06888,0.27367
0.37700,0.64747,0.17008,-0.08974,-0.59626,-0.24227,0.03073,1.06198,0.00286,0.74793,0.12166,0.31570,-0.71583,-0.03897,1.78190,0.06661,-1.06938,0.27253
0.37800,0.64782,0.16994,-0.08974,-0.59594,-0.24299,0.03069,1.06376,0.00292,0.74686,0.12193,0.31470,-0.71533,-0.03911,1.78215,0.06665,-1.06988,0.27138
0.37900,0.64817,0.16980,-0.08974,-0.59563,-0.24370,0.03065,1.06554,0.00299,0.74579,0.12220,0.31368,-0.71478,-0.03925,1.78190,0.06670,-1.07038,0.27024
0.38000,0.64852,0.16966,-0.08974,-0.59531,-0.24442,0.03061,1.06732,0.00306,0.74472,0.12247,0.31266,-0.71424,-0.03938,1.78165,0.06674,-1.07088,0.26909
0.38100,0.64887,0.16952,-0.08974,-0.59500,-0.24513,0.03057,1.06911,0.00312,0.74365,0.12274,0.31161,-0.71371,-0.03951,1.78165,0.06680,-1.07133,0.26792
0.38200,0.64922,0.16939,-0.08974,-0.59469,-0.24585,0.03053,1.07089,0.00319,0.74258,0.12301,0.31057,-0.71319,-0.03965,1.78165,0.06686,-1.07177,0.26675
0.38300,0.64957,0.16925,-0.08974,-0.59438,-0.24656,0.03049,1.07267,0.00326,0.74150,0.12327,0.30952,-0.71264,-0.03978,1.78140,0.06693,-1.07220,0.26561
0.38400,0.64992,0.16911,-0.08974,-0.59407,-0.24727,0.03045,1.07445,0.00332,0.74043,0.12354,0.30848,-0.71209,-0.03991,1.78115,0.06699,-1.07262,0.26446
0.38500,0.65028,0.16898,-0.08974,-0.59376,-0.24798,0.03041,1.07623,0.00339,0.73936,0.12380,0.30741,-0.71154,-0.04005,1.78065,0.06702,-1.07300,0.26327
0.38600,0.65063,0.16885,-0.08974,-0.59346,-0.24869,0.03037,1.07801,0.00346,0.73828,0.12406,0.30633,-0.71099,-0.04019,1.78015,0.06705,-1.07337,0.26208
0.38700,0.65098,0.16872,-0.08974,-0.59315,-0.24940,0.03033,1.07979,0.00352,0.73721,0.12432,0.30521,-0.71042,-0.04033,1.78015,0.06708,-1.07379,0.26083
0.38800,0.65134,0.16859,-0.08974,-0.59285,-0.25011,0.03029,1.08157,0.00359,0.73614,0.12459,0.30409,-0.70984,-0.04046,1.78015,0.06711,-1.07422,0.25959
0.38900,0.65169,0.16846,-0.08974,-0.59254,-0.25082,0.03025,1.08335,0.00366,0.73506,0.12484,0.30302,-0.70922,-0.04060,1.78015,0.06715,-1.07462,0.25842
0.39000,0.65205,0.16833,-0.08974,-0.59224,-0.25153,0.03021,1.08513,0.00373,0.73399,0.12510,0.30195,-0.70859,-0.04073,1.78015,0.06719,-1.07502,0.25725
0.39100,0.65240,0.16820,-0.08974,-0.59194,-0.25224,0.03017,1.08691,0.00379,0.73291,0.12536,0.30091,-0.70802,-0.04085,1.78015,0.06724,-1.07539,0.25603
0.39200,0.65276,0.16808,-0.08974,-0.59164,-0.25295,0.03013,1.08869,0.00386,0.73184,0.12561,0.29986,-0.70744,-0.04098,1.78015,0.06728,-1.07576,0.25482
0.39300,0.65311,0.16795,-0.08974,-0.59134,-0.25366,0.03009,1.09047,0.00393,0.73076,0.12587,0.29882,-0.70684,-0.04110,1.77965,0.06734,-1.07616,0.25367
0.39400,0.65347,0.16783,-0.08974,-0.59104,-0.25436,0.03005,1.09225,0.00399,0.72968,0.12612,0.29777,-0.70625,-0.04122,1.77915,0.06740,-1.07656,0.25253
0.39500,0.65382,0.16770,-0.08974,-0.59074,-0.25507,0.03000,1.09403,0.00406,0.72861,0.12637,0.29670,-0.70567,-0.04134,1.77890,0.06741,-1.07691,0.25129
0.39600,0.65418,0.16758,-0.08974,-0.59045,-0.25577,0.02996,1.09581,0.00413,0.72753,0.12662,0.29563,-0.70510,-0.04147,1.77865,0.06742,-1.07726,0.25005
0.39700,0.65454,0.16746,-0.08974,-0.59015,-0.25648,0.02992,1.09759,0.00420,0.72645,0.12687,0.29451,-0.70447,-0.04160,1.77815,0.06745,-1.07763,0.24878
0.39800,0.65490,0.16734,-0.08974,-0.58986,-0.25718,0.02988,1.09936,0.00426,0.72538,0.12712,0.29339,-0.70385,-0.04173,1.77765,0.06747,-1.07801,0.24751
0.39900,0.65525,0.16723,-0.08974,-0.58957,-0.25789,0.02984,1.10114,0.00433,0.72430,0.12737,0.29227,-0.70317,-0.04185,1.77765,0.06749,-1.07836,0.24630
0.40000,0.65561,0.16711,-0.08974,-0.58927,-0.25859,0.02980,1.10292,0.00440,0.72322,0.12761,0.29115,-0.70250,-0.04198,1.77765,0.06752,-1.07871,0.24508
0.40100,0.65597,0.16699,-0.08974,-0.58898,-0.25929,0.02975,1.10470,0.00447,0.72214,0.12786,0.29003,-0.70185,-0.04210,1.77765,0.06756,-1.07903,0.24387
0.40200,0.65633,0.16688,-0.08974,-0.58869,-0.25999,0.02971,1.10648,0.00453,0.72106,0.12810,0.28891,-0.70120,-0.04222,1.77765,0.06760,-1.07935,0.24265
0.40300,0.65669,0.16676,-0.08974,-0.58841,-0.26069,0.02967,1.10826,0.00460,0.71998,0.12834,0.28774,-0.70053,-0.04233,1.77715,0.06765,-1.07968,0.24146
0.40400,0.65705,0.16665,-0.08974,-0.58812,-0.26139,0.02963,1.11004,0.00467,0.71890,0.12859,0.28657,-0.69985,-0.04245,1.77665,0.06769,-1.08000,0.24027
0.40500,0.65741,0.16654,-0.08974,-0.58783,-0.26209,0.02958,1.11181,0.00474,0.71782,0.12882,0.28542,-0.69918,-0.04257,1.77640,0.06769,-1.08030,0.23901
0.40600,0.65777,0.16643,-0.08974,-0.58755,-0.26279,0.02954,1.11359,0.00481,0.71674,0.12906,0.28428,-0.69850,-0.04270,1.77615,0.06769,-1.08060,0.23774
0.40700,0.65813,0.16632,-0.08974,-0.58726,-0.26349,0.02950,1.11536,0.00487,0.71566,0.12930,0.28316,-0.69786,-0.04281,1.77515,0.06770,-1.08085,0.23648
0.40800,0.65849,0.16621,-0.08974,-0.58698,-0.26419,0.02946,1.11714,0.00494,0.71458,0.12954,0.28204,-0.69721,-0.04293,1.77415,0.06771,-1.08110,0.23521
0.40900,0.65885,0.16611,-0.08974,-0.58670,-0.26489,0.02941,1.11891,0.00501,0.71350,0.12977,0.28089,-0.69653,-0.04305,1.77390,0.06773,-1.08140,0.23392
0.41000,0.65922,0.16600,-0.08974,-0.58642,-0.26558,0.02937,1.12069,0.00508,0.71242,0.13000,0.27974,-0.69586,-0.04316,1.77365,0.06775,-1.08170,0.23263
0.41100,0.65958,0.16590,-0.08974,-0.58614,-0.26628,0.02933,1.12246,0.00514,0.71133,0.13024,0.27860,-0.69513,-0.04328,1.77315,0.06778,-1.08197,0.23137
0.41200,0.65994,0.16579,-0.08974,-0.58586,-0.26697,0.02928,1.12423,0.00521,0.71025,0.13047,0.27745,-0.69441,-0.04339,1.77265,0.06780,-1.08224,0.23011
0.41300,0.66030,0.16569,-0.08974,-0.58559,-0.26767,0.02924,1.12600,0.00528,0.70917,0.13070,0.27626,-0.69369,-0.04349,1.77215,0.06784,-1.08249,0.22884
0.41400,0.66067,0.16559,-0.08974,-0.58531,-0.26836,0.02920,1.12778,0.00535,0.70809,0.13092,0.27506,-0.69296,-0.04360,1.77165,0.06787,-1.08274,0.22758
0.41500,0.66103,0.16549,-0.08974,-0.58504,-0.26905,0.02915,1.12955,0.00542,0.70700,0.13115,0.27389,-0.69221,-0.04372,1.77140,0.06786,-1.08302,0.22629
0.41600,0.66139,0.16539,-0.08974,-0.58476,-0.26974,0.02911,1.13132,0.00548,0.70592,0.13138,0.27272,-0.69146,-0.04384,1.77115,0.06785,-1.08329,0.22500
0.41700,0.66176,0.16529,-0.08974,-0.58449,-0.27043,0.02906,1.13309,0.00555,0.70484,0.13160,0.27160,-0.69079,-0.04395,1.77065,0.06785,-1.08351,0.22374
0.41800,0.66212,0.16520,-0.08974,-0.58422,-0.27113,0.02902,1.13486,0.00562,0.70375,0.13182,0.27048,-0.69011,-0.04406,1.77015,0.06785,-1.08374,0.22248
0.41900,0.66249,0.16510,-0.08974,-0.58395,-0.27181,0.02898,1.13663,0.00569,0.70267,0.13205,0.26926,-0.68944,-0.04416,1.76965,0.06786,-1.08399,0.22117
0.42000,0.66285,0.16501,-0.08974,-0.58368,-0.27250,0.02893,1.13840,0.00575,0.70159,0.13227,0.26804,-0.68877,-0.04427,1.76915,0.06787,-1.08424,0.21986
0.42100,0.66322,0.16491,-0.08974,-0.58341,-0.27319,0.02889,1.14017,0.00582,0.70050,0.13249,0.26682,-0.68802,-0.04437,1.76840,0.06788,-1.08441,0.21854
0.42200,0.66358,0.16482,-0.08974,-0.58315,-0.27388,0.02884,1.14194,0.00589,0.69942,0.13270,0.26560,-0.68727,-0.04448,1.76765,0.06790,-1.08458,0.21723
0.42300,0.66395,0.16473,-0.08974,-0.58288,-0.27457,0.02880,1.14370,0.00596,0.69833,0.13292,0.26436,-0.68644,-0.04457,1.76690,0.06792,-1.08476,0.21592
0.42400,0.66431,0.16464,-0.08974,-0.58262,-0.27525,0.02875,1.14547,0.00603,0.69725,0.13314,0.26311,-0.68562,-0.04467,1.76615,0.06794,-1.08493,0.21461
0.42500,0.66468,0.16455,-0.08974,-0.58236,-0.27594,0.02871,1.14723,0.00609,0.69616,0.13335,0.26189,-0.68480,-0.04477,1.76565,0.06792,-1.08513,0.21325
0.42600,0.66505,0.16446,-0.08974,-0.58209,-0.27662,0.02867,1.14900,0.00616,0.69508,0.13356,0.26067,-0.68397,-0.04488,1.76515,0.06790,-1.08533,0.21189
0.42700,0.66541,0.16438,-0.08974,-0.58183,-0.27731,0.02862,1.15076,0.00623,0.69399,0.13377,0.25948,-0.68322,-0.04498,1.76515,0.06788,-1.08553,0.21055
0.42800,0.66578,0.16429,-0.08974,-0.58157,-0.27799,0.02858,1.15253,0.00630,0.69291,0.13398,0.25828,-0.68247,-0.04509,1.76515,0.06787,-1.08573,0.20922
0.42900,0.66615,0.16421,-0.08974,-0.58132,-0.27867,0.02853,1.15429,0.00637,0.69182,0.13419,0.25709,-0.68170,-0.04519,1.76465,0.06786,-1.08590,0.20791
0.43000,0.66652,0.16412,-0.08974,-0.58106,-0.27935,0.02848,1.15606,0.00643,0.69073,0.13440,0.25589,-0.68092,-0.04529,1.76415,0.06785,-1.08607,0.20660
0.43100,0.66689,0.16404,-0.08974,-0.58081,-0.28003,0.02844,1.15782,0.00650,0.68965,0.13460,0.25467,-0.68020,-0.04538,1.76340,0.06785,-1.08620,0.20531
0.43200,0.66725,0.16396,-0.08974,-0.58055,-0.28071,0.02839,1.15959,0.00657,0.68856,0.13481,0.25345,-0.67948,-0.04548,1.76265,0.06785,-1.08632,0.20403
0.43300,0.66762,0.16388,-0.08974,-0.58030,-0.28139,0.02835,1.16135,0.00664,0.68748,0.13501,0.25216,-0.67863,-0.04556,1.76140,0.06786,-1.08650,0.20272
0.43400,0.66799,0.16381,-0.08974,-0.58005,-0.28207,0.02830,1.16311,0.00670,0.68639,0.13522,0.25086,-0.67778,-0.04565,1.76015,0.06787,-1.08667,0.20141
0.43500,0.66836,0.16373,-0.08974,-0.57980,-0.28275,0.02826,1.16487,0.00677,0.68530,0.13542,0.24957,-0.67695,-0.04575,1.75940,0.06783,-1.08682,0.20003
0.43600,0.66873,0.16365,-0.08974,-0.57955,-0.28342,0.02821,1.16663,0.00684,0.68422,0.13562,0.24827,-0.67613,-0.04584,1.75865,0.06780,-1.08697,0.19864
0.43700,0.66910,0.16358,-0.08974,-0.57930,-0.28410,0.02817,1.16839,0.00691,0.68313,0.13581,0.24698,-0.67531,-0.04594,1.75815,0.06777,-1.08709,0.19721
0.43800,0.66947,0.16350,-0.08974,-0.57905,-0.28477,0.02812,1.17014,0.00698,0.68204,0.13601,0.24569,-0.67448,-0.04604,1.75765,0.06774,-1.08721,0.19578
0.43900,0.66984,0.16343,-0.08974,-0.57881,-0.28545,0.02807,1.17190,0.00704,0.68095,0.13620,0.24442,-0.67363,-0.04613,1.75715,0.06772,-1.08731,0.19440
0.44000,0.67021,0.16336,-0.08974,-0.57856,-0.28612,0.02803,1.17366,0.00711,0.67987,0.13640,0.24315,-0.67278,-0.04622,1.75665,0.06770,-1.08741,0.19301
0.44100,0.67058,0.16329,-0.08974,-0.57832,-0.28679,0.02798,1.17542,0.00718,0.67878,0.13659,0.24193,-0.67201,-0.04631,1.75590,0.06769,-1.08749,0.19166
0.44200,0.67095,0.16322,-0.08974,-0.57808,-0.28747,0.02793,1.17717,0.00725,0.67769,0.13678,0.24071,-0.67123,-0.04640,1.75515,0.06768,-1.08756,0.19030
0.44300,0.67132,0.16315,-0.08974,-0.57784,-0.28814,0.02789,1.17893,0.00731,0.67660,0.13697,0.23941,-0.67039,-0.04648,1.75390,0.06767,-1.08763,0.18899
0.44400,0.67169,0.16309,-0.08974,-0.57760,-0.28881,0.02784,1.18068,0.00738,0.67552,0.13716,0.23812,-0.66954,-0.04655,1.75265,0.06767,-1.08771,0.18768
0.44500,0.67206,0.16302,-0.08974,-0.57736,-0.28948,0.02780,1.18243,0.00745,0.67443,0.13735,0.23677,-0.66866,-0.04664,1.75190,0.06761,-1.08781,0.18628
0.44600,0.67244,0.16296,-0.08974,-0.57713,-0.29014,0.02775,1.18418,0.00752,0.67334,0.13753,0.23543,-0.66779,-0.04672,1.75115,0.06755,-1.08791,0.18487
0.44700,0.67281,0.16290,-0.08974,-0.57689,-0.29081,0.02770,1.18593,0.00758,0.67225,0.13772,0.23413,-0.66689,-0.04681,1.75065,0.06751,-1.08798,0.18347
0.44800,0.67318,0.16283,-0.08974,-0.57666,-0.29148,0.02765,1.18768,0.00765,0.67116,0.13790,0.23284,-0.66599,-0.04689,1.75015,0.06747,-1.08805,0.18206
0.44900,0.67355,0.16277,-0.08974,-0.57643,-0.29214,0.02761,1.18943,0.00772,0.67008,0.13808,0.23149,-0.66512,-0.04697,1.74965,0.06743,-1.08813,0.18068
0.45000,0.67392,0.16271,-0.08974,-0.57620,-0.29281,0.02756,1.19118,0.00779,0.66899,0.13826,0.23015,-0.66424,-0.04705,1.74915,0.06740,-1.08820,0.17930
0.45100,0.67430,0.16265,-0.08974,-0.57597,-0.29347,0.02751,1.19293,0.00785,0.66790,0.13844,0.22880,-0.66339,-0.04713,1.74840,0.06738,-1.08825,0.17792
0.45200,0.67467,0.16260,-0.08974,-0.57574,-0.29414,0.02747,1.19468,0.00792,0.66681,0.13862,0.22746,-0.66254,-0.04721,1.74765,0.06735,-1.08830,0.17654
0.45300,0.67504,0.16254,-0.08974,-0.57551,-0.29480,0.02742,1.19643,0.00799,0.66572,0.13879,0.22612,-0.66167,-0.04728,1.74640,0.06733,-1.08830,0.17516
0.45400,0.67541,0.16249,-0.08974,-0.57529,-0.29546,0.02737,1.19817,0.00806,0.66464,0.13897,0.22477,-0.66080,-0.04735,1.74515,0.06731,-1.08830,0.17378
0.45500,0.67579,0.16243,-0.08974,-0.57506,-0.29612,0.02732,1.19992,0.00812,0.66355,0.13914,0.22340,-0.65990,-0.04743,1.74390,0.06724,-1.08829,0.17233
0.45600,0.67616,0.16238,-0.08974,-0.57484,-0.29678,0.02728,1.20166,0.00819,0.66246,0.13931,0.22203,-0.65900,-0.04751,1.74265,0.06718,-1.08829,0.17087
0.45700,0.67653,0.16233,-0.08974,-0.57462,-0.29744,0.02723,1.20340,0.00826,0.66137,0.13948,0.22069,-0.65807,-0.04759,1.74190,0.06712,-1.08829,0.16939
0.45800,0.67691,0.16228,-0.08974,-0.57440,-0.29809,0.02718,1.20514,0.00833,0.66028,0.13965,0.21934,-0.65715,-0.04766,1.74115,0.06706,-1.08829,0.16791
0.45900,0.67728,0.16223,-0.08974,-0.57418,-0.29875,0.02713,1.20688,0.00839,0.65919,0.13982,0.21802,-0.65623,-0.04774,1.74015,0.06701,-1.08829,0.16649
0.46000,0.67766,0.16218,-0.08974,-0.57396,-0.29941,0.02709,1.20862,0.00846,0.65811,0.13998,0.21670,-0.65530,-0.04781,1.73915,0.06696,-1.08829,0.16506
0.46100,0.67803,0.16214,-0.08974,-0.57375,-0.30006,0.02704,1.21036,0.00853,0.65702,0.14015,0.21529,-0.65435,-0.04788,1.73840,0.06691,-1.08829,0.16368
0.46200,0.67840,0.16209,-0.08974,-0.57353,-0.30072,0.02699,1.21210,0.00859,0.65593,0.14031,0.21387,-0.65340,-0.04794,1.73765,0.06687,-1.08829,0.16230
0.46300,0.67878,0.16205,-0.08974,-0.57332,-0.30137,0.02694,1.21384,0.00866,0.65484,0.14047,0.21247,-0.65245,-0.04800,1.73690,0.06683,-1.08828,0.16090
0.46400,0.67915,0.16200,-0.08974,-0.57311,-0.30202,0.02689,1.21557,0.00873,0.65375,0.14063,0.21108,-0.65151,-0.04806,1.73615,0.06679,-1.08828,0.15950
0.46500,0.67953,0.16196,-0.08974,-0.57290,-0.30267,0.02685,1.21731,0.00879,0.65266,0.14079,0.20971,-0.65058,-0.04813,1.73515,0.06671,-1.08828,0.15807
0.46600,0.67990,0.16192,-0.08974,-0.57269,-0.30332,0.02680,1.21904,0.00886,0.65158,0.14095,0.20834,-0.64966,-0.04820,1.73415,0.06662,-1.08828,0.15664
0.46700,0.68028,0.16188,-0.08974,-0.57248,-0.30397,0.02675,1.22078,0.00893,0.65049,0.14110,0.20694,-0.64873,-0.04826,1.73340,0.06655,-1.08823,0.15514
0.46800,0.68065,0.16184,-0.08974,-0.57227,-0.30462,0.02670,1.22252,0.00899,0.64940,0.14126,0.20555,-0.64781,-0.04833,1.73265,0.06647,-1.08818,0.15364
0.46900,0.68103,0.16180,-0.08974,-0.57207,-0.30527,0.02665,1.22425,0.00906,0.64831,0.14141,0.20416,-0.64686,-0.04839,1.73140,0.06640,-1.08810,0.15214
0.47000,0.68140,0.16177,-0.08974,-0.57187,-0.30591,0.02661,1.22598,0.00913,0.64722,0.14156,0.20276,-0.64591,-0.04845,1.73015,0.06634,-1.08803,0.15064
0.47100,0.68178,0.16173,-0.08974,-0.57166,-0.30656,0.02656,1.22771,0.00919,0.64613,0.14171,0.20127,-0.64496,-0.04851,1.72890,0.06628,-1.08795,0.14921
0.47200,0.68215,0.16170,-0.08974,-0.57146,-0.30720,0.02651,1.22944,0.00926,0.64505,0.14186,0.19977,-0.64401,-0.04856,1.72765,0.06622,-1.08787,0.14779
0.47300,0.68253,0.16167,-0.08974,-0.57126,-0.30785,0.02646,1.23116,0.00932,0.64396,0.14201,0.19833,-0.64304,-0.04861,1.72640,0.06616,-1.08777,0.14634
0.47400,0.68290,0.16164,-0.08974,-0.57107,-0.30849,0.02641,1.23289,0.00939,0.64287,0.14215,0.19689,-0.64206,-0.04867,1.72515,0.06611,-1.08767,0.14489
0.47500,0.68328,0.16161,-0.08974,-0.57087,-0.30913,0.02636,1.23461,0.00946,0.64178,0.14230,0.19547,-0.64112,-0.04873,1.72390,0.06600,-1.08759,0.14344
0.47600,0.68366,0.16158,-0.08974,-0.57068,-0.30977,0.02631,1.23634,0.00952,0.64070,0.14244,0.19405,-0.64017,-0.04879,1.72265,0.06589,-1.08752,0.14199
0.47700,0.68403,0.16155,-0.08974,-0.57048,-0.31041,0.02626,1.23806,0.00959,0.63961,0.14258,0.19263,-0.63917,-0.04884,1.72190,0.06580,-1.08744,0.14049
0.47800,0.68441,0.16152,-0.08974,-0.57029,-0.31105,0.02622,1.23978,0.00965,0.63852,0.14272,0.19121,-0.63817,-0.04890,1.72115,0.06571,-1.08737,0.13899
0.47900,0.68478,0.16150,-0.08974,-0.57010,-0.31169,0.02617,1.24150,0.00972,0.63743,0.14286,0.18977,-0.63717,-0.04895,1.72015,0.06562,-1.08726,0.13747
0.48000,0.68516,0.16147,-0.08974,-0.56991,-0.31232,0.02612,1.24322,0.00979,0.63635,0.14300,0.18832,-0.63617,-0.04900,1.71915,0.06554,-1.08716,0.13594
0.48100,0.68554,0.16145,-0.08974,-0.56972,-0.31296,0.02607,1.24494,0.00985,0.63526,0.14313,0.18678,-0.63517,-0.04905,1.71840,0.06546,-1.08704,0.13450
0.48200,0.68591,0.16143,-0.08974,-0.56954,-0.31359,0.02602,1.24666,0.00992,0.63417,0.14327,0.18523,-0.63417,-0.04909,1.71765,0.06539,-1.08691,0.13305
0.48300,0.68629,0.16141,-0.08974,-0.56935,-0.31423,0.02597,1.24837,0.00998,0.63309,0.14340,0.18371,-0.63312,-0.04914,1.71640,0.06532,-1.08676,0.13157
0.48400,0.68666,0.16139,-0.08974,-0.56917,-0.31486,0.02592,1.25009,0.01005,0.63200,0.14353,0.18220,-0.63207,-0.04918,1.71515,0.06525,-1.08661,0.13010
0.48500,0.68704,0.16137,-0.08974,-0.56899,-0.31549,0.02587,1.25180,0.01011,0.63091,0.14366,0.18075,-0.63110,-0.04924,1.71390,0.06512,-1.08648,0.12858
0.48600,0.68742,0.16135,-0.08974,-0.56881,-0.31612,0.02582,1.25352,0.01018,0.62983,0.14379,0.17931,-0.63013,-0.04929,1.71265,0.06499,-1.08635,0.12706
0.48700,0.68779,0.16134,-0.08974,-0.56863,-0.31675,0.02577,1.25523,0.01024,0.62874,0.14391,0.17781,-0.62910,-0.04933,1.71140,0.06488,-1.08620,0.12554
0.48800,0.68817,0.16132,-0.08974,-0.56845,-0.31738,0.02572,1.25694,0.01031,0.62765,0.14404,0.17632,-0.62808,-0.04937,1.71015,0.06477,-1.08605,0.12401
0.48900,0.68855,0.16131,-0.08974,-0.56828,-0.31801,0.02567,1.25865,0.01037,0.62657,0.14416,0.17485,-0.62708,-0.04941,1.70890,0.06466,-1.08590,0.12252
0.49000,0.68893,0.16129,-0.08974,-0.56810,-0.31864,0.02563,1.26036,0.01044,0.62548,0.14428,0.17338,-0.62608,-0.04945,1.70765,0.06455,-1.08575,0.12102
0.49100,0.68930,0.16128,-0.08974,-0.56793,-0.31926,0.02558,1.26206,0.01050,0.62440,0.14440,0.17186,-0.62506,-0.04949,1.70640,0.06446,-1.08555,0.11953
0.49200,0.68968,0.16127,-0.08974,-0.56776,-0.31989,0.02553,1.26377,0.01057,0.62331,0.14452,0.17034,-0.62403,-0.04952,1.70515,0.06437,-1.08535,0.11803
0.49300,0.69006,0.16126,-0.08974,-0.56759,-0.32051,0.02548,1.26547,0.01063,0.62223,0.14464,0.16878,-0.62293,-0.04955,1.70390,0.06428,-1.08512,0.11653
0.49400,0.69043,0.16126,-0.08974,-0.56742,-0.32113,0.02543,1.26718,0.01069,0.62114,0.14476,0.16721,-0.62183,-0.04958,1.70265,0.06419,-1.08489,0.11504
0.49500,0.69081,0.16125,-0.08974,-0.56726,-0.32175,0.02538,1.26888,0.01076,0.62006,0.14487,0.16574,-0.62076,-0.04962,1.70140,0.06405,-1.08474,0.11347
0.49600,0.69119,0.16124,-0.08974,-0.56709,-0.32237,0.02533,1.27058,0.01082,0.61897,0.14498,0.16427,-0.61969,-0.04967,1.70015,0.06390,-1.08459,0.11190
0.49700,0.69156,0.16124,-0.08974,-0.56693,-0.32299,0.02528,1.27228,0.01089,0.61789,0.14509,0.16268,-0.61866,-0.04970,1.69890,0.06377,-1.08436,0.11035
0.49800,0.69194,0.16124,-0.08974,-0.56676,-0.32361,0.02523,1.27398,0.01095,0.61680,0.14520,0.16108,-0.61764,-0.04974,1.69765,0.06363,-1.08414,0.10881
0.49900,0.69232,0.16124,-0.08974,-0.56660,-0.32423,0.02518,1.27567,0.01101,0.61572,0.14531,0.15951,-0.61657,-0.04977,1.69640,0.06351,-1.08394,0.10729
0.50000,0.69269,0.16123,-0.08974,-0.56644,-0.32484,0.02513,1.27737,0.01108,0.61463,0.14542,0.15794,-0.61549,-0.04980,1.69515,0.06338,-1.08374,0.10577
0.50100,0.69307,0.16124,-0.08974,-0.56629,-0.32546,0.02508,1.27907,0.01114,0.61355,0.14552,0.15638,-0.61447,-0.04982,1.69390,0.06326,-1.08348,0.10428
0.50200,0.69345,0.16124,-0.08974,-0.56613,-0.32607,0.02503,1.28076,0.01120,0.61247,0.14563,0.15481,-0.61344,-0.04985,1.69265,0.06314,-1.08323,0.10279
0.50300,0.69383,0.16124,-0.08974,-0.56598,-0.32668,0.02498,1.28245,0.01127,0.61138,0.14573,0.15321,-0.61237,-0.04986,1.69140,0.06303,-1.08298,0.10124
0.50400,0.69420,0.16124,-0.08974,-0.56583,-0.32730,0.02493,1.28414,0.01133,0.61030,0.14583,0.15162,-0.61130,-0.04988,1.69015,0.06292,-1.08273,0.09970
0.50500,0.69458,0.16125,-0.08974,-0.56568,-0.32791,0.02488,1.28583,0.01139,0.60922,0.14593,0.15010,-0.61020,-0.04992,1.68840,0.06276,-1.08248,0.09811
0.50600,0.69496,0.16126,-0.08974,-0.56553,-0.32852,0.02483,1.28752,0.01146,0.60814,0.14603,0.14858,-0.60910,-0.04995,1.68665,0.06260,-1.08223,0.09652
0.50700,0.69533,0.16126,-0.08974,-0.56538,-0.32913,0.02478,1.28921,0.01152,0.60705,0.14612,0.14699,-0.60802,-0.04998,1.68515,0.06244,-1.08193,0.09495
0.50800,0.69571,0.16127,-0.08974,-0.56523,-0.32973,0.02473,1.29089,0.01158,0.60597,0.14621,0.14540,-0.60695,-0.05000,1.68365,0.06229,-1.08162,0.09338
0.50900,0.69609,0.16128,-0.08974,-0.56509,-0.33034,0.02468,1.29257,0.01164,0.60489,0.14631,0.14378,-0.60583,-0.05002,1.68240,0.06215,-1.08135,0.09179
0.51000,0.69646,0.16129,-0.08974,-0.56494,-0.33095,0.02463,1.29425,0.01170,0.60381,0.14640,0.14216,-0.60470,-0.05004,1.68115,0.06200,-1.08107,0.09020
0.51100,0.69684,0.16131,-0.08974,-0.56480,-0.33155,0.02458,1.29593,0.01177,0.60273,0.14649,0.14052,-0.60358,-0.05005,1.68015,0.06186,-1.08077,0.08866
0.51200,0.69722,0.16132,-0.08974,-0.56466,-0.33215,0.02453,1.29761,0.01183,0.60165,0.14658,0.13887,-0.60245,-0.05006,1.67915,0.06172,-1.08047,0.08712
0.51300,0.69759,0.16134,-0.08974,-0.56453,-0.33275,0.02448,1.29929,0.01189,0.60057,0.14666,0.13725,-0.60133,-0.05007,1.67790,0.06159,-1.08022,0.08558
0.51400,0.69797,0.16135,-0.08974,-0.56439,-0.33336,0.02443,1.30097,0.01195,0.59949,0.14675,0.13564,-0.60021,-0.05008,1.67665,0.06145,-1.07996,0.08404
0.51500,0.69835,0.16137,-0.08974,-0.56425,-0.33395,0.02438,1.30265,0.01201,0.59841,0.14683,0.13404,-0.59913,-0.05010,1.67515,0.06127,-1.07966,0.08250
0.51600,0.69872,0.16139,-0.08974,-0.56412,-0.33455,0.02433,1.30432,0.01207,0.59733,0.14691,0.13245,-0.59806,-0.05013,1.67365,0.06108,-1.07936,0.08096
0.51700,0.69910,0.16141,-0.08974,-0.56399,-0.33515,0.02428,1.30599,0.01213,0.59625,0.14699,0.13083,-0.59696,-0.05014,1.67190,0.06090,-1.07904,0.07937
0.51800,0.69948,0.16143,-0.08974,-0.56386,-0.33575,0.02423,1.30766,0.01220,0.59517,0.14707,0.12921,-0.59586,-0.05016,1.67015,0.06073,-1.07871,0.07778
0.51900,0.69985,0.16145,-0.08974,-0.56373,-0.33634,0.02418,1.30933,0.01226,0.59409,0.14715,0.12752,-0.59474,-0.05018,1.66890,0.06056,-1.07833,0.07621
0.52000,0.70023,0.16147,-0.08974,-0.56360,-0.33694,0.02413,1.31100,0.01232,0.59301,0.14722,0.12583,-0.59361,-0.05019,1.66765,0.06039,-1.07796,0.07465
0.52100,0.70061,0.16150,-0.08974,-0.56348,-0.33753,0.02408,1.31267,0.01238,0.59194,0.14730,0.12413,-0.59246,-0.05019,1.66640,0.06023,-1.07758,0.07306
0.52200,0.70098,0.16152,-0.08974,-0.56336,-0.33812,0.02403,1.31433,0.01244,0.59086,0.14737,0.12244,-0.59132,-0.05019,1.66515,0.06008,-1.07720,0.07147
0.52300,0.70136,0.16155,-0.08974,-0.56323,-0.33871,0.02398,1.31600,0.01250,0.58978,0.14744,0.12077,-0.59019,-0.05018,1.66340,0.05992,-1.07688,0.06989
0.52400,0.70173,0.16158,-0.08974,-0.56311,-0.33930,0.02393,1.31766,0.01256,0.58870,0.14751,0.11910,-0.58907,-0.05018,1.66165,0.05976,-1.07655,0.06830
0.52500,0.70211,0.16161,-0.08974,-0.56300,-0.33989,0.02388,1.31932,0.01262,0.58763,0.14758,0.11743,-0.58792,-0.05019,1.66015,0.05955,-1.07620,0.06669
0.52600,0.70249,0.16164,-0.08974,-0.56288,-0.34048,0.02383,1.32098,0.01268,0.58655,0.14764,0.11577,-0.58677,-0.05020,1.65865,0.05934,-1.07585,0.06507
0.52700,0.70286,0.16167,-0.08974,-0.56276,-0.34106,0.02378,1.32264,0.01274,0.58548,0.14771,0.11412,-0.58562,-0.05021,1.65690,0.05914,-1.07547,0.06346
0.52800,0.70324,0.16170,-0.08974,-0.56265,-0.34165,0.02373,1.32429,0.01279,0.58440,0.14777,0.11248,-0.58447,-0.05022,1.65515,0.05894,-1.07509,0.06185
0.52900,0.70361,0.16173,-0.08974,-0.56254,-0.34223,0.02368,1.32595,0.01285,0.58333,0.14783,0.11076,-0.58332,-0.05022,1.65340,0.05875,-1.07469,0.06026
0.53000,0.70399,0.16177,-0.08974,-0.56243,-0.34282,0.02363,1.32760,0.01291,0.58225,0.14789,0.10904,-0.58217,-0.05022,1.65165,0.05856,-1.07429,0.05868
0.53100,0.70436,0.16180,-0.08974,-0.56232,-0.34340,0.02358,1.32925,0.01297,0.58118,0.14795,0.10730,-0.58098,-0.05021,1.65015,0.05837,-1.07386,0.05709
0.53200,0.70474,0.16184,-0.08974,-0.56221,-0.34398,0.02353,1.33090,0.01303,0.58010,0.14800,0.10556,-0.57978,-0.05021,1.64865,0.05819,-1.07344,0.05551
0.53300,0.70511,0.16188,-0.08974,-0.56211,-0.34456,0.02348,1.33255,0.01309,0.57903,0.14806,0.10384,-0.57863,-0.05019,1.64690,0.05801,-1.07301,0.05389
0.53400,0.70549,0.16192,-0.08974,-0.56201,-0.34514,0.02343,1.33420,0.01314,0.57796,0.14811,0.10212,-0.57748,-0.05017,1.64515,0.05783,-1.07258,0.05228
0.53500,0.70586,0.16196,-0.08974,-0.56191,-0.34571,0.02338,1.33584,0.01320,0.57689,0.14816,0.10040,-0.57633,-0.05017,1.64390,0.05760,-1.07218,0.05062
0.53600,0.70624,0.16200,-0.08974,-0.56181,-0.34629,0.02333,1.33749,0.01326,0.57581,0.14821,0.09869,-0.57518,-0.05018,1.64265,0.05738,-1.07178,0.04897
0.53700,0.70661,0.16205,-0.08974,-0.56171,-0.34686,0.02328,1.33913,0.01332,0.57474,0.14826,0.09697,-0.57398,-0.05018,1.64140,0.05715,-1.07135,0.04736
0.53800,0.70699,0.16209,-0.08974,-0.56161,-0.34744,0.02323,1.34077,0.01337,0.57367,0.14831,0.09525,-0.57278,-0.05018,1.64015,0.05693,-1.07093,0.04575
0.53900,0.70736,0.16214,-0.08974,-0.56152,-0.34801,0.02318,1.34241,0.01343,0.57260,0.14835,0.09353,-0.57164,-0.05016,1.63840,0.05671,-1.07050,0.04416
0.54000,0.70774,0.16218,-0.08974,-0.56142,-0.34858,0.02312,1.34405,0.01349,0.57153,0.14840,0.09181,-0.57049,-0.05015,1.63665,0.05649,-1.07008,0.04258
0.54100,0.70811,0.16223,-0.08974,-0.56133,-0.34915,0.02307,1.34568,0.01354,0.57046,0.14844,0.09002,-0.56929,-0.05013,1.63515,0.05628,-1.06957,0.04100
0.54200,0.70848,0.16228,-0.08974,-0.56124,-0.34972,0.02302,1.34732,0.01360,0.56939,0.14848,0.08823,-0.56809,-0.05011,1.63365,0.05607,-1.06907,0.03941
0.54300,0.70886,0.16233,-0.08974,-0.56116,-0.35028,0.02297,1.34895,0.01366,0.56832,0.14852,0.08644,-0.56686,-0.05008,1.63190,0.05586,-1.06855,0.03781
0.54400,0.70923,0.16238,-0.08974,-0.56107,-0.35085,0.02292,1.35058,0.01371,0.56725,0.14855,0.08464,-0.56564,-0.05005,1.63015,0.05566,-1.06802,0.03620
0.54500,0.70960,0.16243,-0.08974,-0.56099,-0.35142,0.02287,1.35221,0.01377,0.56619,0.14859,0.08293,-0.56449,-0.05005,1.62840,0.05541,-1.06752,0.03454
0.54600,0.70998,0.16249,-0.08974,-0.56091,-0.35198,0.02282,1.35384,0.01382,0.56512,0.14862,0.08121,-0.56334,-0.05005,1.62665,0.05516,-1.06702,0.03288
0.54700,0.71035,0.16254,-0.08974,-0.56083,-0.35254,0.02277,1.35546,0.01388,0.56405,0.14865,0.07939,-0.56212,-0.05004,1.62465,0.05491,-1.06654,0.03123
0.54800,0.71072,0.16260,-0.08974,-0.56075,-0.35310,0.02272,1.35709,0.01393,0.56299,0.14869,0.07757,-0.56090,-0.05002,1.62265,0.05466,-1.06606,0.02957
0.54900,0.71109,0.16265,-0.08974,-0.56067,-0.35366,0.02267,1.35871,0.01399,0.56192,0.14871,0.07581,-0.55970,-0.05000,1.62065,0.05442,-1.06561,0.02791
0.55000,0.71147,0.16271,-0.08974,-0.56059,-0.35422,0.02262,1.36033,0.01404,0.56085,0.14874,0.07404,-0.55850,-0.04998,1.61865,0.05418,-1.06516,0.02626
0.55100,0.71184,0.16277,-0.08974,-0.56052,-0.35478,0.02257,1.36194,0.01410,0.55979,0.14877,0.07222,-0.55725,-0.04995,1.61690,0.05394,-1.06461,0.02460
0.55200,0.71221,0.16283,-0.08974,-0.56045,-0.35534,0.02252,1.36356,0.01415,0.55872,0.14879,0.07040,-0.55600,-0.04992,1.61515,0.05371,-1.06406,0.02295
0.55300,0.71258,0.16290,-0.08974,-0.56038,-0.35589,0.02247,1.36517,0.01420,0.55766,0.14881,0.06856,-0.55475,-0.04987,1.61390,0.05348,-1.06353,0.02134
0.55400,0.71296,0.16296,-0.08974,-0.56031,-0.35645,0.02242,1.36679,0.01426,0.55660,0.14883,0.06672,-0.55350,-0.04983,1.61265,0.05325,-1.06300,0.01974
0.55500,0.71333,0.16302,-0.08974,-0.56025,-0.35700,0.02237,1.36840,0.01431,0.55554,0.14885,0.06495,-0.55230,-0.04983,1.61090,0.05297,-1.06245,0.01811
0.55600,0.71370,0.16309,-0.08974,-0.56018,-0.35755,0.02233,1.37001,0.01436,0.55447,0.14887,0.06318,-0.55111,-0.04982,1.60915,0.05269,-1.06190,0.01648
0.55700,0.71407,0.16315,-0.08974,-0.56012,-0.35810,0.02228,1.37162,0.01442,0.55341,0.14888,0.06134,-0.54988,-0.04980,1.60715,0.05241,-1.06130,0.01488
0.55800,0.71444,0.16322,-0.08974,-0.56006,-0.35865,0.02223,1.37323,0.01447,0.55235,0.14890,0.05950,-0.54866,-0.04978,1.60515,0.05214,-1.06070,0.01327
0.55900,0.71481,0.16329,-0.08974,-0.56000,-0.35920,0.02218,1.37483,0.01452,0.55129,0.14891,0.05768,-0.54746,-0.04974,1.60315,0.05187,-1.06014,0.01162
0.56000,0.71518,0.16336,-0.08974,-0.55995,-0.35975,0.02213,1.37643,0.01457,0.55023,0.14892,0.05586,-0.54626,-0.04971,1.60115,0.05160,-1.05959,0.00996
0.56100,0.71555,0.16343,-0.08974,-0.55989,-0.36029,0.02208,1.37803,0.01462,0.54917,0.14893,0.05399,-0.54501,-0.04967,1.59940,0.05134,-1.05899,0.00826
0.56200,0.71592,0.16350,-0.08974,-0.55984,-0.36084,0.02203,1.37963,0.01467,0.54811,0.14894,0.05213,-0.54376,-0.04962,1.59765,0.05108,-1.05839,0.00656
0.56300,0.71629,0.16358,-0.08974,-0.55979,-0.36138,0.02198,1.38122,0.01472,0.54705,0.14894,0.05026,-0.54251,-0.04957,1.59640,0.05082,-1.05779,0.00488
0.56400,0.71666,0.16365,-0.08974,-0.55974,-0.36192,0.02193,1.38282,0.01478,0.54600,0.14895,0.04839,-0.54127,-0.04952,1.59515,0.05057,-1.05719,0.00321
0.56500,0.71703,0.16373,-0.08974,-0.55969,-0.36246,0.02188,1.38441,0.01483,0.54494,0.14895,0.04653,-0.54002,-0.04950,1.59340,0.05026,-1.05658,0.00155
0.56600,0.71740,0.16381,-0.08974,-0.55964,-0.36300,0.02183,1.38601,0.01488,0.54388,0.14895,0.04466,-0.53877,-0.04949,1.59165,0.04996,-1.05598,-0.00010
0.56700,0.71777,0.16388,-0.08974,-0.55960,-0.36354,0.02178,1.38760,0.01493,0.54283,0.14895,0.04279,-0.53752,-0.04946,1.58965,0.04966,-1.05531,-0.00172
0.56800,0.71813,0.16396,-0.08974,-0.55956,-0.36408,0.02173,1.38919,0.01498,0.54177,0.14895,0.04092,-0.53627,-0.04942,1.58765,0.04936,-1.05463,-0.00335
0.56900,0.71850,0.16404,-0.08974,-0.55952,-0.36461,0.02168,1.39078,0.01502,0.54072,0.14894,0.03906,-0.53497,-0.04938,1.58515,0.04906,-1.05400,-0.00495
0.57000,0.71887,0.16412,-0.08974,-0.55948,-0.36515,0.02163,1.39236,0.01507,0.53966,0.14894,0.03719,-0.53367,-0.04934,1.58265,0.04877,-1.05338,-0.00655
0.57100,0.71924,0.16421,-0.08974,-0.55945,-0.36568,0.02158,1.39394,0.01512,0.53861,0.14893,0.03527,-0.53240,-0.04929,1.58065,0.04848,-1.05275,-0.00825
0.57200,0.71961,0.16429,-0.08974,-0.55941,-0.36621,0.02153,1.39552,0.01517,0.53756,0.14892,0.03335,-0.53113,-0.04924,1.57865,0.04819,-1.05212,-0.00995
0.57300,0.71997,0.16438,-0.08974,-0.55938,-0.36674,0.02148,1.39710,0.01522,0.53651,0.14891,0.03141,-0.52988,-0.04917,1.57690,0.04790,-1.05149,-0.01163
0.57400,0.72034,0.16446,-0.08974,-0.55935,-0.36727,0.02143,1.39867,0.01527,0.53546,0.14890,0.02947,-0.52863,-0.04911,1.57515,0.04762,-1.05087,-0.01330
0.57500,0.72071,0.16455,-0.08974,-0.55932,-0.36780,0.02138,1.40025,0.01531,0.53441,0.14888,0.02753,-0.52736,-0.04906,1.57340,0.04730,-1.05019,-0.01500
0.57600,0.72107,0.16464,-0.08974,-0.55929,-0.36833,0.02134,1.40182,0.01536,0.53336,0.14887,0.02559,-0.52608,-0.04902,1.57165,0.04698,-1.04951,-0.01670
0.57700,0.72144,0.16473,-0.08974,-0.55927,-0.36885,0.02129,1.40339,0.01541,0.53231,0.14885,0.02372,-0.52486,-0.04899,1.56965,0.04664,-1.04881,-0.01835
0.57800,0.72181,0.16482,-0.08974,-0.55924,-0.36938,0.02124,1.40496,0.01545,0.53126,0.14883,0.02185,-0.52363,-0.04897,1.56765,0.04630,-1.04811,-0.01999
0.57900,0.72217,0.16491,-0.08974,-0.55922,-0.36990,0.02119,1.40653,0.01550,0.53021,0.14881,0.01996,-0.52234,-0.04893,1.56565,0.04597,-1.04741,-0.02164
0.58000,0.72254,0.16501,-0.08974,-0.55920,-0.37042,0.02114,1.40809,0.01555,0.52916,0.14879,0.01807,-0.52104,-0.04888,1.56365,0.04563,-1.04671,-0.02329
0.58100,0.72290,0.16510,-0.08974,-0.55919,-0.37094,0.02109,1.40965,0.01559,0.52812,0.14876,0.01613,-0.51974,-0.04883,1.56140,0.04531,-1.04598,-0.02499
0.58200,0.72327,0.16520,-0.08974,-0.55917,-0.37146,0.02104,1.41121,0.01564,0.52707,0.14874,0.01418,-0.51844,-0.04878,1.55915,0.04499,-1.04525,-0.02668
0.58300,0.72363,0.16529,-0.08974,-0.55916,-0.37198,0.02099,1.41277,0.01568,0.52603,0.14871,0.01222,-0.51717,-0.04871,1.55715,0.04466,-1.04455,-0.02835
0.58400,0.72400,0.16539,-0.08974,-0.55915,-0.37250,0.02094,1.41433,0.01573,0.52498,0.14868,0.01025,-0.51589,-0.04865,1.55515,0.04434,-1.04385,-0.03003
0.58500,0.72436,0.16549,-0.08974,-0.55914,-0.37301,0.02090,1.41588,0.01577,0.52394,0.14865,0.00828,-0.51459,-0.04856,1.55315,0.04403,-1.04310,-0.03172
0.58600,0.72472,0.16559,-0.08974,-0.55913,-0.37352,0.02085,1.41743,0.01581,0.52290,0.14862,0.00632,-0.51329,-0.04848,1.55115,0.04372,-1.04235,-0.03342
0.58700,0.72509,0.16569,-0.08974,-0.55913,-0.37404,0.02080,1.41898,0.01586,0.52185,0.14858,0.00435,-0.51200,-0.04842,1.54940,0.04337,-1.04154,-0.03506
0.58800,0.72545,0.16579,-0.08974,-0.55912,-0.37455,0.02075,1.42053,0.01590,0.52081,0.14855,0.00238,-0.51070,-0.04837,1.54765,0.04302,-1.04074,-0.03671
0.58900,0.72581,0.16590,-0.08974,-0.55912,-0.37506,0.02070,1.42208,0.01594,0.51977,0.14851,0.00047,-0.50942,-0.04834,1.54590,0.04264,-1.03997,-0.03835
0.59000,0.72617,0.16600,-0.08974,-0.55912,-0.37557,0.02065,1.42362,0.01599,0.51873,0.14847,-0.00145,-0.50815,-0.04831,1.54415,0.04226,-1.03919,-0.04000
0.59100,0.72654,0.16611,-0.08974,-0.55913,-0.37607,0.02061,1.42517,0.01603,0.51769,0.14843,-0.00347,-0.50685,-0.04826,1.54215,0.04189,-1.03844,-0.04164
0.59200,0.72690,0.16621,-0.08974,-0.55913,-0.37658,0.02056,1.42671,0.01607,0.51666,0.14839,-0.00548,-0.50555,-0.04822,1.54015,0.04152,-1.03769,-0.04328
0.59300,0.72726,0.16632,-0.08974,-0.55914,-0.37709,0.02051,1.42825,0.01611,0.51562,0.14834,-0.00748,-0.50425,-0.04815,1.53765,0.04116,-1.03691,-0.04498
0.59400,0.72762,0.16643,-0.08974,-0.55914,-0.37759,0.02046,1.42978,0.01615,0.51458,0.14830,-0.00947,-0.50296,-0.04809,1.53515,0.04080,-1.03613,-0.04667
0.59500,0.72798,0.16654,-0.08974,-0.55915,-0.37809,0.02041,1.43132,0.01619,0.51355,0.14825,-0.01148,-0.50163,-0.04801,1.53265,0.04045,-1.03536,-0.04839
0.59600,0.72834,0.16665,-0.08974,-0.55917,-0.37859,0.02037,1.43285,0.01623,0.51251,0.14820,-0.01350,-0.50031,-0.04793,1.53015,0.04010,-1.03458,-0.05011
0.59700,0.72870,0.16676,-0.08974,-0.55918,-0.37909,0.02032,1.43438,0.01627,0.51148,0.14815,-0.01554,-0.49894,-0.04783,1.52815,0.03975,-1.03370,-0.05182
0.59800,0.72906,0.16688,-0.08974,-0.55920,-0.37959,0.02027,1.43590,0.01631,0.51044,0.14810,-0.01758,-0.49756,-0.04773,1.52615,0.03940,-1.03282,-0.05354
0.59900,0.72942,0.16699,-0.08974,-0.55922,-0.38009,0.02022,1.43743,0.01635,0.50941,0.14804,-0.01957,-0.49624,-0.04767,1.52390,0.03902,-1.03200,-0.05523
0.60000,0.72978,0.16711,-0.08974,-0.55924,-0.38058,0.02017,1.43895,0.01639,0.50838,0.14799,-0.02157,-0.49491,-0.04760,1.52165,0.03863,-1.03117,-0.05692
0.60100,0.73013,0.16723,-0.08974,-0.55926,-0.38108,0.02013,1.44048,0.01643,0.50735,0.14793,-0.02356,-0.49362,-0.04757,1.51965,0.03822,-1.03032,-0.05857
0.60200,0.73049,0.16734,-0.08974,-0.55928,-0.38157,0.02008,1.44200,0.01647,0.50632,0.14787,-0.02555,-0.49232,-0.04753,1.51765,0.03781,-1.02947,-0.06021
0.60300,0.73085,0.16746,-0.08974,-0.55931,-0.38206,0.02003,1.44351,0.01650,0.50529,0.14781,-0.02754,-0.49107,-0.04747,1.51565,0.03741,-1.02859,-0.06185
0.60400,0.73121,0.16758,-0.08974,-0.55934,-0.38255,0.01998,1.44503,0.01654,0.50426,0.14775,-0.02953,-0.48982,-0.04742,1.51365,0.03700,-1.02771,-0.06349
0.60500,0.73156,0.16770,-0.08974,-0.55937,-0.38304,0.01994,1.44654,0.01658,0.50323,0.14768,-0.03162,-0.48852,-0.04735,1.51140,0.03661,-1.02686,-0.06518
0.60600,0.73192,0.16783,-0.08974,-0.55940,-0.38353,0.01989,1.44805,0.01662,0.50221,0.14762,-0.03371,-0.48722,-0.04728,1.50915,0.03621,-1.02601,-0.06687
0.60700,0.73228,0.16795,-0.08974,-0.55944,-0.38402,0.01984,1.44956,0.01665,0.50118,0.14755,-0.03576,-0.48585,-0.04718,1.50715,0.03582,-1.02511,-0.06858
0.60800,0.73263,0.16808,-0.08974,-0.55947,-0.38450,0.01980,1.45107,0.01669,0.50016,0.14748,-0.03780,-0.48448,-0.04709,1.50515,0.03542,-1.02421,-0.07029
0.60900,0.73299,0.16820,-0.08974,-0.55951,-0.38498,0.01975,1.45257,0.01672,0.49913,0.14741,-0.03989,-0.48313,-0.04697,1.50315,0.03504,-1.02333,-0.07201
0.61000,0.73334,0.16833,-0.08974,-0.55955,-0.38547,0.01970,1.45407,0.01676,0.49811,0.14734,-0.04198,-0.48178,-0.04686,1.50115,0.03465,-1.02245,-0.07372
0.61100,0.73370,0.16846,-0.08974,-0.55960,-0.38595,0.01965,1.45557,0.01679,0.49709,0.14726,-0.04407,-0.48043,-0.04678,1.49840,0.03424,-1.02155,-0.07541
0.61200,0.73405,0.16859,-0.08974,-0.55964,-0.38643,0.01961,1.45707,0.01683,0.49607,0.14718,-0.04616,-0.47908,-0.04671,1.49565,0.03382,-1.02065,-0.07710
0.61300,0.73441,0.16872,-0.08974,-0.55969,-0.38691,0.01956,1.45856,0.01686,0.49505,0.14711,-0.04820,-0.47773,-0.04666,1.49340,0.03338,-1.01967,-0.07873
0.61400,0.73476,0.16885,-0.08974,-0.55974,-0.38738,0.01951,1.46006,0.01689,0.49403,0.14703,-0.05024,-0.47638,-0.04662,1.49115,0.03293,-1.01869,-0.08037
0.61500,0.73511,0.16898,-0.08974,-0.55979,-0.38786,0.01947,1.46154,0.01693,0.49301,0.14694,-0.05234,-0.47509,-0.04656,1.48865,0.03250,-1.01774,-0.08206
0.61600,0.73546,0.16911,-0.08974,-0.55984,-0.38833,0.01942,1.46303,0.01696,0.49199,0.14686,-0.05443,-0.47379,-0.04650,1.48615,0.03206,-1.01679,-0.08374
0.61700,0.73582,0.16925,-0.08974,-0.55990,-0.38881,0.01937,1.46451,0.01699,0.49098,0.14678,-0.05647,-0.47239,-0.04642,1.48390,0.03162,-1.01584,-0.08546
0.61800,0.73617,0.16939,-0.08974,-0.55996,-0.38928,0.01933,1.46600,0.01702,0.48996,0.14669,-0.05851,-0.47099,-0.04634,1.48165,0.03119,-1.01489,-0.08717
0.61900,0.73652,0.16952,-0.08974,-0.56002,-0.38975,0.01928,1.46748,0.01705,0.48895,0.14660,-0.06058,-0.46967,-0.04624,1.47965,0.03076,-1.01391,-0.08888
0.62000,0.73687,0.16966,-0.08974,-0.56008,-0.39022,0.01924,1.46896,0.01708,0.48793,0.14651,-0.06264,-0.46834,-0.04613,1.47765,0.03033,-1.01293,-0.09059
0.62100,0.73722,0.16980,-0.08974,-0.56014,-0.39069,0.01919,1.47043,0.01711,0.48692,0.14642,-0.06481,-0.46702,-0.04600,1.47515,0.02990,-1.01198,-0.09227
0.62200,0.73757,0.16994,-0.08974,-0.56021,-0.39115,0.01914,1.47191,0.01714,0.48591,0.14633,-0.06697,-0.46570,-0.04588,1.47265,0.02948,-1.01103,-0.09396
0.62300,0.73792,0.17008,-0.08974,-0.56027,-0.39162,0.01910,1.47338,0.01717,0.48490,0.14623,-0.06906,-0.46430,-0.04583,1.47065,0.02901,-1.01003,-0.09559
0.62400,0.73827,0.17023,-0.08974,-0.56034,-0.39208,0.01905,1.47485,0.01720,0.48389,0.14614,-0.07116,-0.46290,-0.04578,1.46865,0.02855,-1.00902,-0.09722
0.62500,0.73862,0.17037,-0.08974,-0.56042,-0.39254,0.01901,1.47631,0.01723,0.48288,0.14604,-0.07330,-0.46160,-0.04571,1.46640,0.02808,-1.00802,-0.09886
0.62600,0.73896,0.17051,-0.08974,-0.56049,-0.39300,0.01896,1.47778,0.01726,0.48187,0.14594,-0.07544,-0.46030,-0.04563,1.46415,0.02762,-1.00702,-0.10049
0.62700,0.73931,0.17066,-0.08974,-0.56057,-0.39346,0.01892,1.47924,0.01728,0.48087,0.14584,-0.07755,-0.45890,-0.04554,1.46165,0.02715,-1.00597,-0.10217
0.62800,0.73966,0.17081,-0.08974,-0.56065,-0.39392,0.01887,1.48071,0.01731,0.47986,0.14574,-0.07967,-0.45751,-0.04545,1.45915,0.02668,-1.00492,-0.10386
0.62900,0.74001,0.17096,-0.08974,-0.56073,-0.39438,0.01882,1.48216,0.01734,0.47886,0.14563,-0.08181,-0.45613,-0.04534,1.45640,0.02622,-1.00384,-0.10556
0.63000,0.74035,0.17110,-0.08974,-0.56081,-0.39483,0.01878,1.48362,0.01736,0.47785,0.14553,-0.08395,-0.45476,-0.04523,1.45365,0.02576,-1.00276,-0.10727
0.63100,0.74070,0.17125,-0.08974,-0.56090,-0.39529,0.01873,1.48507,0.01739,0.47685,0.14542,-0.08612,-0.45341,-0.04510,1.45115,0.02530,-1.00168,-0.10898
0.63200,0.74104,0.17141,-0.08974,-0.56098,-0.39574,0.01869,1.48652,0.01741,0.47585,0.14531,-0.08828,-0.45206,-0.04497,1.44865,0.02484,-1.00061,-0.11068
0.63300,0.74139,0.17156,-0.08974,-0.56107,-0.39619,0.01864,1.48796,0.01744,0.47485,0.14519,-0.09035,-0.45071,-0.04492,1.44640,0.02434,-0.99956,-0.11236
0.63400,0.74173,0.17171,-0.08974,-0.56116,-0.39664,0.01860,1.48941,0.01746,0.47385,0.14508,-0.09241,-0.44936,-0.04487,1.44415,0.02385,-0.99850,-0.11404
0.63500,0.74208,0.17187,-0.08974,-0.56126,-0.39709,0.01855,1.49086,0.01749,0.47285,0.14497,-0.09455,-0.44802,-0.04480,1.44165,0.02335,-0.99745,-0.11572
0.63600,0.74242,0.17202,-0.08974,-0.56135,-0.39754,0.01851,1.49230,0.01751,0.47186,0.14485,-0.09669,-0.44667,-0.04472,1.43915,0.02286,-0.99640,-0.11740
0.63700,0.74276,0.17218,-0.08974,-0.56145,-0.39798,0.01846,1.49374,0.01753,0.47086,0.14473,-0.09883,-0.44532,-0.04462,1.43690,0.02236,-0.99527,-0.11911
0.63800,0.74311,0.17234,-0.08974,-0.56155,-0.39843,0.01842,1.49517,0.01755,0.46986,0.14461,-0.10098,-0.44397,-0.04452,1.43465,0.02186,-0.99415,-0.12081
0.63900,0.74345,0.17250,-0.08974,-0.56165,-0.39887,0.01838,1.49660,0.01758,0.46887,0.14449,-0.10322,-0.44255,-0.04441,1.43190,0.02137,-0.99299,-0.12252
0.64000,0.74379,0.17266,-0.08974,-0.56176,-0.39931,0.01833,1.49803,0.01760,0.46788,0.14437,-0.10546,-0.44112,-0.04430,1.42915,0.02088,-0.99184,-0.12422
0.64100,0.74413,0.17282,-0.08974,-0.56186,-0.39975,0.01829,1.49946,0.01762,0.46689,0.14424,-0.10770,-0.43975,-0.04416,1.42665,0.02039,-0.99071,-0.12590
0.64200,0.74447,0.17298,-0.08974,-0.56197,-0.40019,0.01824,1.50089,0.01764,0.46590,0.14412,-0.10994,-0.43838,-0.04402,1.42415,0.01990,-0.98959,-0.12758
0.64300,0.74481,0.17314,-0.08974,-0.56208,-0.40063,0.01820,1.50231,0.01766,0.46491,0.14399,-0.11203,-0.43705,-0.04396,1.42190,0.01937,-0.98843,-0.12915
0.64400,0.74515,0.17331,-0.08974,-0.56220,-0.40107,0.01816,1.50373,0.01768,0.46392,0.14386,-0.11412,-0.43573,-0.04391,1.41965,0.01884,-0.98728,-0.13073
0.64500,0.74549,0.17347,-0.08974,-0.56231,-0.40150,0.01811,1.50515,0.01769,0.46293,0.14373,-0.11628,-0.43433,-0.04383,1.41690,0.01831,-0.98613,-0.13238
0.64600,0.74583,0.17364,-0.08974,-0.56243,-0.40194,0.01807,1.50656,0.01771,0.46195,0.14359,-0.11845,-0.43293,-0.04375,1.41415,0.01778,-0.98498,-0.13403
0.64700,0.74616,0.17381,-0.08974,-0.56255,-0.40237,0.01802,1.50798,0.01773,0.46096,0.14346,-0.12064,-0.43159,-0.04365,1.41165,0.01725,-0.98378,-0.13573
0.64800,0.74650,0.17397,-0.08974,-0.56267,-0.40280,0.01798,1.50939,0.01775,0.45998,0.14332,-0.12283,-0.43024,-0.04354,1.40915,0.01673,-0.98257,-0.13743
0.64900,0.74684,0.17414,-0.08974,-0.56279,-0.40323,0.01794,1.51080,0.01776,0.45900,0.14318,-0.12507,-0.42881,-0.04341,1.40640,0.01621,-0.98140,-0.13911
0.65000,0.74717,0.17431,-0.08974,-0.56292,-0.40366,0.01789,1.51220,0.01778,0.45802,0.14304,-0.12731,-0.42739,-0.04329,1.40365,0.01569,-0.98022,-0.14078
0.65100,0.74751,0.17449,-0.08974,-0.56305,-0.40408,0.01785,1.51360,0.01779,0.45704,0.14290,-0.12957,-0.42597,-0.04313,1.40115,0.01517,-0.97904,-0.14248
0.65200,0.74784,0.17466,-0.08974,-0.56318,-0.40451,0.01781,1.51500,0.01781,0.45606,0.14276,-0.13184,-0.42454,-0.04298,1.39865,0.01464,-0.97786,-0.14418
0.65300,0.74818,0.17483,-0.08974,-0.56331,-0.40493,0.01776,1.51640,0.01782,0.45508,0.14261,-0.13396,-0.42320,-0.04293,1.39640,0.01409,-0.97661,-0.14581
0.65400,0.74851,0.17501,-0.08974,-0.56345,-0.40536,0.01772,1.51779,0.01784,0.45411,0.14247,-0.13607,-0.42185,-0.04287,1.39415,0.01353,-0.97536,-0.14743
0.65500,0.74885,0.17518,-0.08974,-0.56358,-0.40578,0.01768,1.51919,0.01785,0.45313,0.14232,-0.13824,-0.42045,-0.04279,1.39165,0.01297,-0.97408,-0.14908
0.65600,0.74918,0.17536,-0.08974,-0.56372,-0.40620,0.01764,1.52058,0.01786,0.45216,0.14217,-0.14040,-0.41905,-0.04271,1.38915,0.01242,-0.97281,-0.15073
0.65700,0.74951,0.17554,-0.08974,-0.56386,-0.40661,0.01759,1.52197,0.01788,0.45119,0.14202,-0.14269,-0.41768,-0.04261,1.38640,0.01186,-0.97155,-0.15245
0.65800,0.74984,0.17572,-0.08974,-0.56401,-0.40703,0.01755,1.52335,0.01789,0.45022,0.14186,-0.14498,-0.41630,-0.04251,1.38365,0.01130,-0.97030,-0.15417
0.65900,0.75017,0.17590,-0.08974,-0.56415,-0.40745,0.01751,1.52473,0.01790,0.44925,0.14171,-0.14727,-0.41496,-0.04237,1.38065,0.01075,-0.96907,-0.15582
0.66000,0.75050,0.17608,-0.08974,-0.56430,-0.40786,0.01747,1.52611,0.01791,0.44828,0.14155,-0.14956,-0.41361,-0.04224,1.37765,0.01020,-0.96785,-0.15746
0.66100,0.75083,0.17626,-0.08974,-0.56445,-0.40827,0.01742,1.52749,0.01792,0.44731,0.14139,-0.15185,-0.41221,-0.04208,1.37515,0.00965,-0.96655,-0.15913
0.66200,0.75116,0.17644,-0.08974,-0.56461,-0.40869,0.01738,1.52886,0.01793,0.44634,0.14123,-0.15414,-0.41081,-0.04191,1.37265,0.00909,-0.96524,-0.16081
0.66300,0.75149,0.17663,-0.08974,-0.56476,-0.40910,0.01734,1.53023,0.01794,0.44538,0.14107,-0.15630,-0.40944,-0.04185,1.36965,0.00850,-0.96394,-0.16243
0.66400,0.75182,0.17681,-0.08974,-0.56492,-0.40951,0.01730,1.53160,0.01795,0.44442,0.14091,-0.15847,-0.40806,-0.04180,1.36665,0.00791,-0.96264,-0.16404
0.66500,0.75215,0.17700,-0.08974,-0.56508,-0.40991,0.01726,1.53297,0.01795,0.44345,0.14074,-0.16063,-0.40667,-0.04171,1.36390,0.00732,-0.96129,-0.16566
0.66600,0.75248,0.17719,-0.08974,-0.56524,-0.41032,0.01721,1.53433,0.01796,0.44249,0.14058,-0.16280,-0.40527,-0.04163,1.36115,0.00674,-0.95993,-0.16728
0.66700,0.75280,0.17738,-0.08974,-0.56540,-0.41072,0.01717,1.53569,0.01797,0.44153,0.14041,-0.16504,-0.40384,-0.04152,1.35865,0.00615,-0.95858,-0.16895
0.66800,0.75313,0.17756,-0.08974,-0.56557,-0.41113,0.01713,1.53705,0.01797,0.44058,0.14024,-0.16728,-0.40242,-0.04142,1.35615,0.00556,-0.95723,-0.17062
0.66900,0.75345,0.17775,-0.08974,-0.56574,-0.41153,0.01709,1.53840,0.01798,0.43962,0.14007,-0.16954,-0.40105,-0.04128,1.35340,0.00498,-0.95588,-0.17226
0.67000,0.75378,0.17795,-0.08974,-0.56591,-0.41193,0.01705,1.53976,0.01798,0.43866,0.13990,-0.17181,-0.39967,-0.04114,1.35065,0.00440,-0.95452,-0.17391
0.67100,0.75410,0.17814,-0.08974,-0.56608,-0.41233,0.01701,1.54111,0.01799,0.43771,0.13972,-0.17415,-0.39830,-0.04097,1.34840,0.00382,-0.95315,-0.17557
0.67200,0.75443,0.17833,-0.08974,-0.56626,-0.41272,0.01697,1.54246,0.01799,0.43676,0.13954,-0.17649,-0.39693,-0.04080,1.34615,0.00324,-0.95177,-0.17724
0.67300,0.75475,0.17853,-0.08974,-0.56644,-0.41312,0.01693,1.54380,0.01799,0.43581,0.13937,-0.17870,-0.39550,-0.04074,1.34315,0.00262,-0.95042,-0.17881
0.67400,0.75507,0.17872,-0.08974,-0.56661,-0.41352,0.01689,1.54514,0.01800,0.43486,0.13919,-0.18092,-0.39408,-0.04068,1.34015,0.00200,-0.94907,-0.18037
0.67500,0.75539,0.17892,-0.08974,-0.56680,-0.41391,0.01684,1.54648,0.01800,0.43391,0.13900,-0.18318,-0.39268,-0.04059,1.33715,0.00139,-0.94769,-0.18201
0.67600,0.75572,0.17912,-0.08974,-0.56698,-0.41430,0.01680,1.54782,0.01800,0.43296,0.13882,-0.18545,-0.39128,-0.04051,1.33415,0.00077,-0.94631,-0.18365
0.67700,0.75604,0.17932,-0.08974,-0.56717,-0.41469,0.01676,1.54915,0.01800,0.43202,0.13864,-0.18773,-0.38991,-0.04040,1.33140,0.00015,-0.94491,-0.18529
0.67800,0.75636,0.17951,-0.08974,-0.56736,-0.41508,0.01672,1.55048,0.01800,0.43107,0.13845,-0.19002,-0.38854,-0.04029,1.32865,-0.00047,-0.94351,-0.18693
0.67900,0.75667,0.17972,-0.08974,-0.56755,-0.41547,0.01668,1.55180,0.01800,0.43013,0.13826,-0.19231,-0.38714,-0.04014,1.32565,-0.00108,-0.94203,-0.18862
0.68000,0.75699,0.17992,-0.08974,-0.56774,-0.41586,0.01664,1.55313,0.01800,0.42919,0.13807,-0.19460,-0.38574,-0.03999,1.32265,-0.00170,-0.94055,-0.19031
0.68100,0.75731,0.18012,-0.08974,-0.56794,-0.41624,0.01660,1.55445,0.01799,0.42825,0.13788,-0.19689,-0.38439,-0.03987,1.32015,-0.00232,-0.93910,-0.19192
0.68200,0.75763,0.18032,-0.08974,-0.56813,-0.41662,0.01656,1.55577,0.01799,0.42731,0.13769,-0.19918,-0.38305,-0.03974,1.31765,-0.00294,-0.93765,-0.19354
0.68300,0.75795,0.18053,-0.08974,-0.56834,-0.41701,0.01652,1.55708,0.01799,0.42637,0.13750,-0.20140,-0.38162,-0.03965,1.31465,-0.00358,-0.93619,-0.19512
0.68400,0.75826,0.18073,-0.08974,-0.56854,-0.41739,0.01648,1.55840,0.01798,0.42544,0.13730,-0.20361,-0.38020,-0.03955,1.31165,-0.00421,-0.93474,-0.19671
0.68500,0.75858,0.18094,-0.08974,-0.56874,-0.41777,0.01644,1.55971,0.01798,0.42450,0.13710,-0.20590,-0.37878,-0.03944,1.30890,-0.00484,-0.93321,-0.19832
0.68600,0.75889,0.18115,-0.08974,-0.56895,-0.41815,0.01640,1.56102,0.01798,0.42357,0.13690,-0.20819,-0.37735,-0.03932,1.30615,-0.00548,-0.93169,-0.19993
0.68700,0.75921,0.18135,-0.08974,-0.56916,-0.41852,0.01637,1.56232,0.01797,0.42264,0.13670,-0.21053,-0.37600,-0.03918,1.30315,-0.00612,-0.93021,-0.20157
0.68800,0.75952,0.18156,-0.08974,-0.56937,-0.41890,0.01633,1.56362,0.01796,0.42171,0.13650,-0.21287,-0.37466,-0.03904,1.30015,-0.00676,-0.92873,-0.20321
0.68900,0.75983,0.18177,-0.08974,-0.56959,-0.41927,0.01629,1.56492,0.01796,0.42078,0.13630,-0.21518,-0.37326,-0.03892,1.29715,-0.00742,-0.92718,-0.20482
0.69000,0.76014,0.18199,-0.08974,-0.56980,-0.41964,0.01625,1.56622,0.01795,0.41986,0.13609,-0.21749,-0.37186,-0.03881,1.29415,-0.00808,-0.92563,-0.20643
0.69100,0.76046,0.18220,-0.08974,-0.57002,-0.42001,0.01621,1.56751,0.01794,0.41893,0.13588,-0.21976,-0.37049,-0.03871,1.29140,-0.00874,-0.92412,-0.20796
0.69200,0.76077,0.18241,-0.08974,-0.57024,-0.42038,0.01617,1.56880,0.01793,0.41801,0.13567,-0.22202,-0.36911,-0.03862,1.28865,-0.00940,-0.92262,-0.20949
0.69300,0.76108,0.18263,-0.08974,-0.57046,-0.42075,0.01613,1.57008,0.01792,0.41709,0.13546,-0.22431,-0.36772,-0.03850,1.28565,-0.01006,-0.92112,-0.21113
0.69400,0.76139,0.18284,-0.08974,-0.57069,-0.42112,0.01609,1.57137,0.01791,0.41617,0.13525,-0.22660,-0.36632,-0.03838,1.28265,-0.01072,-0.91962,-0.21276
0.69500,0.76169,0.18306,-0.08974,-0.57092,-0.42148,0.01606,1.57265,0.01790,0.41525,0.13504,-0.22894,-0.36489,-0.03823,1.27965,-0.01138,-0.91801,-0.21437
0.69600,0.76200,0.18327,-0.08974,-0.57115,-0.42185,0.01602,1.57393,0.01789,0.41433,0.13482,-0.23128,-0.36347,-0.03808,1.27665,-0.01203,-0.91641,-0.21598
0.69700,0.76231,0.18349,-0.08974,-0.57138,-0.42221,0.01598,1.57520,0.01788,0.41341,0.13461,-0.23359,-0.36205,-0.03796,1.27390,-0.01270,-0.91481,-0.21758
0.69800,0.76262,0.18371,-0.08974,-0.57161,-0.42257,0.01594,1.57648,0.01786,0.41250,0.13439,-0.23591,-0.36062,-0.03783,1.27115,-0.01337,-0.91321,-0.21919
0.69900,0.76292,0.18393,-0.08974,-0.57185,-0.42293,0.01590,1.57774,0.01785,0.41159,0.13417,-0.23817,-0.35923,-0.03775,1.26815,-0.01405,-0.91158,-0.22074
0.70000,0.76323,0.18415,-0.08974,-0.57209,-0.42329,0.01587,1.57901,0.01783,0.41068,0.13395,-0.24043,-0.35783,-0.03766,1.26515,-0.01474,-0.90995,-0.22230
0.70100,0.76353,0.18438,-0.08974,-0.57233,-0.42365,0.01583,1.58028,0.01782,0.40977,0.13372,-0.24272,-0.35646,-0.03754,1.26215,-0.01542,-0.90835,-0.22386
0.70200,0.76384,0.18460,-0.08974,-0.57258,-0.42400,0.01579,1.58154,0.01780,0.40886,0.13350,-0.24501,-0.35508,-0.03742,1.25915,-0.01610,-0.90675,-0.22541
0.70300,0.76414,0.18482,-0.08974,-0.57282,-0.42436,0.01575,1.58280,0.01779,0.40795,0.13327,-0.24735,-0.35368,-0.03727,1.25590,-0.01679,-0.90512,-0.22704
0.70400,0.76444,0.18505,-0.08974,-0.57307,-0.42471,0.01572,1.58405,0.01777,0.40705,0.13305,-0.24969,-0.35229,-0.03712,1.25265,-0.01748,-0.90349,-0.22867
0.70500,0.76474,0.18527,-0.08974,-0.57332,-0.42506,0.01568,1.58530,0.01775,0.40615,0.13282,-0.25200,-0.35094,-0.03700,1.24940,-0.01817,-0.90184,-0.23027
0.70600,0.76505,0.18550,-0.08974,-0.57357,-0.42541,0.01564,1.58655,0.01773,0.40525,0.13258,-0.25431,-0.34959,-0.03688,1.24615,-0.01885,-0.90019,-0.23187
0.70700,0.76535,0.18573,-0.08974,-0.57383,-0.42576,0.01561,1.58779,0.01771,0.40435,0.13235,-0.25663,-0.34817,-0.03679,1.24315,-0.01956,-0.89851,-0.23340
0.70800,0.76565,0.18596,-0.08974,-0.57409,-0.42611,0.01557,1.58903,0.01769,0.40345,0.13212,-0.25894,-0.34674,-0.03670,1.24015,-0.02027,-0.89683,-0.23493
0.70900,0.76594,0.18619,-0.08974,-0.57435,-0.42646,0.01553,1.59027,0.01767,0.40255,0.13188,-0.26130,-0.34537,-0.03658,1.23715,-0.02097,-0.89515,-0.23646
0.71000,0.76624,0.18642,-0.08974,-0.57461,-0.42680,0.01550,1.59151,0.01765,0.40166,0.13165,-0.26367,-0.34400,-0.03646,1.23415,-0.02168,-0.89348,-0.23798
0.71100,0.76654,0.18665,-0.08974,-0.57488,-0.42714,0.01546,1.59274,0.01763,0.40077,0.13141,-0.26603,-0.34262,-0.03630,1.23140,-0.02238,-0.89177,-0.23958
0.71200,0.76684,0.18688,-0.08974,-0.57514,-0.42749,0.01542,1.59397,0.01761,0.39987,0.13117,-0.26839,-0.34125,-0.03614,1.22865,-0.02308,-0.89007,-0.24118
0.71300,0.76713,0.18711,-0.08974,-0.57541,-0.42783,0.01539,1.59520,0.01758,0.39899,0.13092,-0.27073,-0.33983,-0.03602,1.22515,-0.02380,-0.88837,-0.24271
0.71400,0.76743,0.18735,-0.08974,-0.57568,-0.42817,0.01535,1.59642,0.01756,0.39810,0.13068,-0.27307,-0.33841,-0.03590,1.22165,-0.02451,-0.88667,-0.24423
0.71500,0.76772,0.18758,-0.08974,-0.57596,-0.42850,0.01532,1.59764,0.01754,0.39721,0.13043,-0.27533,-0.33706,-0.03581,1.21890,-0.02523,-0.88494,-0.24578
0.71600,0.76802,0.18782,-0.08974,-0.57623,-0.42884,0.01528,1.59886,0.01751,0.39633,0.13019,-0.27760,-0.33571,-0.03572,1.21615,-0.02596,-0.88321,-0.24733
0.71700,0.76831,0.18806,-0.08974,-0.57651,-0.42917,0.01524,1.60007,0.01748,0.39545,0.12994,-0.27991,-0.33431,-0.03560,1.21315,-0.02668,-0.88146,-0.24885
0.71800,0.76860,0.18829,-0.08974,-0.57679,-0.42951,0.01521,1.60128,0.01746,0.39456,0.12969,-0.28222,-0.33291,-0.03547,1.21015,-0.02741,-0.87971,-0.25038
0.71900,0.76889,0.18853,-0.08974,-0.57708,-0.42984,0.01517,1.60249,0.01743,0.39369,0.12944,-0.28461,-0.33154,-0.03532,1.20665,-0.02813,-0.87793,-0.25190
0.72000,0.76919,0.18877,-0.08974,-0.57736,-0.43017,0.01514,1.60370,0.01740,0.39281,0.12919,-0.28700,-0.33017,-0.03517,1.20315,-0.02886,-0.87615,-0.25342
0.72100,0.76948,0.18901,-0.08974,-0.57765,-0.43050,0.01510,1.60490,0.01737,0.39193,0.12893,-0.28926,-0.32877,-0.03505,1.20015,-0.02959,-0.87430,-0.25499
0.72200,0.76977,0.18926,-0.08974,-0.57794,-0.43083,0.01507,1.60610,0.01734,0.39106,0.12868,-0.29153,-0.32737,-0.03492,1.19715,-0.03032,-0.87245,-0.25656
0.72300,0.77005,0.18950,-0.08974,-0.57824,-0.43116,0.01503,1.60729,0.01731,0.39019,0.12842,-0.29381,-0.32595,-0.03483,1.19365,-0.03106,-0.87062,-0.25808
0.72400,0.77034,0.18974,-0.08974,-0.57853,-0.43148,0.01500,1.60848,0.01728,0.38932,0.12816,-0.29610,-0.32453,-0.03474,1.19015,-0.03180,-0.86879,-0.25960
0.72500,0.77063,0.18999,-0.08974,-0.57883,-0.43180,0.01496,1.60967,0.01725,0.38845,0.12790,-0.29841,-0.32315,-0.03462,1.18715,-0.03255,-0.86696,-0.26115
0.72600,0.77092,0.19023,-0.08974,-0.57913,-0.43213,0.01493,1.61086,0.01721,0.38759,0.12764,-0.30073,-0.32178,-0.03450,1.18415,-0.03329,-0.86513,-0.26269
0.72700,0.77120,0.19048,-0.08974,-0.57943,-0.43245,0.01489,1.61204,0.01718,0.38672,0.12737,-0.30314,-0.32041,-0.03434,1.18140,-0.03404,-0.86328,-0.26424
0.72800,0.77148,0.19073,-0.08974,-0.57973,-0.43277,0.01486,1.61322,0.01715,0.38586,0.12711,-0.30555,-0.31903,-0.03418,1.17865,-0.03478,-0.86143,-0.26578
0.72900,0.77177,0.19097,-0.08974,-0.58004,-0.43309,0.01483,1.61440,0.01711,0.38500,0.12684,-0.30792,-0.31766,-0.03406,1.17515,-0.03553,-0.85960,-0.26725
0.73000,0.77205,0.19122,-0.08974,-0.58035,-0.43340,0.01479,1.61557,0.01707,0.38414,0.12658,-0.31028,-0.31629,-0.03394,1.17165,-0.03629,-0.85777,-0.26871
0.73100,0.77233,0.19147,-0.08974,-0.58066,-0.43372,0.01476,1.61674,0.01704,0.38328,0.12631,-0.31254,-0.31496,-0.03385,1.16840,-0.03705,-0.85590,-0.27016
0.73200,0.77262,0.19172,-0.08974,-0.58097,-0.43403,0.01472,1.61791,0.01700,0.38243,0.12604,-0.31480,-0.31364,-0.03376,1.16515,-0.03781,-0.85402,-0.27160
0.73300,0.77290,0.19197,-0.08974,-0.58129,-0.43435,0.01469,1.61907,0.01696,0.38158,0.12576,-0.31714,-0.31224,-0.03364,1.16190,-0.03857,-0.85214,-0.27306
0.73400,0.77318,0.19223,-0.08974,-0.58161,-0.43466,0.01466,1.62024,0.01692,0.38072,0.12549,-0.31948,-0.31085,-0.03352,1.15865,-0.03933,-0.85026,-0.27453
0.73500,0.77346,0.19248,-0.08974,-0.58193,-0.43497,0.01462,1.62139,0.01688,0.37987,0.12521,-0.32179,-0.30950,-0.03342,1.15515,-0.04009,-0.84833,-0.27597
0.73600,0.77373,0.19273,-0.08974,-0.58225,-0.43528,0.01459,1.62255,0.01684,0.37903,0.12494,-0.32410,-0.30815,-0.03331,1.15165,-0.04086,-0.84641,-0.27741
0.73700,0.77401,0.19299,-0.08974,-0.58258,-0.43558,0.01456,1.62370,0.01680,0.37818,0.12466,-0.32649,-0.30678,-0.03314,1.14840,-0.04162,-0.84445,-0.27895
0.73800,0.77429,0.19324,-0.08974,-0.58290,-0.43589,0.01452,1.62485,0.01676,0.37734,0.12438,-0.32888,-0.30540,-0.03297,1.14515,-0.04239,-0.84250,-0.28049
0.73900,0.77456,0.19350,-0.08974,-0.58324,-0.43619,0.01449,1.62599,0.01672,0.37650,0.12410,-0.33122,-0.30401,-0.03285,1.14190,-0.04316,-0.84055,-0.28197
0.74000,0.77484,0.19376,-0.08974,-0.58357,-0.43650,0.01446,1.62713,0.01667,0.37566,0.12382,-0.33355,-0.30261,-0.03273,1.13865,-0.04394,-0.83860,-0.28346
0.74100,0.77511,0.19402,-0.08974,-0.58390,-0.43680,0.01443,1.62826,0.01663,0.37482,0.12353,-0.33579,-0.30126,-0.03263,1.13515,-0.04472,-0.83662,-0.28495
0.74200,0.77539,0.19428,-0.08974,-0.58424,-0.43710,0.01439,1.62940,0.01658,0.37398,0.12325,-0.33803,-0.29991,-0.03254,1.13165,-0.04550,-0.83464,-0.28643
0.74300,0.77566,0.19454,-0.08974,-0.58458,-0.43740,0.01436,1.63053,0.01654,0.37315,0.12296,-0.34039,-0.29854,-0.03239,1.12840,-0.04628,-0.83269,-0.28792
0.74400,0.77593,0.19480,-0.08974,-0.58492,-0.43770,0.01433,1.63166,0.01649,0.37232,0.12267,-0.34275,-0.29717,-0.03225,1.12515,-0.04706,-0.83073,-0.28941
0.74500,0.77620,0.19506,-0.08974,-0.58526,-0.43799,0.01430,1.63278,0.01644,0.37149,0.12238,-0.34511,-0.29582,-0.03212,1.12190,-0.04785,-0.82868,-0.29082
0.74600,0.77647,0.19532,-0.08974,-0.58561,-0.43829,0.01426,1.63390,0.01640,0.37066,0.12209,-0.34748,-0.29447,-0.03199,1.11865,-0.04863,-0.82663,-0.29223
0.74700,0.77674,0.19559,-0.08974,-0.58596,-0.43858,0.01423,1.63501,0.01635,0.36984,0.12179,-0.34974,-0.29310,-0.03190,1.11515,-0.04942,-0.82460,-0.29363
0.74800,0.77701,0.19585,-0.08974,-0.58631,-0.43888,0.01420,1.63613,0.01630,0.36901,0.12150,-0.35200,-0.29173,-0.03181,1.11165,-0.05021,-0.82257,-0.29504
0.74900,0.77728,0.19612,-0.08974,-0.58666,-0.43917,0.01417,1.63724,0.01625,0.36819,0.12120,-0.35439,-0.29038,-0.03166,1.10840,-0.05100,-0.82052,-0.29648
0.75000,0.77755,0.19638,-0.08974,-0.58702,-0.43946,0.01414,1.63835,0.01620,0.36737,0.12091,-0.35677,-0.28903,-0.03150,1.10515,-0.05179,-0.81847,-0.29791
0.75100,0.77781,0.19665,-0.08974,-0.58738,-0.43974,0.01411,1.63945,0.01614,0.36655,0.12061,-0.35909,-0.28763,-0.03138,1.10190,-0.05259,-0.81641,-0.29937
0.75200,0.77808,0.19692,-0.08974,-0.58773,-0.44003,0.01407,1.64055,0.01609,0.36574,0.12031,-0.36140,-0.28623,-0.03126,1.09865,-0.05339,-0.81436,-0.30082
0.75300,0.77834,0.19719,-0.08974,-0.58810,-0.44032,0.01404,1.64164,0.01604,0.36492,0.12001,-0.36366,-0.28491,-0.03117,1.09515,-0.05419,-0.81228,-0.30225
0.75400,0.77861,0.19745,-0.08974,-0.58846,-0.44060,0.01401,1.64274,0.01598,0.36411,0.11970,-0.36592,-0.28359,-0.03108,1.09165,-0.05499,-0.81021,-0.30368
0.75500,0.77887,0.19773,-0.08974,-0.58883,-0.44088,0.01398,1.64383,0.01593,0.36330,0.11940,-0.36826,-0.28227,-0.03093,1.08840,-0.05580,-0.80808,-0.30511
0.75600,0.77913,0.19800,-0.08974,-0.58920,-0.44117,0.01395,1.64492,0.01587,0.36250,0.11909,-0.37059,-0.28094,-0.03078,1.08515,-0.05660,-0.80595,-0.30654
0.75700,0.77939,0.19827,-0.08974,-0.58957,-0.44145,0.01392,1.64600,0.01581,0.36169,0.11879,-0.37288,-0.27960,-0.03066,1.08140,-0.05740,-0.80382,-0.30792
0.75800,0.77965,0.19854,-0.08974,-0.58994,-0.44173,0.01389,1.64708,0.01576,0.36089,0.11848,-0.37517,-0.27825,-0.03054,1.07765,-0.05821,-0.80169,-0.30930
0.75900,0.77991,0.19881,-0.08974,-0.59032,-0.44200,0.01386,1.64815,0.01570,0.36009,0.11817,-0.37748,-0.27692,-0.03045,1.07390,-0.05902,-0.79957,-0.31065
0.76000,0.78017,0.19909,-0.08974,-0.59070,-0.44228,0.01383,1.64923,0.01564,0.35929,0.11786,-0.37979,-0.27560,-0.03036,1.07015,-0.05982,-0.79744,-0.31200
0.76100,0.78043,0.19937,-0.08974,-0.59108,-0.44255,0.01380,1.65029,0.01558,0.35849,0.11754,-0.38218,-0.27423,-0.03021,1.06690,-0.06064,-0.79531,-0.31343
0.76200,0.78068,0.19964,-0.08974,-0.59147,-0.44283,0.01377,1.65136,0.01552,0.35770,0.11723,-0.38456,-0.27286,-0.03006,1.06365,-0.06145,-0.79318,-0.31486
0.76300,0.78094,0.19992,-0.08974,-0.59185,-0.44310,0.01374,1.65242,0.01545,0.35691,0.11691,-0.38685,-0.27148,-0.02993,1.06015,-0.06226,-0.79100,-0.31626
0.76400,0.78120,0.20020,-0.08974,-0.59224,-0.44337,0.01371,1.65348,0.01539,0.35612,0.11660,-0.38914,-0.27011,-0.02980,1.05665,-0.06308,-0.78883,-0.31766
0.76500,0.78145,0.20047,-0.08974,-0.59263,-0.44364,0.01368,1.65453,0.01533,0.35533,0.11628,-0.39135,-0.26879,-0.02971,1.05340,-0.06390,-0.78662,-0.31901
0.76600,0.78170,0.20075,-0.08974,-0.59302,-0.44391,0.01365,1.65559,0.01526,0.35454,0.11596,-0.39356,-0.26747,-0.02963,1.05015,-0.06472,-0.78442,-0.32036
0.76700,0.78196,0.20103,-0.08974,-0.59342,-0.44417,0.01362,1.65664,0.01520,0.35376,0.11564,-0.39587,-0.26617,-0.02948,1.04640,-0.06555,-0.78217,-0.32175
0.76800,0.78221,0.20131,-0.08974,-0.59381,-0.44444,0.01359,1.65768,0.01513,0.35298,0.11532,-0.39818,-0.26487,-0.02933,1.04265,-0.06637,-0.77991,-0.32315
0.76900,0.78246,0.20159,-0.08974,-0.59421,-0.44470,0.01356,1.65872,0.01507,0.35220,0.11499,-0.40049,-0.26352,-0.02921,1.03890,-0.06720,-0.77771,-0.32450
0.77000,0.78271,0.20188,-0.08974,-0.59461,-0.44497,0.01353,1.65976,0.01500,0.35142,0.11467,-0.40280,-0.26217,-0.02909,1.03515,-0.06802,-0.77551,-0.32585
0.77100,0.78296,0.20216,-0.08974,-0.59502,-0.44523,0.01350,1.66079,0.01493,0.35065,0.11434,-0.40509,-0.26088,-0.02900,1.03190,-0.06885,-0.77328,-0.32719
0.77200,0.78321,0.20245,-0.08974,-0.59542,-0.44549,0.01347,1.66182,0.01486,0.34988,0.11401,-0.40738,-0.25958,-0.02892,1.02865,-0.06967,-0.77105,-0.32854
0.77300,0.78345,0.20273,-0.08974,-0.59583,-0.44575,0.01344,1.66285,0.01479,0.34911,0.11368,-0.40969,-0.25823,-0.02876,1.02515,-0.07050,-0.76880,-0.32988
0.77400,0.78370,0.20302,-0.08974,-0.59624,-0.44601,0.01342,1.66387,0.01472,0.34834,0.11335,-0.41200,-0.25688,-0.02861,1.02165,-0.07133,-0.76654,-0.33123
0.77500,0.78394,0.20330,-0.08974,-0.59666,-0.44626,0.01339,1.66489,0.01465,0.34757,0.11302,-0.41428,-0.25559,-0.02849,1.01790,-0.07217,-0.76427,-0.33255
0.77600,0.78419,0.20359,-0.08974,-0.59707,-0.44652,0.01336,1.66591,0.01458,0.34681,0.11269,-0.41657,-0.25429,-0.02837,1.01415,-0.07300,-0.76199,-0.33387
0.77700,0.78443,0.20388,-0.08974,-0.59749,-0.44677,0.01333,1.66692,0.01450,0.34605,0.11235,-0.41880,-0.25297,-0.02829,1.01065,-0.07383,-0.75963,-0.33521
0.77800,0.78467,0.20417,-0.08974,-0.59791,-0.44702,0.01330,1.66793,0.01443,0.34529,0.11202,-0.42104,-0.25164,-0.02821,1.00715,-0.07467,-0.75728,-0.33655
0.77900,0.78492,0.20445,-0.08974,-0.59833,-0.44727,0.01327,1.66893,0.01435,0.34454,0.11168,-0.42330,-0.25032,-0.02805,1.00315,-0.07550,-0.75495,-0.33787
0.78000,0.78516,0.20474,-0.08974,-0.59876,-0.44752,0.01325,1.66993,0.01428,0.34378,0.11134,-0.42556,-0.24900,-0.02790,0.99915,-0.07633,-0.75263,-0.33918
0.78100,0.78540,0.20504,-0.08974,-0.59918,-0.44777,0.01322,1.67093,0.01420,0.34303,0.11100,-0.42782,-0.24770,-0.02778,0.99590,-0.07716,-0.75030,-0.34052
0.78200,0.78563,0.20533,-0.08974,-0.59961,-0.44802,0.01319,1.67193,0.01412,0.34228,0.11066,-0.43008,-0.24640,-0.02766,0.99265,-0.07800,-0.74797,-0.34186
0.78300,0.78587,0.20562,-0.08974,-0.60004,-0.44826,0.01316,1.67292,0.01404,0.34154,0.11032,-0.43227,-0.24511,-0.02758,0.98940,-0.07884,-0.74562,-0.34310
0.78400,0.78611,0.20591,-0.08974,-0.60048,-0.44851,0.01313,1.67390,0.01396,0.34079,0.10997,-0.43445,-0.24381,-0.02750,0.98615,-0.07968,-0.74326,-0.34434
0.78500,0.78635,0.20621,-0.08974,-0.60091,-0.44875,0.01311,1.67489,0.01388,0.34005,0.10963,-0.43676,-0.24254,-0.02735,0.98215,-0.08052,-0.74088,-0.34563
0.78600,0.78658,0.20650,-0.08974,-0.60135,-0.44899,0.01308,1.67587,0.01380,0.33931,0.10928,-0.43907,-0.24126,-0.02720,0.97815,-0.08136,-0.73851,-0.34692
0.78700,0.78682,0.20680,-0.08974,-0.60179,-0.44923,0.01305,1.67685,0.01372,0.33857,0.10893,-0.44136,-0.23992,-0.02708,0.97465,-0.08221,-0.73610,-0.34820
0.78800,0.78705,0.20709,-0.08974,-0.60223,-0.44947,0.01303,1.67782,0.01364,0.33784,0.10859,-0.44364,-0.23857,-0.02697,0.97115,-0.08305,-0.73370,-0.34949
0.78900,0.78728,0.20739,-0.08974,-0.60268,-0.44971,0.01300,1.67879,0.01356,0.33710,0.10824,-0.44583,-0.23730,-0.02688,0.96690,-0.08390,-0.73127,-0.35073
0.79000,0.78751,0.20769,-0.08974,-0.60312,-0.44995,0.01297,1.67975,0.01347,0.33637,0.10789,-0.44802,-0.23602,-0.02679,0.96265,-0.08474,-0.72884,-0.35196
0.79100,0.78774,0.20798,-0.08974,-0.60358,-0.45018,0.01295,1.68071,0.01339,0.33565,0.10753,-0.45030,-0.23473,-0.02664,0.95890,-0.08559,-0.72641,-0.35330
0.79200,0.78797,0.20828,-0.08974,-0.60403,-0.45042,0.01292,1.68167,0.01330,0.33492,0.10718,-0.45259,-0.23343,-0.02648,0.95515,-0.08643,-0.72399,-0.35463
0.79300,0.78820,0.20858,-0.08974,-0.60448,-0.45065,0.01289,1.68262,0.01321,0.33420,0.10682,-0.45482,-0.23213,-0.02637,0.95140,-0.08728,-0.72153,-0.35589
0.79400,0.78843,0.20888,-0.08974,-0.60493,-0.45088,0.01287,1.68357,0.01313,0.33348,0.10647,-0.45706,-0.23083,-0.02626,0.94765,-0.08813,-0.71908,-0.35715
0.79500,0.78866,0.20918,-0.08974,-0.60539,-0.45111,0.01284,1.68452,0.01304,0.33276,0.10611,-0.45924,-0.22956,-0.02617,0.94390,-0.08897,-0.71658,-0.35835
0.79600,0.78888,0.20949,-0.08974,-0.60585,-0.45134,0.01281,1.68546,0.01295,0.33204,0.10575,-0.46142,-0.22829,-0.02609,0.94015,-0.08982,-0.71407,-0.35956
0.79700,0.78911,0.20979,-0.08974,-0.60632,-0.45157,0.01279,1.68640,0.01286,0.33133,0.10539,-0.46366,-0.22699,-0.02595,0.93690,-0.09066,-0.71157,-0.36077
0.79800,0.78933,0.21009,-0.08974,-0.60678,-0.45180,0.01276,1.68733,0.01277,0.33062,0.10503,-0.46589,-0.22569,-0.02580,0.93365,-0.09151,-0.70907,-0.36197
0.79900,0.78955,0.21040,-0.08974,-0.60725,-0.45202,0.01274,1.68826,0.01267,0.32991,0.10467,-0.46810,-0.22445,-0.02568,0.92965,-0.09236,-0.70656,-0.36320
0.80000,0.78978,0.21070,-0.08974,-0.60772,-0.45224,0.01271,1.68920,0.01258,0.32921,0.10430,-0.47031,-0.22320,-0.02557,0.92565,-0.09321,-0.70406,-0.36443
0.80100,0.79000,0.21101,-0.08974,-0.60819,-0.45247,0.01268,1.69012,0.01249,0.32851,0.10394,-0.47245,-0.22195,-0.02548,0.92215,-0.09406,-0.70156,-0.36566
0.80200,0.79022,0.21131,-0.08974,-0.60866,-0.45269,0.01266,1.69105,0.01239,0.32780,0.10357,-0.47458,-0.22070,-0.02540,0.91865,-0.09491,-0.69905,-0.36689
0.80300,0.79044,0.21162,-0.08974,-0.60914,-0.45291,0.01263,1.69196,0.01230,0.32711,0.10320,-0.47682,-0.21941,-0.02525,0.91490,-0.09575,-0.69650,-0.36811
0.80400,0.79065,0.21193,-0.08974,-0.60962,-0.45313,0.01261,1.69287,0.01220,0.32641,0.10283,-0.47905,-0.21811,-0.02510,0.91115,-0.09660,-0.69395,-0.36934
0.80500,0.79087,0.21223,-0.08974,-0.61010,-0.45334,0.01258,1.69378,0.01210,0.32572,0.10246,-0.48126,-0.21684,-0.02499,0.90715,-0.09746,-0.69137,-0.37054
0.80600,0.79109,0.21254,-0.08974,-0.61058,-0.45356,0.01256,1.69469,0.01201,0.32503,0.10209,-0.48347,-0.21556,-0.02487,0.90315,-0.09831,-0.68879,-0.37174
0.80700,0.79130,0.21285,-0.08974,-0.61106,-0.45378,0.01253,1.69559,0.01191,0.32434,0.10172,-0.48556,-0.21432,-0.02479,0.89965,-0.09916,-0.68621,-0.37284
0.80800,0.79152,0.21316,-0.08974,-0.61155,-0.45399,0.01251,1.69649,0.01181,0.32366,0.10135,-0.48764,-0.21307,-0.02471,0.89615,-0.10001,-0.68363,-0.37394
0.80900,0.79173,0.21347,-0.08974,-0.61204,-0.45420,0.01249,1.69738,0.01171,0.32297,0.10097,-0.48990,-0.21185,-0.02456,0.89190,-0.10086,-0.68103,-0.37514
0.81000,0.79194,0.21379,-0.08974,-0.61253,-0.45441,0.01246,1.69827,0.01161,0.32229,0.10060,-0.49216,-0.21062,-0.02441,0.88765,-0.10172,-0.67842,-0.37633
0.81100,0.79215,0.21410,-0.08974,-0.61302,-0.45462,0.01244,1.69915,0.01150,0.32162,0.10022,-0.49429,-0.20938,-0.02429,0.88340,-0.10257,-0.67585,-0.37755
0.81200,0.79237,0.21441,-0.08974,-0.61352,-0.45483,0.01241,1.70004,0.01140,0.32094,0.09984,-0.49643,-0.20813,-0.02418,0.87915,-0.10342,-0.67327,-0.37878
0.81300,0.79258,0.21472,-0.08974,-0.61402,-0.45504,0.01239,1.70091,0.01130,0.32027,0.09946,-0.49853,-0.20686,-0.02409,0.87565,-0.10426,-0.67064,-0.37990
0.81400,0.79278,0.21504,-0.08974,-0.61452,-0.45525,0.01236,1.70179,0.01119,0.31960,0.09908,-0.50064,-0.20558,-0.02401,0.87215,-0.10511,-0.66801,-0.38102
0.81500,0.79299,0.21535,-0.08974,-0.61502,-0.45545,0.01234,1.70265,0.01109,0.31894,0.09870,-0.50285,-0.20434,-0.02387,0.86815,-0.10596,-0.66533,-0.38218
0.81600,0.79320,0.21567,-0.08974,-0.61552,-0.45565,0.01232,1.70352,0.01098,0.31827,0.09832,-0.50506,-0.20309,-0.02372,0.86415,-0.10681,-0.66265,-0.38335
0.81700,0.79340,0.21598,-0.08974,-0.61603,-0.45586,0.01229,1.70438,0.01087,0.31761,0.09793,-0.50715,-0.20187,-0.02361,0.86040,-0.10767,-0.65995,-0.38449
0.81800,0.79361,0.21630,-0.08974,-0.61653,-0.45606,0.01227,1.70525,0.01077,0.31695,0.09755,-0.50923,-0.20065,-0.02349,0.85665,-0.10852,-0.65725,-0.38564
0.81900,0.79381,0.21662,-0.08974,-0.61705,-0.45626,0.01225,1.70610,0.01066,0.31630,0.09716,-0.51131,-0.19945,-0.02341,0.85265,-0.10936,-0.65454,-0.38670
0.82000,0.79401,0.21694,-0.08974,-0.61756,-0.45646,0.01222,1.70695,0.01055,0.31564,0.09678,-0.51340,-0.19825,-0.02334,0.84865,-0.11020,-0.65184,-0.38777
0.82100,0.79422,0.21725,-0.08974,-0.61807,-0.45665,0.01220,1.70779,0.01044,0.31499,0.09639,-0.51555,-0.19700,-0.02319,0.84440,-0.11105,-0.64911,-0.38893
0.82200,0.79442,0.21757,-0.08974,-0.61859,-0.45685,0.01218,1.70864,0.01033,0.31434,0.09600,-0.51771,-0.19576,-0.02304,0.84015,-0.11190,-0.64638,-0.39010
0.82300,0.79462,0.21789,-0.08974,-0.61911,-0.45705,0.01215,1.70947,0.01021,0.31370,0.09561,-0.51980,-0.19451,-0.02292,0.83640,-0.11275,-0.64368,-0.39119
0.82400,0.79481,0.21821,-0.08974,-0.61963,-0.45724,0.01213,1.71031,0.01010,0.31305,0.09522,-0.52188,-0.19326,-0.02281,0.83265,-0.11360,-0.64097,-0.39227
0.82500,0.79501,0.21854,-0.08974,-0.62015,-0.45743,0.01211,1.71114,0.00999,0.31242,0.09482,-0.52396,-0.19206,-0.02273,0.82890,-0.11444,-0.63822,-0.39336
0.82600,0.79521,0.21886,-0.08974,-0.62068,-0.45762,0.01208,1.71197,0.00987,0.31178,0.09443,-0.52605,-0.19087,-0.02265,0.82515,-0.11529,-0.63547,-0.39445
0.82700,0.79540,0.21918,-0.08974,-0.62120,-0.45781,0.01206,1.71279,0.00975,0.31115,0.09403,-0.52816,-0.18965,-0.02250,0.82140,-0.11613,-0.63271,-0.39558
0.82800,0.79560,0.21950,-0.08974,-0.62173,-0.45800,0.01204,1.71361,0.00964,0.31051,0.09364,-0.53026,-0.18842,-0.02234,0.81765,-0.11698,-0.62996,-0.39672
0.82900,0.79579,0.21983,-0.08974,-0.62226,-0.45819,0.01202,1.71442,0.00952,0.30989,0.09324,-0.53232,-0.18723,-0.02223,0.81390,-0.11782,-0.62721,-0.39780
0.83000,0.79598,0.22015,-0.08974,-0.62280,-0.45838,0.01199,1.71524,0.00940,0.30926,0.09284,-0.53438,-0.18603,-0.02212,0.81015,-0.11866,-0.62445,-0.39888
0.83100,0.79617,0.22048,-0.08974,-0.62333,-0.45856,0.01197,1.71604,0.00928,0.30864,0.09244,-0.53641,-0.18483,-0.02204,0.80640,-0.11950,-0.62160,-0.39989
0.83200,0.79636,0.22080,-0.08974,-0.62387,-0.45875,0.01195,1.71685,0.00916,0.30802,0.09204,-0.53845,-0.18363,-0.02196,0.80265,-0.12034,-0.61874,-0.40090
0.83300,0.79655,0.22113,-0.08974,-0.62441,-0.45893,0.01193,1.71765,0.00904,0.30740,0.09164,-0.54055,-0.18241,-0.02181,0.79840,-0.12118,-0.61594,-0.40195
0.83400,0.79674,0.22145,-0.08974,-0.62495,-0.45911,0.01191,1.71845,0.00892,0.30678,0.09124,-0.54266,-0.18119,-0.02167,0.79415,-0.12202,-0.61314,-0.40301
0.83500,0.79693,0.22178,-0.08974,-0.62550,-0.45929,0.01189,1.71924,0.00880,0.30617,0.09083,-0.54472,-0.17999,-0.02155,0.78965,-0.12287,-0.61028,-0.40404
0.83600,0.79712,0.22211,-0.08974,-0.62604,-0.45947,0.01186,1.72003,0.00868,0.30556,0.09043,-0.54678,-0.17880,-0.02144,0.78515,-0.12371,-0.60743,-0.40507
0.83700,0.79730,0.22244,-0.08974,-0.62659,-0.45965,0.01184,1.72081,0.00855,0.30496,0.09002,-0.54876,-0.17760,-0.02136,0.78065,-0.12454,-0.60457,-0.40602
0.83800,0.79749,0.22276,-0.08974,-0.62714,-0.45983,0.01182,1.72159,0.00843,0.30435,0.08962,-0.55074,-0.17640,-0.02127,0.77615,-0.12537,-0.60172,-0.40697
0.83900,0.79767,0.22309,-0.08974,-0.62769,-0.46000,0.01180,1.72236,0.00830,0.30375,0.08921,-0.55277,-0.17523,-0.02112,0.77240,-0.12620,-0.59887,-0.40805
0.84000,0.79785,0.22342,-0.08974,-0.62824,-0.46018,0.01178,1.72313,0.00817,0.30316,0.08880,-0.55481,-0.17406,-0.02097,0.76865,-0.12703,-0.59601,-0.40912
0.84100,0.79803,0.22376,-0.08974,-0.62880,-0.46035,0.01176,1.72390,0.00805,0.30256,0.08839,-0.55679,-0.17289,-0.02085,0.76515,-0.12787,-0.59308,-0.41012
0.84200,0.79821,0.22409,-0.08974,-0.62936,-0.46052,0.01174,1.72466,0.00792,0.30197,0.08798,-0.55877,-0.17171,-0.02074,0.76165,-0.12870,-0.59016,-0.41112
0.84300,0.79839,0.22442,-0.08974,-0.62992,-0.46069,0.01172,1.72542,0.00779,0.30138,0.08757,-0.56075,-0.17057,-0.02066,0.75790,-0.12952,-0.58723,-0.41212
0.84400,0.79857,0.22475,-0.08974,-0.63048,-0.46086,0.01170,1.72618,0.00766,0.30080,0.08716,-0.56274,-0.16942,-0.02059,0.75415,-0.13035,-0.58430,-0.41312
0.84500,0.79875,0.22508,-0.08974,-0.63104,-0.46103,0.01168,1.72693,0.00753,0.30021,0.08674,-0.56474,-0.16825,-0.02044,0.74965,-0.13118,-0.58139,-0.41414
0.84600,0.79892,0.22542,-0.08974,-0.63161,-0.46120,0.01166,1.72768,0.00740,0.29963,0.08633,-0.56675,-0.16708,-0.02029,0.74515,-0.13201,-0.57849,-0.41516
0.84700,0.79910,0.22575,-0.08974,-0.63218,-0.46137,0.01163,1.72842,0.00726,0.29906,0.08591,-0.56871,-0.16590,-0.02018,0.74065,-0.13283,-0.57556,-0.41613
0.84800,0.79927,0.22609,-0.08974,-0.63275,-0.46153,0.01161,1.72916,0.00713,0.29848,0.08550,-0.57066,-0.16473,-0.02007,0.73615,-0.13365,-0.57263,-0.41710
0.84900,0.79944,0.22642,-0.08974,-0.63332,-0.46170,0.01159,1.72989,0.00700,0.29791,0.08508,-0.57257,-0.16358,-0.01998,0.73190,-0.13446,-0.56965,-0.41804
0.85000,0.79961,0.22676,-0.08974,-0.63389,-0.46186,0.01157,1.73062,0.00686,0.29734,0.08466,-0.57448,-0.16244,-0.01990,0.72765,-0.13527,-0.56667,-0.41898
0.85100,0.79979,0.22709,-0.08974,-0.63447,-0.46202,0.01156,1.73135,0.00673,0.29678,0.08424,-0.57648,-0.16127,-0.01974,0.72390,-0.13609,-0.56369,-0.41995
0.85200,0.79996,0.22743,-0.08974,-0.63504,-0.46218,0.01154,1.73207,0.00659,0.29621,0.08382,-0.57849,-0.16009,-0.01959,0.72015,-0.13691,-0.56072,-0.42092
0.85300,0.80012,0.22777,-0.08974,-0.63562,-0.46234,0.01152,1.73279,0.00645,0.29566,0.08340,-0.58042,-0.15892,-0.01947,0.71640,-0.13773,-0.55771,-0.42185
0.85400,0.80029,0.22810,-0.08974,-0.63620,-0.46250,0.01150,1.73350,0.00632,0.29510,0.08298,-0.58235,-0.15775,-0.01936,0.71265,-0.13854,-0.55471,-0.42279
0.85500,0.80046,0.22844,-0.08974,-0.63679,-0.46266,0.01148,1.73421,0.00618,0.29455,0.08255,-0.58424,-0.15660,-0.01928,0.70840,-0.13935,-0.55168,-0.42368
0.85600,0.80062,0.22878,-0.08974,-0.63737,-0.46281,0.01146,1.73492,0.00604,0.29400,0.08213,-0.58612,-0.15546,-0.01920,0.70415,-0.14015,-0.54865,-0.42457
0.85700,0.80079,0.22912,-0.08974,-0.63796,-0.46297,0.01144,1.73562,0.00590,0.29345,0.08170,-0.58800,-0.15428,-0.01905,0.70015,-0.14096,-0.54567,-0.42553
0.85800,0.80095,0.22946,-0.08974,-0.63855,-0.46312,0.01142,1.73632,0.00575,0.29290,0.08128,-0.58988,-0.15311,-0.01890,0.69615,-0.14177,-0.54269,-0.42649
0.85900,0.80111,0.22980,-0.08974,-0.63914,-0.46327,0.01140,1.73701,0.00561,0.29236,0.08085,-0.59179,-0.15199,-0.01878,0.69140,-0.14257,-0.53964,-0.42738
0.86000,0.80127,0.23014,-0.08974,-0.63973,-0.46343,0.01138,1.73770,0.00547,0.29183,0.08042,-0.59369,-0.15087,-0.01866,0.68665,-0.14337,-0.53658,-0.42826
0.86100,0.80143,0.23048,-0.08974,-0.64033,-0.46358,0.01136,1.73839,0.00533,0.29129,0.07999,-0.59555,-0.14975,-0.01858,0.68265,-0.14417,-0.53353,-0.42907
0.86200,0.80159,0.23083,-0.08974,-0.64092,-0.46373,0.01134,1.73907,0.00518,0.29076,0.07957,-0.59740,-0.14862,-0.01849,0.67865,-0.14496,-0.53047,-0.42987
0.86300,0.80175,0.23117,-0.08974,-0.64152,-0.46387,0.01133,1.73974,0.00504,0.29023,0.07913,-0.59928,-0.14750,-0.01834,0.67440,-0.14576,-0.52739,-0.43081
0.86400,0.80191,0.23151,-0.08974,-0.64212,-0.46402,0.01131,1.74041,0.00489,0.28970,0.07870,-0.60117,-0.14638,-0.01818,0.67015,-0.14656,-0.52432,-0.43174
0.86500,0.80206,0.23185,-0.08974,-0.64273,-0.46417,0.01129,1.74108,0.00474,0.28918,0.07827,-0.60305,-0.14526,-0.01806,0.66590,-0.14734,-0.52119,-0.43259
0.86600,0.80222,0.23220,-0.08974,-0.64333,-0.46431,0.01127,1.74175,0.00459,0.28866,0.07784,-0.60493,-0.14414,-0.01794,0.66165,-0.14813,-0.51806,-0.43344
0.86700,0.80237,0.23254,-0.08974,-0.64394,-0.46445,0.01125,1.74241,0.00445,0.28815,0.07740,-0.60668,-0.14302,-0.01786,0.65765,-0.14891,-0.51493,-0.43430
0.86800,0.80252,0.23289,-0.08974,-0.64454,-0.46460,0.01124,1.74307,0.00430,0.28763,0.07697,-0.60844,-0.14189,-0.01778,0.65365,-0.14970,-0.51180,-0.43515
0.86900,0.80267,0.23323,-0.08974,-0.64515,-0.46474,0.01122,1.74372,0.00415,0.28712,0.07653,-0.61029,-0.14082,-0.01763,0.64940,-0.15048,-0.50867,-0.43602
0.87000,0.80283,0.23358,-0.08974,-0.64576,-0.46488,0.01120,1.74437,0.00400,0.28661,0.07610,-0.61215,-0.13975,-0.01748,0.64515,-0.15127,-0.50554,-0.43690
0.87100,0.80297,0.23392,-0.08974,-0.64638,-0.46502,0.01118,1.74501,0.00384,0.28611,0.07566,-0.61393,-0.13865,-0.01736,0.64140,-0.15204,-0.50241,-0.43772
0.87200,0.80312,0.23427,-0.08974,-0.64699,-0.46516,0.01117,1.74565,0.00369,0.28561,0.07522,-0.61571,-0.13756,-0.01725,0.63765,-0.15282,-0.49928,-0.43854
0.87300,0.80327,0.23462,-0.08974,-0.64761,-0.46529,0.01115,1.74628,0.00354,0.28511,0.07478,-0.61744,-0.13644,-0.01716,0.63340,-0.15358,-0.49610,-0.43934
0.87400,0.80341,0.23497,-0.08974,-0.64823,-0.46543,0.01113,1.74692,0.00338,0.28462,0.07434,-0.61917,-0.13531,-0.01707,0.62915,-0.15435,-0.49292,-0.44014
0.87500,0.80356,0.23531,-0.08974,-0.64885,-0.46556,0.01112,1.74754,0.00323,0.28413,0.07390,-0.62103,-0.13422,-0.01691,0.62465,-0.15512,-0.48977,-0.44096
0.87600,0.80370,0.23566,-0.08974,-0.64947,-0.46570,0.01110,1.74817,0.00307,0.28364,0.07346,-0.62288,-0.13312,-0.01675,0.62015,-0.15588,-0.48661,-0.44178
0.87700,0.80385,0.23601,-0.08974,-0.65009,-0.46583,0.01108,1.74878,0.00292,0.28315,0.07302,-0.62464,-0.13202,-0.01663,0.61565,-0.15664,-0.48338,-0.44257
0.87800,0.80399,0.23636,-0.08974,-0.65072,-0.46596,0.01106,1.74940,0.00276,0.28267,0.07258,-0.62639,-0.13093,-0.01651,0.61115,-0.15740,-0.48015,-0.44336
0.87900,0.80413,0.23671,-0.08974,-0.65134,-0.46609,0.01105,1.75000,0.00260,0.28219,0.07213,-0.62809,-0.12983,-0.01642,0.60690,-0.15815,-0.47695,-0.44410
0.88000,0.80427,0.23706,-0.08974,-0.65197,-0.46622,0.01103,1.75061,0.00244,0.28172,0.07169,-0.62980,-0.12873,-0.01632,0.60265,-0.15891,-0.47374,-0.44484
0.88100,0.80441,0.23741,-0.08974,-0.65261,-0.46635,0.01102,1.75121,0.00229,0.28125,0.07124,-0.63158,-0.12764,-0.01617,0.59840,-0.15966,-0.47054,-0.44570
0.88200,0.80454,0.23776,-0.08974,-0.65324,-0.46648,0.01100,1.75181,0.00213,0.28077,0.07080,-0.63336,-0.12654,-0.01601,0.59415,-0.16041,-0.46734,-0.44657
0.88300,0.80468,0.23811,-0.08974,-0.65387,-0.46660,0.01098,1.75240,0.00196,0.28031,0.07035,-0.63506,-0.12542,-0.01589,0.58965,-0.16115,-0.46411,-0.44733
0.88400,0.80481,0.23847,-0.08974,-0.65451,-0.46673,0.01097,1.75299,0.00180,0.27985,0.06990,-0.63677,-0.12430,-0.01576,0.58515,-0.16189,-0.46088,-0.44809
0.88500,0.80495,0.23882,-0.08974,-0.65514,-0.46685,0.01095,1.75357,0.00164,0.27939,0.06945,-0.63842,-0.12325,-0.01568,0.58065,-0.16262,-0.45762,-0.44880
0.88600,0.80508,0.23917,-0.08974,-0.65578,-0.46697,0.01094,1.75415,0.00148,0.27893,0.06900,-0.64008,-0.12220,-0.01559,0.57615,-0.16335,-0.45437,-0.44951
0.88700,0.80521,0.23952,-0.08974,-0.65643,-0.46709,0.01092,1.75472,0.00131,0.27848,0.06855,-0.64178,-0.12116,-0.01543,0.57190,-0.16409,-0.45109,-0.45024
0.88800,0.80534,0.23988,-0.08974,-0.65707,-0.46722,0.01091,1.75529,0.00115,0.27803,0.06810,-0.64348,-0.12011,-0.01527,0.56765,-0.16482,-0.44781,-0.45097
0.88900,0.80547,0.24023,-0.08974,-0.65771,-0.46734,0.01089,1.75585,0.00098,0.27758,0.06765,-0.64511,-0.11909,-0.01514,0.56340,-0.16555,-0.44450,-0.45165
0.89000,0.80560,0.24059,-0.08974,-0.65836,-0.46745,0.01088,1.75642,0.00082,0.27714,0.06720,-0.64674,-0.11807,-0.01502,0.55915,-0.16628,-0.44120,-0.45233
0.89100,0.80573,0.24094,-0.08974,-0.65901,-0.46757,0.01086,1.75697,0.00065,0.27670,0.06675,-0.64835,-0.11702,-0.01492,0.55515,-0.16699,-0.43789,-0.45304
0.89200,0.80585,0.24130,-0.08974,-0.65965,-0.46769,0.01085,1.75753,0.00048,0.27626,0.06629,-0.64995,-0.11598,-0.01482,0.55115,-0.16771,-0.43459,-0.45374
0.89300,0.80598,0.24165,-0.08974,-0.66031,-0.46780,0.01083,1.75807,0.00032,0.27583,0.06584,-0.65160,-0.11488,-0.01466,0.54690,-0.16842,-0.43131,-0.45444
0.89400,0.80610,0.24201,-0.08974,-0.66096,-0.46792,0.01082,1.75862,0.00015,0.27540,0.06539,-0.65326,-0.11378,-0.01450,0.54265,-0.16914,-0.42803,-0.45514
0.89500,0.80622,0.24236,-0.08974,-0.66161,-0.46803,0.01080,1.75916,-0.00002,0.27498,0.06493,-0.65486,-0.11274,-0.01437,0.53840,-0.16984,-0.42467,-0.45584
0.89600,0.80635,0.24272,-0.08974,-0.66227,-0.46814,0.01079,1.75970,-0.00019,0.27455,0.06447,-0.65646,-0.11169,-0.01424,0.53415,-0.17054,-0.42132,-0.45654
0.89700,0.80647,0.24308,-0.08974,-0.66292,-0.46825,0.01077,1.76023,-0.00036,0.27413,0.06402,-0.65802,-0.11059,-0.01415,0.52965,-0.17124,-0.41799,-0.45718
0.89800,0.80659,0.24344,-0.08974,-0.66358,-0.46836,0.01076,1.76076,-0.00053,0.27372,0.06356,-0.65957,-0.10950,-0.01405,0.52515,-0.17193,-0.41466,-0.45783
0.89900,0.80670,0.24379,-0.08974,-0.66424,-0.46847,0.01075,1.76128,-0.00071,0.27330,0.06310,-0.66122,-0.10850,-0.01389,0.52065,-0.17263,-0.41133,-0.45852
0.90000,0.80682,0.24415,-0.08974,-0.66491,-0.46858,0.01073,1.76180,-0.00088,0.27289,0.06264,-0.66288,-0.10750,-0.01373,0.51615,-0.17333,-0.40800,-0.45922
0.90100,0.80694,0.24451,-0.08974,-0.66557,-0.46869,0.01072,1.76231,-0.00105,0.27249,0.06218,-0.66443,-0.10651,-0.01360,0.51190,-0.17401,-0.40465,-0.45986
0.90200,0.80705,0.24487,-0.08974,-0.66623,-0.46879,0.01070,1.76282,-0.00123,0.27208,0.06172,-0.66598,-0.10551,-0.01347,0.50765,-0.17469,-0.40129,-0.46050
0.90300,0.80717,0.24523,-0.08974,-0.66690,-0.46890,0.01069,1.76333,-0.00140,0.27169,0.06126,-0.66746,-0.10447,-0.01337,0.50340,-0.17537,-0.39791,-0.46107
0.90400,0.80728,0.24559,-0.08974,-0.66757,-0.46900,0.01068,1.76383,-0.00158,0.27129,0.06080,-0.66894,-0.10342,-0.01326,0.49915,-0.17604,-0.39453,-0.46163
0.90500,0.80739,0.24595,-0.08974,-0.66824,-0.46911,0.01066,1.76433,-0.00176,0.27090,0.06034,-0.67046,-0.10240,-0.01310,0.49465,-0.17671,-0.39108,-0.46224
0.90600,0.80750,0.24631,-0.08974,-0.66891,-0.46921,0.01065,1.76482,-0.00193,0.27051,0.05988,-0.67199,-0.10138,-0.01293,0.49015,-0.17738,-0.38762,-0.46285
0.90700,0.80761,0.24667,-0.08974,-0.66958,-0.46931,0.01064,1.76531,-0.00211,0.27012,0.05941,-0.67347,-0.10028,-0.01280,0.48565,-0.17804,-0.38417,-0.46344
0.90800,0.80772,0.24703,-0.08974,-0.67026,-0.46941,0.01063,1.76579,-0.00229,0.26974,0.05895,-0.67495,-0.09918,-0.01266,0.48115,-0.17870,-0.38071,-0.46402
0.90900,0.80782,0.24739,-0.08974,-0.67093,-0.46951,0.01061,1.76627,-0.00247,0.26936,0.05848,-0.67642,-0.09816,-0.01256,0.47640,-0.17935,-0.37728,-0.46463
0.91000,0.80793,0.24776,-0.08974,-0.67161,-0.46961,0.01060,1.76674,-0.00265,0.26898,0.05802,-0.67790,-0.09714,-0.01245,0.47165,-0.18000,-0.37385,-0.46524
0.91100,0.80803,0.24812,-0.08974,-0.67229,-0.46970,0.01059,1.76721,-0.00283,0.26861,0.05755,-0.67940,-0.09615,-0.01229,0.46715,-0.18065,-0.37047,-0.46587
0.91200,0.80814,0.24848,-0.08974,-0.67297,-0.46980,0.01058,1.76768,-0.00301,0.26824,0.05709,-0.68090,-0.09515,-0.01212,0.46265,-0.18130,-0.36709,-0.46650
0.91300,0.80824,0.24884,-0.08974,-0.67365,-0.46989,0.01056,1.76814,-0.00319,0.26788,0.05662,-0.68236,-0.09418,-0.01199,0.45865,-0.18194,-0.36366,-0.46707
0.91400,0.80834,0.24921,-0.08974,-0.67433,-0.46999,0.01055,1.76859,-0.00337,0.26751,0.05615,-0.68381,-0.09321,-0.01185,0.45465,-0.18257,-0.36023,-0.46765
0.91500,0.80844,0.24957,-0.08974,-0.67502,-0.47008,0.01054,1.76904,-0.00356,0.26716,0.05569,-0.68526,-0.09221,-0.01168,0.45015,-0.18321,-0.35677,-0.46822
0.91600,0.80854,0.24993,-0.08974,-0.67570,-0.47017,0.01053,1.76949,-0.00374,0.26680,0.05522,-0.68671,-0.09122,-0.01152,0.44565,-0.18384,-0.35332,-0.46880
0.91700,0.80864,0.25030,-0.08974,-0.67639,-0.47026,0.01052,1.76994,-0.00392,0.26645,0.05475,-0.68809,-0.09019,-0.01140,0.44165,-0.18447,-0.34981,-0.46927
0.91800,0.80873,0.25066,-0.08974,-0.67708,-0.47035,0.01051,1.77038,-0.00411,0.26610,0.05428,-0.68946,-0.08917,-0.01128,0.43765,-0.18509,-0.34631,-0.46974
0.91900,0.80883,0.25103,-0.08974,-0.67777,-0.47044,0.01050,1.77081,-0.00429,0.26576,0.05381,-0.69081,-0.08818,-0.01117,0.43315,-0.18570,-0.34280,-0.47021
0.92000,0.80893,0.25139,-0.08974,-0.67846,-0.47053,0.01048,1.77124,-0.00448,0.26542,0.05334,-0.69217,-0.08718,-0.01106,0.42865,-0.18630,-0.33930,-0.47068
0.92100,0.80902,0.25176,-0.08974,-0.67916,-0.47061,0.01047,1.77167,-0.00467,0.26508,0.05287,-0.69352,-0.08616,-0.01092,0.42390,-0.18690,-0.33579,-0.47122
0.92200,0.80911,0.25212,-0.08974,-0.67985,-0.47070,0.01046,1.77209,-0.00485,0.26474,0.05240,-0.69487,-0.08514,-0.01078,0.41915,-0.18750,-0.33229,-0.47177
0.92300,0.80920,0.25249,-0.08974,-0.68055,-0.47078,0.01045,1.77251,-0.00504,0.26442,0.05192,-0.69622,-0.08417,-0.01060,0.41465,-0.18810,-0.32878,-0.47228
0.92400,0.80929,0.25285,-0.08974,-0.68124,-0.47087,0.01044,1.77292,-0.00523,0.26409,0.05145,-0.69757,-0.08320,-0.01042,0.41015,-0.18870,-0.32528,-0.47279
0.92500,0.80938,0.25322,-0.08974,-0.68194,-0.47095,0.01043,1.77333,-0.00542,0.26376,0.05098,-0.69889,-0.08220,-0.01028,0.40515,-0.18928,-0.32177,-0.47333
0.92600,0.80947,0.25359,-0.08974,-0.68264,-0.47103,0.01042,1.77373,-0.00561,0.26344,0.05050,-0.70022,-0.08121,-0.01013,0.40015,-0.18987,-0.31827,-0.47387
0.92700,0.80955,0.25395,-0.08974,-0.68334,-0.47111,0.01041,1.77413,-0.00580,0.26313,0.05003,-0.70147,-0.08023,-0.01002,0.39565,-0.19045,-0.31471,-0.47427
0.92800,0.80964,0.25432,-0.08974,-0.68404,-0.47119,0.01040,1.77452,-0.00599,0.26281,0.04956,-0.70272,-0.07926,-0.00991,0.39115,-0.19102,-0.31115,-0.47468
0.92900,0.80972,0.25469,-0.08974,-0.68475,-0.47127,0.01039,1.77491,-0.00618,0.26251,0.04908,-0.70402,-0.07832,-0.00976,0.38690,-0.19159,-0.30762,-0.47511
0.93000,0.80980,0.25506,-0.08974,-0.68545,-0.47135,0.01038,1.77529,-0.00637,0.26220,0.04861,-0.70532,-0.07737,-0.00962,0.38265,-0.19216,-0.30409,-0.47554
0.93100,0.80989,0.25543,-0.08974,-0.68616,-0.47143,0.01037,1.77567,-0.00656,0.26190,0.04813,-0.70664,-0.07638,-0.00944,0.37840,-0.19273,-0.30054,-0.47600
0.93200,0.80997,0.25579,-0.08974,-0.68686,-0.47150,0.01036,1.77605,-0.00676,0.26160,0.04765,-0.70797,-0.07538,-0.00926,0.37415,-0.19329,-0.29698,-0.47645
0.93300,0.81005,0.25616,-0.08974,-0.68757,-0.47158,0.01035,1.77642,-0.00695,0.26130,0.04718,-0.70924,-0.07438,-0.00911,0.36965,-0.19384,-0.29343,-0.47687
0.93400,0.81012,0.25653,-0.08974,-0.68828,-0.47165,0.01034,1.77680,-0.00714,0.26101,0.04670,-0.71052,-0.07339,-0.00897,0.36515,-0.19439,-0.28987,-0.47730
0.93500,0.81020,0.25690,-0.08974,-0.68899,-0.47172,0.01033,1.77716,-0.00734,0.26072,0.04622,-0.71167,-0.07244,-0.00885,0.36065,-0.19492,-0.28629,-0.47770
0.93600,0.81028,0.25727,-0.08974,-0.68971,-0.47180,0.01033,1.77752,-0.00753,0.26044,0.04574,-0.71282,-0.07150,-0.00873,0.35615,-0.19546,-0.28271,-0.47809
0.93700,0.81035,0.25764,-0.08974,-0.69042,-0.47187,0.01032,1.77787,-0.00773,0.26016,0.04527,-0.71402,-0.07053,-0.00858,0.35140,-0.19599,-0.27908,-0.47846
0.93800,0.81042,0.25801,-0.08974,-0.69113,-0.47194,0.01031,1.77822,-0.00793,0.25988,0.04479,-0.71522,-0.06956,-0.00843,0.34665,-0.19652,-0.27545,-0.47883
0.93900,0.81050,0.25838,-0.08974,-0.69185,-0.47201,0.01030,1.77856,-0.00812,0.25961,0.04431,-0.71641,-0.06861,-0.00825,0.34215,-0.19705,-0.27182,-0.47930
0.94000,0.81057,0.25875,-0.08974,-0.69257,-0.47207,0.01029,1.77891,-0.00832,0.25934,0.04383,-0.71761,-0.06766,-0.00807,0.33765,-0.19757,-0.26819,-0.47976
0.94100,0.81064,0.25912,-0.08974,-0.69329,-0.47214,0.01028,1.77924,-0.00852,0.25907,0.04335,-0.71879,-0.06672,-0.00791,0.33315,-0.19808,-0.26461,-0.48010
0.94200,0.81071,0.25949,-0.08974,-0.69401,-0.47221,0.01028,1.77957,-0.00872,0.25881,0.04287,-0.71996,-0.06577,-0.00776,0.32865,-0.19860,-0.26103,-0.48044
0.94300,0.81078,0.25986,-0.08974,-0.69473,-0.47227,0.01027,1.77989,-0.00892,0.25855,0.04239,-0.72108,-0.06480,-0.00763,0.32390,-0.19910,-0.25742,-0.48080
0.94400,0.81084,0.26023,-0.08974,-0.69545,-0.47234,0.01026,1.78022,-0.00912,0.25829,0.04191,-0.72221,-0.06383,-0.00751,0.31915,-0.19959,-0.25381,-0.48116
0.94500,0.81091,0.26060,-0.08974,-0.69617,-0.47240,0.01025,1.78053,-0.00932,0.25804,0.04143,-0.72331,-0.06289,-0.00736,0.31515,-0.20007,-0.25023,-0.48149
0.94600,0.81097,0.26098,-0.08974,-0.69689,-0.47246,0.01025,1.78085,-0.00952,0.25779,0.04094,-0.72440,-0.06194,-0.00720,0.31115,-0.20055,-0.24665,-0.48182
0.94700,0.81103,0.26135,-0.08974,-0.69762,-0.47252,0.01024,1.78115,-0.00972,0.25755,0.04046,-0.72553,-0.06095,-0.00702,0.30640,-0.20103,-0.24302,-0.48215
0.94800,0.81110,0.26172,-0.08974,-0.69834,-0.47258,0.01023,1.78146,-0.00992,0.25731,0.03998,-0.72665,-0.05995,-0.00684,0.30165,-0.20151,-0.23939,-0.48247
0.94900,0.81116,0.26209,-0.08974,-0.69907,-0.47264,0.01023,1.78176,-0.01012,0.25707,0.03950,-0.72775,-0.05901,-0.00663,0.29715,-0.20202,-0.23571,-0.48285
0.95000,0.81122,0.26246,-0.08974,-0.69980,-0.47270,0.01022,1.78206,-0.01032,0.25683,0.03901,-0.72884,-0.05806,-0.00642,0.29265,-0.20253,-0.23203,-0.48322
0.95100,0.81127,0.26284,-0.08974,-0.70053,-0.47276,0.01021,1.78234,-0.01052,0.25661,0.03853,-0.72982,-0.05714,-0.00633,0.28815,-0.20297,-0.22837,-0.48344
0.95200,0.81133,0.26321,-0.08974,-0.70126,-0.47282,0.01021,1.78263,-0.01073,0.25638,0.03805,-0.73079,-0.05622,-0.00624,0.28365,-0.20342,-0.22471,-0.48367
0.95300,0.81139,0.26358,-0.08974,-0.70199,-0.47287,0.01020,1.78291,-0.01093,0.25616,0.03756,-0.73179,-0.05530,-0.00611,0.27890,-0.20386,-0.22103,-0.48391
0.95400,0.81144,0.26395,-0.08974,-0.70272,-0.47293,0.01019,1.78319,-0.01114,0.25594,0.03708,-0.73278,-0.05438,-0.00598,0.27415,-0.20430,-0.21735,-0.48415
0.95500,0.81150,0.26433,-0.08974,-0.70346,-0.47298,0.01019,1.78346,-0.01134,0.25572,0.03659,-0.73378,-0.05343,-0.00582,0.26965,-0.20475,-0.21367,-0.48441
0.95600,0.81155,0.26470,-0.08974,-0.70419,-0.47303,0.01018,1.78373,-0.01154,0.25551,0.03611,-0.73478,-0.05249,-0.00566,0.26515,-0.20520,-0.20999,-0.48468
0.95700,0.81160,0.26507,-0.08974,-0.70493,-0.47309,0.01018,1.78399,-0.01175,0.25530,0.03563,-0.73582,-0.05154,-0.00547,0.26065,-0.20560,-0.20633,-0.48496
0.95800,0.81165,0.26545,-0.08974,-0.70566,-0.47314,0.01017,1.78425,-0.01196,0.25509,0.03514,-0.73687,-0.05060,-0.00528,0.25615,-0.20601,-0.20268,-0.48525
0.95900,0.81170,0.26582,-0.08974,-0.70640,-0.47319,0.01017,1.78450,-0.01216,0.25490,0.03465,-0.73789,-0.04968,-0.00506,0.25140,-0.20646,-0.19895,-0.48556
0.96000,0.81175,0.26620,-0.08974,-0.70714,-0.47324,0.01016,1.78475,-0.01237,0.25470,0.03417,-0.73891,-0.04876,-0.00484,0.24665,-0.20691,-0.19521,-0.48586
0.96100,0.81179,0.26657,-0.08974,-0.70788,-0.47328,0.01016,1.78499,-0.01258,0.25451,0.03368,-0.73983,-0.04784,-0.00468,0.24215,-0.20732,-0.19151,-0.48612
0.96200,0.81184,0.26694,-0.08974,-0.70862,-0.47333,0.01015,1.78524,-0.01278,0.25431,0.03320,-0.74075,-0.04692,-0.00452,0.23765,-0.20772,-0.18780,-0.48637
0.96300,0.81188,0.26732,-0.08974,-0.70936,-0.47338,0.01015,1.78547,-0.01299,0.25413,0.03271,-0.74160,-0.04602,-0.00443,0.23315,-0.20810,-0.18409,-0.48652
0.96400,0.81193,0.26769,-0.08974,-0.71010,-0.47342,0.01014,1.78570,-0.01320,0.25395,0.03222,-0.74245,-0.04513,-0.00433,0.22865,-0.20849,-0.18039,-0.48667
0.96500,0.81197,0.26807,-0.08974,-0.71085,-0.47347,0.01014,1.78592,-0.01341,0.25377,0.03174,-0.74332,-0.04421,-0.00420,0.22390,-0.20889,-0.17671,-0.48682
0.96600,0.81201,0.26844,-0.08974,-0.71159,-0.47351,0.01014,1.78615,-0.01362,0.25359,0.03125,-0.74419,-0.04329,-0.00407,0.21915,-0.20930,-0.17303,-0.48696
0.96700,0.81205,0.26882,-0.08974,-0.71233,-0.47356,0.01013,1.78637,-0.01383,0.25342,0.03076,-0.74506,-0.04237,-0.00391,0.21465,-0.20966,-0.16934,-0.48708
0.96800,0.81209,0.26919,-0.08974,-0.71308,-0.47360,0.01013,1.78658,-0.01404,0.25325,0.03028,-0.74593,-0.04145,-0.00375,0.21015,-0.21002,-0.16566,-0.48719
0.96900,0.81213,0.26957,-0.08974,-0.71383,-0.47364,0.01012,1.78679,-0.01425,0.25309,0.02979,-0.74680,-0.04050,-0.00355,0.20565,-0.21037,-0.16196,-0.48738
0.97000,0.81216,0.26994,-0.08974,-0.71457,-0.47368,0.01012,1.78699,-0.01446,0.25293,0.02930,-0.74767,-0.03956,-0.00335,0.20115,-0.21073,-0.15825,-0.48757
0.97100,0.81220,0.27032,-0.08974,-0.71532,-0.47372,0.01012,1.78719,-0.01467,0.25277,0.02881,-0.74853,-0.03861,-0.00313,0.19640,-0.21109,-0.15454,-0.48780
0.97200,0.81223,0.27069,-0.08974,-0.71607,-0.47376,0.01011,1.78738,-0.01488,0.25262,0.02833,-0.74940,-0.03767,-0.00290,0.19165,-0.21145,-0.15083,-0.48804
0.97300,0.81226,0.27107,-0.08974,-0.71682,-0.47379,0.01011,1.78757,-0.01509,0.25247,0.02784,-0.75020,-0.03675,-0.00273,0.18715,-0.21182,-0.14705,-0.48817
0.97400,0.81229,0.27144,-0.08974,-0.71757,-0.47383,0.01011,1.78776,-0.01530,0.25233,0.02735,-0.75099,-0.03583,-0.00257,0.18265,-0.21218,-0.14327,-0.48830
0.97500,0.81232,0.27182,-0.08974,-0.71832,-0.47386,0.01011,1.78794,-0.01552,0.25219,0.02686,-0.75179,-0.03491,-0.00240,0.17815,-0.21249,-0.13954,-0.48842
0.97600,0.81235,0.27220,-0.08974,-0.71907,-0.47390,0.01010,1.78811,-0.01573,0.25205,0.02637,-0.75258,-0.03399,-0.00224,0.17365,-0.21280,-0.13581,-0.48855
0.97700,0.81238,0.27257,-0.08974,-0.71983,-0.47393,0.01010,1.78828,-0.01594,0.25192,0.02588,-0.75325,-0.03309,-0.00214,0.16890,-0.21309,-0.13200,-0.48859
0.97800,0.81241,0.27295,-0.08974,-0.72058,-0.47397,0.01010,1.78845,-0.01616,0.25178,0.02540,-0.75392,-0.03220,-0.00203,0.16415,-0.21338,-0.12819,-0.48864
0.97900,0.81243,0.27332,-0.08974,-0.72134,-0.47400,0.01010,1.78861,-0.01637,0.25166,0.02491,-0.75463,-0.03128,-0.00190,0.15965,-0.21367,-0.12444,-0.48868
0.98000,0.81246,0.27370,-0.08974,-0.72209,-0.47403,0.01010,1.78877,-0.01658,0.25153,0.02442,-0.75535,-0.03036,-0.00176,0.15515,-0.21396,-0.12068,-0.48872
0.98100,0.81248,0.27408,-0.08974,-0.72285,-0.47406,0.01009,1.78892,-0.01680,0.25142,0.02393,-0.75605,-0.02949,-0.00160,0.15015,-0.21428,-0.11697,-0.48883
0.98200,0.81250,0.27445,-0.08974,-0.72360,-0.47409,0.01009,1.78907,-0.01701,0.25130,0.02344,-0.75674,-0.02862,-0.00144,0.14515,-0.21459,-0.11326,-0.48895
0.98300,0.81252,0.27483,-0.08974,-0.72436,-0.47411,0.01009,1.78921,-0.01723,0.25119,0.02295,-0.75748,-0.02775,-0.00124,0.14065,-0.21491,-0.10953,-0.48900
0.98400,0.81254,0.27521,-0.08974,-0.72512,-0.47414,0.01009,1.78935,-0.01744,0.25108,0.02246,-0.75822,-0.02688,-0.00104,0.13615,-0.21523,-0.10580,-0.48906
0.98500,0.81256,0.27558,-0.08974,-0.72588,-0.47417,0.01009,1.78948,-0.01766,0.25098,0.02197,-0.75891,-0.02596,-0.00082,0.13140,-0.21552,-0.10204,-0.48914
0.98600,0.81258,0.27596,-0.08974,-0.72663,-0.47419,0.01009,1.78961,-0.01787,0.25088,0.02148,-0.75961,-0.02504,-0.00059,0.12665,-0.21582,-0.09829,-0.48922
0.98700,0.81259,0.27634,-0.08974,-0.72739,-0.47422,0.01009,1.78974,-0.01809,0.25078,0.02099,-0.76020,-0.02410,-0.00043,0.12215,-0.21606,-0.09450,-0.48926
0.98800,0.81261,0.27671,-0.08974,-0.72816,-0.47424,0.01009,1.78986,-0.01830,0.25069,0.02051,-0.76079,-0.02315,-0.00026,0.11765,-0.21631,-0.09072,-0.48931
0.98900,0.81262,0.27709,-0.08974,-0.72892,-0.47426,0.01009,1.78997,-0.01852,0.25060,0.02002,-0.76138,-0.02221,-0.00009,0.11315,-0.21650,-0.08691,-0.48928
0.99000,0.81263,0.27747,-0.08974,-0.72968,-0.47429,0.01009,1.79008,-0.01874,0.25051,0.01953,-0.76197,-0.02126,0.00007,0.10865,-0.21670,-0.08311,-0.48925
0.99100,0.81265,0.27784,-0.08974,-0.73044,-0.47431,0.01009,1.79019,-0.01895,0.25044,0.01904,-0.76256,-0.02039,0.00024,0.10390,-0.21692,-0.07935,-0.48924
0.99200,0.81266,0.27822,-0.08974,-0.73120,-0.47433,0.01009,1.79029,-0.01917,0.25036,0.01855,-0.76315,-0.01952,0.00041,0.09915,-0.21715,-0.07559,-0.48923
0.99300,0.81266,0.27860,-0.08974,-0.73197,-0.47435,0.01009,1.79039,-0.01939,0.25028,0.01806,-0.76374,-0.01863,0.00057,0.09465,-0.21740,-0.07183,-0.48921
0.99400,0.81267,0.27897,-0.08974,-0.73273,-0.47436,0.01009,1.79048,-0.01961,0.25021,0.01757,-0.76434,-0.01774,0.00073,0.09015,-0.21765,-0.06808,-0.48919
0.99500,0.81268,0.27935,-0.08974,-0.73350,-0.47438,0.01009,1.79057,-0.01982,0.25015,0.01708,-0.76488,-0.01684,0.00089,0.08515,-0.21787,-0.06427,-0.48914
0.99600,0.81268,0.27973,-0.08974,-0.73426,-0.47440,0.01009,1.79065,-0.02004,0.25008,0.01659,-0.76542,-0.01595,0.00106,0.08015,-0.21810,-0.06046,-0.48910
0.99700,0.81269,0.28010,-0.08974,-0.73503,-0.47441,0.01009,1.79073,-0.02026,0.25003,0.01610,-0.76588,-0.01505,0.00124,0.07565,-0.21832,-0.05668,-0.48910
0.99800,0.81269,0.28048,-0.08974,-0.73579,-0.47443,0.01009,1.79080,-0.02048,0.24997,0.01561,-0.76635,-0.01416,0.00142,0.07115,-0.21853,-0.05290,-0.48911
0.99900,0.81269,0.28086,-0.08974,-0.73656,-0.47444,0.01009,1.79087,-0.02070,0.24992,0.01512,-0.76680,-0.01326,0.00166,0.06690,-0.21868,-0.04909,-0.48915
1.00000,0.81269,0.28124,-0.08974,-0.73733,-0.47445,0.01010,1.79093,-0.02092,0.24987,0.01464,-0.76725,-0.01237,0.00190,0.06265,-0.21882,-0.04528,-0.48919
1.00100,0.81269,0.28161,-0.08974,-0.73809,-0.47447,0.01010,1.79100,-0.02113,0.24983,0.01415,-0.76773,-0.01150,0.00220,0.05790,-0.21891,-0.04153,-0.48928
1.00200,0.81269,0.28199,-0.08974,-0.73886,-0.47448,0.01010,1.79106,-0.02135,0.24979,0.01366,-0.76821,-0.01062,0.00250,0.05315,-0.21901,-0.03778,-0.48937
1.00300,0.81269,0.28237,-0.08974,-0.73963,-0.47449,0.01010,1.79111,-0.02157,0.24975,0.01317,-0.76862,-0.00973,0.00280,0.04840,-0.21910,-0.03397,-0.48952
1.00400,0.81268,0.28274,-0.08974,-0.74040,-0.47450,0.01011,1.79116,-0.02179,0.24972,0.01268,-0.76904,-0.00883,0.00310,0.04365,-0.21919,-0.03017,-0.48967
1.00500,0.81268,0.28312,-0.08974,-0.74117,-0.47451,0.01011,1.79119,-0.02201,0.24969,0.01219,-0.76948,-0.00790,0.00345,0.03865,-0.21922,-0.02634,-0.48986
1.00600,0.81267,0.28350,-0.08974,-0.74194,-0.47451,0.01011,1.79123,-0.02223,0.24967,0.01170,-0.76992,-0.00698,0.00380,0.03365,-0.21926,-0.02252,-0.49004
1.00700,0.81266,0.28387,-0.08974,-0.74271,-0.47452,0.01012,1.79126,-0.02245,0.24965,0.01121,-0.77034,-0.00606,0.00417,0.02890,-0.21934,-0.01874,-0.49030
1.00800,0.81266,0.28425,-0.08974,-0.74348,-0.47453,0.01012,1.79129,-0.02267,0.24963,0.01072,-0.77075,-0.00513,0.00454,0.02415,-0.21942,-0.01496,-0.49056
1.00900,0.81265,0.28463,-0.08974,-0.74425,-0.47453,0.01013,1.79131,-0.02289,0.24962,0.01023,-0.77112,-0.00424,0.00495,0.02015,-0.21948,-0.01119,-0.49085
1.01000,0.81263,0.28500,-0.08974,-0.74502,-0.47453,0.01013,1.79133,-0.02311,0.24961,0.00974,-0.77148,-0.00334,0.00536,0.01615,-0.21954,-0.00741,-0.49113
1.01100,0.81262,0.28538,-0.08974,-0.74579,-0.47454,0.01014,1.79134,-0.02333,0.24960,0.00924,-0.77192,-0.00241,0.00579,0.01140,-0.21957,-0.00366,-0.49134
1.01200,0.81261,0.28576,-0.08974,-0.74657,-0.47454,0.01014,1.79135,-0.02355,0.24960,0.00875,-0.77237,-0.00149,0.00622,0.00665,-0.21960,0.00010,-0.49155
1.01300,0.81259,0.28613,-0.08974,-0.74734,-0.47454,0.01015,1.79135,-0.02377,0.24960,0.00826,-0.77268,-0.00062,0.00660,0.00215,-0.21956,0.00387,-0.49174
1.01400,0.81258,0.28651,-0.08974,-0.74811,-0.47454,0.01016,1.79136,-0.02399,0.24961,0.00777,-0.77300,0.00026,0.00698,-0.00235,-0.21951,0.00765,-0.49192
1.01500,0.81256,0.28689,-0.08974,-0.74888,-0.47454,0.01016,1.79135,-0.02421,0.24962,0.00728,-0.77331,0.00118,0.00737,-0.00685,-0.21947,0.01145,-0.49208
1.01600,0.81254,0.28726,-0.08974,-0.74966,-0.47454,0.01017,1.79134,-0.02443,0.24963,0.00679,-0.77363,0.00210,0.00777,-0.01135,-0.21943,0.01525,-0.49224
1.01700,0.81252,0.28764,-0.08974,-0.75043,-0.47453,0.01018,1.79132,-0.02464,0.24965,0.00629,-0.77392,0.00300,0.00815,-0.01660,-0.21941,0.01906,-0.49241
1.01800,0.81250,0.28802,-0.08974,-0.75120,-0.47453,0.01019,1.79131,-0.02486,0.24967,0.00580,-0.77421,0.00390,0.00854,-0.02185,-0.21939,0.02286,-0.49259
1.01900,0.81248,0.28839,-0.08974,-0.75198,-0.47453,0.01020,1.79128,-0.02508,0.24970,0.00531,-0.77445,0.00477,0.00893,-0.02660,-0.21933,0.02663,-0.49277
1.02000,0.81246,0.28877,-0.08974,-0.75275,-0.47452,0.01020,1.79126,-0.02530,0.24972,0.00481,-0.77469,0.00565,0.00932,-0.03135,-0.21926,0.03041,-0.49296
1.02100,0.81243,0.28915,-0.08974,-0.75353,-0.47452,0.01021,1.79122,-0.02552,0.24976,0.00432,-0.77493,0.00655,0.00971,-0.03585,-0.21924,0.03421,-0.49308
1.02200,0.81241,0.28952,-0.08974,-0.75430,-0.47451,0.01022,1.79118,-0.02574,0.24979,0.00383,-0.77518,0.00745,0.01011,-0.04035,-0.21922,0.03802,-0.49319
1.02300,0.81238,0.28990,-0.08974,-0.75508,-0.47450,0.01023,1.79113,-0.02596,0.24983,0.00334,-0.77537,0.00834,0.01050,-0.04485,-0.21911,0.04182,-0.49332
1.02400,0.81235,0.29027,-0.08974,-0.75585,-0.47449,0.01024,1.79109,-0.02618,0.24987,0.00284,-0.77556,0.00924,0.01090,-0.04935,-0.21899,0.04562,-0.49345
1.02500,0.81232,0.29065,-0.08974,-0.75663,-0.47448,0.01026,1.79104,-0.02640,0.24992,0.00235,-0.77577,0.01019,0.01130,-0.05385,-0.21895,0.04940,-0.49357
1.02600,0.81229,0.29103,-0.08974,-0.75741,-0.47447,0.01027,1.79099,-0.02662,0.24997,0.00185,-0.77599,0.01114,0.01170,-0.05835,-0.21890,0.05317,-0.49369
1.02700,0.81226,0.29140,-0.08974,-0.75818,-0.47446,0.01028,1.79092,-0.02684,0.25003,0.00136,-0.77613,0.01206,0.01210,-0.06310,-0.21881,0.05698,-0.49380
1.02800,0.81223,0.29178,-0.08974,-0.75896,-0.47445,0.01029,1.79086,-0.02705,0.25009,0.00087,-0.77627,0.01299,0.01249,-0.06785,-0.21872,0.06078,-0.49391
1.02900,0.81220,0.29215,-0.08974,-0.75973,-0.47443,0.01030,1.79078,-0.02727,0.25015,0.00037,-0.77644,0.01386,0.01289,-0.07260,-0.21858,0.06453,-0.49401
1.03000,0.81216,0.29253,-0.08974,-0.76051,-0.47442,0.01032,1.79071,-0.02749,0.25022,-0.00012,-0.77660,0.01473,0.01328,-0.07735,-0.21843,0.06828,-0.49411
1.03100,0.81213,0.29290,-0.08974,-0.76129,-0.47440,0.01033,1.79063,-0.02771,0.25029,-0.00062,-0.77667,0.01561,0.01369,-0.08160,-0.21837,0.07208,-0.49419
1.03200,0.81209,0.29328,-0.08974,-0.76206,-0.47439,0.01034,1.79055,-0.02793,0.25036,-0.00111,-0.77674,0.01648,0.01409,-0.08585,-0.21830,0.07589,-0.49428
1.03300,0.81205,0.29365,-0.08974,-0.76284,-0.47437,0.01036,1.79046,-0.02815,0.25044,-0.00160,-0.77678,0.01740,0.01449,-0.09035,-0.21813,0.07966,-0.49435
1.03400,0.81201,0.29403,-0.08974,-0.76362,-0.47435,0.01037,1.79037,-0.02837,0.25052,-0.00210,-0.77682,0.01833,0.01490,-0.09485,-0.21796,0.08344,-0.49443
1.03500,0.81197,0.29440,-0.08974,-0.76440,-0.47433,0.01039,1.79027,-0.02858,0.25061,-0.00259,-0.77691,0.01928,0.01531,-0.09985,-0.21785,0.08719,-0.49450
1.03600,0.81193,0.29478,-0.08974,-0.76517,-0.47432,0.01040,1.79017,-0.02880,0.25070,-0.00309,-0.77700,0.02022,0.01572,-0.10485,-0.21773,0.09094,-0.49457
1.03700,0.81188,0.29515,-0.08974,-0.76595,-0.47429,0.01042,1.79006,-0.02902,0.25079,-0.00358,-0.77704,0.02117,0.01612,-0.10985,-0.21756,0.09472,-0.49462
1.03800,0.81184,0.29553,-0.08974,-0.76673,-0.47427,0.01044,1.78995,-0.02924,0.25088,-0.00408,-0.77708,0.02212,0.01653,-0.11485,-0.21739,0.09850,-0.49467
1.03900,0.81179,0.29590,-0.08974,-0.76750,-0.47425,0.01045,1.78983,-0.02945,0.25099,-0.00457,-0.77717,0.02300,0.01699,-0.11935,-0.21720,0.10232,-0.49476
1.04000,0.81175,0.29628,-0.08974,-0.76828,-0.47423,0.01047,1.78971,-0.02967,0.25109,-0.00507,-0.77726,0.02387,0.01745,-0.12385,-0.21701,0.10615,-0.49484
1.04100,0.81170,0.29665,-0.08974,-0.76906,-0.47420,0.01049,1.78958,-0.02989,0.25120,-0.00556,-0.77725,0.02477,0.01788,-0.12860,-0.21684,0.10995,-0.49489
1.04200,0.81165,0.29702,-0.08974,-0.76983,-0.47418,0.01051,1.78945,-0.03010,0.25131,-0.00606,-0.77725,0.02567,0.01832,-0.13335,-0.21667,0.11376,-0.49494
1.04300,0.81160,0.29740,-0.08974,-0.77061,-0.47415,0.01052,1.78932,-0.03032,0.25143,-0.00655,-0.77714,0.02656,0.01873,-0.13785,-0.21646,0.11753,-0.49496
1.04400,0.81155,0.29777,-0.08974,-0.77139,-0.47412,0.01054,1.78918,-0.03054,0.25154,-0.00705,-0.77703,0.02746,0.01913,-0.14235,-0.21624,0.12131,-0.49498
1.04500,0.81150,0.29814,-0.08974,-0.77217,-0.47410,0.01056,1.78903,-0.03075,0.25167,-0.00754,-0.77692,0.02841,0.01952,-0.14685,-0.21602,0.12499,-0.49497
1.04600,0.81144,0.29852,-0.08974,-0.77294,-0.47407,0.01058,1.78888,-0.03097,0.25179,-0.00804,-0.77681,0.02936,0.01990,-0.15135,-0.21580,0.12866,-0.49496
1.04700,0.81139,0.29889,-0.08974,-0.77372,-0.47404,0.01060,1.78873,-0.03119,0.25193,-0.00853,-0.77668,0.03028,0.02026,-0.15610,-0.21559,0.13237,-0.49492
1.04800,0.81133,0.29926,-0.08974,-0.77450,-0.47401,0.01062,1.78857,-0.03140,0.25206,-0.00903,-0.77654,0.03121,0.02062,-0.16085,-0.21537,0.13607,-0.49487
1.04900,0.81127,0.29963,-0.08974,-0.77527,-0.47397,0.01064,1.78841,-0.03162,0.25220,-0.00952,-0.77643,0.03208,0.02103,-0.16535,-0.21510,0.13982,-0.49486
1.05000,0.81122,0.30001,-0.08974,-0.77605,-0.47394,0.01067,1.78824,-0.03183,0.25234,-0.01002,-0.77632,0.03295,0.02145,-0.16985,-0.21483,0.14357,-0.49484
1.05100,0.81116,0.30038,-0.08974,-0.77683,-0.47391,0.01069,1.78807,-0.03205,0.25249,-0.01051,-0.77619,0.03388,0.02187,-0.17435,-0.21459,0.14732,-0.49482
1.05200,0.81110,0.30075,-0.08974,-0.77760,-0.47388,0.01071,1.78789,-0.03226,0.25263,-0.01100,-0.77606,0.03480,0.02229,-0.17885,-0.21435,0.15108,-0.49480
1.05300,0.81103,0.30112,-0.08974,-0.77838,-0.47384,0.01073,1.78771,-0.03247,0.25279,-0.01150,-0.77595,0.03575,0.02276,-0.18360,-0.21408,0.15488,-0.49481
1.05400,0.81097,0.30150,-0.08974,-0.77915,-0.47380,0.01075,1.78752,-0.03269,0.25294,-0.01199,-0.77584,0.03670,0.02324,-0.18835,-0.21381,0.15868,-0.49482
1.05500,0.81091,0.30187,-0.08974,-0.77993,-0.47377,0.01078,1.78733,-0.03290,0.25310,-0.01249,-0.77568,0.03765,0.02368,-0.19285,-0.21355,0.16241,-0.49481
1.05600,0.81084,0.30224,-0.08974,-0.78071,-0.47373,0.01080,1.78714,-0.03312,0.25327,-0.01298,-0.77552,0.03859,0.02413,-0.19735,-0.21328,0.16613,-0.49479
1.05700,0.81078,0.30261,-0.08974,-0.78148,-0.47369,0.01083,1.78694,-0.03333,0.25344,-0.01348,-0.77529,0.03952,0.02454,-0.20185,-0.21299,0.16986,-0.49473
1.05800,0.81071,0.30298,-0.08974,-0.78226,-0.47365,0.01085,1.78673,-0.03354,0.25361,-0.01397,-0.77505,0.04044,0.02496,-0.20635,-0.21269,0.17359,-0.49467
1.05900,0.81064,0.30335,-0.08974,-0.78303,-0.47361,0.01088,1.78652,-0.03375,0.25378,-0.01447,-0.77474,0.04136,0.02535,-0.21110,-0.21235,0.17727,-0.49458
1.06000,0.81057,0.30372,-0.08974,-0.78381,-0.47357,0.01090,1.78631,-0.03397,0.25396,-0.01496,-0.77443,0.04229,0.02574,-0.21585,-0.21201,0.18094,-0.49449
1.06100,0.81050,0.30409,-0.08974,-0.78458,-0.47352,0.01093,1.78609,-0.03418,0.25415,-0.01546,-0.77405,0.04324,0.02610,-0.22035,-0.21166,0.18464,-0.49437
1.06200,0.81042,0.30446,-0.08974,-0.78535,-0.47348,0.01095,1.78587,-0.03439,0.25433,-0.01595,-0.77367,0.04419,0.02645,-0.22485,-0.21132,0.18835,-0.49424
1.06300,0.81035,0.30483,-0.08974,-0.78613,-0.47344,0.01098,1.78564,-0.03460,0.25452,-0.01645,-0.77336,0.04513,0.02687,-0.22985,-0.21098,0.19205,-0.49414
1.06400,0.81028,0.30520,-0.08974,-0.78690,-0.47339,0.01101,1.78541,-0.03481,0.25472,-0.01694,-0.77305,0.04608,0.02729,-0.23485,-0.21064,0.19575,-0.49405
1.06500,0.81020,0.30557,-0.08974,-0.78767,-0.47334,0.01104,1.78517,-0.03502,0.25491,-0.01743,-0.77284,0.04706,0.02778,-0.23935,-0.21029,0.19948,-0.49400
1.06600,0.81012,0.30594,-0.08974,-0.78845,-0.47330,0.01106,1.78493,-0.03523,0.25511,-0.01793,-0.77263,0.04803,0.02826,-0.24385,-0.20995,0.20320,-0.49396
1.06700,0.81005,0.30631,-0.08974,-0.78922,-0.47325,0.01109,1.78469,-0.03544,0.25532,-0.01842,-0.77235,0.04898,0.02871,-0.24810,-0.20961,0.20691,-0.49387
1.06800,0.80997,0.30668,-0.08974,-0.78999,-0.47320,0.01112,1.78444,-0.03565,0.25553,-0.01892,-0.77206,0.04993,0.02915,-0.25235,-0.20927,0.21061,-0.49379
1.06900,0.80989,0.30704,-0.08974,-0.79076,-0.47315,0.01115,1.78418,-0.03586,0.25574,-0.01941,-0.77168,0.05082,0.02958,-0.25710,-0.20892,0.21431,-0.49367
1.07000,0.80980,0.30741,-0.08974,-0.79154,-0.47310,0.01118,1.78393,-0.03607,0.25596,-0.01990,-0.77129,0.05172,0.03000,-0.26185,-0.20858,0.21801,-0.49355
1.07100,0.80972,0.30778,-0.08974,-0.79231,-0.47304,0.01121,1.78366,-0.03628,0.25618,-0.02040,-0.77081,0.05267,0.03038,-0.26660,-0.20819,0.22169,-0.49339
1.07200,0.80964,0.30815,-0.08974,-0.79308,-0.47299,0.01124,1.78340,-0.03649,0.25640,-0.02089,-0.77033,0.05362,0.03077,-0.27135,-0.20780,0.22537,-0.49323
1.07300,0.80955,0.30851,-0.08974,-0.79385,-0.47294,0.01127,1.78312,-0.03669,0.25663,-0.02138,-0.76982,0.05457,0.03112,-0.27585,-0.20738,0.22899,-0.49303
1.07400,0.80947,0.30888,-0.08974,-0.79462,-0.47288,0.01130,1.78284,-0.03690,0.25686,-0.02188,-0.76931,0.05552,0.03147,-0.28035,-0.20696,0.23262,-0.49283
1.07500,0.80938,0.30925,-0.08974,-0.79538,-0.47283,0.01133,1.78255,-0.03711,0.25709,-0.02237,-0.76892,0.05649,0.03195,-0.28485,-0.20654,0.23630,-0.49273
1.07600,0.80929,0.30961,-0.08974,-0.79615,-0.47277,0.01137,1.78227,-0.03731,0.25733,-0.02286,-0.76854,0.05746,0.03243,-0.28935,-0.20613,0.23997,-0.49263
1.07700,0.80920,0.30998,-0.08974,-0.79692,-0.47271,0.01140,1.78198,-0.03752,0.25757,-0.02335,-0.76808,0.05844,0.03288,-0.29335,-0.20568,0.24363,-0.49249
1.07800,0.80911,0.31035,-0.08974,-0.79769,-0.47265,0.01143,1.78169,-0.03772,0.25782,-0.02385,-0.76762,0.05941,0.03333,-0.29735,-0.20524,0.24728,-0.49235
1.07900,0.80902,0.31071,-0.08974,-0.79846,-0.47259,0.01147,1.78138,-0.03793,0.25807,-0.02434,-0.76714,0.06033,0.03374,-0.30235,-0.20482,0.25096,-0.49217
1.08000,0.80893,0.31108,-0.08974,-0.79923,-0.47253,0.01150,1.78108,-0.03814,0.25832,-0.02483,-0.76665,0.06126,0.03416,-0.30735,-0.20441,0.25463,-0.49199
1.08100,0.80883,0.31144,-0.08974,-0.79999,-0.47247,0.01153,1.78077,-0.03834,0.25858,-0.02532,-0.76607,0.06221,0.03455,-0.31235,-0.20394,0.25826,-0.49178
1.08200,0.80873,0.31181,-0.08974,-0.80076,-0.47241,0.01157,1.78046,-0.03854,0.25884,-0.02581,-0.76549,0.06316,0.03493,-0.31735,-0.20347,0.26189,-0.49156
1.08300,0.80864,0.31217,-0.08974,-0.80152,-0.47234,0.01160,1.78013,-0.03875,0.25910,-0.02631,-0.76493,0.06415,0.03534,-0.32185,-0.20300,0.26551,-0.49136
1.08400,0.80854,0.31254,-0.08974,-0.80229,-0.47228,0.01164,1.77981,-0.03895,0.25937,-0.02680,-0.76437,0.06515,0.03575,-0.32635,-0.20254,0.26914,-0.49116
1.08500,0.80844,0.31290,-0.08974,-0.80305,-0.47221,0.01168,1.77948,-0.03915,0.25964,-0.02729,-0.76381,0.06615,0.03619,-0.33060,-0.20212,0.27277,-0.49097
1.08600,0.80834,0.31326,-0.08974,-0.80381,-0.47215,0.01171,1.77915,-0.03935,0.25991,-0.02778,-0.76325,0.06715,0.03663,-0.33485,-0.20170,0.27639,-0.49079
1.08700,0.80824,0.31363,-0.08974,-0.80458,-0.47208,0.01175,1.77881,-0.03955,0.26019,-0.02827,-0.76262,0.06815,0.03704,-0.33910,-0.20121,0.27997,-0.49056
1.08800,0.80814,0.31399,-0.08974,-0.80534,-0.47201,0.01179,1.77847,-0.03976,0.26047,-0.02876,-0.76198,0.06915,0.03746,-0.34335,-0.20072,0.28355,-0.49034
1.08900,0.80803,0.31435,-0.08974,-0.80610,-0.47194,0.01182,1.77812,-0.03996,0.26076,-0.02925,-0.76132,0.07014,0.03784,-0.34785,-0.20022,0.28715,-0.49009
1.09000,0.80793,0.31471,-0.08974,-0.80686,-0.47187,0.01186,1.77778,-0.04016,0.26105,-0.02974,-0.76066,0.07114,0.03823,-0.35235,-0.19973,0.29075,-0.48983
1.09100,0.80782,0.31508,-0.08974,-0.80762,-0.47180,0.01190,1.77742,-0.04036,0.26134,-0.03023,-0.75998,0.07209,0.03864,-0.35685,-0.19919,0.29433,-0.48959
1.09200,0.80772,0.31544,-0.08974,-0.80838,-0.47173,0.01194,1.77706,-0.04055,0.26164,-0.03072,-0.75930,0.07304,0.03906,-0.36135,-0.19865,0.29791,-0.48935
1.09300,0.80761,0.31580,-0.08974,-0.80914,-0.47165,0.01198,1.77669,-0.04075,0.26194,-0.03121,-0.75866,0.07401,0.03950,-0.36610,-0.19813,0.30148,-0.48912
1.09400,0.80750,0.31616,-0.08974,-0.80990,-0.47158,0.01202,1.77633,-0.04095,0.26224,-0.03170,-0.75803,0.07499,0.03994,-0.37085,-0.19761,0.30506,-0.48889
1.09500,0.80739,0.31652,-0.08974,-0.81066,-0.47150,0.01206,1.77595,-0.04115,0.26255,-0.03219,-0.75729,0.07599,0.04035,-0.37535,-0.19709,0.30866,-0.48863
1.09600,0.80728,0.31688,-0.08974,-0.81141,-0.47143,0.01210,1.77558,-0.04134,0.26286,-0.03268,-0.75656,0.07698,0.04075,-0.37985,-0.19658,0.31226,-0.48836
1.09700,0.80717,0.31724,-0.08974,-0.81217,-0.47135,0.01214,1.77519,-0.04154,0.26317,-0.03316,-0.75578,0.07796,0.04113,-0.38435,-0.19603,0.31579,-0.48806
1.09800,0.80705,0.31760,-0.08974,-0.81293,-0.47127,0.01218,1.77481,-0.04174,0.26349,-0.03365,-0.75499,0.07893,0.04150,-0.38885,-0.19549,0.31932,-0.48776
1.09900,0.80694,0.31796,-0.08974,-0.81368,-0.47119,0.01222,1.77441,-0.04193,0.26381,-0.03414,-0.75426,0.07995,0.04191,-0.39360,-0.19490,0.32287,-0.48748
1.10000,0.80682,0.31832,-0.08974,-0.81443,-0.47111,0.01226,1.77402,-0.04213,0.26413,-0.03463,-0.75352,0.08098,0.04231,-0.39835,-0.19431,0.32642,-0.48720
1.10100,0.80670,0.31868,-0.08974,-0.81519,-0.47103,0.01231,1.77362,-0.04232,0.26446,-0.03511,-0.75276,0.08198,0.04275,-0.40285,-0.19371,0.32997,-0.48693
1.10200,0.80659,0.31903,-0.08974,-0.81594,-0.47095,0.01235,1.77322,-0.04251,0.26479,-0.03560,-0.75201,0.08298,0.04318,-0.40735,-0.19312,0.33353,-0.48666
1.10300,0.80647,0.31939,-0.08974,-0.81669,-0.47086,0.01239,1.77281,-0.04271,0.26513,-0.03609,-0.75120,0.08400,0.04359,-0.41185,-0.19258,0.33700,-0.48635
1.10400,0.80635,0.31975,-0.08974,-0.81744,-0.47078,0.01244,1.77239,-0.04290,0.26547,-0.03657,-0.75039,0.08502,0.04399,-0.41635,-0.19204,0.34048,-0.48604
1.10500,0.80622,0.32010,-0.08974,-0.81819,-0.47069,0.01248,1.77197,-0.04309,0.26581,-0.03706,-0.74950,0.08607,0.04435,-0.42060,-0.19142,0.34401,-0.48569
1.10600,0.80610,0.32046,-0.08974,-0.81894,-0.47061,0.01253,1.77155,-0.04328,0.26616,-0.03754,-0.74862,0.08712,0.04472,-0.42485,-0.19080,0.34753,-0.48534
1.10700,0.80598,0.32082,-0.08974,-0.81969,-0.47052,0.01257,1.77112,-0.04347,0.26651,-0.03803,-0.74774,0.08812,0.04512,-0.42910,-0.19023,0.35104,-0.48502
1.10800,0.80585,0.32117,-0.08974,-0.82044,-0.47043,0.01262,1.77069,-0.04366,0.26686,-0.03851,-0.74685,0.08912,0.04552,-0.43335,-0.18967,0.35454,-0.48470
1.10900,0.80573,0.32153,-0.08974,-0.82118,-0.47034,0.01266,1.77026,-0.04385,0.26722,-0.03900,-0.74602,0.09012,0.04594,-0.43785,-0.18907,0.35801,-0.48440
1.11000,0.80560,0.32188,-0.08974,-0.82193,-0.47025,0.01271,1.76982,-0.04404,0.26757,-0.03948,-0.74518,0.09111,0.04637,-0.44235,-0.18848,0.36149,-0.48409
1.11100,0.80547,0.32224,-0.08974,-0.82267,-0.47016,0.01276,1.76937,-0.04423,0.26794,-0.03997,-0.74430,0.09211,0.04676,-0.44685,-0.18786,0.36497,-0.48374
1.11200,0.80534,0.32259,-0.08974,-0.82342,-0.47006,0.01280,1.76892,-0.04442,0.26830,-0.04045,-0.74342,0.09311,0.04715,-0.45135,-0.18724,0.36845,-0.48339
1.11300,0.80521,0.32295,-0.08974,-0.82416,-0.46997,0.01285,1.76847,-0.04460,0.26868,-0.04093,-0.74243,0.09416,0.04750,-0.45610,-0.18663,0.37187,-0.48299
1.11400,0.80508,0.32330,-0.08974,-0.82490,-0.46988,0.01290,1.76801,-0.04479,0.26905,-0.04142,-0.74145,0.09521,0.04786,-0.46085,-0.18601,0.37530,-0.48260
1.11500,0.80495,0.32365,-0.08974,-0.82564,-0.46978,0.01295,1.76755,-0.04498,0.26943,-0.04190,-0.74049,0.09623,0.04825,-0.46485,-0.18534,0.37875,-0.48223
1.11600,0.80481,0.32400,-0.08974,-0.82638,-0.46968,0.01299,1.76708,-0.04516,0.26981,-0.04238,-0.73953,0.09725,0.04864,-0.46885,-0.18467,0.38220,-0.48186
1.11700,0.80468,0.32436,-0.08974,-0.82712,-0.46959,0.01304,1.76661,-0.04534,0.27019,-0.04286,-0.73857,0.09830,0.04906,-0.47360,-0.18398,0.38566,-0.48150
1.11800,0.80454,0.32471,-0.08974,-0.82786,-0.46949,0.01309,1.76613,-0.04553,0.27058,-0.04334,-0.73761,0.09935,0.04948,-0.47835,-0.18329,0.38911,-0.48115
1.11900,0.80441,0.32506,-0.08974,-0.82860,-0.46939,0.01314,1.76565,-0.04571,0.27097,-0.04383,-0.73660,0.10040,0.04986,-0.48285,-0.18262,0.39253,-0.48076
1.12000,0.80427,0.32541,-0.08974,-0.82934,-0.46929,0.01319,1.76517,-0.04589,0.27136,-0.04431,-0.73559,0.10145,0.05023,-0.48735,-0.18195,0.39596,-0.48036
1.12100,0.80413,0.32576,-0.08974,-0.83007,-0.46918,0.01324,1.76468,-0.04608,0.27176,-0.04479,-0.73458,0.10252,0.05063,-0.49185,-0.18129,0.39939,-0.47998
1.12200,0.80399,0.32611,-0.08974,-0.83080,-0.46908,0.01329,1.76418,-0.04626,0.27216,-0.04527,-0.73358,0.10360,0.05103,-0.49635,-0.18062,0.40282,-0.47959
1.12300,0.80385,0.32646,-0.08974,-0.83154,-0.46898,0.01334,1.76368,-0.04644,0.27257,-0.04574,-0.73244,0.10467,0.05135,-0.50060,-0.17993,0.40617,-0.47913
1.12400,0.80370,0.32681,-0.08974,-0.83227,-0.46887,0.01339,1.76318,-0.04662,0.27297,-0.04622,-0.73131,0.10574,0.05167,-0.50485,-0.17923,0.40952,-0.47868
1.12500,0.80356,0.32716,-0.08974,-0.83300,-0.46877,0.01345,1.76267,-0.04680,0.27339,-0.04670,-0.73022,0.10679,0.05204,-0.50910,-0.17857,0.41292,-0.47825
1.12600,0.80341,0.32750,-0.08974,-0.83373,-0.46866,0.01350,1.76216,-0.04697,0.27380,-0.04718,-0.72914,0.10784,0.05241,-0.51335,-0.17790,0.41632,-0.47783
1.12700,0.80327,0.32785,-0.08974,-0.83446,-0.46855,0.01355,1.76165,-0.04715,0.27422,-0.04766,-0.72808,0.10889,0.05281,-0.51785,-0.17723,0.41970,-0.47742
1.12800,0.80312,0.32820,-0.08974,-0.83519,-0.46844,0.01360,1.76113,-0.04733,0.27464,-0.04814,-0.72702,0.10994,0.05321,-0.52235,-0.17656,0.42308,-0.47701
1.12900,0.80297,0.32855,-0.08974,-0.83591,-0.46833,0.01366,1.76060,-0.04750,0.27506,-0.04861,-0.72584,0.11096,0.05355,-0.52635,-0.17587,0.42643,-0.47654
1.13000,0.80283,0.32889,-0.08974,-0.83664,-0.46822,0.01371,1.76007,-0.04768,0.27549,-0.04909,-0.72465,0.11198,0.05388,-0.53035,-0.17518,0.42978,-0.47606
1.13100,0.80267,0.32924,-0.08974,-0.83736,-0.46811,0.01377,1.75954,-0.04785,0.27592,-0.04956,-0.72349,0.11308,0.05425,-0.53485,-0.17446,0.43313,-0.47560
1.13200,0.80252,0.32958,-0.08974,-0.83809,-0.46799,0.01382,1.75900,-0.04803,0.27636,-0.05004,-0.72234,0.11418,0.05461,-0.53935,-0.17374,0.43649,-0.47514
1.13300,0.80237,0.32993,-0.08974,-0.83881,-0.46788,0.01388,1.75846,-0.04820,0.27680,-0.05051,-0.72115,0.11525,0.05500,-0.54335,-0.17300,0.43974,-0.47470
1.13400,0.80222,0.33027,-0.08974,-0.83953,-0.46776,0.01393,1.75793,-0.04837,0.27724,-0.05099,-0.71997,0.11633,0.05538,-0.54735,-0.17226,0.44299,-0.47426
1.13500,0.80206,0.33062,-0.08974,-0.84025,-0.46765,0.01399,1.75737,-0.04855,0.27768,-0.05146,-0.71876,0.11740,0.05570,-0.55185,-0.17149,0.44629,-0.47375
1.13600,0.80191,0.33096,-0.08974,-0.84096,-0.46753,0.01404,1.75682,-0.04872,0.27813,-0.05194,-0.71755,0.11847,0.05602,-0.55635,-0.17072,0.44959,-0.47324
1.13700,0.80175,0.33130,-0.08974,-0.84168,-0.46741,0.01410,1.75626,-0.04889,0.27858,-0.05241,-0.71637,0.11957,0.05637,-0.56110,-0.16996,0.45287,-0.47274
1.13800,0.80159,0.33165,-0.08974,-0.84240,-0.46729,0.01416,1.75570,-0.04906,0.27904,-0.05288,-0.71518,0.12067,0.05671,-0.56585,-0.16919,0.45615,-0.47225
1.13900,0.80143,0.33199,-0.08974,-0.84311,-0.46717,0.01421,1.75513,-0.04923,0.27949,-0.05335,-0.71395,0.12174,0.05709,-0.57035,-0.16845,0.45945,-0.47178
1.14000,0.80127,0.33233,-0.08974,-0.84383,-0.46705,0.01427,1.75456,-0.04939,0.27995,-0.05383,-0.71271,0.12282,0.05746,-0.57485,-0.16770,0.46275,-0.47131
1.14100,0.80111,0.33267,-0.08974,-0.84454,-0.46692,0.01433,1.75398,-0.04956,0.28042,-0.05430,-0.71140,0.12394,0.05777,-0.57935,-0.16694,0.46605,-0.47077
1.14200,0.80095,0.33301,-0.08974,-0.84525,-0.46680,0.01438,1.75340,-0.04973,0.28089,-0.05477,-0.71010,0.12507,0.05809,-0.58385,-0.16617,0.46936,-0.47023
1.14300,0.80079,0.33335,-0.08974,-0.84596,-0.46667,0.01444,1.75281,-0.04989,0.28136,-0.05524,-0.70874,0.12619,0.05842,-0.58810,-0.16540,0.47258,-0.46971
1.14400,0.80062,0.33369,-0.08974,-0.84667,-0.46655,0.01450,1.75222,-0.05006,0.28183,-0.05571,-0.70738,0.12731,0.05876,-0.59235,-0.16463,0.47581,-0.46919
1.14500,0.80046,0.33403,-0.08974,-0.84737,-0.46642,0.01456,1.75162,-0.05022,0.28231,-0.05618,-0.70612,0.12844,0.05912,-0.59610,-0.16389,0.47909,-0.46868
1.14600,0.80029,0.33437,-0.08974,-0.84808,-0.46629,0.01462,1.75103,-0.05039,0.28279,-0.05664,-0.70486,0.12956,0.05947,-0.59985,-0.16315,0.48236,-0.46817
1.14700,0.80012,0.33470,-0.08974,-0.84878,-0.46616,0.01468,1.75042,-0.05055,0.28328,-0.05711,-0.70348,0.13068,0.05977,-0.60410,-0.16233,0.48557,-0.46760
1.14800,0.79996,0.33504,-0.08974,-0.84948,-0.46603,0.01474,1.74982,-0.05071,0.28376,-0.05758,-0.70209,0.13181,0.06006,-0.60835,-0.16151,0.48877,-0.46703
1.14900,0.79979,0.33538,-0.08974,-0.85019,-0.46589,0.01480,1.74921,-0.05087,0.28425,-0.05805,-0.70071,0.13288,0.06038,-0.61285,-0.16072,0.49192,-0.46647
1.15000,0.79961,0.33571,-0.08974,-0.85089,-0.46576,0.01486,1.74860,-0.05103,0.28475,-0.05851,-0.69932,0.13395,0.06070,-0.61735,-0.15993,0.49507,-0.46591
1.15100,0.79944,0.33605,-0.08974,-0.85158,-0.46563,0.01492,1.74797,-0.05119,0.28524,-0.05898,-0.69799,0.13505,0.06104,-0.62135,-0.15914,0.49827,-0.46538
1.15200,0.79927,0.33638,-0.08974,-0.85228,-0.46549,0.01498,1.74735,-0.05135,0.28574,-0.05944,-0.69666,0.13615,0.06139,-0.62535,-0.15834,0.50148,-0.46484
1.15300,0.79910,0.33672,-0.08974,-0.85298,-0.46535,0.01504,1.74672,-0.05151,0.28625,-0.05991,-0.69522,0.13727,0.06167,-0.62985,-0.15753,0.50463,-0.46424
1.15400,0.79892,0.33705,-0.08974,-0.85367,-0.46522,0.01510,1.74609,-0.05167,0.28675,-0.06037,-0.69379,0.13840,0.06195,-0.63435,-0.15671,0.50778,-0.46363
1.15500,0.79875,0.33739,-0.08974,-0.85437,-0.46508,0.01517,1.74545,-0.05182,0.28726,-0.06083,-0.69240,0.13955,0.06226,-0.63835,-0.15587,0.51093,-0.46304
1.15600,0.79857,0.33772,-0.08974,-0.85506,-0.46494,0.01523,1.74482,-0.05198,0.28777,-0.06130,-0.69102,0.14069,0.06256,-0.64235,-0.15502,0.51408,-0.46245
1.15700,0.79839,0.33805,-0.08974,-0.85575,-0.46480,0.01529,1.74417,-0.05213,0.28829,-0.06176,-0.68959,0.14187,0.06290,-0.64685,-0.15421,0.51724,-0.46189
1.15800,0.79821,0.33838,-0.08974,-0.85644,-0.46465,0.01536,1.74352,-0.05229,0.28881,-0.06222,-0.68815,0.14304,0.06323,-0.65135,-0.15339,0.52039,-0.46132
1.15900,0.79803,0.33871,-0.08974,-0.85712,-0.46451,0.01542,1.74286,-0.05244,0.28933,-0.06268,-0.68662,0.14416,0.06350,-0.65560,-0.15257,0.52346,-0.46068
1.16000,0.79785,0.33904,-0.08974,-0.85781,-0.46437,0.01548,1.74221,-0.05259,0.28985,-0.06314,-0.68508,0.14529,0.06377,-0.65985,-0.15175,0.52654,-0.46004
1.16100,0.79767,0.33937,-0.08974,-0.85849,-0.46422,0.01555,1.74154,-0.05274,0.29038,-0.06360,-0.68352,0.14641,0.06406,-0.66360,-0.15093,0.52962,-0.45943
1.16200,0.79749,0.33970,-0.08974,-0.85918,-0.46407,0.01561,1.74088,-0.05289,0.29091,-0.06406,-0.68197,0.14754,0.06434,-0.66735,-0.15012,0.53270,-0.45881
1.16300,0.79730,0.34003,-0.08974,-0.85986,-0.46392,0.01568,1.74021,-0.05304,0.29145,-0.06452,-0.68046,0.14866,0.06466,-0.67160,-0.14930,0.53580,-0.45821
1.16400,0.79712,0.34036,-0.08974,-0.86054,-0.46378,0.01574,1.73954,-0.05319,0.29199,-0.06498,-0.67895,0.14978,0.06497,-0.67585,-0.14848,0.53890,-0.45761
1.16500,0.79693,0.34069,-0.08974,-0.86122,-0.46362,0.01581,1.73886,-0.05334,0.29253,-0.06544,-0.67741,0.15091,0.06522,-0.68035,-0.14759,0.54198,-0.45693
1.16600,0.79674,0.34102,-0.08974,-0.86189,-0.46347,0.01587,1.73818,-0.05349,0.29307,-0.06589,-0.67588,0.15203,0.06547,-0.68485,-0.14670,0.54505,-0.45625
1.16700,0.79655,0.34134,-0.08974,-0.86257,-0.46332,0.01594,1.73749,-0.05363,0.29362,-0.06635,-0.67435,0.15320,0.06574,-0.68935,-0.14580,0.54813,-0.45560
1.16800,0.79636,0.34167,-0.08974,-0.86324,-0.46317,0.01600,1.73680,-0.05378,0.29417,-0.06680,-0.67281,0.15438,0.06601,-0.69385,-0.14491,0.55121,-0.45495
1.16900,0.79617,0.34199,-0.08974,-0.86391,-0.46301,0.01607,1.73610,-0.05392,0.29472,-0.06726,-0.67125,0.15558,0.06631,-0.69810,-0.14404,0.55426,-0.45432
1.17000,0.79598,0.34232,-0.08974,-0.86458,-0.46286,0.01613,1.73540,-0.05407,0.29527,-0.06771,-0.66969,0.15677,0.06661,-0.70235,-0.14318,0.55731,-0.45369
1.17100,0.79579,0.34264,-0.08974,-0.86525,-0.46270,0.01620,1.73470,-0.05421,0.29583,-0.06817,-0.66801,0.15797,0.06684,-0.70610,-0.14228,0.56026,-0.45299
1.17200,0.79560,0.34297,-0.08974,-0.86592,-0.46254,0.01627,1.73399,-0.05435,0.29639,-0.06862,-0.66633,0.15917,0.06707,-0.70985,-0.14139,0.56322,-0.45229
1.17300,0.79540,0.34329,-0.08974,-0.86659,-0.46238,0.01634,1.73328,-0.05449,0.29696,-0.06907,-0.66469,0.16034,0.06733,-0.71360,-0.14055,0.56619,-0.45160
1.17400,0.79521,0.34361,-0.08974,-0.86725,-0.46222,0.01640,1.73256,-0.05463,0.29753,-0.06952,-0.66306,0.16152,0.06758,-0.71735,-0.13971,0.56917,-0.45092
1.17500,0.79501,0.34393,-0.08974,-0.86791,-0.46206,0.01647,1.73184,-0.05477,0.29810,-0.06997,-0.66147,0.16269,0.06786,-0.72160,-0.13886,0.57217,-0.45025
1.17600,0.79481,0.34426,-0.08974,-0.86857,-0.46189,0.01654,1.73112,-0.05491,0.29867,-0.07042,-0.65989,0.16386,0.06814,-0.72585,-0.13802,0.57517,-0.44959
1.17700,0.79462,0.34458,-0.08974,-0.86923,-0.46173,0.01661,1.73039,-0.05505,0.29925,-0.07087,-0.65823,0.16501,0.06835,-0.73035,-0.13713,0.57815,-0.44885
1.17800,0.79442,0.34490,-0.08974,-0.86989,-0.46156,0.01668,1.72966,-0.05519,0.29983,-0.07132,-0.65657,0.16616,0.06857,-0.73485,-0.13624,0.58113,-0.44811
1.17900,0.79422,0.34521,-0.08974,-0.87054,-0.46140,0.01674,1.72892,-0.05532,0.30041,-0.07177,-0.65486,0.16739,0.06881,-0.73935,-0.13537,0.58410,-0.44739
1.18000,0.79401,0.34553,-0.08974,-0.87120,-0.46123,0.01681,1.72818,-0.05546,0.30100,-0.07222,-0.65315,0.16861,0.06905,-0.74385,-0.13450,0.58708,-0.44668
1.18100,0.79381,0.34585,-0.08974,-0.87185,-0.46106,0.01688,1.72743,-0.05559,0.30159,-0.07266,-0.65142,0.16981,0.06931,-0.74760,-0.13361,0.58996,-0.44599
1.18200,0.79361,0.34617,-0.08974,-0.87250,-0.46089,0.01695,1.72668,-0.05572,0.30218,-0.07311,-0.64969,0.17101,0.06957,-0.75135,-0.13272,0.59284,-0.44530
1.18300,0.79340,0.34649,-0.08974,-0.87315,-0.46072,0.01702,1.72593,-0.05585,0.30277,-0.07355,-0.64790,0.17220,0.06976,-0.75535,-0.13182,0.59571,-0.44453
1.18400,0.79320,0.34680,-0.08974,-0.87380,-0.46054,0.01709,1.72517,-0.05599,0.30337,-0.07400,-0.64612,0.17340,0.06996,-0.75935,-0.13093,0.59859,-0.44376
1.18500,0.79299,0.34712,-0.08974,-0.87444,-0.46037,0.01716,1.72441,-0.05612,0.30397,-0.07444,-0.64436,0.17463,0.07018,-0.76285,-0.13001,0.60147,-0.44301
1.18600,0.79278,0.34743,-0.08974,-0.87509,-0.46020,0.01723,1.72365,-0.05625,0.30457,-0.07488,-0.64260,0.17585,0.07039,-0.76635,-0.12910,0.60434,-0.44226
1.18700,0.79258,0.34775,-0.08974,-0.87573,-0.46002,0.01730,1.72288,-0.05638,0.30518,-0.07532,-0.64087,0.17700,0.07063,-0.77060,-0.12818,0.60722,-0.44153
1.18800,0.79237,0.34806,-0.08974,-0.87637,-0.45984,0.01737,1.72210,-0.05650,0.30579,-0.07576,-0.63913,0.17815,0.07087,-0.77485,-0.12726,0.61010,-0.44081
1.18900,0.79215,0.34837,-0.08974,-0.87701,-0.45966,0.01744,1.72133,-0.05663,0.30640,-0.07620,-0.63735,0.17937,0.07105,-0.77910,-0.12637,0.61298,-0.44001
1.19000,0.79194,0.34869,-0.08974,-0.87764,-0.45948,0.01751,1.72055,-0.05676,0.30701,-0.07664,-0.63556,0.18059,0.07123,-0.78335,-0.12548,0.61585,-0.43920
1.19100,0.79173,0.34900,-0.08974,-0.87828,-0.45930,0.01759,1.71976,-0.05688,0.30763,-0.07708,-0.63375,0.18179,0.07143,-0.78735,-0.12453,0.61868,-0.43842
1.19200,0.79152,0.34931,-0.08974,-0.87891,-0.45912,0.01766,1.71897,-0.05701,0.30825,-0.07752,-0.63195,0.18299,0.07163,-0.79135,-0.12359,0.62151,-0.43764
1.19300,0.79130,0.34962,-0.08974,-0.87954,-0.45894,0.01773,1.71818,-0.05713,0.30887,-0.07796,-0.63014,0.18424,0.07185,-0.79560,-0.12270,0.62436,-0.43689
1.19400,0.79109,0.34993,-0.08974,-0.88017,-0.45875,0.01780,1.71738,-0.05725,0.30950,-0.07840,-0.62833,0.18549,0.07207,-0.79985,-0.12181,0.62721,-0.43613
1.19500,0.79087,0.35024,-0.08974,-0.88080,-0.45856,0.01787,1.71658,-0.05737,0.31013,-0.07883,-0.62647,0.18674,0.07223,-0.80360,-0.12086,0.62999,-0.43530
1.19600,0.79065,0.35054,-0.08974,-0.88142,-0.45838,0.01795,1.71577,-0.05749,0.31076,-0.07927,-0.62461,0.18798,0.07238,-0.80735,-0.11992,0.63276,-0.43447
1.19700,0.79044,0.35085,-0.08974,-0.88205,-0.45819,0.01802,1.71496,-0.05761,0.31139,-0.07970,-0.62275,0.18918,0.07256,-0.81160,-0.11898,0.63557,-0.43365
1.19800,0.79022,0.35116,-0.08974,-0.88267,-0.45800,0.01809,1.71415,-0.05773,0.31203,-0.08013,-0.62089,0.19038,0.07273,-0.81585,-0.11804,0.63837,-0.43284
1.19900,0.79000,0.35146,-0.08974,-0.88329,-0.45781,0.01816,1.71333,-0.05785,0.31267,-0.08057,-0.61903,0.19166,0.07293,-0.81985,-0.11714,0.64112,-0.43206
1.20000,0.78978,0.35177,-0.08974,-0.88391,-0.45762,0.01824,1.71252,-0.05796,0.31331,-0.08100,-0.61717,0.19293,0.07313,-0.82385,-0.11625,0.64387,-0.43127
1.20100,0.78955,0.35207,-0.08974,-0.88452,-0.45742,0.01831,1.71169,-0.05808,0.31396,-0.08143,-0.61524,0.19415,0.07327,-0.82760,-0.11531,0.64657,-0.43040
1.20200,0.78933,0.35238,-0.08974,-0.88514,-0.45723,0.01838,1.71086,-0.05819,0.31460,-0.08186,-0.61331,0.19538,0.07341,-0.83135,-0.11437,0.64928,-0.42954
1.20300,0.78911,0.35268,-0.08974,-0.88575,-0.45703,0.01846,1.71002,-0.05831,0.31526,-0.08229,-0.61132,0.19662,0.07357,-0.83535,-0.11342,0.65200,-0.42869
1.20400,0.78888,0.35298,-0.08974,-0.88636,-0.45683,0.01853,1.70919,-0.05842,0.31591,-0.08272,-0.60934,0.19787,0.07374,-0.83935,-0.11248,0.65473,-0.42785
1.20500,0.78866,0.35329,-0.08974,-0.88697,-0.45664,0.01861,1.70835,-0.05853,0.31657,-0.08314,-0.60745,0.19910,0.07391,-0.84285,-0.11154,0.65743,-0.42703
1.20600,0.78843,0.35359,-0.08974,-0.88758,-0.45644,0.01868,1.70751,-0.05865,0.31722,-0.08357,-0.60557,0.20032,0.07409,-0.84635,-0.11060,0.66013,-0.42622
1.20700,0.78820,0.35389,-0.08974,-0.88818,-0.45623,0.01875,1.70665,-0.05875,0.31789,-0.08400,-0.60361,0.20157,0.07420,-0.85060,-0.10963,0.66284,-0.42532
1.20800,0.78797,0.35419,-0.08974,-0.88878,-0.45603,0.01883,1.70580,-0.05886,0.31855,-0.08442,-0.60165,0.20282,0.07431,-0.85485,-0.10866,0.66554,-0.42442
1.20900,0.78774,0.35449,-0.08974,-0.88938,-0.45583,0.01890,1.70494,-0.05897,0.31922,-0.08484,-0.59967,0.20409,0.07445,-0.85910,-0.10772,0.66822,-0.42355
1.21000,0.78751,0.35478,-0.08974,-0.88998,-0.45563,0.01898,1.70409,-0.05908,0.31989,-0.08527,-0.59768,0.20536,0.07459,-0.86335,-0.10677,0.67089,-0.42267
1.21100,0.78728,0.35508,-0.08974,-0.89058,-0.45542,0.01905,1.70322,-0.05919,0.32056,-0.08569,-0.59572,0.20666,0.07474,-0.86685,-0.10591,0.67352,-0.42182
1.21200,0.78705,0.35538,-0.08974,-0.89117,-0.45521,0.01913,1.70235,-0.05929,0.32123,-0.08611,-0.59377,0.20796,0.07489,-0.87035,-0.10504,0.67615,-0.42098
1.21300,0.78682,0.35567,-0.08974,-0.89177,-0.45500,0.01920,1.70147,-0.05940,0.32191,-0.08653,-0.59168,0.20921,0.07499,-0.87435,-0.10410,0.67872,-0.42005
1.21400,0.78658,0.35597,-0.08974,-0.89236,-0.45479,0.01928,1.70060,-0.05950,0.32259,-0.08695,-0.58960,0.21046,0.07509,-0.87835,-0.10315,0.68130,-0.41912
1.21500,0.78635,0.35626,-0.08974,-0.89295,-0.45458,0.01935,1.69972,-0.05960,0.32327,-0.08737,-0.58759,0.21171,0.07521,-0.88210,-0.10219,0.68390,-0.41821
1.21600,0.78611,0.35656,-0.08974,-0.89353,-0.45437,0.01943,1.69884,-0.05970,0.32396,-0.08779,-0.58558,0.21295,0.07533,-0.88585,-0.10122,0.68650,-0.41731
1.21700,0.78587,0.35685,-0.08974,-0.89412,-0.45416,0.01950,1.69795,-0.05980,0.32465,-0.08820,-0.58355,0.21425,0.07546,-0.88985,-0.10028,0.68908,-0.41643
1.21800,0.78563,0.35714,-0.08974,-0.89470,-0.45394,0.01958,1.69706,-0.05990,0.32534,-0.08862,-0.58151,0.21555,0.07560,-0.89385,-0.09933,0.69166,-0.41555
1.21900,0.78540,0.35743,-0.08974,-0.89528,-0.45372,0.01965,1.69616,-0.06000,0.32603,-0.08904,-0.57945,0.21682,0.07568,-0.89760,-0.09834,0.69429,-0.41459
1.22000,0.78516,0.35773,-0.08974,-0.89586,-0.45351,0.01973,1.69526,-0.06010,0.32672,-0.08945,-0.57739,0.21810,0.07575,-0.90135,-0.09735,0.69691,-0.41363
1.22100,0.78492,0.35802,-0.08974,-0.89643,-0.45329,0.01980,1.69435,-0.06020,0.32742,-0.08986,-0.57528,0.21940,0.07585,-0.90535,-0.09643,0.69949,-0.41269
1.22200,0.78467,0.35830,-0.08974,-0.89701,-0.45307,0.01988,1.69345,-0.06029,0.32812,-0.09028,-0.57318,0.22070,0.07594,-0.90935,-0.09551,0.70207,-0.41176
1.22300,0.78443,0.35859,-0.08974,-0.89758,-0.45285,0.01996,1.69254,-0.06039,0.32883,-0.09069,-0.57112,0.22194,0.07605,-0.91285,-0.09460,0.70457,-0.41085
1.22400,0.78419,0.35888,-0.08974,-0.89815,-0.45262,0.02003,1.69163,-0.06048,0.32953,-0.09110,-0.56906,0.22319,0.07615,-0.91635,-0.09368,0.70707,-0.40994
1.22500,0.78394,0.35917,-0.08974,-0.89872,-0.45240,0.02011,1.69070,-0.06058,0.33024,-0.09151,-0.56695,0.22444,0.07620,-0.92010,-0.09269,0.70955,-0.40895
1.22600,0.78370,0.35946,-0.08974,-0.89928,-0.45218,0.02018,1.68978,-0.06067,0.33095,-0.09191,-0.56484,0.22569,0.07625,-0.92385,-0.09169,0.71202,-0.40796
1.22700,0.78345,0.35974,-0.08974,-0.89985,-0.45195,0.02026,1.68885,-0.06076,0.33167,-0.09232,-0.56268,0.22699,0.07632,-0.92785,-0.09075,0.71448,-0.40699
1.22800,0.78321,0.36002,-0.08974,-0.90041,-0.45172,0.02034,1.68793,-0.06085,0.33238,-0.09273,-0.56052,0.22829,0.07639,-0.93185,-0.08981,0.71693,-0.40602
1.22900,0.78296,0.36031,-0.08974,-0.90097,-0.45149,0.02041,1.68699,-0.06094,0.33310,-0.09313,-0.55844,0.22961,0.07648,-0.93535,-0.08884,0.71943,-0.40508
1.23000,0.78271,0.36059,-0.08974,-0.90153,-0.45126,0.02049,1.68606,-0.06103,0.33382,-0.09354,-0.55635,0.23093,0.07657,-0.93885,-0.08787,0.72193,-0.40414
1.23100,0.78246,0.36087,-0.08974,-0.90208,-0.45103,0.02057,1.68511,-0.06111,0.33454,-0.09394,-0.55414,0.23226,0.07661,-0.94310,-0.08693,0.72443,-0.40312
1.23200,0.78221,0.36116,-0.08974,-0.90264,-0.45080,0.02064,1.68417,-0.06120,0.33527,-0.09435,-0.55194,0.23358,0.07664,-0.94735,-0.08599,0.72694,-0.40210
1.23300,0.78196,0.36144,-0.08974,-0.90319,-0.45056,0.02072,1.68322,-0.06129,0.33600,-0.09475,-0.54980,0.23488,0.07669,-0.95110,-0.08507,0.72939,-0.40111
1.23400,0.78170,0.36172,-0.08974,-0.90374,-0.45033,0.02080,1.68227,-0.06137,0.33673,-0.09515,-0.54767,0.23618,0.07675,-0.95485,-0.08415,0.73184,-0.40011
1.23500,0.78145,0.36200,-0.08974,-0.90428,-0.45009,0.02087,1.68131,-0.06146,0.33746,-0.09555,-0.54551,0.23748,0.07681,-0.95810,-0.08319,0.73427,-0.39914
1.23600,0.78120,0.36228,-0.08974,-0.90483,-0.44985,0.02095,1.68035,-0.06154,0.33820,-0.09595,-0.54335,0.23877,0.07688,-0.96135,-0.08222,0.73669,-0.39816
1.23700,0.78094,0.36255,-0.08974,-0.90537,-0.44961,0.02103,1.67939,-0.06162,0.33894,-0.09634,-0.54112,0.24010,0.07688,-0.96535,-0.08125,0.73907,-0.39711
1.23800,0.78068,0.36283,-0.08974,-0.90591,-0.44937,0.02110,1.67842,-0.06170,0.33967,-0.09674,-0.53888,0.24142,0.07689,-0.96935,-0.08028,0.74145,-0.39606
1.23900,0.78043,0.36311,-0.08974,-0.90645,-0.44913,0.02118,1.67745,-0.06178,0.34042,-0.09714,-0.53667,0.24274,0.07692,-0.97285,-0.07932,0.74378,-0.39503
1.24000,0.78017,0.36338,-0.08974,-0.90698,-0.44889,0.02126,1.67648,-0.06186,0.34116,-0.09753,-0.53446,0.24407,0.07695,-0.97635,-0.07835,0.74610,-0.39400
1.24100,0.77991,0.36366,-0.08974,-0.90751,-0.44864,0.02134,1.67550,-0.06194,0.34191,-0.09792,-0.53225,0.24537,0.07699,-0.98010,-0.07738,0.74845,-0.39300
1.24200,0.77965,0.36393,-0.08974,-0.90805,-0.44840,0.02141,1.67451,-0.06201,0.34266,-0.09832,-0.53005,0.24667,0.07703,-0.98385,-0.07641,0.75081,-0.39200
1.24300,0.77939,0.36420,-0.08974,-0.90857,-0.44815,0.02149,1.67353,-0.06209,0.34341,-0.09871,-0.52781,0.24796,0.07702,-0.98785,-0.07550,0.75313,-0.39093
1.24400,0.77913,0.36447,-0.08974,-0.90910,-0.44790,0.02157,1.67254,-0.06217,0.34416,-0.09910,-0.52558,0.24926,0.07701,-0.99185,-0.07458,0.75546,-0.38985
1.24500,0.77887,0.36474,-0.08974,-0.90963,-0.44765,0.02164,1.67155,-0.06224,0.34492,-0.09949,-0.52332,0.25059,0.07702,-0.99485,-0.07364,0.75779,-0.38879
1.24600,0.77861,0.36501,-0.08974,-0.91015,-0.44740,0.02172,1.67055,-0.06231,0.34568,-0.09988,-0.52106,0.25191,0.07702,-0.99785,-0.07269,0.76011,-0.38774
1.24700,0.77834,0.36528,-0.08974,-0.91067,-0.44715,0.02180,1.66955,-0.06238,0.34644,-0.10026,-0.51878,0.25323,0.07704,-1.00185,-0.07178,0.76242,-0.38671
1.24800,0.77808,0.36555,-0.08974,-0.91119,-0.44689,0.02187,1.66854,-0.06246,0.34721,-0.10065,-0.51649,0.25456,0.07705,-1.00585,-0.07086,0.76472,-0.38567
1.24900,0.77781,0.36582,-0.08974,-0.91170,-0.44664,0.02195,1.66754,-0.06253,0.34797,-0.10103,-0.51418,0.25591,0.07702,-1.00960,-0.06989,0.76697,-0.38456
1.25000,0.77755,0.36609,-0.08974,-0.91222,-0.44638,0.02203,1.66653,-0.06260,0.34874,-0.10142,-0.51187,0.25725,0.07698,-1.01335,-0.06892,0.76922,-0.38345
1.25100,0.77728,0.36635,-0.08974,-0.91272,-0.44612,0.02211,1.66551,-0.06266,0.34951,-0.10180,-0.50961,0.25858,0.07697,-1.01685,-0.06796,0.77147,-0.38237
1.25200,0.77701,0.36662,-0.08974,-0.91323,-0.44587,0.02218,1.66449,-0.06273,0.35028,-0.10218,-0.50736,0.25990,0.07696,-1.02035,-0.06699,0.77373,-0.38128
1.25300,0.77674,0.36688,-0.08974,-0.91374,-0.44560,0.02226,1.66347,-0.06280,0.35106,-0.10256,-0.50510,0.26127,0.07695,-1.02435,-0.06607,0.77598,-0.38022
1.25400,0.77647,0.36715,-0.08974,-0.91424,-0.44534,0.02234,1.66244,-0.06286,0.35183,-0.10294,-0.50284,0.26265,0.07695,-1.02835,-0.06515,0.77823,-0.37915
1.25500,0.77620,0.36741,-0.08974,-0.91475,-0.44508,0.02241,1.66141,-0.06293,0.35261,-0.10332,-0.50048,0.26397,0.07690,-1.03160,-0.06421,0.78048,-0.37801
1.25600,0.77593,0.36767,-0.08974,-0.91525,-0.44481,0.02249,1.66038,-0.06299,0.35340,-0.10370,-0.49812,0.26529,0.07685,-1.03485,-0.06327,0.78273,-0.37688
1.25700,0.77566,0.36793,-0.08974,-0.91574,-0.44455,0.02257,1.65934,-0.06305,0.35418,-0.10408,-0.49576,0.26664,0.07681,-1.03810,-0.06230,0.78494,-0.37577
1.25800,0.77539,0.36819,-0.08974,-0.91624,-0.44428,0.02264,1.65830,-0.06312,0.35497,-0.10445,-0.49340,0.26799,0.07677,-1.04135,-0.06133,0.78714,-0.37466
1.25900,0.77511,0.36845,-0.08974,-0.91673,-0.44401,0.02272,1.65726,-0.06318,0.35575,-0.10483,-0.49107,0.26931,0.07674,-1.04485,-0.06039,0.78931,-0.37357
1.26000,0.77484,0.36871,-0.08974,-0.91722,-0.44374,0.02280,1.65621,-0.06324,0.35654,-0.10520,-0.48873,0.27064,0.07670,-1.04835,-0.05945,0.79149,-0.37247
1.26100,0.77456,0.36897,-0.08974,-0.91771,-0.44347,0.02287,1.65516,-0.06330,0.35734,-0.10557,-0.48640,0.27196,0.07663,-1.05160,-0.05850,0.79362,-0.37131
1.26200,0.77429,0.36923,-0.08974,-0.91819,-0.44320,0.02295,1.65411,-0.06335,0.35813,-0.10594,-0.48407,0.27329,0.07656,-1.05485,-0.05756,0.79575,-0.37015
1.26300,0.77401,0.36948,-0.08974,-0.91867,-0.44292,0.02303,1.65305,-0.06341,0.35893,-0.10631,-0.48173,0.27468,0.07650,-1.05860,-0.05667,0.79787,-0.36901
1.26400,0.77373,0.36974,-0.08974,-0.91916,-0.44265,0.02310,1.65199,-0.06347,0.35973,-0.10668,-0.47940,0.27608,0.07644,-1.06235,-0.05578,0.80000,-0.36787
1.26500,0.77346,0.36999,-0.08974,-0.91963,-0.44237,0.02318,1.65093,-0.06352,0.36053,-0.10705,-0.47699,0.27743,0.07638,-1.06610,-0.05491,0.80213,-0.36674
1.26600,0.77318,0.37024,-0.08974,-0.92011,-0.44209,0.02326,1.64986,-0.06358,0.36133,-0.10741,-0.47458,0.27878,0.07633,-1.06985,-0.05404,0.80425,-0.36562
1.26700,0.77290,0.37050,-0.08974,-0.92058,-0.44181,0.02333,1.64879,-0.06363,0.36214,-0.10778,-0.47220,0.28015,0.07624,-1.07310,-0.05305,0.80638,-0.36443
1.26800,0.77262,0.37075,-0.08974,-0.92105,-0.44153,0.02341,1.64772,-0.06368,0.36294,-0.10814,-0.46981,0.28153,0.07615,-1.07635,-0.05206,0.80851,-0.36323
1.26900,0.77233,0.37100,-0.08974,-0.92152,-0.44125,0.02348,1.64664,-0.06374,0.36375,-0.10850,-0.46740,0.28287,0.07606,-1.07985,-0.05111,0.81058,-0.36206
1.27000,0.77205,0.37125,-0.08974,-0.92199,-0.44097,0.02356,1.64556,-0.06379,0.36457,-0.10887,-0.46499,0.28422,0.07598,-1.08335,-0.05017,0.81266,-0.36089
1.27100,0.77177,0.37150,-0.08974,-0.92245,-0.44068,0.02364,1.64447,-0.06384,0.36538,-0.10923,-0.46263,0.28555,0.07590,-1.08660,-0.04925,0.81471,-0.35973
1.27200,0.77148,0.37174,-0.08974,-0.92291,-0.44040,0.02371,1.64339,-0.06388,0.36620,-0.10959,-0.46028,0.28687,0.07583,-1.08985,-0.04834,0.81677,-0.35858
1.27300,0.77120,0.37199,-0.08974,-0.92337,-0.44011,0.02379,1.64229,-0.06393,0.36701,-0.10994,-0.45784,0.28824,0.07572,-1.09360,-0.04742,0.81882,-0.35737
1.27400,0.77092,0.37224,-0.08974,-0.92383,-0.43982,0.02386,1.64120,-0.06398,0.36783,-0.11030,-0.45541,0.28962,0.07560,-1.09735,-0.04650,0.82087,-0.35615
1.27500,0.77063,0.37248,-0.08974,-0.92428,-0.43953,0.02394,1.64010,-0.06403,0.36866,-0.11066,-0.45297,0.29099,0.07550,-1.10110,-0.04563,0.82290,-0.35496
1.27600,0.77034,0.37273,-0.08974,-0.92474,-0.43924,0.02402,1.63900,-0.06407,0.36948,-0.11101,-0.45054,0.29236,0.07540,-1.10485,-0.04477,0.82492,-0.35376
1.27700,0.77005,0.37297,-0.08974,-0.92518,-0.43895,0.02409,1.63789,-0.06411,0.37031,-0.11136,-0.44813,0.29369,0.07530,-1.10810,-0.04385,0.82698,-0.35258
1.27800,0.76977,0.37321,-0.08974,-0.92563,-0.43865,0.02417,1.63678,-0.06416,0.37113,-0.11172,-0.44572,0.29501,0.07520,-1.11135,-0.04293,0.82903,-0.35141
1.27900,0.76948,0.37346,-0.08974,-0.92608,-0.43835,0.02424,1.63566,-0.06420,0.37196,-0.11207,-0.44324,0.29636,0.07507,-1.11485,-0.04199,0.83103,-0.35016
1.28000,0.76919,0.37370,-0.08974,-0.92652,-0.43806,0.02432,1.63455,-0.06424,0.37279,-0.11242,-0.44075,0.29771,0.07493,-1.11835,-0.04105,0.83303,-0.34891
1.28100,0.76889,0.37394,-0.08974,-0.92696,-0.43776,0.02439,1.63343,-0.06428,0.37363,-0.11276,-0.43829,0.29908,0.07480,-1.12160,-0.04013,0.83498,-0.34769
1.28200,0.76860,0.37417,-0.08974,-0.92740,-0.43746,0.02447,1.63231,-0.06432,0.37446,-0.11311,-0.43584,0.30046,0.07468,-1.12485,-0.03921,0.83694,-0.34647
1.28300,0.76831,0.37441,-0.08974,-0.92783,-0.43716,0.02454,1.63118,-0.06436,0.37530,-0.11346,-0.43338,0.30185,0.07455,-1.12810,-0.03834,0.83886,-0.34526
1.28400,0.76802,0.37465,-0.08974,-0.92826,-0.43686,0.02461,1.63005,-0.06440,0.37614,-0.11380,-0.43092,0.30325,0.07443,-1.13135,-0.03748,0.84079,-0.34406
1.28500,0.76772,0.37489,-0.08974,-0.92869,-0.43655,0.02469,1.62891,-0.06444,0.37699,-0.11414,-0.42843,0.30468,0.07429,-1.13485,-0.03661,0.84272,-0.34278
1.28600,0.76743,0.37512,-0.08974,-0.92912,-0.43625,0.02476,1.62778,-0.06447,0.37783,-0.11449,-0.42595,0.30610,0.07414,-1.13835,-0.03574,0.84464,-0.34151
1.28700,0.76713,0.37536,-0.08974,-0.92954,-0.43594,0.02484,1.62664,-0.06451,0.37867,-0.11483,-0.42349,0.30747,0.07400,-1.14160,-0.03485,0.84655,-0.34026
1.28800,0.76684,0.37559,-0.08974,-0.92997,-0.43563,0.02491,1.62550,-0.06454,0.37952,-0.11517,-0.42103,0.30885,0.07386,-1.14485,-0.03396,0.84845,-0.33901
1.28900,0.76654,0.37582,-0.08974,-0.93038,-0.43532,0.02499,1.62435,-0.06458,0.38037,-0.11551,-0.41857,0.31017,0.07371,-1.14810,-0.03306,0.85037,-0.33777
1.29000,0.76624,0.37605,-0.08974,-0.93080,-0.43501,0.02506,1.62320,-0.06461,0.38122,-0.11584,-0.41611,0.31149,0.07357,-1.15135,-0.03217,0.85230,-0.33654
1.29100,0.76594,0.37628,-0.08974,-0.93122,-0.43470,0.02513,1.62204,-0.06464,0.38208,-0.11618,-0.41363,0.31289,0.07340,-1.15435,-0.03123,0.85418,-0.33524
1.29200,0.76565,0.37651,-0.08974,-0.93163,-0.43439,0.02521,1.62089,-0.06467,0.38293,-0.11651,-0.41115,0.31429,0.07323,-1.15735,-0.03029,0.85606,-0.33394
1.29300,0.76535,0.37674,-0.08974,-0.93204,-0.43407,0.02528,1.61973,-0.06470,0.38379,-0.11685,-0.40864,0.31564,0.07305,-1.16035,-0.02939,0.85788,-0.33267
1.29400,0.76505,0.37697,-0.08974,-0.93245,-0.43376,0.02535,1.61857,-0.06473,0.38465,-0.11718,-0.40613,0.31699,0.07288,-1.16335,-0.02850,0.85971,-0.33139
1.29500,0.76474,0.37720,-0.08974,-0.93285,-0.43344,0.02542,1.61740,-0.06476,0.38551,-0.11751,-0.40359,0.31836,0.07272,-1.16660,-0.02768,0.86156,-0.33013
1.29600,0.76444,0.37742,-0.08974,-0.93326,-0.43312,0.02550,1.61624,-0.06478,0.38637,-0.11784,-0.40106,0.31973,0.07256,-1.16985,-0.02687,0.86341,-0.32887
1.29700,0.76414,0.37765,-0.08974,-0.93365,-0.43280,0.02557,1.61506,-0.06481,0.38723,-0.11817,-0.39855,0.32113,0.07237,-1.17360,-0.02600,0.86524,-0.32755
1.29800,0.76384,0.37787,-0.08974,-0.93405,-0.43248,0.02564,1.61389,-0.06484,0.38810,-0.11849,-0.39604,0.32253,0.07219,-1.17735,-0.02513,0.86707,-0.32623
1.29900,0.76353,0.37809,-0.08974,-0.93445,-0.43215,0.02571,1.61271,-0.06486,0.38897,-0.11882,-0.39351,0.32388,0.07200,-1.18060,-0.02429,0.86889,-0.32493
1.30000,0.76323,0.37832,-0.08974,-0.93484,-0.43183,0.02579,1.61153,-0.06489,0.38984,-0.11914,-0.39097,0.32523,0.07181,-1.18385,-0.02345,0.87072,-0.32363
1.30100,0.76292,0.37854,-0.08974,-0.93523,-0.43150,0.02586,1.61034,-0.06491,0.39071,-0.11947,-0.38849,0.32665,0.07163,-1.18685,-0.02258,0.87252,-0.32234
1.30200,0.76262,0.37876,-0.08974,-0.93562,-0.43118,0.02593,1.60915,-0.06493,0.39158,-0.11979,-0.38601,0.32808,0.07145,-1.18985,-0.02171,0.87433,-0.32105
1.30300,0.76231,0.37898,-0.08974,-0.93600,-0.43085,0.02600,1.60796,-0.06495,0.39246,-0.12011,-0.38345,0.32950,0.07124,-1.19335,-0.02082,0.87608,-0.31970
1.30400,0.76200,0.37920,-0.08974,-0.93638,-0.43052,0.02607,1.60677,-0.06497,0.39333,-0.12043,-0.38089,0.33092,0.07103,-1.19685,-0.01993,0.87783,-0.31836
1.30500,0.76169,0.37941,-0.08974,-0.93676,-0.43018,0.02614,1.60557,-0.06499,0.39421,-0.12075,-0.37833,0.33227,0.07083,-1.19985,-0.01908,0.87953,-0.31704
1.30600,0.76139,0.37963,-0.08974,-0.93714,-0.42985,0.02621,1.60437,-0.06501,0.39509,-0.12106,-0.37577,0.33362,0.07062,-1.20285,-0.01824,0.88123,-0.31571
1.30700,0.76108,0.37984,-0.08974,-0.93751,-0.42952,0.02628,1.60316,-0.06503,0.39598,-0.12138,-0.37324,0.33502,0.07042,-1.20635,-0.01740,0.88296,-0.31440
1.30800,0.76077,0.38006,-0.08974,-0.93789,-0.42918,0.02635,1.60195,-0.06505,0.39686,-0.12169,-0.37070,0.33642,0.07022,-1.20985,-0.01656,0.88469,-0.31309
1.30900,0.76046,0.38027,-0.08974,-0.93825,-0.42884,0.02642,1.60074,-0.06506,0.39775,-0.12200,-0.36814,0.33779,0.06999,-1.21285,-0.01576,0.88639,-0.31172
1.31000,0.76014,0.38049,-0.08974,-0.93862,-0.42851,0.02649,1.59953,-0.06508,0.39863,-0.12231,-0.36558,0.33916,0.06977,-1.21585,-0.01497,0.88809,-0.31035
1.31100,0.75983,0.38070,-0.08974,-0.93899,-0.42817,0.02656,1.59831,-0.06509,0.39952,-0.12262,-0.36302,0.34051,0.06955,-1.21860,-0.01410,0.88979,-0.30901
1.31200,0.75952,0.38091,-0.08974,-0.93935,-0.42782,0.02663,1.59709,-0.06510,0.40041,-0.12293,-0.36047,0.34186,0.06932,-1.22135,-0.01323,0.89150,-0.30766
1.31300,0.75921,0.38111,-0.08974,-0.93971,-0.42748,0.02670,1.59587,-0.06512,0.40131,-0.12324,-0.35788,0.34331,0.06910,-1.22485,-0.01242,0.89317,-0.30632
1.31400,0.75889,0.38132,-0.08974,-0.94006,-0.42714,0.02677,1.59464,-0.06513,0.40220,-0.12355,-0.35530,0.34476,0.06887,-1.22835,-0.01160,0.89485,-0.30499
1.31500,0.75858,0.38153,-0.08974,-0.94042,-0.42679,0.02684,1.59341,-0.06514,0.40310,-0.12385,-0.35271,0.34611,0.06863,-1.23110,-0.01076,0.89648,-0.30359
1.31600,0.75826,0.38174,-0.08974,-0.94077,-0.42645,0.02691,1.59218,-0.06515,0.40399,-0.12415,-0.35013,0.34745,0.06840,-1.23385,-0.00991,0.89810,-0.30220
1.31700,0.75795,0.38194,-0.08974,-0.94112,-0.42610,0.02698,1.59094,-0.06516,0.40489,-0.12445,-0.34757,0.34883,0.06816,-1.23685,-0.00910,0.89978,-0.30086
1.31800,0.75763,0.38215,-0.08974,-0.94146,-0.42575,0.02705,1.58970,-0.06517,0.40579,-0.12475,-0.34501,0.35020,0.06792,-1.23985,-0.00828,0.90146,-0.29951
1.31900,0.75731,0.38235,-0.08974,-0.94181,-0.42540,0.02711,1.58846,-0.06518,0.40669,-0.12505,-0.34250,0.35160,0.06768,-1.24285,-0.00754,0.90311,-0.29812
1.32000,0.75699,0.38255,-0.08974,-0.94215,-0.42505,0.02718,1.58722,-0.06518,0.40760,-0.12535,-0.33999,0.35300,0.06743,-1.24585,-0.00679,0.90476,-0.29673
1.32100,0.75667,0.38276,-0.08974,-0.94249,-0.42469,0.02725,1.58597,-0.06519,0.40850,-0.12565,-0.33743,0.35440,0.06717,-1.24910,-0.00598,0.90639,-0.29533
1.32200,0.75636,0.38296,-0.08974,-0.94282,-0.42434,0.02732,1.58472,-0.06520,0.40941,-0.12594,-0.33488,0.35580,0.06691,-1.25235,-0.00516,0.90802,-0.29393
1.32300,0.75604,0.38316,-0.08974,-0.94316,-0.42398,0.02738,1.58347,-0.06520,0.41032,-0.12623,-0.33229,0.35719,0.06665,-1.25560,-0.00437,0.90957,-0.29253
1.32400,0.75572,0.38335,-0.08974,-0.94349,-0.42362,0.02745,1.58221,-0.06521,0.41123,-0.12653,-0.32971,0.35859,0.06639,-1.25885,-0.00357,0.91112,-0.29113
1.32500,0.75539,0.38355,-0.08974,-0.94382,-0.42326,0.02751,1.58095,-0.06521,0.41214,-0.12682,-0.32707,0.35999,0.06613,-1.26185,-0.00273,0.91267,-0.28972
1.32600,0.75507,0.38375,-0.08974,-0.94414,-0.42290,0.02758,1.57968,-0.06521,0.41306,-0.12711,-0.32444,0.36139,0.06587,-1.26485,-0.00189,0.91422,-0.28831
1.32700,0.75475,0.38394,-0.08974,-0.94447,-0.42254,0.02765,1.57842,-0.06521,0.41397,-0.12739,-0.32181,0.36276,0.06561,-1.26785,-0.00110,0.91575,-0.28690
1.32800,0.75443,0.38414,-0.08974,-0.94479,-0.42218,0.02771,1.57715,-0.06521,0.41489,-0.12768,-0.31917,0.36414,0.06534,-1.27085,-0.00030,0.91728,-0.28549
1.32900,0.75410,0.38433,-0.08974,-0.94510,-0.42181,0.02778,1.57588,-0.06521,0.41581,-0.12796,-0.31659,0.36553,0.06507,-1.27360,0.00046,0.91883,-0.28407
1.33000,0.75378,0.38452,-0.08974,-0.94542,-0.42145,0.02784,1.57460,-0.06521,0.41672,-0.12825,-0.31400,0.36693,0.06480,-1.27635,0.00123,0.92038,-0.28266
1.33100,0.75345,0.38472,-0.08974,-0.94573,-0.42108,0.02791,1.57332,-0.06521,0.41765,-0.12853,-0.31144,0.36836,0.06452,-1.27935,0.00200,0.92188,-0.28123
1.33200,0.75313,0.38491,-0.08974,-0.94604,-0.42071,0.02797,1.57204,-0.06521,0.41857,-0.12881,-0.30889,0.36978,0.06424,-1.28235,0.00277,0.92339,-0.27981
1.33300,0.75280,0.38509,-0.08974,-0.94635,-0.42034,0.02803,1.57076,-0.06520,0.41949,-0.12909,-0.30633,0.37110,0.06395,-1.28535,0.00351,0.92489,-0.27838
1.33400,0.75248,0.38528,-0.08974,-0.94666,-0.41997,0.02810,1.56948,-0.06520,0.42042,-0.12937,-0.30377,0.37243,0.06366,-1.28835,0.00425,0.92639,-0.27694
1.33500,0.75215,0.38547,-0.08974,-0.94696,-0.41959,0.02816,1.56819,-0.06520,0.42135,-0.12964,-0.30113,0.37383,0.06337,-1.29110,0.00507,0.92789,-0.27550
1.33600,0.75182,0.38566,-0.08974,-0.94726,-0.41922,0.02823,1.56690,-0.06519,0.42227,-0.12992,-0.29850,0.37522,0.06309,-1.29385,0.00589,0.92939,-0.27406
1.33700,0.75149,0.38584,-0.08974,-0.94755,-0.41884,0.02829,1.56560,-0.06518,0.42320,-0.13019,-0.29589,0.37657,0.06279,-1.29685,0.00663,0.93085,-0.27261
1.33800,0.75116,0.38603,-0.08974,-0.94785,-0.41847,0.02835,1.56430,-0.06518,0.42414,-0.13046,-0.29328,0.37792,0.06249,-1.29985,0.00737,0.93230,-0.27117
1.33900,0.75083,0.38621,-0.08974,-0.94814,-0.41809,0.02841,1.56300,-0.06517,0.42507,-0.13073,-0.29067,0.37935,0.06220,-1.30285,0.00809,0.93378,-0.26972
1.34000,0.75050,0.38639,-0.08974,-0.94843,-0.41771,0.02848,1.56170,-0.06516,0.42600,-0.13100,-0.28806,0.38077,0.06190,-1.30585,0.00881,0.93525,-0.26826
1.34100,0.75017,0.38657,-0.08974,-0.94872,-0.41732,0.02854,1.56039,-0.06515,0.42694,-0.13127,-0.28545,0.38219,0.06159,-1.30860,0.00955,0.93665,-0.26680
1.34200,0.74984,0.38675,-0.08974,-0.94900,-0.41694,0.02860,1.55908,-0.06514,0.42788,-0.13154,-0.28285,0.38362,0.06129,-1.31135,0.01029,0.93806,-0.26534
1.34300,0.74951,0.38693,-0.08974,-0.94928,-0.41656,0.02866,1.55776,-0.06513,0.42882,-0.13180,-0.28024,0.38496,0.06098,-1.31435,0.01103,0.93948,-0.26387
1.34400,0.74918,0.38711,-0.08974,-0.94956,-0.41617,0.02872,1.55645,-0.06512,0.42976,-0.13206,-0.27763,0.38631,0.06067,-1.31735,0.01178,0.94091,-0.26240
1.34500,0.74885,0.38729,-0.08974,-0.94984,-0.41578,0.02878,1.55513,-0.06511,0.43070,-0.13233,-0.27499,0.38771,0.06036,-1.31985,0.01252,0.94229,-0.26093
1.34600,0.74851,0.38746,-0.08974,-0.95011,-0.41540,0.02884,1.55381,-0.06509,0.43164,-0.13259,-0.27236,0.38911,0.06005,-1.32235,0.01326,0.94366,-0.25946
1.34700,0.74818,0.38764,-0.08974,-0.95038,-0.41501,0.02890,1.55248,-0.06508,0.43259,-0.13284,-0.26975,0.39043,0.05973,-1.32535,0.01400,0.94504,-0.25798
1.34800,0.74784,0.38781,-0.08974,-0.95065,-0.41462,0.02896,1.55116,-0.06507,0.43353,-0.13310,-0.26714,0.39176,0.05941,-1.32835,0.01475,0.94642,-0.25650
1.34900,0.74751,0.38798,-0.08974,-0.95092,-0.41422,0.02902,1.54983,-0.06505,0.43448,-0.13336,-0.26456,0.39313,0.05908,-1.33110,0.01541,0.94779,-0.25502
1.35000,0.74717,0.38816,-0.08974,-0.95118,-0.41383,0.02908,1.54850,-0.06504,0.43543,-0.13361,-0.26197,0.39450,0.05876,-1.33385,0.01608,0.94917,-0.25353
1.35100,0.74684,0.38833,-0.08974,-0.95144,-0.41343,0.02914,1.54716,-0.06502,0.43638,-0.13386,-0.25939,0.39593,0.05843,-1.33685,0.01680,0.95050,-0.25204
1.35200,0.74650,0.38850,-0.08974,-0.95170,-0.41304,0.02920,1.54582,-0.06500,0.43733,-0.13412,-0.25681,0.39735,0.05811,-1.33985,0.01752,0.95183,-0.25055
1.35300,0.74616,0.38866,-0.08974,-0.95195,-0.41264,0.02925,1.54448,-0.06498,0.43828,-0.13437,-0.25420,0.39875,0.05777,-1.34235,0.01823,0.95318,-0.24905
1.35400,0.74583,0.38883,-0.08974,-0.95221,-0.41224,0.02931,1.54314,-0.06497,0.43923,-0.13461,-0.25159,0.40015,0.05744,-1.34485,0.01895,0.95453,-0.24755
1.35500,0.74549,0.38900,-0.08974,-0.95246,-0.41184,0.02937,1.54179,-0.06495,0.44019,-0.13486,-0.24895,0.40157,0.05711,-1.34735,0.01962,0.95586,-0.24605
1.35600,0.74515,0.38916,-0.08974,-0.95271,-0.41144,0.02943,1.54044,-0.06493,0.44114,-0.13511,-0.24632,0.40299,0.05677,-1.34985,0.02029,0.95718,-0.24455
1.35700,0.74481,0.38933,-0.08974,-0.95295,-0.41103,0.02948,1.53909,-0.06491,0.44210,-0.13535,-0.24366,0.40437,0.05644,-1.35285,0.02098,0.95851,-0.24304
1.35800,0.74447,0.38949,-0.08974,-0.95319,-0.41063,0.02954,1.53774,-0.06488,0.44306,-0.13559,-0.24100,0.40574,0.05610,-1.35585,0.02167,0.95984,-0.24153
1.35900,0.74413,0.38965,-0.08974,-0.95343,-0.41022,0.02959,1.53638,-0.06486,0.44402,-0.13583,-0.23837,0.40707,0.05576,-1.35860,0.02234,0.96109,-0.24001
1.36000,0.74379,0.38981,-0.08974,-0.95367,-0.40981,0.02965,1.53502,-0.06484,0.44498,-0.13607,-0.23573,0.40839,0.05542,-1.36135,0.02301,0.96234,-0.23850
1.36100,0.74345,0.38997,-0.08974,-0.95390,-0.40940,0.02971,1.53365,-0.06482,0.44595,-0.13631,-0.23317,0.40974,0.05507,-1.36435,0.02368,0.96357,-0.23698
1.36200,0.74311,0.39013,-0.08974,-0.95414,-0.40900,0.02976,1.53229,-0.06479,0.44691,-0.13655,-0.23062,0.41109,0.05472,-1.36735,0.02434,0.96480,-0.23546
1.36300,0.74276,0.39029,-0.08974,-0.95436,-0.40858,0.02981,1.53092,-0.06477,0.44788,-0.13678,-0.22806,0.41246,0.05437,-1.36985,0.02504,0.96605,-0.23393
1.36400,0.74242,0.39045,-0.08974,-0.95459,-0.40817,0.02987,1.52955,-0.06474,0.44884,-0.13701,-0.22550,0.41383,0.05401,-1.37235,0.02573,0.96730,-0.23240
1.36500,0.74208,0.39060,-0.08974,-0.95482,-0.40776,0.02992,1.52817,-0.06472,0.44981,-0.13725,-0.22286,0.41523,0.05365,-1.37485,0.02635,0.96853,-0.23087
1.36600,0.74173,0.39076,-0.08974,-0.95504,-0.40734,0.02998,1.52680,-0.06469,0.45078,-0.13748,-0.22023,0.41663,0.05329,-1.37735,0.02696,0.96975,-0.22933
1.36700,0.74139,0.39091,-0.08974,-0.95526,-0.40692,0.03003,1.52542,-0.06466,0.45175,-0.13770,-0.21762,0.41800,0.05294,-1.38035,0.02761,0.97103,-0.22780
1.36800,0.74104,0.39106,-0.08974,-0.95547,-0.40650,0.03008,1.52404,-0.06463,0.45272,-0.13793,-0.21501,0.41938,0.05258,-1.38335,0.02825,0.97231,-0.22626
1.36900,0.74070,0.39121,-0.08974,-0.95569,-0.40608,0.03013,1.52266,-0.06461,0.45370,-0.13816,-0.21235,0.42073,0.05222,-1.38610,0.02889,0.97351,-0.22472
1.37000,0.74035,0.39137,-0.08974,-0.95590,-0.40566,0.03019,1.52127,-0.06458,0.45467,-0.13838,-0.20969,0.42207,0.05186,-1.38885,0.02953,0.97471,-0.22318
1.37100,0.74001,0.39151,-0.08974,-0.95611,-0.40524,0.03024,1.51988,-0.06455,0.45565,-0.13860,-0.20711,0.42345,0.05149,-1.39135,0.03020,0.97586,-0.22163
1.37200,0.73966,0.39166,-0.08974,-0.95631,-0.40482,0.03029,1.51848,-0.06452,0.45662,-0.13882,-0.20453,0.42482,0.05113,-1.39385,0.03087,0.97702,-0.22009
1.37300,0.73931,0.39181,-0.08974,-0.95651,-0.40439,0.03034,1.51709,-0.06448,0.45760,-0.13904,-0.20194,0.42622,0.05076,-1.39660,0.03154,0.97822,-0.21853
1.37400,0.73896,0.39196,-0.08974,-0.95672,-0.40396,0.03039,1.51569,-0.06445,0.45858,-0.13926,-0.19936,0.42762,0.05039,-1.39935,0.03220,0.97942,-0.21698
1.37500,0.73862,0.39210,-0.08974,-0.95691,-0.40353,0.03044,1.51429,-0.06442,0.45956,-0.13948,-0.19675,0.42899,0.05002,-1.40160,0.03280,0.98052,-0.21542
1.37600,0.73827,0.39224,-0.08974,-0.95711,-0.40311,0.03049,1.51289,-0.06439,0.46054,-0.13969,-0.19414,0.43036,0.04965,-1.40385,0.03339,0.98162,-0.21386
1.37700,0.73792,0.39239,-0.08974,-0.95730,-0.40267,0.03054,1.51148,-0.06435,0.46152,-0.13990,-0.19156,0.43171,0.04927,-1.40635,0.03401,0.98280,-0.21230
1.37800,0.73757,0.39253,-0.08974,-0.95749,-0.40224,0.03059,1.51007,-0.06432,0.46251,-0.14012,-0.18897,0.43306,0.04890,-1.40885,0.03462,0.98398,-0.21074
1.37900,0.73722,0.39267,-0.08974,-0.95768,-0.40181,0.03064,1.50866,-0.06428,0.46349,-0.14033,-0.18634,0.43439,0.04852,-1.41160,0.03519,0.98511,-0.20917
1.38000,0.73687,0.39281,-0.08974,-0.95787,-0.40137,0.03069,1.50725,-0.06425,0.46447,-0.14054,-0.18370,0.43571,0.04813,-1.41435,0.03576,0.98623,-0.20760
1.38100,0.73652,0.39295,-0.08974,-0.95805,-0.40094,0.03073,1.50584,-0.06421,0.46546,-0.14074,-0.18112,0.43708,0.04775,-1.41660,0.03640,0.98731,-0.20603
1.38200,0.73617,0.39308,-0.08974,-0.95823,-0.40050,0.03078,1.50442,-0.06418,0.46645,-0.14095,-0.17854,0.43846,0.04736,-1.41885,0.03704,0.98839,-0.20446
1.38300,0.73582,0.39322,-0.08974,-0.95840,-0.40006,0.03083,1.50300,-0.06414,0.46744,-0.14115,-0.17598,0.43983,0.04698,-1.42185,0.03764,0.98949,-0.20288
1.38400,0.73546,0.39335,-0.08974,-0.95858,-0.39962,0.03088,1.50157,-0.06410,0.46843,-0.14135,-0.17342,0.44120,0.04660,-1.42485,0.03823,0.99059,-0.20131
1.38500,0.73511,0.39349,-0.08974,-0.95875,-0.39918,0.03092,1.50015,-0.06406,0.46942,-0.14155,-0.17081,0.44258,0.04621,-1.42735,0.03882,0.99167,-0.19972
1.38600,0.73476,0.39362,-0.08974,-0.95892,-0.39873,0.03097,1.49872,-0.06402,0.47041,-0.14175,-0.16820,0.44395,0.04583,-1.42985,0.03941,0.99274,-0.19814
1.38700,0.73441,0.39375,-0.08974,-0.95909,-0.39829,0.03101,1.49729,-0.06398,0.47141,-0.14195,-0.16559,0.44527,0.04544,-1.43185,0.04001,0.99382,-0.19655
1.38800,0.73405,0.39388,-0.08974,-0.95925,-0.39784,0.03106,1.49585,-0.06394,0.47240,-0.14215,-0.16298,0.44660,0.04505,-1.43385,0.04060,0.99490,-0.19497
1.38900,0.73370,0.39401,-0.08974,-0.95941,-0.39740,0.03110,1.49442,-0.06390,0.47340,-0.14234,-0.16040,0.44795,0.04466,-1.43660,0.04114,0.99595,-0.19338
1.39000,0.73334,0.39414,-0.08974,-0.95957,-0.39695,0.03115,1.49298,-0.06386,0.47439,-0.14253,-0.15781,0.44929,0.04427,-1.43935,0.04168,0.99700,-0.19179
1.39100,0.73299,0.39427,-0.08974,-0.95973,-0.39650,0.03119,1.49154,-0.06382,0.47539,-0.14272,-0.15523,0.45062,0.04387,-1.44160,0.04225,0.99805,-0.19020
1.39200,0.73263,0.39439,-0.08974,-0.95988,-0.39605,0.03124,1.49010,-0.06378,0.47639,-0.14291,-0.15265,0.45194,0.04347,-1.44385,0.04282,0.99911,-0.18860
1.39300,0.73228,0.39452,-0.08974,-0.96003,-0.39559,0.03128,1.48865,-0.06373,0.47739,-0.14310,-0.15011,0.45326,0.04306,-1.44635,0.04336,1.00013,-0.18701
1.39400,0.73192,0.39464,-0.08974,-0.96018,-0.39514,0.03132,1.48720,-0.06369,0.47839,-0.14329,-0.14758,0.45459,0.04266,-1.44885,0.04390,1.00116,-0.18541
1.39500,0.73156,0.39476,-0.08974,-0.96033,-0.39468,0.03137,1.48575,-0.06365,0.47939,-0.14347,-0.14499,0.45599,0.04227,-1.45160,0.04445,1.00216,-0.18380
1.39600,0.73121,0.39489,-0.08974,-0.96047,-0.39423,0.03141,1.48430,-0.06360,0.48039,-0.14365,-0.14241,0.45738,0.04187,-1.45435,0.04499,1.00316,-0.18219
1.39700,0.73085,0.39501,-0.08974,-0.96061,-0.39377,0.03145,1.48285,-0.06356,0.48140,-0.14384,-0.13980,0.45868,0.04147,-1.45660,0.04551,1.00414,-0.18059
1.39800,0.73049,0.39513,-0.08974,-0.96075,-0.39331,0.03149,1.48139,-0.06351,0.48240,-0.14402,-0.13719,0.45998,0.04107,-1.45885,0.04602,1.00512,-0.17898
1.39900,0.73013,0.39524,-0.08974,-0.96089,-0.39285,0.03153,1.47993,-0.06346,0.48341,-0.14419,-0.13466,0.46133,0.04067,-1.46135,0.04654,1.00607,-0.17738
1.40000,0.72978,0.39536,-0.08974,-0.96102,-0.39239,0.03157,1.47846,-0.06342,0.48441,-0.14437,-0.13212,0.46268,0.04027,-1.46385,0.04706,1.00702,-0.17577
1.40100,0.72942,0.39548,-0.08974,-0.96115,-0.39192,0.03161,1.47700,-0.06337,0.48542,-0.14454,-0.12966,0.46403,0.03986,-1.46610,0.04760,1.00797,-0.17416
1.40200,0.72906,0.39559,-0.08974,-0.96128,-0.39146,0.03165,1.47554,-0.06332,0.48643,-0.14472,-0.12721,0.46538,0.03945,-1.46835,0.04814,1.00893,-0.17254
1.40300,0.72870,0.39571,-0.08974,-0.96141,-0.39099,0.03169,1.47407,-0.06327,0.48744,-0.14489,-0.12440,0.46667,0.03903,-1.47035,0.04869,1.00990,-0.17093
1.40400,0.72834,0.39582,-0.08974,-0.96153,-0.39053,0.03173,1.47260,-0.06322,0.48845,-0.14506,-0.12159,0.46797,0.03862,-1.47235,0.04923,1.01088,-0.16932
1.40500,0.72798,0.39593,-0.08974,-0.96165,-0.39006,0.03177,1.47112,-0.06317,0.48946,-0.14523,-0.11910,0.46932,0.03821,-1.47485,0.04975,1.01178,-0.16769
1.40600,0.72762,0.39604,-0.08974,-0.96177,-0.38959,0.03181,1.46965,-0.06312,0.49047,-0.14540,-0.11662,0.47067,0.03779,-1.47735,0.05026,1.01268,-0.16607
1.40700,0.72726,0.39615,-0.08974,-0.96188,-0.38912,0.03184,1.46817,-0.06307,0.49149,-0.14556,-0.11431,0.47197,0.03738,-1.47985,0.05078,1.01361,-0.16445
1.40800,0.72690,0.39626,-0.08974,-0.96199,-0.38864,0.03188,1.46669,-0.06302,0.49250,-0.14573,-0.11200,0.47327,0.03697,-1.48235,0.05130,1.01454,-0.16282
1.40900,0.72654,0.39636,-0.08974,-0.96211,-0.38817,0.03192,1.46520,-0.06297,0.49352,-0.14589,-0.10934,0.47459,0.03656,-1.48485,0.05179,1.01546,-0.16120
1.41000,0.72617,0.39647,-0.08974,-0.96222,-0.38769,0.03195,1.46372,-0.06292,0.49453,-0.14605,-0.10668,0.47591,0.03615,-1.48735,0.05228,1.01639,-0.15957
1.41100,0.72581,0.39657,-0.08974,-0.96232,-0.38722,0.03199,1.46223,-0.06287,0.49555,-0.14621,-0.10442,0.47729,0.03574,-1.48935,0.05275,1.01729,-0.15794
1.41200,0.72545,0.39668,-0.08974,-0.96243,-0.38674,0.03203,1.46074,-0.06281,0.49657,-0.14636,-0.10217,0.47866,0.03532,-1.49135,0.05322,1.01820,-0.15631
1.41300,0.72509,0.39678,-0.08974,-0.96253,-0.38626,0.03206,1.45924,-0.06276,0.49758,-0.14652,-0.09916,0.47993,0.03490,-1.49360,0.05371,1.01907,-0.15468
1.41400,0.72472,0.39688,-0.08974,-0.96262,-0.38578,0.03210,1.45775,-0.06271,0.49860,-0.14667,-0.09615,0.48121,0.03448,-1.49585,0.05421,1.01995,-0.15305
1.41500,0.72436,0.39698,-0.08974,-0.96272,-0.38530,0.03213,1.45625,-0.06265,0.49962,-0.14682,-0.09364,0.48253,0.03406,-1.49785,0.05465,1.02080,-0.15141
1.41600,0.72400,0.39708,-0.08974,-0.96281,-0.38481,0.03216,1.45476,-0.06260,0.50065,-0.14698,-0.09113,0.48385,0.03364,-1.49985,0.05509,1.02165,-0.14978
1.41700,0.72363,0.39718,-0.08974,-0.96290,-0.38433,0.03220,1.45325,-0.06254,0.50167,-0.14712,-0.08862,0.48513,0.03321,-1.50235,0.05556,1.02248,-0.14814
1.41800,0.72327,0.39727,-0.08974,-0.96299,-0.38385,0.03223,1.45175,-0.06249,0.50269,-0.14727,-0.08611,0.48640,0.03279,-1.50485,0.05603,1.02331,-0.14650
1.41900,0.72290,0.39737,-0.08974,-0.96307,-0.38336,0.03226,1.45024,-0.06243,0.50371,-0.14742,-0.08360,0.48772,0.03237,-1.50735,0.05652,1.02414,-0.14486
1.42000,0.72254,0.39747,-0.08974,-0.96316,-0.38287,0.03229,1.44874,-0.06237,0.50474,-0.14756,-0.08109,0.48905,0.03195,-1.50985,0.05701,1.02496,-0.14322
1.42100,0.72217,0.39756,-0.08974,-0.96323,-0.38238,0.03233,1.44722,-0.06232,0.50576,-0.14770,-0.07858,0.49035,0.03153,-1.51185,0.05745,1.02581,-0.14158
1.42200,0.72181,0.39765,-0.08974,-0.96331,-0.38189,0.03236,1.44571,-0.06226,0.50679,-0.14784,-0.07608,0.49165,0.03112,-1.51385,0.05790,1.02667,-0.13994
1.42300,0.72144,0.39774,-0.08974,-0.96339,-0.38140,0.03239,1.44419,-0.06220,0.50782,-0.14798,-0.07357,0.49289,0.03069,-1.51610,0.05836,1.02749,-0.13829
1.42400,0.72107,0.39783,-0.08974,-0.96346,-0.38090,0.03242,1.44268,-0.06214,0.50884,-0.14812,-0.07106,0.49414,0.03027,-1.51835,0.05883,1.02832,-0.13665
1.42500,0.72071,0.39792,-0.08974,-0.96353,-0.38041,0.03245,1.44116,-0.06208,0.50987,-0.14826,-0.06905,0.49549,0.02984,-1.52035,0.05922,1.02910,-0.13500
1.42600,0.72034,0.39801,-0.08974,-0.96359,-0.37991,0.03248,1.43964,-0.06202,0.51090,-0.14839,-0.06704,0.49684,0.02941,-1.52235,0.05962,1.02987,-0.13335
1.42700,0.71997,0.39809,-0.08974,-0.96366,-0.37941,0.03251,1.43811,-0.06196,0.51193,-0.14852,-0.06428,0.49814,0.02898,-1.52435,0.06001,1.03065,-0.13170
1.42800,0.71961,0.39818,-0.08974,-0.96373,-0.37892,0.03254,1.43659,-0.06190,0.51297,-0.14865,-0.06152,0.49944,0.02855,-1.52635,0.06040,1.03143,-0.13005
1.42900,0.71924,0.39826,-0.08974,-0.96379,-0.37841,0.03256,1.43506,-0.06184,0.51400,-0.14878,-0.05926,0.50074,0.02812,-1.52860,0.06087,1.03218,-0.12839
1.43000,0.71887,0.39835,-0.08974,-0.96385,-0.37791,0.03259,1.43353,-0.06178,0.51503,-0.14891,-0.05700,0.50203,0.02769,-1.53085,0.06134,1.03293,-0.12673
1.43100,0.71850,0.39843,-0.08974,-0.96390,-0.37741,0.03262,1.43200,-0.06172,0.51606,-0.14904,-0.05399,0.50331,0.02727,-1.53285,0.06178,1.03371,-0.12508
1.43200,0.71813,0.39851,-0.08974,-0.96395,-0.37691,0.03265,1.43047,-0.06166,0.51710,-0.14916,-0.05099,0.50458,0.02684,-1.53485,0.06222,1.03449,-0.12342
1.43300,0.71777,0.39859,-0.08974,-0.96400,-0.37640,0.03267,1.42893,-0.06159,0.51813,-0.14928,-0.04848,0.50580,0.02641,-1.53685,0.06266,1.03524,-0.12176
1.43400,0.71740,0.39866,-0.08974,-0.96405,-0.37590,0.03270,1.42739,-0.06153,0.51917,-0.14941,-0.04597,0.50703,0.02598,-1.53885,0.06311,1.03599,-0.12011
1.43500,0.71703,0.39874,-0.08974,-0.96409,-0.37539,0.03273,1.42585,-0.06147,0.52020,-0.14952,-0.04396,0.50833,0.02555,-1.54110,0.06345,1.03672,-0.11845
1.43600,0.71666,0.39882,-0.08974,-0.96413,-0.37488,0.03275,1.42431,-0.06141,0.52124,-0.14964,-0.04195,0.50962,0.02512,-1.54335,0.06379,1.03744,-0.11679
1.43700,0.71629,0.39889,-0.08974,-0.96418,-0.37437,0.03278,1.42277,-0.06134,0.52228,-0.14976,-0.03919,0.51092,0.02469,-1.54535,0.06413,1.03815,-0.11513
1.43800,0.71592,0.39897,-0.08974,-0.96422,-0.37386,0.03280,1.42122,-0.06128,0.52332,-0.14987,-0.03643,0.51222,0.02426,-1.54735,0.06448,1.03885,-0.11348
1.43900,0.71555,0.39904,-0.08974,-0.96425,-0.37334,0.03282,1.41967,-0.06121,0.52436,-0.14998,-0.03417,0.51344,0.02383,-1.54985,0.06487,1.03955,-0.11182
1.44000,0.71518,0.39911,-0.08974,-0.96429,-0.37283,0.03285,1.41812,-0.06115,0.52540,-0.15010,-0.03191,0.51467,0.02340,-1.55235,0.06526,1.04025,-0.11015
1.44100,0.71481,0.39918,-0.08974,-0.96431,-0.37231,0.03287,1.41657,-0.06108,0.52644,-0.15020,-0.02940,0.51594,0.02297,-1.55435,0.06568,1.04093,-0.10849
1.44200,0.71444,0.39925,-0.08974,-0.96434,-0.37180,0.03289,1.41501,-0.06102,0.52748,-0.15031,-0.02690,0.51722,0.02254,-1.55635,0.06610,1.04161,-0.10682
1.44300,0.71407,0.39932,-0.08974,-0.96437,-0.37128,0.03292,1.41345,-0.06095,0.52852,-0.15042,-0.02414,0.51846,0.02210,-1.55810,0.06651,1.04228,-0.10516
1.44400,0.71370,0.39938,-0.08974,-0.96439,-0.37076,0.03294,1.41189,-0.06088,0.52956,-0.15052,-0.02138,0.51971,0.02166,-1.55985,0.06693,1.04296,-0.10349
1.44500,0.71333,0.39945,-0.08974,-0.96441,-0.37024,0.03296,1.41033,-0.06082,0.53061,-0.15063,-0.01912,0.52099,0.02123,-1.56160,0.06727,1.04361,-0.10182
1.44600,0.71296,0.39951,-0.08974,-0.96443,-0.36972,0.03298,1.40877,-0.06075,0.53165,-0.15073,-0.01686,0.52226,0.02080,-1.56335,0.06762,1.04426,-0.10015
1.44700,0.71258,0.39957,-0.08974,-0.96444,-0.36920,0.03300,1.40721,-0.06068,0.53269,-0.15083,-0.01435,0.52356,0.02037,-1.56535,0.06793,1.04494,-0.09848
1.44800,0.71221,0.39964,-0.08974,-0.96446,-0.36867,0.03302,1.40564,-0.06061,0.53374,-0.15092,-0.01184,0.52486,0.01994,-1.56735,0.06825,1.04562,-0.09682
1.44900,0.71184,0.39970,-0.08974,-0.96447,-0.36815,0.03304,1.40407,-0.06054,0.53479,-0.15102,-0.00958,0.52605,0.01950,-1.56935,0.06859,1.04624,-0.09515
1.45000,0.71147,0.39976,-0.08974,-0.96448,-0.36762,0.03306,1.40250,-0.06048,0.53583,-0.15111,-0.00732,0.52725,0.01907,-1.57135,0.06894,1.04687,-0.09349
1.45100,0.71109,0.39982,-0.08974,-0.96448,-0.36709,0.03308,1.40093,-0.06041,0.53688,-0.15121,-0.00531,0.52848,0.01864,-1.57360,0.06930,1.04750,-0.09182
1.45200,0.71072,0.39987,-0.08974,-0.96449,-0.36656,0.03310,1.39935,-0.06034,0.53793,-0.15130,-0.00331,0.52970,0.01820,-1.57585,0.06967,1.04813,-0.09015
1.45300,0.71035,0.39993,-0.08974,-0.96449,-0.36603,0.03312,1.39778,-0.06027,0.53898,-0.15139,-0.00080,0.53095,0.01777,-1.57785,0.07001,1.04875,-0.08848
1.45400,0.70998,0.39998,-0.08974,-0.96449,-0.36550,0.03313,1.39620,-0.06020,0.54002,-0.15147,0.00171,0.53220,0.01733,-1.57985,0.07036,1.04938,-0.08680
1.45500,0.70960,0.40004,-0.08974,-0.96449,-0.36497,0.03315,1.39462,-0.06013,0.54107,-0.15156,0.00422,0.53342,0.01690,-1.58185,0.07067,1.04996,-0.08513
1.45600,0.70923,0.40009,-0.08974,-0.96448,-0.36443,0.03317,1.39303,-0.06005,0.54213,-0.15165,0.00673,0.53464,0.01647,-1.58385,0.07099,1.05053,-0.08346
1.45700,0.70886,0.40014,-0.08974,-0.96447,-0.36390,0.03318,1.39145,-0.05998,0.54318,-0.15173,0.00924,0.53587,0.01604,-1.58560,0.07128,1.05114,-0.08178
1.45800,0.70848,0.40019,-0.08974,-0.96446,-0.36336,0.03320,1.38986,-0.05991,0.54423,-0.15181,0.01175,0.53709,0.01561,-1.58735,0.07158,1.05174,-0.08011
1.45900,0.70811,0.40024,-0.08974,-0.96445,-0.36282,0.03321,1.38827,-0.05984,0.54528,-0.15189,0.01426,0.53832,0.01518,-1.58910,0.07192,1.05232,-0.07844
1.46000,0.70774,0.40029,-0.08974,-0.96443,-0.36229,0.03323,1.38668,-0.05977,0.54633,-0.15197,0.01677,0.53954,0.01475,-1.59085,0.07226,1.05289,-0.07677
1.46100,0.70736,0.40033,-0.08974,-0.96442,-0.36175,0.03324,1.38509,-0.05970,0.54739,-0.15204,0.01928,0.54076,0.01431,-1.59285,0.07261,1.05347,-0.07510
1.46200,0.70699,0.40038,-0.08974,-0.96440,-0.36121,0.03326,1.38350,-0.05962,0.54844,-0.15212,0.02178,0.54199,0.01387,-1.59485,0.07295,1.05405,-0.07342
1.46300,0.70661,0.40042,-0.08974,-0.96437,-0.36066,0.03327,1.38190,-0.05955,0.54949,-0.15219,0.02379,0.54323,0.01344,-1.59635,0.07324,1.05460,-0.07175
1.46400,0.70624,0.40047,-0.08974,-0.96435,-0.36012,0.03329,1.38030,-0.05948,0.55055,-0.15226,0.02580,0.54448,0.01301,-1.59785,0.07353,1.05515,-0.07008
1.46500,0.70586,0.40051,-0.08974,-0.96432,-0.35957,0.03330,1.37870,-0.05940,0.55160,-0.15233,0.02806,0.54566,0.01257,-1.59985,0.07380,1.05570,-0.06840
1.46600,0.70549,0.40055,-0.08974,-0.96429,-0.35903,0.03331,1.37710,-0.05933,0.55266,-0.15240,0.03032,0.54683,0.01214,-1.60185,0.07407,1.05625,-0.06672
1.46700,0.70511,0.40059,-0.08974,-0.96426,-0.35848,0.03332,1.37551,-0.05925,0.55372,-0.15246,0.03283,0.54800,0.01171,-1.60335,0.07434,1.05678,-0.06505
1.46800,0.70474,0.40063,-0.08974,-0.96423,-0.35793,0.03333,1.37391,-0.05918,0.55477,-0.15253,0.03534,0.54918,0.01127,-1.60485,0.07460,1.05731,-0.06338
1.46900,0.70436,0.40067,-0.08974,-0.96419,-0.35738,0.03334,1.37230,-0.05911,0.55583,-0.15259,0.03760,0.55038,0.01085,-1.60685,0.07490,1.05781,-0.06170
1.47000,0.70399,0.40070,-0.08974,-0.96415,-0.35683,0.03336,1.37069,-0.05903,0.55689,-0.15265,0.03986,0.55157,0.01042,-1.60885,0.07519,1.05831,-0.06003
1.47100,0.70361,0.40074,-0.08974,-0.96411,-0.35628,0.03337,1.36908,-0.05896,0.55795,-0.15271,0.04262,0.55277,0.00999,-1.61060,0.07548,1.05879,-0.05835
1.47200,0.70324,0.40077,-0.08974,-0.96406,-0.35572,0.03338,1.36747,-0.05888,0.55901,-0.15277,0.04537,0.55397,0.00956,-1.61235,0.07577,1.05927,-0.05667
1.47300,0.70286,0.40080,-0.08974,-0.96402,-0.35517,0.03338,1.36585,-0.05880,0.56007,-0.15282,0.04738,0.55519,0.00913,-1.61410,0.07604,1.05977,-0.05500
1.47400,0.70249,0.40083,-0.08974,-0.96397,-0.35461,0.03339,1.36424,-0.05873,0.56113,-0.15288,0.04939,0.55642,0.00870,-1.61585,0.07631,1.06027,-0.05332
1.47500,0.70211,0.40086,-0.08974,-0.96392,-0.35406,0.03340,1.36262,-0.05865,0.56219,-0.15293,0.05140,0.55762,0.00827,-1.61785,0.07658,1.06075,-0.05165
1.47600,0.70173,0.40089,-0.08974,-0.96387,-0.35350,0.03341,1.36101,-0.05857,0.56325,-0.15298,0.05341,0.55881,0.00784,-1.61985,0.07684,1.06122,-0.04997
1.47700,0.70136,0.40092,-0.08974,-0.96381,-0.35294,0.03342,1.35938,-0.05850,0.56431,-0.15303,0.05617,0.56001,0.00740,-1.62135,0.07709,1.06175,-0.04830
1.47800,0.70098,0.40095,-0.08974,-0.96376,-0.35238,0.03342,1.35776,-0.05842,0.56537,-0.15308,0.05893,0.56121,0.00697,-1.62285,0.07733,1.06228,-0.04662
1.47900,0.70061,0.40097,-0.08974,-0.96370,-0.35182,0.03343,1.35613,-0.05834,0.56643,-0.15312,0.06119,0.56238,0.00654,-1.62485,0.07760,1.06273,-0.04495
1.48000,0.70023,0.40100,-0.08974,-0.96364,-0.35125,0.03344,1.35451,-0.05826,0.56750,-0.15317,0.06345,0.56356,0.00611,-1.62685,0.07786,1.06318,-0.04327
1.48100,0.69985,0.40102,-0.08974,-0.96357,-0.35069,0.03344,1.35288,-0.05819,0.56856,-0.15321,0.06596,0.56468,0.00568,-1.62835,0.07813,1.06358,-0.04159
1.48200,0.69948,0.40104,-0.08974,-0.96350,-0.35012,0.03345,1.35126,-0.05811,0.56962,-0.15325,0.06846,0.56581,0.00525,-1.62985,0.07840,1.06399,-0.03992
1.48300,0.69910,0.40106,-0.08974,-0.96343,-0.34956,0.03345,1.34962,-0.05803,0.57069,-0.15329,0.07072,0.56693,0.00483,-1.63135,0.07864,1.06444,-0.03825
1.48400,0.69872,0.40108,-0.08974,-0.96336,-0.34899,0.03346,1.34799,-0.05795,0.57175,-0.15333,0.07298,0.56805,0.00441,-1.63285,0.07888,1.06489,-0.03658
1.48500,0.69835,0.40110,-0.08974,-0.96329,-0.34842,0.03346,1.34635,-0.05787,0.57282,-0.15336,0.07449,0.56923,0.00398,-1.63485,0.07910,1.06529,-0.03491
1.48600,0.69797,0.40112,-0.08974,-0.96321,-0.34785,0.03347,1.34472,-0.05779,0.57388,-0.15340,0.07600,0.57040,0.00356,-1.63685,0.07932,1.06569,-0.03324
1.48700,0.69759,0.40113,-0.08974,-0.96313,-0.34728,0.03347,1.34308,-0.05771,0.57495,-0.15343,0.07826,0.57155,0.00313,-1.63835,0.07951,1.06615,-0.03156
1.48800,0.69722,0.40115,-0.08974,-0.96305,-0.34671,0.03347,1.34145,-0.05763,0.57602,-0.15346,0.08052,0.57270,0.00271,-1.63985,0.07970,1.06660,-0.02989
1.48900,0.69684,0.40116,-0.08974,-0.96297,-0.34614,0.03348,1.33980,-0.05755,0.57708,-0.15349,0.08303,0.57387,0.00228,-1.64135,0.07987,1.06703,-0.02821
1.49000,0.69646,0.40118,-0.08974,-0.96289,-0.34556,0.03348,1.33816,-0.05747,0.57815,-0.15352,0.08554,0.57504,0.00186,-1.64285,0.08004,1.06745,-0.02653
1.49100,0.69609,0.40119,-0.08974,-0.96280,-0.34499,0.03348,1.33651,-0.05739,0.57922,-0.15354,0.08780,0.57617,0.00143,-1.64435,0.08026,1.06778,-0.02486
1.49200,0.69571,0.40120,-0.08974,-0.96271,-0.34441,0.03348,1.33487,-0.05731,0.58029,-0.15356,0.09005,0.57729,0.00101,-1.64585,0.08047,1.06811,-0.02319
1.49300,0.69533,0.40121,-0.08974,-0.96262,-0.34383,0.03348,1.33322,-0.05723,0.58135,-0.15359,0.09231,0.57841,0.00059,-1.64710,0.08069,1.06846,-0.02152
1.49400,0.69496,0.40121,-0.08974,-0.96252,-0.34325,0.03348,1.33158,-0.05715,0.58242,-0.15361,0.09457,0.57954,0.00017,-1.64835,0.08091,1.06881,-0.01985
1.49500,0.69458,0.40122,-0.08974,-0.96243,-0.34267,0.03348,1.32993,-0.05707,0.58349,-0.15363,0.09683,0.58066,-0.00025,-1.65035,0.08113,1.06919,-0.01818
1.49600,0.69420,0.40122,-0.08974,-0.96234,-0.34209,0.03348,1.32828,-0.05699,0.58456,-0.15364,0.09909,0.58178,-0.00067,-1.65235,0.08134,1.06956,-0.01651
1.49700,0.69383,0.40123,-0.08974,-0.96224,-0.34151,0.03348,1.32662,-0.05691,0.58563,-0.15366,0.10135,0.58266,-0.00099,-1.65435,0.08157,1.06992,-0.01518
1.49800,0.69345,0.40123,-0.08974,-0.96214,-0.34093,0.03348,1.32497,-0.05683,0.58670,-0.15367,0.10360,0.58353,-0.00130,-1.65635,0.08179,1.07027,-0.01386
1.49900,0.69307,0.40123,-0.08974,-0.96203,-0.34034,0.03348,1.32331,-0.05675,0.58777,-0.15369,0.10601,0.58423,-0.00157,-1.65760,0.08194,1.07057,-0.01270
1.50000,0.69269,0.40124,-0.08974,-0.96192,-0.33975,0.03348,1.32165,-0.05666,0.58884,-0.15370,0.10841,0.58493,-0.00183,-1.65885,0.08209,1.07087,-0.01154
1.50100,0.69232,0.40123,-0.08974,-0.96181,-0.33917,0.03347,1.31999,-0.05658,0.58991,-0.15371,0.11041,0.58566,-0.00198,-1.65985,0.08228,1.07114,-0.01050
1.50200,0.69194,0.40123,-0.08974,-0.96170,-0.33858,0.03347,1.31833,-0.05650,0.59098,-0.15372,0.11240,0.58638,-0.00213,-1.66085,0.08247,1.07142,-0.00946
1.50300,0.69156,0.40123,-0.08974,-0.96158,-0.33800,0.03347,1.31667,-0.05642,0.59206,-0.15373,0.11390,0.58726,-0.00225,-1.66210,0.08265,1.07169,-0.00830
1.50400,0.69119,0.40122,-0.08974,-0.96147,-0.33741,0.03347,1.31501,-0.05633,0.59313,-0.15374,0.11539,0.58813,-0.00236,-1.66335,0.08282,1.07196,-0.00714
1.50500,0.69081,0.40122,-0.08974,-0.96135,-0.33682,0.03346,1.31335,-0.05625,0.59420,-0.15374,0.11728,0.58924,-0.00248,-1.66485,0.08305,1.07229,-0.00571
1.50600,0.69043,0.40121,-0.08974,-0.96124,-0.33623,0.03346,1.31168,-0.05617,0.59527,-0.15375,0.11917,0.59034,-0.00260,-1.66635,0.08327,1.07261,-0.00427
1.50700,0.69006,0.40121,-0.08974,-0.96111,-0.33564,0.03346,1.31001,-0.05608,0.59634,-0.15375,0.12104,0.59149,-0.00269,-1.66810,0.08351,1.07296,-0.00281
1.50800,0.68968,0.40120,-0.08974,-0.96099,-0.33505,0.03346,1.30834,-0.05600,0.59742,-0.15375,0.12290,0.59264,-0.00278,-1.66985,0.08375,1.07331,-0.00135
1.50900,0.68930,0.40119,-0.08974,-0.96087,-0.33446,0.03345,1.30667,-0.05592,0.59849,-0.15375,0.12485,0.59372,-0.00294,-1.67110,0.08393,1.07358,0.00021
1.51000,0.68893,0.40118,-0.08974,-0.96074,-0.33386,0.03345,1.30500,-0.05583,0.59956,-0.15375,0.12679,0.59479,-0.00310,-1.67235,0.08410,1.07385,0.00177
1.51100,0.68855,0.40116,-0.08974,-0.96062,-0.33327,0.03345,1.30333,-0.05575,0.60064,-0.15375,0.12873,0.59587,-0.00324,-1.67360,0.08429,1.07415,0.00325
1.51200,0.68817,0.40115,-0.08974,-0.96049,-0.33267,0.03344,1.30165,-0.05566,0.60171,-0.15375,0.13067,0.59695,-0.00339,-1.67485,0.08448,1.07445,0.00474
1.51300,0.68779,0.40113,-0.08974,-0.96035,-0.33207,0.03344,1.29998,-0.05558,0.60279,-0.15374,0.13253,0.59805,-0.00352,-1.67610,0.08467,1.07475,0.00622
1.51400,0.68742,0.40112,-0.08974,-0.96022,-0.33147,0.03344,1.29830,-0.05549,0.60386,-0.15373,0.13440,0.59915,-0.00364,-1.67735,0.08486,1.07504,0.00770
1.51500,0.68704,0.40110,-0.08974,-0.96009,-0.33087,0.03343,1.29662,-0.05541,0.60494,-0.15373,0.13624,0.60023,-0.00375,-1.67860,0.08506,1.07532,0.00914
1.51600,0.68666,0.40108,-0.08974,-0.95995,-0.33027,0.03343,1.29494,-0.05532,0.60601,-0.15372,0.13808,0.60130,-0.00385,-1.67985,0.08526,1.07559,0.01057
1.51700,0.68629,0.40106,-0.08974,-0.95981,-0.32967,0.03343,1.29326,-0.05524,0.60709,-0.15370,0.13985,0.60243,-0.00394,-1.68160,0.08547,1.07589,0.01198
1.51800,0.68591,0.40104,-0.08974,-0.95967,-0.32907,0.03342,1.29158,-0.05515,0.60817,-0.15369,0.14161,0.60356,-0.00403,-1.68335,0.08567,1.07619,0.01339
1.51900,0.68554,0.40102,-0.08974,-0.95953,-0.32846,0.03342,1.28990,-0.05507,0.60924,-0.15368,0.14351,0.60468,-0.00418,-1.68485,0.08583,1.07643,0.01488
1.52000,0.68516,0.40100,-0.08974,-0.95938,-0.32786,0.03341,1.28821,-0.05498,0.61032,-0.15366,0.14540,0.60581,-0.00433,-1.68635,0.08599,1.07668,0.01636
1.52100,0.68478,0.40097,-0.08974,-0.95924,-0.32725,0.03341,1.28652,-0.05490,0.61139,-0.15365,0.14724,0.60689,-0.00447,-1.68810,0.08615,1.07698,0.01782
1.52200,0.68441,0.40095,-0.08974,-0.95909,-0.32665,0.03341,1.28483,-0.05481,0.61247,-0.15363,0.14908,0.60796,-0.00461,-1.68985,0.08632,1.07728,0.01928
1.52300,0.68403,0.40092,-0.08974,-0.95894,-0.32604,0.03340,1.28314,-0.05472,0.61355,-0.15361,0.15094,0.60906,-0.00473,-1.69110,0.08648,1.07755,0.02079
1.52400,0.68366,0.40089,-0.08974,-0.95879,-0.32543,0.03340,1.28145,-0.05464,0.61463,-0.15359,0.15281,0.61016,-0.00484,-1.69235,0.08665,1.07782,0.02230
1.52500,0.68328,0.40086,-0.08974,-0.95863,-0.32482,0.03339,1.27976,-0.05455,0.61571,-0.15356,0.15465,0.61119,-0.00494,-1.69310,0.08683,1.07802,0.02376
1.52600,0.68290,0.40083,-0.08974,-0.95848,-0.32421,0.03339,1.27806,-0.05446,0.61678,-0.15354,0.15649,0.61222,-0.00503,-1.69385,0.08700,1.07822,0.02522
1.52700,0.68253,0.40080,-0.08974,-0.95832,-0.32359,0.03338,1.27637,-0.05438,0.61786,-0.15351,0.15821,0.61327,-0.00510,-1.69485,0.08718,1.07842,0.02666
1.52800,0.68215,0.40077,-0.08974,-0.95816,-0.32298,0.03338,1.27467,-0.05429,0.61894,-0.15348,0.15992,0.61432,-0.00517,-1.69585,0.08736,1.07862,0.02809
1.52900,0.68178,0.40074,-0.08974,-0.95800,-0.32236,0.03337,1.27298,-0.05420,0.62002,-0.15346,0.16174,0.61537,-0.00532,-1.69710,0.08750,1.07876,0.02958
1.53000,0.68140,0.40070,-0.08974,-0.95784,-0.32175,0.03336,1.27128,-0.05411,0.62110,-0.15343,0.16356,0.61642,-0.00546,-1.69835,0.08763,1.07891,0.03106
1.53100,0.68103,0.40067,-0.08974,-0.95767,-0.32113,0.03336,1.26958,-0.05403,0.62218,-0.15339,0.16537,0.61745,-0.00559,-1.69985,0.08777,1.07916,0.03250
1.53200,0.68065,0.40063,-0.08974,-0.95751,-0.32051,0.03335,1.26788,-0.05394,0.62326,-0.15336,0.16719,0.61848,-0.00572,-1.70135,0.08791,1.07941,0.03393
1.53300,0.68028,0.40059,-0.08974,-0.95734,-0.31989,0.03335,1.26618,-0.05385,0.62434,-0.15333,0.16898,0.61958,-0.00582,-1.70310,0.08806,1.07961,0.03537
1.53400,0.67990,0.40055,-0.08974,-0.95717,-0.31927,0.03334,1.26448,-0.05376,0.62541,-0.15329,0.17077,0.62068,-0.00592,-1.70485,0.08820,1.07980,0.03680
1.53500,0.67953,0.40051,-0.08974,-0.95700,-0.31865,0.03334,1.26277,-0.05367,0.62650,-0.15325,0.17254,0.62171,-0.00601,-1.70610,0.08835,1.07998,0.03821
1.53600,0.67915,0.40047,-0.08974,-0.95682,-0.31803,0.03333,1.26107,-0.05359,0.62758,-0.15321,0.17430,0.62273,-0.00610,-1.70735,0.08851,1.08015,0.03962
1.53700,0.67878,0.40042,-0.08974,-0.95665,-0.31741,0.03332,1.25936,-0.05350,0.62866,-0.15317,0.17597,0.62378,-0.00616,-1.70810,0.08867,1.08032,0.04103
1.53800,0.67840,0.40038,-0.08974,-0.95647,-0.31678,0.03332,1.25765,-0.05341,0.62974,-0.15313,0.17763,0.62484,-0.00623,-1.70885,0.08882,1.08050,0.04244
1.53900,0.67803,0.40033,-0.08974,-0.95629,-0.31616,0.03331,1.25594,-0.05332,0.63082,-0.15309,0.17938,0.62584,-0.00636,-1.70985,0.08893,1.08059,0.04390
1.54000,0.67766,0.40029,-0.08974,-0.95611,-0.31553,0.03330,1.25423,-0.05323,0.63190,-0.15304,0.18112,0.62684,-0.00649,-1.71085,0.08904,1.08069,0.04536
1.54100,0.67728,0.40024,-0.08974,-0.95593,-0.31490,0.03330,1.25252,-0.05314,0.63298,-0.15300,0.18293,0.62779,-0.00661,-1.71210,0.08915,1.08089,0.04680
1.54200,0.67691,0.40019,-0.08974,-0.95575,-0.31428,0.03329,1.25081,-0.05305,0.63406,-0.15295,0.18475,0.62874,-0.00672,-1.71335,0.08927,1.08109,0.04823
1.54300,0.67653,0.40014,-0.08974,-0.95556,-0.31365,0.03328,1.24909,-0.05296,0.63514,-0.15290,0.18651,0.62977,-0.00682,-1.71485,0.08939,1.08119,0.04967
1.54400,0.67616,0.40009,-0.08974,-0.95537,-0.31302,0.03328,1.24738,-0.05287,0.63622,-0.15285,0.18828,0.63079,-0.00691,-1.71635,0.08951,1.08128,0.05110
1.54500,0.67579,0.40004,-0.08974,-0.95518,-0.31238,0.03327,1.24566,-0.05278,0.63730,-0.15280,0.18995,0.63177,-0.00698,-1.71760,0.08964,1.08141,0.05251
1.54600,0.67541,0.39998,-0.08974,-0.95499,-0.31175,0.03326,1.24394,-0.05269,0.63838,-0.15275,0.19161,0.63275,-0.00705,-1.71885,0.08977,1.08153,0.05392
1.54700,0.67504,0.39993,-0.08974,-0.95480,-0.31112,0.03326,1.24222,-0.05260,0.63947,-0.15269,0.19325,0.63380,-0.00711,-1.71985,0.08990,1.08168,0.05531
1.54800,0.67467,0.39987,-0.08974,-0.95461,-0.31048,0.03325,1.24050,-0.05251,0.64055,-0.15263,0.19489,0.63485,-0.00717,-1.72085,0.09004,1.08183,0.05669
1.54900,0.67430,0.39982,-0.08974,-0.95441,-0.30985,0.03324,1.23878,-0.05242,0.64163,-0.15258,0.19659,0.63585,-0.00729,-1.72160,0.09013,1.08187,0.05810
1.55000,0.67392,0.39976,-0.08974,-0.95421,-0.30921,0.03324,1.23706,-0.05233,0.64271,-0.15252,0.19828,0.63685,-0.00742,-1.72235,0.09022,1.08192,0.05951
1.55100,0.67355,0.39970,-0.08974,-0.95401,-0.30858,0.03323,1.23533,-0.05224,0.64379,-0.15246,0.20004,0.63780,-0.00752,-1.72360,0.09031,1.08202,0.06092
1.55200,0.67318,0.39964,-0.08974,-0.95381,-0.30794,0.03322,1.23361,-0.05215,0.64488,-0.15240,0.20181,0.63876,-0.00762,-1.72485,0.09041,1.08212,0.06233
1.55300,0.67281,0.39957,-0.08974,-0.95361,-0.30730,0.03321,1.23188,-0.05206,0.64596,-0.15233,0.20350,0.63973,-0.00770,-1.72610,0.09051,1.08217,0.06374
1.55400,0.67244,0.39951,-0.08974,-0.95341,-0.30666,0.03320,1.23016,-0.05197,0.64704,-0.15227,0.20519,0.64071,-0.00779,-1.72735,0.09061,1.08221,0.06515
1.55500,0.67206,0.39945,-0.08974,-0.95320,-0.30602,0.03320,1.22843,-0.05188,0.64812,-0.15220,0.20683,0.64166,-0.00785,-1.72810,0.09072,1.08229,0.06656
1.55600,0.67169,0.39938,-0.08974,-0.95299,-0.30538,0.03319,1.22670,-0.05179,0.64920,-0.15214,0.20847,0.64261,-0.00791,-1.72885,0.09083,1.08236,0.06797
1.55700,0.67132,0.39932,-0.08974,-0.95278,-0.30473,0.03318,1.22497,-0.05170,0.65029,-0.15207,0.21009,0.64356,-0.00795,-1.72985,0.09094,1.08248,0.06931
1.55800,0.67095,0.39925,-0.08974,-0.95257,-0.30409,0.03317,1.22324,-0.05161,0.65137,-0.15200,0.21170,0.64452,-0.00799,-1.73085,0.09105,1.08261,0.07064
1.55900,0.67058,0.39918,-0.08974,-0.95236,-0.30344,0.03316,1.22151,-0.05152,0.65245,-0.15193,0.21335,0.64544,-0.00810,-1.73160,0.09112,1.08263,0.07203
1.56000,0.67021,0.39911,-0.08974,-0.95215,-0.30280,0.03316,1.21978,-0.05143,0.65353,-0.15185,0.21499,0.64637,-0.00822,-1.73235,0.09120,1.08265,0.07341
1.56100,0.66984,0.39904,-0.08974,-0.95193,-0.30215,0.03315,1.21804,-0.05133,0.65462,-0.15178,0.21665,0.64729,-0.00831,-1.73360,0.09127,1.08268,0.07485
1.56200,0.66947,0.39897,-0.08974,-0.95171,-0.30150,0.03314,1.21631,-0.05124,0.65570,-0.15170,0.21832,0.64822,-0.00841,-1.73485,0.09134,1.08270,0.07628
1.56300,0.66910,0.39889,-0.08974,-0.95149,-0.30085,0.03313,1.21457,-0.05115,0.65678,-0.15163,0.21993,0.64917,-0.00848,-1.73610,0.09142,1.08270,0.07764
1.56400,0.66873,0.39882,-0.08974,-0.95127,-0.30020,0.03312,1.21284,-0.05106,0.65787,-0.15155,0.22155,0.65012,-0.00855,-1.73735,0.09150,1.08269,0.07900
1.56500,0.66836,0.39874,-0.08974,-0.95105,-0.29955,0.03311,1.21110,-0.05097,0.65895,-0.15147,0.22317,0.65108,-0.00860,-1.73810,0.09159,1.08272,0.08041
1.56600,0.66799,0.39866,-0.08974,-0.95083,-0.29890,0.03311,1.20936,-0.05088,0.66003,-0.15139,0.22478,0.65203,-0.00866,-1.73885,0.09168,1.08274,0.08182
1.56700,0.66762,0.39859,-0.08974,-0.95060,-0.29825,0.03310,1.20762,-0.05079,0.66111,-0.15130,0.22635,0.65295,-0.00869,-1.73985,0.09177,1.08274,0.08315
1.56800,0.66725,0.39851,-0.08974,-0.95037,-0.29760,0.03309,1.20588,-0.05069,0.66220,-0.15122,0.22791,0.65388,-0.00872,-1.74085,0.09186,1.08274,0.08449
1.56900,0.66689,0.39843,-0.08974,-0.95014,-0.29694,0.03308,1.20414,-0.05060,0.66328,-0.15114,0.22951,0.65476,-0.00878,-1.74160,0.09193,1.08271,0.08582
1.57000,0.66652,0.39835,-0.08974,-0.94991,-0.29629,0.03307,1.20240,-0.05051,0.66436,-0.15105,0.23110,0.65563,-0.00885,-1.74235,0.09200,1.08268,0.08716
1.57100,0.66615,0.39826,-0.08974,-0.94968,-0.29563,0.03306,1.20066,-0.05042,0.66544,-0.15096,0.23271,0.65651,-0.00896,-1.74360,0.09204,1.08263,0.08857
1.57200,0.66578,0.39818,-0.08974,-0.94945,-0.29497,0.03305,1.19891,-0.05033,0.66653,-0.15087,0.23433,0.65739,-0.00907,-1.74485,0.09208,1.08258,0.08998
1.57300,0.66541,0.39809,-0.08974,-0.94921,-0.29431,0.03304,1.19717,-0.05023,0.66761,-0.15078,0.23597,0.65831,-0.00915,-1.74560,0.09213,1.08258,0.09129
1.57400,0.66505,0.39801,-0.08974,-0.94898,-0.29366,0.03304,1.19542,-0.05014,0.66869,-0.15069,0.23761,0.65924,-0.00923,-1.74635,0.09218,1.08257,0.09260
1.57500,0.66468,0.39792,-0.08974,-0.94874,-0.29300,0.03303,1.19367,-0.05005,0.66977,-0.15060,0.23918,0.66014,-0.00929,-1.74685,0.09224,1.08257,0.09396
1.57600,0.66431,0.39783,-0.08974,-0.94850,-0.29234,0.03302,1.19192,-0.04996,0.67086,-0.15050,0.24074,0.66104,-0.00935,-1.74735,0.09230,1.08257,0.09532
1.57700,0.66395,0.39774,-0.08974,-0.94826,-0.29167,0.03301,1.19018,-0.04987,0.67194,-0.15041,0.24226,0.66192,-0.00938,-1.74835,0.09237,1.08252,0.09663
1.57800,0.66358,0.39765,-0.08974,-0.94801,-0.29101,0.03300,1.18843,-0.04977,0.67302,-0.15031,0.24377,0.66280,-0.00941,-1.74935,0.09244,1.08247,0.09794
1.57900,0.66322,0.39756,-0.08974,-0.94777,-0.29035,0.03299,1.18668,-0.04968,0.67411,-0.15021,0.24527,0.66365,-0.00942,-1.74985,0.09251,1.08239,0.09927
1.58000,0.66285,0.39747,-0.08974,-0.94752,-0.28968,0.03298,1.18493,-0.04959,0.67519,-0.15011,0.24676,0.66450,-0.00943,-1.75035,0.09259,1.08231,0.10061
1.58100,0.66249,0.39737,-0.08974,-0.94728,-0.28902,0.03297,1.18318,-0.04949,0.67627,-0.15001,0.24827,0.66532,-0.00949,-1.75135,0.09263,1.08218,0.10199
1.58200,0.66212,0.39727,-0.08974,-0.94703,-0.28835,0.03296,1.18142,-0.04940,0.67735,-0.14991,0.24979,0.66615,-0.00954,-1.75235,0.09267,1.08206,0.10338
1.58300,0.66176,0.39718,-0.08974,-0.94678,-0.28769,0.03295,1.17967,-0.04931,0.67843,-0.14980,0.25138,0.66698,-0.00963,-1.75335,0.09268,1.08198,0.10471
1.58400,0.66139,0.39708,-0.08974,-0.94652,-0.28702,0.03294,1.17792,-0.04922,0.67952,-0.14970,0.25297,0.66780,-0.00973,-1.75435,0.09270,1.08190,0.10605
1.58500,0.66103,0.39698,-0.08974,-0.94627,-0.28635,0.03293,1.17617,-0.04912,0.68060,-0.14959,0.25449,0.66866,-0.00980,-1.75485,0.09273,1.08180,0.10736
1.58600,0.66067,0.39688,-0.08974,-0.94602,-0.28568,0.03292,1.17441,-0.04903,0.68168,-0.14948,0.25600,0.66951,-0.00987,-1.75535,0.09276,1.08170,0.10867
1.58700,0.66030,0.39678,-0.08974,-0.94576,-0.28501,0.03291,1.17265,-0.04894,0.68276,-0.14937,0.25754,0.67033,-0.00991,-1.75635,0.09280,1.08162,0.10998
1.58800,0.65994,0.39668,-0.08974,-0.94550,-0.28434,0.03290,1.17089,-0.04885,0.68384,-0.14926,0.25908,0.67116,-0.00995,-1.75735,0.09284,1.08155,0.11129
1.58900,0.65958,0.39657,-0.08974,-0.94524,-0.28367,0.03289,1.16914,-0.04875,0.68492,-0.14915,0.26058,0.67204,-0.00997,-1.75785,0.09289,1.08142,0.11257
1.59000,0.65922,0.39647,-0.08974,-0.94498,-0.28300,0.03288,1.16738,-0.04866,0.68601,-0.14904,0.26207,0.67291,-0.00999,-1.75835,0.09294,1.08129,0.11386
1.59100,0.65885,0.39636,-0.08974,-0.94472,-0.28232,0.03287,1.16562,-0.04857,0.68709,-0.14892,0.26351,0.67374,-0.01000,-1.75910,0.09299,1.08116,0.11517
1.59200,0.65849,0.39626,-0.08974,-0.94445,-0.28165,0.03286,1.16386,-0.04847,0.68817,-0.14881,0.26495,0.67457,-0.01000,-1.75985,0.09304,1.08104,0.11648
1.59300,0.65813,0.39615,-0.08974,-0.94419,-0.28098,0.03285,1.16210,-0.04838,0.68925,-0.14869,0.26641,0.67537,-0.01003,-1.76060,0.09306,1.08091,0.11779
1.59400,0.65777,0.39604,-0.08974,-0.94392,-0.28030,0.03284,1.16034,-0.04829,0.69033,-0.14857,0.26788,0.67617,-0.01007,-1.76135,0.09309,1.08078,0.11910
1.59500,0.65741,0.39593,-0.08974,-0.94365,-0.27962,0.03283,1.15858,-0.04819,0.69141,-0.14845,0.26937,0.67697,-0.01015,-1.76185,0.09309,1.08061,0.12038
1.59600,0.65705,0.39582,-0.08974,-0.94338,-0.27895,0.03282,1.15681,-0.04810,0.69249,-0.14833,0.27086,0.67777,-0.01023,-1.76235,0.09309,1.08043,0.12167
1.59700,0.65669,0.39571,-0.08974,-0.94311,-0.27827,0.03281,1.15505,-0.04801,0.69357,-0.14821,0.27233,0.67855,-0.01029,-1.76285,0.09309,1.08028,0.12298
1.59800,0.65633,0.39559,-0.08974,-0.94284,-0.27759,0.03280,1.15329,-0.04792,0.69465,-0.14808,0.27379,0.67933,-0.01034,-1.76335,0.09310,1.08013,0.12429
1.59900,0.65597,0.39548,-0.08974,-0.94256,-0.27691,0.03279,1.15153,-0.04782,0.69573,-0.14796,0.27526,0.68013,-0.01037,-1.76410,0.09312,1.07990,0.12555
1.60000,0.65561,0.39536,-0.08974,-0.94228,-0.27623,0.03278,1.14976,-0.04773,0.69681,-0.14783,0.27673,0.68093,-0.01040,-1.76485,0.09313,1.07967,0.12681
1.60100,0.65525,0.39524,-0.08974,-0.94201,-0.27555,0.03277,1.14800,-0.04764,0.69789,-0.14770,0.27814,0.68168,-0.01041,-1.76560,0.09316,1.07947,0.12812
1.60200,0.65490,0.39513,-0.08974,-0.94173,-0.27487,0.03276,1.14624,-0.04754,0.69897,-0.14758,0.27956,0.68243,-0.01042,-1.76635,0.09318,1.07927,0.12943
1.60300,0.65454,0.39501,-0.08974,-0.94145,-0.27418,0.03275,1.14447,-0.04745,0.70005,-0.14745,0.28095,0.68318,-0.01041,-1.76685,0.09322,1.07912,0.13071
1.60400,0.65418,0.39489,-0.08974,-0.94117,-0.27350,0.03274,1.14270,-0.04736,0.70113,-0.14732,0.28234,0.68393,-0.01040,-1.76735,0.09325,1.07896,0.13200
1.60500,0.65382,0.39476,-0.08974,-0.94088,-0.27281,0.03273,1.14093,-0.04726,0.70221,-0.14718,0.28376,0.68469,-0.01042,-1.76785,0.09327,1.07876,0.13326
1.60600,0.65347,0.39464,-0.08974,-0.94060,-0.27213,0.03272,1.13917,-0.04717,0.70329,-0.14705,0.28517,0.68544,-0.01045,-1.76835,0.09328,1.07856,0.13452
1.60700,0.65311,0.39452,-0.08974,-0.94031,-0.27144,0.03271,1.13740,-0.04708,0.70436,-0.14691,0.28659,0.68619,-0.01051,-1.76860,0.09326,1.07836,0.13580
1.60800,0.65276,0.39439,-0.08974,-0.94003,-0.27076,0.03270,1.13563,-0.04698,0.70544,-0.14678,0.28800,0.68694,-0.01056,-1.76885,0.09323,1.07816,0.13709
1.60900,0.65240,0.39427,-0.08974,-0.93974,-0.27007,0.03269,1.13386,-0.04689,0.70652,-0.14664,0.28945,0.68769,-0.01061,-1.76985,0.09322,1.07793,0.13832
1.61000,0.65205,0.39414,-0.08974,-0.93945,-0.26938,0.03267,1.13209,-0.04680,0.70760,-0.14650,0.29089,0.68844,-0.01065,-1.77085,0.09321,1.07770,0.13956
1.61100,0.65169,0.39401,-0.08974,-0.93915,-0.26869,0.03266,1.13032,-0.04670,0.70868,-0.14636,0.29228,0.68915,-0.01067,-1.77110,0.09321,1.07742,0.14082
1.61200,0.65134,0.39388,-0.08974,-0.93886,-0.26800,0.03265,1.12855,-0.04661,0.70975,-0.14622,0.29367,0.68985,-0.01070,-1.77135,0.09321,1.07715,0.14208
1.61300,0.65098,0.39375,-0.08974,-0.93857,-0.26731,0.03264,1.12677,-0.04652,0.71083,-0.14608,0.29506,0.69057,-0.01070,-1.77185,0.09321,1.07690,0.14331
1.61400,0.65063,0.39362,-0.08974,-0.93827,-0.26662,0.03263,1.12500,-0.04642,0.71191,-0.14593,0.29645,0.69130,-0.01069,-1.77235,0.09322,1.07664,0.14454
1.61500,0.65028,0.39349,-0.08974,-0.93797,-0.26593,0.03262,1.12323,-0.04633,0.71298,-0.14579,0.29777,0.69200,-0.01067,-1.77285,0.09324,1.07637,0.14570
1.61600,0.64992,0.39335,-0.08974,-0.93768,-0.26524,0.03261,1.12146,-0.04624,0.71406,-0.14564,0.29908,0.69270,-0.01064,-1.77335,0.09325,1.07609,0.14686
1.61700,0.64957,0.39322,-0.08974,-0.93738,-0.26454,0.03260,1.11968,-0.04614,0.71514,-0.14549,0.30040,0.69340,-0.01065,-1.77360,0.09324,1.07579,0.14810
1.61800,0.64922,0.39308,-0.08974,-0.93708,-0.26385,0.03259,1.11791,-0.04605,0.71621,-0.14534,0.30171,0.69411,-0.01065,-1.77385,0.09323,1.07549,0.14933
1.61900,0.64887,0.39295,-0.08974,-0.93677,-0.26316,0.03258,1.11613,-0.04596,0.71729,-0.14519,0.30311,0.69478,-0.01070,-1.77435,0.09319,1.07523,0.15059
1.62000,0.64852,0.39281,-0.08974,-0.93647,-0.26246,0.03257,1.11436,-0.04586,0.71836,-0.14504,0.30450,0.69546,-0.01076,-1.77485,0.09316,1.07498,0.15185
1.62100,0.64817,0.39267,-0.08974,-0.93616,-0.26177,0.03256,1.11258,-0.04577,0.71944,-0.14489,0.30584,0.69609,-0.01078,-1.77535,0.09314,1.07468,0.15314
1.62200,0.64782,0.39253,-0.08974,-0.93586,-0.26107,0.03255,1.11081,-0.04568,0.72051,-0.14474,0.30718,0.69671,-0.01081,-1.77585,0.09311,1.07438,0.15442
1.62300,0.64747,0.39239,-0.08974,-0.93555,-0.26037,0.03254,1.10903,-0.04559,0.72159,-0.14458,0.30854,0.69739,-0.01082,-1.77610,0.09310,1.07405,0.15568
1.62400,0.64712,0.39224,-0.08974,-0.93524,-0.25967,0.03252,1.10726,-0.04549,0.72266,-0.14443,0.30991,0.69806,-0.01083,-1.77635,0.09308,1.07372,0.15694
1.62500,0.64677,0.39210,-0.08974,-0.93493,-0.25898,0.03251,1.10548,-0.04540,0.72373,-0.14427,0.31125,0.69872,-0.01081,-1.77685,0.09307,1.07340,0.15813
1.62600,0.64643,0.39196,-0.08974,-0.93462,-0.25828,0.03250,1.10370,-0.04531,0.72481,-0.14411,0.31259,0.69937,-0.01080,-1.77735,0.09305,1.07307,0.15931
1.62700,0.64608,0.39181,-0.08974,-0.93430,-0.25758,0.03249,1.10192,-0.04521,0.72588,-0.14395,0.31386,0.70004,-0.01076,-1.77785,0.09305,1.07277,0.16045
1.62800,0.64573,0.39166,-0.08974,-0.93399,-0.25688,0.03248,1.10015,-0.04512,0.72695,-0.14379,0.31512,0.70072,-0.01072,-1.77835,0.09304,1.07247,0.16158
1.62900,0.64538,0.39151,-0.08974,-0.93367,-0.25618,0.03247,1.09837,-0.04503,0.72802,-0.14363,0.31642,0.70135,-0.01072,-1.77860,0.09302,1.07211,0.16277
1.63000,0.64504,0.39137,-0.08974,-0.93336,-0.25547,0.03246,1.09659,-0.04493,0.72910,-0.14346,0.31771,0.70197,-0.01072,-1.77885,0.09299,1.07176,0.16395
1.63100,0.64469,0.39121,-0.08974,-0.93304,-0.25477,0.03245,1.09481,-0.04484,0.73017,-0.14330,0.31900,0.70260,-0.01076,-1.77885,0.09294,1.07141,0.16516
1.63200,0.64435,0.39106,-0.08974,-0.93272,-0.25407,0.03244,1.09303,-0.04475,0.73124,-0.14313,0.32029,0.70323,-0.01079,-1.77885,0.09289,1.07106,0.16637
1.63300,0.64400,0.39091,-0.08974,-0.93240,-0.25337,0.03243,1.09125,-0.04466,0.73231,-0.14297,0.32160,0.70385,-0.01080,-1.77860,0.09285,1.07068,0.16758
1.63400,0.64366,0.39076,-0.08974,-0.93208,-0.25266,0.03242,1.08947,-0.04456,0.73338,-0.14280,0.32292,0.70448,-0.01081,-1.77835,0.09280,1.07030,0.16879
1.63500,0.64331,0.39060,-0.08974,-0.93175,-0.25196,0.03241,1.08770,-0.04447,0.73445,-0.14263,0.32419,0.70506,-0.01081,-1.77885,0.09277,1.06990,0.16998
1.63600,0.64297,0.39045,-0.08974,-0.93143,-0.25125,0.03239,1.08592,-0.04438,0.73552,-0.14246,0.32545,0.70563,-0.01080,-1.77935,0.09274,1.06950,0.17116
1.63700,0.64263,0.39029,-0.08974,-0.93110,-0.25055,0.03238,1.08414,-0.04428,0.73659,-0.14229,0.32672,0.70623,-0.01078,-1.77985,0.09271,1.06915,0.17230
1.63800,0.64228,0.39013,-0.08974,-0.93077,-0.24984,0.03237,1.08236,-0.04419,0.73766,-0.14211,0.32798,0.70684,-0.01076,-1.78035,0.09268,1.06880,0.17343
1.63900,0.64194,0.38997,-0.08974,-0.93045,-0.24913,0.03236,1.08058,-0.04410,0.73873,-0.14194,0.32918,0.70741,-0.01071,-1.78085,0.09267,1.06837,0.17462
1.64000,0.64160,0.38981,-0.08974,-0.93012,-0.24842,0.03235,1.07879,-0.04401,0.73980,-0.14176,0.33037,0.70799,-0.01066,-1.78135,0.09266,1.06794,0.17580
1.64100,0.64126,0.38965,-0.08974,-0.92978,-0.24772,0.03234,1.07701,-0.04391,0.74086,-0.14159,0.33161,0.70857,-0.01065,-1.78110,0.09261,1.06751,0.17696
1.64200,0.64092,0.38949,-0.08974,-0.92945,-0.24701,0.03233,1.07523,-0.04382,0.74193,-0.14141,0.33285,0.70914,-0.01064,-1.78085,0.09257,1.06709,0.17812
1.64300,0.64058,0.38933,-0.08974,-0.92912,-0.24630,0.03232,1.07345,-0.04373,0.74300,-0.14123,0.33414,0.70969,-0.01062,-1.78035,0.09253,1.06664,0.17926
1.64400,0.64024,0.38916,-0.08974,-0.92879,-0.24559,0.03231,1.07167,-0.04364,0.74406,-0.14105,0.33543,0.71024,-0.01060,-1.77985,0.09249,1.06618,0.18039
1.64500,0.63990,0.38900,-0.08974,-0.92845,-0.24488,0.03230,1.06989,-0.04354,0.74513,-0.14087,0.33670,0.71075,-0.01062,-1.78035,0.09242,1.06573,0.18160
1.64600,0.63956,0.38883,-0.08974,-0.92811,-0.24417,0.03229,1.06811,-0.04345,0.74620,-0.14069,0.33796,0.71125,-0.01064,-1.78085,0.09235,1.06528,0.18281
1.64700,0.63923,0.38866,-0.08974,-0.92777,-0.24345,0.03228,1.06633,-0.04336,0.74726,-0.14050,0.33920,0.71175,-0.01065,-1.78110,0.09229,1.06480,0.18395
1.64800,0.63889,0.38850,-0.08974,-0.92743,-0.24274,0.03227,1.06455,-0.04327,0.74832,-0.14032,0.34044,0.71225,-0.01065,-1.78135,0.09222,1.06433,0.18508
1.64900,0.63855,0.38833,-0.08974,-0.92709,-0.24203,0.03226,1.06277,-0.04317,0.74939,-0.14013,0.34161,0.71280,-0.01063,-1.78135,0.09217,1.06387,0.18627
1.65000,0.63822,0.38816,-0.08974,-0.92675,-0.24132,0.03225,1.06098,-0.04308,0.75045,-0.13995,0.34278,0.71335,-0.01061,-1.78135,0.09213,1.06342,0.18745
1.65100,0.63788,0.38798,-0.08974,-0.92641,-0.24060,0.03224,1.05920,-0.04299,0.75152,-0.13976,0.34394,0.71388,-0.01057,-1.78160,0.09208,1.06297,0.18856
1.65200,0.63755,0.38781,-0.08974,-0.92606,-0.23989,0.03222,1.05742,-0.04290,0.75258,-0.13957,0.34511,0.71441,-0.01052,-1.78185,0.09204,1.06252,0.18967
1.65300,0.63721,0.38764,-0.08974,-0.92572,-0.23917,0.03221,1.05564,-0.04281,0.75364,-0.13938,0.34630,0.71491,-0.01046,-1.78160,0.09201,1.06199,0.19071
1.65400,0.63688,0.38746,-0.08974,-0.92537,-0.23846,0.03220,1.05386,-0.04271,0.75470,-0.13919,0.34749,0.71541,-0.01039,-1.78135,0.09199,1.06146,0.19174
1.65500,0.63654,0.38729,-0.08974,-0.92502,-0.23774,0.03219,1.05208,-0.04262,0.75576,-0.13900,0.34868,0.71594,-0.01037,-1.78135,0.09193,1.06099,0.19285
1.65600,0.63621,0.38711,-0.08974,-0.92467,-0.23703,0.03218,1.05029,-0.04253,0.75683,-0.13880,0.34987,0.71646,-0.01034,-1.78135,0.09188,1.06051,0.19396
1.65700,0.63588,0.38693,-0.08974,-0.92432,-0.23631,0.03217,1.04851,-0.04244,0.75788,-0.13861,0.35104,0.71689,-0.01031,-1.78160,0.09182,1.05996,0.19505
1.65800,0.63555,0.38675,-0.08974,-0.92397,-0.23559,0.03216,1.04673,-0.04235,0.75894,-0.13841,0.35220,0.71732,-0.01028,-1.78185,0.09176,1.05941,0.19613
1.65900,0.63522,0.38657,-0.08974,-0.92362,-0.23488,0.03215,1.04495,-0.04225,0.76000,-0.13822,0.35342,0.71779,-0.01029,-1.78160,0.09167,1.05885,0.19732
1.66000,0.63488,0.38639,-0.08974,-0.92326,-0.23416,0.03214,1.04317,-0.04216,0.76106,-0.13802,0.35464,0.71827,-0.01030,-1.78135,0.09159,1.05830,0.19850
1.66100,0.63455,0.38621,-0.08974,-0.92291,-0.23344,0.03213,1.04139,-0.04207,0.76212,-0.13782,0.35580,0.71869,-0.01029,-1.78135,0.09151,1.05777,0.19966
1.66200,0.63423,0.38603,-0.08974,-0.92255,-0.23272,0.03212,1.03960,-0.04198,0.76318,-0.13762,0.35697,0.71912,-0.01028,-1.78135,0.09143,1.05725,0.20082
1.66300,0.63390,0.38584,-0.08974,-0.92219,-0.23200,0.03211,1.03782,-0.04189,0.76423,-0.13742,0.35813,0.71957,-0.01024,-1.78110,0.09136,1.05670,0.20196
1.66400,0.63357,0.38566,-0.08974,-0.92183,-0.23128,0.03210,1.03604,-0.04180,0.76529,-0.13721,0.35930,0.72002,-0.01020,-1.78085,0.09130,1.05614,0.20309
1.66500,0.63324,0.38547,-0.08974,-0.92147,-0.23056,0.03209,1.03426,-0.04171,0.76635,-0.13701,0.36039,0.72048,-0.01015,-1.78035,0.09124,1.05559,0.20415
1.66600,0.63291,0.38528,-0.08974,-0.92111,-0.22984,0.03208,1.03248,-0.04161,0.76740,-0.13681,0.36148,0.72093,-0.01009,-1.77985,0.09119,1.05504,0.20521
1.66700,0.63259,0.38509,-0.08974,-0.92075,-0.22912,0.03207,1.03071,-0.04152,0.76846,-0.13660,0.36255,0.72130,-0.01002,-1.77985,0.09115,1.05446,0.20622
1.66800,0.63226,0.38491,-0.08974,-0.92039,-0.22840,0.03206,1.02893,-0.04143,0.76951,-0.13639,0.36361,0.72168,-0.00994,-1.77985,0.09111,1.05389,0.20723
1.66900,0.63194,0.38472,-0.08974,-0.92002,-0.22768,0.03205,1.02715,-0.04134,0.77057,-0.13619,0.36473,0.72208,-0.00990,-1.77985,0.09104,1.05326,0.20829
1.67000,0.63161,0.38452,-0.08974,-0.91966,-0.22695,0.03204,1.02537,-0.04125,0.77162,-0.13598,0.36585,0.72248,-0.00986,-1.77985,0.09097,1.05263,0.20935
1.67100,0.63129,0.38433,-0.08974,-0.91929,-0.22623,0.03203,1.02359,-0.04116,0.77267,-0.13577,0.36696,0.72283,-0.00982,-1.77985,0.09090,1.05200,0.21038
1.67200,0.63096,0.38414,-0.08974,-0.91893,-0.22551,0.03202,1.02181,-0.04107,0.77372,-0.13556,0.36808,0.72319,-0.00978,-1.77985,0.09082,1.05138,0.21142
1.67300,0.63064,0.38394,-0.08974,-0.91856,-0.22478,0.03201,1.02003,-0.04098,0.77477,-0.13534,0.36924,0.72361,-0.00978,-1.77935,0.09072,1.05075,0.21253
1.67400,0.63032,0.38375,-0.08974,-0.91819,-0.22406,0.03200,1.01825,-0.04089,0.77582,-0.13513,0.37041,0.72404,-0.00977,-1.77885,0.09062,1.05012,0.21364
1.67500,0.63000,0.38355,-0.08974,-0.91782,-0.22334,0.03199,1.01647,-0.04080,0.77687,-0.13492,0.37150,0.72442,-0.00975,-1.77860,0.09054,1.04950,0.21472
1.67600,0.62967,0.38335,-0.08974,-0.91744,-0.22261,0.03198,1.01469,-0.04071,0.77792,-0.13470,0.37259,0.72479,-0.00972,-1.77835,0.09045,1.04887,0.21581
1.67700,0.62935,0.38316,-0.08974,-0.91707,-0.22189,0.03197,1.01291,-0.04062,0.77897,-0.13449,0.37368,0.72512,-0.00967,-1.77785,0.09038,1.04824,0.21684
1.67800,0.62903,0.38296,-0.08974,-0.91670,-0.22116,0.03196,1.01114,-0.04053,0.78002,-0.13427,0.37477,0.72545,-0.00962,-1.77735,0.09031,1.04762,0.21788
1.67900,0.62871,0.38276,-0.08974,-0.91632,-0.22044,0.03195,1.00936,-0.04044,0.78107,-0.13405,0.37582,0.72575,-0.00956,-1.77685,0.09024,1.04694,0.21891
1.68000,0.62840,0.38255,-0.08974,-0.91595,-0.21971,0.03194,1.00758,-0.04034,0.78211,-0.13383,0.37686,0.72605,-0.00949,-1.77635,0.09017,1.04626,0.21995
1.68100,0.62808,0.38235,-0.08974,-0.91557,-0.21898,0.03193,1.00580,-0.04025,0.78316,-0.13361,0.37787,0.72635,-0.00940,-1.77620,0.09011,1.04556,0.22096
1.68200,0.62776,0.38215,-0.08974,-0.91519,-0.21826,0.03192,1.00403,-0.04016,0.78420,-0.13339,0.37889,0.72665,-0.00931,-1.77605,0.09005,1.04486,0.22197
1.68300,0.62744,0.38194,-0.08974,-0.91481,-0.21753,0.03192,1.00225,-0.04007,0.78525,-0.13317,0.37998,0.72698,-0.00925,-1.77550,0.08996,1.04411,0.22300
1.68400,0.62713,0.38174,-0.08974,-0.91443,-0.21680,0.03191,1.00048,-0.03998,0.78629,-0.13294,0.38107,0.72730,-0.00920,-1.77495,0.08987,1.04335,0.22404
1.68500,0.62681,0.38153,-0.08974,-0.91405,-0.21608,0.03190,0.99870,-0.03989,0.78734,-0.13272,0.38209,0.72763,-0.00915,-1.77475,0.08979,1.04265,0.22510
1.68600,0.62650,0.38132,-0.08974,-0.91367,-0.21535,0.03189,0.99693,-0.03981,0.78838,-0.13249,0.38310,0.72796,-0.00910,-1.77455,0.08970,1.04195,0.22616
1.68700,0.62618,0.38111,-0.08974,-0.91328,-0.21462,0.03188,0.99515,-0.03972,0.78942,-0.13227,0.38414,0.72821,-0.00905,-1.77413,0.08962,1.04122,0.22717
1.68800,0.62587,0.38091,-0.08974,-0.91290,-0.21389,0.03187,0.99338,-0.03963,0.79046,-0.13204,0.38518,0.72846,-0.00900,-1.77370,0.08954,1.04050,0.22818
1.68900,0.62556,0.38070,-0.08974,-0.91251,-0.21316,0.03186,0.99160,-0.03954,0.79150,-0.13181,0.38628,0.72869,-0.00898,-1.77315,0.08943,1.03979,0.22924
1.69000,0.62525,0.38049,-0.08974,-0.91212,-0.21243,0.03185,0.98983,-0.03945,0.79254,-0.13158,0.38737,0.72891,-0.00896,-1.77260,0.08932,1.03909,0.23030
1.69100,0.62493,0.38027,-0.08974,-0.91174,-0.21170,0.03184,0.98806,-0.03936,0.79358,-0.13135,0.38841,0.72917,-0.00892,-1.77210,0.08922,1.03834,0.23133
1.69200,0.62462,0.38006,-0.08974,-0.91135,-0.21098,0.03183,0.98629,-0.03927,0.79462,-0.13112,0.38945,0.72942,-0.00888,-1.77160,0.08912,1.03759,0.23237
1.69300,0.62431,0.37984,-0.08974,-0.91096,-0.21025,0.03183,0.98452,-0.03918,0.79565,-0.13088,0.39049,0.72964,-0.00882,-1.77105,0.08903,1.03679,0.23333
1.69400,0.62400,0.37963,-0.08974,-0.91057,-0.20952,0.03182,0.98275,-0.03909,0.79669,-0.13065,0.39153,0.72987,-0.00876,-1.77050,0.08893,1.03598,0.23429
1.69500,0.62369,0.37941,-0.08974,-0.91017,-0.20879,0.03181,0.98098,-0.03900,0.79773,-0.13041,0.39250,0.73010,-0.00867,-1.76992,0.08885,1.03521,0.23525
1.69600,0.62339,0.37920,-0.08974,-0.90978,-0.20806,0.03180,0.97921,-0.03891,0.79876,-0.13018,0.39346,0.73032,-0.00859,-1.76935,0.08877,1.03443,0.23621
1.69700,0.62308,0.37898,-0.08974,-0.90939,-0.20733,0.03179,0.97744,-0.03882,0.79979,-0.12994,0.39440,0.73050,-0.00849,-1.76872,0.08871,1.03363,0.23712
1.69800,0.62277,0.37876,-0.08974,-0.90899,-0.20659,0.03178,0.97567,-0.03874,0.80083,-0.12971,0.39534,0.73068,-0.00839,-1.76810,0.08864,1.03283,0.23803
1.69900,0.62247,0.37854,-0.08974,-0.90860,-0.20586,0.03177,0.97390,-0.03865,0.80186,-0.12947,0.39634,0.73088,-0.00833,-1.76748,0.08854,1.03202,0.23904
1.70000,0.62216,0.37832,-0.08974,-0.90820,-0.20513,0.03177,0.97213,-0.03856,0.80289,-0.12923,0.39733,0.73108,-0.00827,-1.76685,0.08844,1.03122,0.24005
1.70100,0.62186,0.37809,-0.08974,-0.90780,-0.20440,0.03176,0.97037,-0.03847,0.80392,-0.12899,0.39832,0.73128,-0.00820,-1.76618,0.08835,1.03039,0.24106
1.70200,0.62155,0.37787,-0.08974,-0.90740,-0.20367,0.03175,0.96860,-0.03838,0.80495,-0.12875,0.39931,0.73148,-0.00814,-1.76550,0.08825,1.02957,0.24207
1.70300,0.62125,0.37765,-0.08974,-0.90700,-0.20294,0.03174,0.96684,-0.03829,0.80598,-0.12850,0.40025,0.73161,-0.00807,-1.76485,0.08816,1.02869,0.24303
1.70400,0.62095,0.37742,-0.08974,-0.90660,-0.20221,0.03173,0.96507,-0.03821,0.80701,-0.12826,0.40119,0.73173,-0.00799,-1.76420,0.08806,1.02781,0.24399
1.70500,0.62064,0.37720,-0.08974,-0.90620,-0.20148,0.03172,0.96331,-0.03812,0.80804,-0.12801,0.40221,0.73184,-0.00796,-1.76348,0.08794,1.02694,0.24497
1.70600,0.62034,0.37697,-0.08974,-0.90580,-0.20074,0.03172,0.96154,-0.03803,0.80906,-0.12777,0.40322,0.73194,-0.00792,-1.76275,0.08782,1.02606,0.24596
1.70700,0.62004,0.37674,-0.08974,-0.90539,-0.20001,0.03171,0.95978,-0.03794,0.81009,-0.12752,0.40419,0.73206,-0.00787,-1.76200,0.08771,1.02518,0.24692
1.70800,0.61974,0.37651,-0.08974,-0.90499,-0.19928,0.03170,0.95802,-0.03785,0.81111,-0.12728,0.40515,0.73219,-0.00781,-1.76125,0.08760,1.02431,0.24788
1.70900,0.61944,0.37628,-0.08974,-0.90458,-0.19855,0.03169,0.95626,-0.03777,0.81214,-0.12703,0.40610,0.73234,-0.00774,-1.76043,0.08750,1.02338,0.24884
1.71000,0.61915,0.37605,-0.08974,-0.90418,-0.19781,0.03169,0.95450,-0.03768,0.81316,-0.12678,0.40704,0.73249,-0.00766,-1.75960,0.08740,1.02245,0.24980
1.71100,0.61885,0.37582,-0.08974,-0.90377,-0.19708,0.03168,0.95274,-0.03759,0.81418,-0.12653,0.40798,0.73257,-0.00757,-1.75873,0.08731,1.02155,0.25073
1.71200,0.61855,0.37559,-0.08974,-0.90336,-0.19635,0.03167,0.95098,-0.03750,0.81521,-0.12628,0.40892,0.73265,-0.00749,-1.75785,0.08722,1.02065,0.25167
1.71300,0.61826,0.37536,-0.08974,-0.90295,-0.19562,0.03166,0.94922,-0.03742,0.81622,-0.12602,0.40976,0.73272,-0.00738,-1.75697,0.08714,1.01972,0.25260
1.71400,0.61796,0.37512,-0.08974,-0.90254,-0.19488,0.03166,0.94747,-0.03733,0.81724,-0.12577,0.41060,0.73280,-0.00727,-1.75610,0.08706,1.01879,0.25353
1.71500,0.61767,0.37489,-0.08974,-0.90213,-0.19415,0.03165,0.94571,-0.03724,0.81826,-0.12552,0.41157,0.73283,-0.00720,-1.75523,0.08695,1.01787,0.25444
1.71600,0.61737,0.37465,-0.08974,-0.90172,-0.19342,0.03164,0.94396,-0.03716,0.81928,-0.12526,0.41253,0.73285,-0.00712,-1.75435,0.08685,1.01694,0.25535
1.71700,0.61708,0.37441,-0.08974,-0.90131,-0.19269,0.03163,0.94220,-0.03707,0.82030,-0.12501,0.41342,0.73288,-0.00705,-1.75343,0.08674,1.01599,0.25629
1.71800,0.61679,0.37417,-0.08974,-0.90089,-0.19195,0.03163,0.94045,-0.03698,0.82131,-0.12475,0.41431,0.73291,-0.00697,-1.75250,0.08663,1.01504,0.25722
1.71900,0.61650,0.37394,-0.08974,-0.90048,-0.19122,0.03162,0.93870,-0.03690,0.82233,-0.12449,0.41523,0.73293,-0.00689,-1.75155,0.08652,1.01403,0.25811
1.72000,0.61620,0.37370,-0.08974,-0.90006,-0.19049,0.03161,0.93695,-0.03681,0.82334,-0.12423,0.41615,0.73296,-0.00681,-1.75060,0.08641,1.01303,0.25899
1.72100,0.61591,0.37346,-0.08974,-0.89964,-0.18975,0.03161,0.93520,-0.03672,0.82435,-0.12397,0.41706,0.73291,-0.00672,-1.74960,0.08631,1.01203,0.25988
1.72200,0.61562,0.37321,-0.08974,-0.89923,-0.18902,0.03160,0.93345,-0.03664,0.82536,-0.12371,0.41798,0.73286,-0.00664,-1.74860,0.08620,1.01103,0.26076
1.72300,0.61534,0.37297,-0.08974,-0.89881,-0.18829,0.03159,0.93170,-0.03655,0.82637,-0.12345,0.41887,0.73286,-0.00659,-1.74755,0.08607,1.00998,0.26170
1.72400,0.61505,0.37273,-0.08974,-0.89839,-0.18755,0.03159,0.92995,-0.03646,0.82738,-0.12319,0.41976,0.73286,-0.00654,-1.74650,0.08594,1.00892,0.26263
1.72500,0.61476,0.37248,-0.08974,-0.89797,-0.18682,0.03158,0.92821,-0.03638,0.82839,-0.12293,0.42068,0.73287,-0.00647,-1.74543,0.08582,1.00785,0.26354
1.72600,0.61447,0.37224,-0.08974,-0.89755,-0.18609,0.03157,0.92646,-0.03629,0.82940,-0.12266,0.42159,0.73287,-0.00641,-1.74435,0.08570,1.00677,0.26445
1.72700,0.61419,0.37199,-0.08974,-0.89713,-0.18536,0.03157,0.92472,-0.03621,0.83041,-0.12240,0.42246,0.73282,-0.00632,-1.74323,0.08559,1.00569,0.26539
1.72800,0.61390,0.37174,-0.08974,-0.89670,-0.18462,0.03156,0.92297,-0.03612,0.83141,-0.12213,0.42332,0.73277,-0.00624,-1.74210,0.08547,1.00462,0.26632
1.72900,0.61362,0.37150,-0.08974,-0.89628,-0.18389,0.03155,0.92123,-0.03604,0.83242,-0.12187,0.42419,0.73270,-0.00615,-1.74097,0.08537,1.00356,0.26716
1.73000,0.61334,0.37125,-0.08974,-0.89585,-0.18316,0.03155,0.91949,-0.03595,0.83342,-0.12160,0.42506,0.73262,-0.00605,-1.73985,0.08527,1.00251,0.26799
1.73100,0.61306,0.37100,-0.08974,-0.89543,-0.18243,0.03154,0.91775,-0.03587,0.83442,-0.12133,0.42587,0.73255,-0.00592,-1.73862,0.08519,1.00146,0.26885
1.73200,0.61277,0.37075,-0.08974,-0.89500,-0.18169,0.03154,0.91601,-0.03578,0.83542,-0.12106,0.42669,0.73248,-0.00580,-1.73740,0.08510,1.00041,0.26971
1.73300,0.61249,0.37050,-0.08974,-0.89458,-0.18096,0.03153,0.91428,-0.03570,0.83642,-0.12079,0.42753,0.73233,-0.00571,-1.73618,0.08499,0.99933,0.27060
1.73400,0.61221,0.37024,-0.08974,-0.89415,-0.18023,0.03153,0.91254,-0.03561,0.83742,-0.12052,0.42837,0.73218,-0.00562,-1.73495,0.08487,0.99825,0.27148
1.73500,0.61193,0.36999,-0.08974,-0.89372,-0.17950,0.03152,0.91081,-0.03553,0.83842,-0.12025,0.42919,0.73208,-0.00553,-1.73365,0.08476,0.99713,0.27234
1.73600,0.61165,0.36974,-0.08974,-0.89329,-0.17876,0.03151,0.90908,-0.03544,0.83941,-0.11997,0.43000,0.73198,-0.00544,-1.73235,0.08465,0.99600,0.27320
1.73700,0.61138,0.36948,-0.08974,-0.89286,-0.17803,0.03151,0.90734,-0.03536,0.84041,-0.11970,0.43082,0.73181,-0.00535,-1.73105,0.08453,0.99482,0.27406
1.73800,0.61110,0.36923,-0.08974,-0.89243,-0.17730,0.03150,0.90561,-0.03527,0.84140,-0.11943,0.43163,0.73164,-0.00526,-1.72975,0.08441,0.99365,0.27492
1.73900,0.61082,0.36897,-0.08974,-0.89200,-0.17657,0.03150,0.90388,-0.03519,0.84240,-0.11915,0.43248,0.73146,-0.00517,-1.72847,0.08430,0.99244,0.27573
1.74000,0.61055,0.36871,-0.08974,-0.89156,-0.17584,0.03149,0.90216,-0.03510,0.84339,-0.11887,0.43332,0.73129,-0.00508,-1.72720,0.08418,0.99124,0.27654
1.74100,0.61028,0.36845,-0.08974,-0.89113,-0.17511,0.03149,0.90043,-0.03502,0.84438,-0.11860,0.43413,0.73114,-0.00498,-1.72580,0.08406,0.99004,0.27738
1.74200,0.61000,0.36819,-0.08974,-0.89069,-0.17438,0.03148,0.89870,-0.03494,0.84537,-0.11832,0.43495,0.73099,-0.00488,-1.72440,0.08394,0.98884,0.27821
1.74300,0.60973,0.36793,-0.08974,-0.89026,-0.17364,0.03148,0.89698,-0.03485,0.84636,-0.11804,0.43581,0.73072,-0.00482,-1.72300,0.08380,0.98761,0.27915
1.74400,0.60946,0.36767,-0.08974,-0.88982,-0.17291,0.03147,0.89526,-0.03477,0.84734,-0.11776,0.43668,0.73044,-0.00477,-1.72160,0.08366,0.98638,0.28008
1.74500,0.60919,0.36741,-0.08974,-0.88939,-0.17218,0.03147,0.89354,-0.03468,0.84833,-0.11748,0.43750,0.73022,-0.00469,-1.72010,0.08353,0.98518,0.28094
1.74600,0.60891,0.36715,-0.08974,-0.88895,-0.17145,0.03146,0.89182,-0.03460,0.84932,-0.11720,0.43831,0.73000,-0.00461,-1.71860,0.08340,0.98398,0.28180
1.74700,0.60865,0.36688,-0.08974,-0.88851,-0.17072,0.03146,0.89010,-0.03452,0.85030,-0.11692,0.43905,0.72975,-0.00452,-1.71705,0.08328,0.98273,0.28261
1.74800,0.60838,0.36662,-0.08974,-0.88807,-0.16999,0.03146,0.88838,-0.03443,0.85128,-0.11663,0.43979,0.72950,-0.00443,-1.71550,0.08316,0.98148,0.28342
1.74900,0.60811,0.36635,-0.08974,-0.88763,-0.16926,0.03145,0.88667,-0.03435,0.85226,-0.11635,0.44056,0.72923,-0.00432,-1.71398,0.08306,0.98017,0.28421
1.75000,0.60784,0.36609,-0.08974,-0.88719,-0.16853,0.03145,0.88496,-0.03427,0.85324,-0.11607,0.44133,0.72895,-0.00421,-1.71245,0.08295,0.97887,0.28499
1.75100,0.60758,0.36582,-0.08974,-0.88675,-0.16781,0.03144,0.88324,-0.03419,0.85422,-0.11578,0.44204,0.72868,-0.00407,-1.71085,0.08285,0.97759,0.28578
1.75200,0.60731,0.36555,-0.08974,-0.88630,-0.16708,0.03144,0.88153,-0.03410,0.85520,-0.11549,0.44276,0.72841,-0.00394,-1.70925,0.08276,0.97632,0.28656
1.75300,0.60705,0.36528,-0.08974,-0.88586,-0.16635,0.03143,0.87983,-0.03402,0.85617,-0.11521,0.44355,0.72808,-0.00384,-1.70762,0.08263,0.97497,0.28740
1.75400,0.60678,0.36501,-0.08974,-0.88542,-0.16562,0.03143,0.87812,-0.03394,0.85715,-0.11492,0.44434,0.72776,-0.00374,-1.70600,0.08251,0.97361,0.28823
1.75500,0.60652,0.36474,-0.08974,-0.88497,-0.16489,0.03143,0.87641,-0.03385,0.85812,-0.11463,0.44513,0.72741,-0.00364,-1.70430,0.08238,0.97229,0.28904
1.75600,0.60626,0.36447,-0.08974,-0.88453,-0.16417,0.03142,0.87471,-0.03377,0.85909,-0.11434,0.44592,0.72706,-0.00354,-1.70260,0.08226,0.97096,0.28985
1.75700,0.60600,0.36420,-0.08974,-0.88408,-0.16344,0.03142,0.87301,-0.03369,0.86006,-0.11405,0.44669,0.72669,-0.00343,-1.70085,0.08213,0.96963,0.29063
1.75800,0.60574,0.36393,-0.08974,-0.88363,-0.16271,0.03142,0.87131,-0.03361,0.86103,-0.11376,0.44745,0.72632,-0.00333,-1.69910,0.08201,0.96831,0.29141
1.75900,0.60548,0.36366,-0.08974,-0.88319,-0.16199,0.03141,0.86961,-0.03353,0.86200,-0.11347,0.44820,0.72592,-0.00323,-1.69735,0.08189,0.96690,0.29219
1.76000,0.60522,0.36338,-0.08974,-0.88274,-0.16126,0.03141,0.86791,-0.03344,0.86296,-0.11318,0.44894,0.72552,-0.00314,-1.69560,0.08177,0.96550,0.29296
1.76100,0.60496,0.36311,-0.08974,-0.88229,-0.16054,0.03141,0.86622,-0.03336,0.86393,-0.11288,0.44965,0.72510,-0.00303,-1.69380,0.08165,0.96410,0.29375
1.76200,0.60470,0.36283,-0.08974,-0.88184,-0.15981,0.03140,0.86453,-0.03328,0.86489,-0.11259,0.45037,0.72467,-0.00293,-1.69200,0.08153,0.96270,0.29455
1.76300,0.60445,0.36255,-0.08974,-0.88139,-0.15909,0.03140,0.86283,-0.03320,0.86585,-0.11229,0.45106,0.72425,-0.00283,-1.69013,0.08140,0.96125,0.29532
1.76400,0.60419,0.36228,-0.08974,-0.88094,-0.15836,0.03140,0.86114,-0.03312,0.86681,-0.11200,0.45175,0.72382,-0.00272,-1.68825,0.08128,0.95979,0.29609
1.76500,0.60394,0.36200,-0.08974,-0.88048,-0.15764,0.03140,0.85946,-0.03304,0.86777,-0.11170,0.45249,0.72338,-0.00265,-1.68630,0.08113,0.95832,0.29690
1.76600,0.60369,0.36172,-0.08974,-0.88003,-0.15692,0.03139,0.85777,-0.03296,0.86873,-0.11140,0.45323,0.72293,-0.00257,-1.68435,0.08099,0.95684,0.29770
1.76700,0.60343,0.36144,-0.08974,-0.87958,-0.15619,0.03139,0.85609,-0.03288,0.86969,-0.11111,0.45397,0.72243,-0.00248,-1.68240,0.08085,0.95539,0.29848
1.76800,0.60318,0.36116,-0.08974,-0.87912,-0.15547,0.03139,0.85441,-0.03279,0.87064,-0.11081,0.45471,0.72193,-0.00239,-1.68045,0.08071,0.95394,0.29926
1.76900,0.60293,0.36087,-0.08974,-0.87867,-0.15475,0.03139,0.85273,-0.03271,0.87160,-0.11051,0.45541,0.72143,-0.00229,-1.67842,0.08058,0.95243,0.30002
1.77000,0.60268,0.36059,-0.08974,-0.87821,-0.15403,0.03138,0.85105,-0.03263,0.87255,-0.11021,0.45610,0.72093,-0.00219,-1.67640,0.08045,0.95093,0.30078
1.77100,0.60243,0.36031,-0.08974,-0.87776,-0.15331,0.03138,0.84938,-0.03255,0.87350,-0.10991,0.45681,0.72043,-0.00206,-1.67437,0.08033,0.94943,0.30152
1.77200,0.60218,0.36002,-0.08974,-0.87730,-0.15259,0.03138,0.84770,-0.03247,0.87445,-0.10960,0.45753,0.71994,-0.00194,-1.67235,0.08022,0.94793,0.30226
1.77300,0.60194,0.35974,-0.08974,-0.87684,-0.15187,0.03138,0.84603,-0.03239,0.87539,-0.10930,0.45822,0.71939,-0.00181,-1.67022,0.08012,0.94638,0.30298
1.77400,0.60169,0.35946,-0.08974,-0.87638,-0.15115,0.03138,0.84436,-0.03231,0.87634,-0.10900,0.45891,0.71884,-0.00167,-1.66810,0.08002,0.94482,0.30370
1.77500,0.60145,0.35917,-0.08974,-0.87592,-0.15043,0.03137,0.84269,-0.03223,0.87728,-0.10869,0.45960,0.71822,-0.00157,-1.66593,0.07989,0.94325,0.30445
1.77600,0.60120,0.35888,-0.08974,-0.87546,-0.14971,0.03137,0.84103,-0.03215,0.87823,-0.10839,0.46029,0.71759,-0.00146,-1.66375,0.07976,0.94167,0.30519
1.77700,0.60096,0.35859,-0.08974,-0.87500,-0.14899,0.03137,0.83937,-0.03207,0.87917,-0.10808,0.46096,0.71694,-0.00135,-1.66155,0.07964,0.94004,0.30592
1.77800,0.60071,0.35830,-0.08974,-0.87454,-0.14828,0.03137,0.83771,-0.03199,0.88011,-0.10778,0.46162,0.71630,-0.00124,-1.65935,0.07951,0.93842,0.30666
1.77900,0.60047,0.35802,-0.08974,-0.87408,-0.14756,0.03137,0.83605,-0.03191,0.88104,-0.10747,0.46224,0.71567,-0.00113,-1.65705,0.07938,0.93679,0.30739
1.78000,0.60023,0.35773,-0.08974,-0.87362,-0.14685,0.03137,0.83439,-0.03183,0.88198,-0.10716,0.46286,0.71505,-0.00102,-1.65475,0.07925,0.93516,0.30812
1.78100,0.59999,0.35743,-0.08974,-0.87315,-0.14613,0.03137,0.83274,-0.03176,0.88291,-0.10685,0.46352,0.71440,-0.00091,-1.65243,0.07912,0.93349,0.30885
1.78200,0.59975,0.35714,-0.08974,-0.87269,-0.14542,0.03137,0.83109,-0.03168,0.88385,-0.10654,0.46419,0.71375,-0.00080,-1.65010,0.07899,0.93181,0.30957
1.78300,0.59952,0.35685,-0.08974,-0.87222,-0.14470,0.03137,0.82944,-0.03160,0.88478,-0.10623,0.46483,0.71310,-0.00069,-1.64772,0.07887,0.93011,0.31029
1.78400,0.59928,0.35656,-0.08974,-0.87176,-0.14399,0.03136,0.82779,-0.03152,0.88571,-0.10592,0.46547,0.71245,-0.00058,-1.64535,0.07874,0.92840,0.31101
1.78500,0.59904,0.35626,-0.08974,-0.87129,-0.14328,0.03136,0.82615,-0.03144,0.88663,-0.10561,0.46614,0.71176,-0.00047,-1.64292,0.07861,0.92670,0.31172
1.78600,0.59881,0.35597,-0.08974,-0.87083,-0.14257,0.03136,0.82450,-0.03136,0.88756,-0.10530,0.46680,0.71106,-0.00036,-1.64050,0.07849,0.92500,0.31243
1.78700,0.59857,0.35567,-0.08974,-0.87036,-0.14186,0.03136,0.82287,-0.03128,0.88848,-0.10499,0.46742,0.71028,-0.00025,-1.63805,0.07836,0.92327,0.31314
1.78800,0.59834,0.35538,-0.08974,-0.86989,-0.14115,0.03136,0.82123,-0.03120,0.88941,-0.10467,0.46803,0.70951,-0.00014,-1.63560,0.07823,0.92155,0.31384
1.78900,0.59811,0.35508,-0.08974,-0.86942,-0.14044,0.03136,0.81960,-0.03113,0.89033,-0.10436,0.46865,0.70874,-0.00005,-1.63305,0.07807,0.91979,0.31456
1.79000,0.59788,0.35478,-0.08974,-0.86895,-0.13973,0.03136,0.81796,-0.03105,0.89125,-0.10405,0.46927,0.70796,0.00003,-1.63050,0.07791,0.91804,0.31527
1.79100,0.59765,0.35449,-0.08974,-0.86849,-0.13902,0.03136,0.81633,-0.03097,0.89216,-0.10373,0.46993,0.70714,0.00013,-1.62787,0.07777,0.91622,0.31597
1.79200,0.59742,0.35419,-0.08974,-0.86802,-0.13831,0.03136,0.81471,-0.03089,0.89308,-0.10341,0.47060,0.70632,0.00023,-1.62525,0.07762,0.91439,0.31668
1.79300,0.59719,0.35389,-0.08974,-0.86754,-0.13761,0.03136,0.81308,-0.03082,0.89399,-0.10310,0.47119,0.70547,0.00035,-1.62260,0.07750,0.91256,0.31737
1.79400,0.59696,0.35359,-0.08974,-0.86707,-0.13690,0.03136,0.81146,-0.03074,0.89490,-0.10278,0.47178,0.70462,0.00046,-1.61995,0.07737,0.91073,0.31806
1.79500,0.59673,0.35329,-0.08974,-0.86660,-0.13620,0.03136,0.80984,-0.03066,0.89581,-0.10246,0.47242,0.70380,0.00058,-1.61722,0.07725,0.90888,0.31873
1.79600,0.59651,0.35298,-0.08974,-0.86613,-0.13550,0.03137,0.80823,-0.03058,0.89672,-0.10214,0.47306,0.70297,0.00071,-1.61450,0.07713,0.90703,0.31941
1.79700,0.59628,0.35268,-0.08974,-0.86565,-0.13479,0.03137,0.80661,-0.03051,0.89763,-0.10182,0.47363,0.70205,0.00085,-1.61175,0.07703,0.90520,0.32007
1.79800,0.59606,0.35238,-0.08974,-0.86518,-0.13409,0.03137,0.80500,-0.03043,0.89853,-0.10150,0.47419,0.70113,0.00099,-1.60900,0.07692,0.90338,0.32074
1.79900,0.59584,0.35207,-0.08974,-0.86471,-0.13339,0.03137,0.80340,-0.03035,0.89943,-0.10118,0.47476,0.70018,0.00110,-1.60613,0.07678,0.90145,0.32141
1.80000,0.59561,0.35177,-0.08974,-0.86423,-0.13269,0.03137,0.80179,-0.03028,0.90034,-0.10086,0.47533,0.69923,0.00121,-1.60325,0.07665,0.89952,0.32209
1.80100,0.59539,0.35146,-0.08974,-0.86376,-0.13199,0.03137,0.80019,-0.03020,0.90123,-0.10054,0.47592,0.69828,0.00132,-1.60035,0.07652,0.89757,0.32275
1.80200,0.59517,0.35116,-0.08974,-0.86328,-0.13129,0.03137,0.79859,-0.03012,0.90213,-0.10021,0.47651,0.69733,0.00144,-1.59745,0.07639,0.89562,0.32342
1.80300,0.59495,0.35085,-0.08974,-0.86280,-0.13060,0.03137,0.79699,-0.03005,0.90302,-0.09989,0.47707,0.69636,0.00156,-1.59448,0.07626,0.89367,0.32408
1.80400,0.59473,0.35054,-0.08974,-0.86233,-0.12990,0.03137,0.79540,-0.02997,0.90392,-0.09956,0.47764,0.69538,0.00167,-1.59150,0.07613,0.89171,0.32474
1.80500,0.59452,0.35024,-0.08974,-0.86185,-0.12921,0.03138,0.79381,-0.02989,0.90481,-0.09924,0.47821,0.69444,0.00178,-1.58850,0.07600,0.88969,0.32540
1.80600,0.59430,0.34993,-0.08974,-0.86137,-0.12851,0.03138,0.79222,-0.02982,0.90570,-0.09891,0.47877,0.69349,0.00189,-1.58550,0.07587,0.88766,0.32606
1.80700,0.59409,0.34962,-0.08974,-0.86089,-0.12782,0.03138,0.79064,-0.02974,0.90658,-0.09859,0.47936,0.69244,0.00201,-1.58242,0.07574,0.88563,0.32671
1.80800,0.59387,0.34931,-0.08974,-0.86041,-0.12713,0.03138,0.78906,-0.02967,0.90747,-0.09826,0.47995,0.69139,0.00214,-1.57935,0.07561,0.88361,0.32736
1.80900,0.59366,0.34900,-0.08974,-0.85993,-0.12644,0.03138,0.78748,-0.02959,0.90835,-0.09793,0.48047,0.69027,0.00225,-1.57618,0.07548,0.88153,0.32800
1.81000,0.59345,0.34869,-0.08974,-0.85945,-0.12575,0.03139,0.78591,-0.02952,0.90923,-0.09760,0.48099,0.68914,0.00236,-1.57300,0.07535,0.87945,0.32864
1.81100,0.59323,0.34837,-0.08974,-0.85897,-0.12506,0.03139,0.78434,-0.02944,0.91011,-0.09727,0.48153,0.68800,0.00248,-1.56980,0.07521,0.87735,0.32928
1.81200,0.59302,0.34806,-0.08974,-0.85849,-0.12437,0.03139,0.78277,-0.02937,0.91099,-0.09695,0.48207,0.68685,0.00259,-1.56660,0.07508,0.87525,0.32993
1.81300,0.59281,0.34775,-0.08974,-0.85800,-0.12369,0.03139,0.78120,-0.02929,0.91186,-0.09662,0.48261,0.68567,0.00270,-1.56330,0.07495,0.87312,0.33055
1.81400,0.59261,0.34743,-0.08974,-0.85752,-0.12300,0.03140,0.77964,-0.02922,0.91273,-0.09628,0.48315,0.68450,0.00282,-1.56000,0.07481,0.87099,0.33118
1.81500,0.59240,0.34712,-0.08974,-0.85704,-0.12232,0.03140,0.77808,-0.02914,0.91360,-0.09595,0.48367,0.68333,0.00293,-1.55662,0.07468,0.86879,0.33181
1.81600,0.59219,0.34680,-0.08974,-0.85655,-0.12163,0.03140,0.77653,-0.02907,0.91447,-0.09562,0.48418,0.68215,0.00305,-1.55325,0.07455,0.86659,0.33244
1.81700,0.59199,0.34649,-0.08974,-0.85607,-0.12095,0.03141,0.77498,-0.02899,0.91534,-0.09529,0.48477,0.68095,0.00314,-1.54985,0.07440,0.86439,0.33307
1.81800,0.59178,0.34617,-0.08974,-0.85558,-0.12027,0.03141,0.77343,-0.02892,0.91620,-0.09495,0.48536,0.67976,0.00324,-1.54645,0.07424,0.86219,0.33369
1.81900,0.59158,0.34585,-0.08974,-0.85510,-0.11959,0.03141,0.77188,-0.02884,0.91706,-0.09462,0.48588,0.67851,0.00335,-1.54293,0.07410,0.85996,0.33430
1.82000,0.59137,0.34553,-0.08974,-0.85461,-0.11891,0.03142,0.77034,-0.02877,0.91792,-0.09429,0.48640,0.67726,0.00346,-1.53940,0.07396,0.85773,0.33491
1.82100,0.59117,0.34521,-0.08974,-0.85413,-0.11824,0.03142,0.76880,-0.02870,0.91878,-0.09395,0.48689,0.67601,0.00357,-1.53588,0.07382,0.85548,0.33553
1.82200,0.59097,0.34490,-0.08974,-0.85364,-0.11756,0.03142,0.76727,-0.02862,0.91963,-0.09362,0.48738,0.67476,0.00369,-1.53235,0.07369,0.85323,0.33615
1.82300,0.59077,0.34458,-0.08974,-0.85315,-0.11689,0.03143,0.76574,-0.02855,0.92048,-0.09328,0.48784,0.67341,0.00381,-1.52873,0.07357,0.85090,0.33675
1.82400,0.59057,0.34426,-0.08974,-0.85266,-0.11622,0.03143,0.76421,-0.02847,0.92133,-0.09294,0.48831,0.67206,0.00394,-1.52510,0.07344,0.84857,0.33735
1.82500,0.59038,0.34393,-0.08974,-0.85217,-0.11554,0.03144,0.76269,-0.02840,0.92218,-0.09260,0.48875,0.67072,0.00407,-1.52137,0.07334,0.84620,0.33796
1.82600,0.59018,0.34361,-0.08974,-0.85169,-0.11487,0.03144,0.76117,-0.02833,0.92303,-0.09227,0.48919,0.66937,0.00420,-1.51765,0.07323,0.84382,0.33857
1.82700,0.58999,0.34329,-0.08974,-0.85120,-0.11421,0.03144,0.75965,-0.02825,0.92387,-0.09193,0.48968,0.66794,0.00432,-1.51388,0.07309,0.84144,0.33917
1.82800,0.58979,0.34297,-0.08974,-0.85071,-0.11354,0.03145,0.75814,-0.02818,0.92471,-0.09159,0.49017,0.66652,0.00444,-1.51010,0.07296,0.83907,0.33976
1.82900,0.58960,0.34264,-0.08974,-0.85021,-0.11287,0.03145,0.75663,-0.02811,0.92555,-0.09125,0.49067,0.66505,0.00456,-1.50618,0.07283,0.83669,0.34035
1.83000,0.58941,0.34232,-0.08974,-0.84972,-0.11221,0.03146,0.75513,-0.02804,0.92638,-0.09091,0.49116,0.66357,0.00468,-1.50225,0.07270,0.83431,0.34094
1.83100,0.58922,0.34199,-0.08974,-0.84923,-0.11154,0.03146,0.75363,-0.02796,0.92721,-0.09056,0.49165,0.66210,0.00479,-1.49830,0.07257,0.83188,0.34153
1.83200,0.58902,0.34167,-0.08974,-0.84874,-0.11088,0.03147,0.75213,-0.02789,0.92805,-0.09022,0.49214,0.66063,0.00490,-1.49435,0.07244,0.82946,0.34211
1.83300,0.58883,0.34134,-0.08974,-0.84825,-0.11022,0.03147,0.75064,-0.02782,0.92887,-0.08988,0.49258,0.65908,0.00502,-1.49035,0.07230,0.82696,0.34269
1.83400,0.58865,0.34102,-0.08974,-0.84776,-0.10956,0.03148,0.74915,-0.02775,0.92970,-0.08954,0.49302,0.65753,0.00514,-1.48635,0.07217,0.82445,0.34327
1.83500,0.58846,0.34069,-0.08974,-0.84726,-0.10891,0.03148,0.74767,-0.02767,0.93052,-0.08919,0.49349,0.65603,0.00525,-1.48230,0.07204,0.82193,0.34385
1.83600,0.58827,0.34036,-0.08974,-0.84677,-0.10825,0.03149,0.74618,-0.02760,0.93134,-0.08885,0.49395,0.65453,0.00536,-1.47825,0.07190,0.81940,0.34443
1.83700,0.58809,0.34003,-0.08974,-0.84627,-0.10760,0.03149,0.74471,-0.02753,0.93216,-0.08851,0.49439,0.65298,0.00548,-1.47412,0.07177,0.81680,0.34501
1.83800,0.58790,0.33970,-0.08974,-0.84578,-0.10695,0.03150,0.74324,-0.02746,0.93298,-0.08816,0.49483,0.65144,0.00559,-1.47000,0.07164,0.81420,0.34558
1.83900,0.58772,0.33937,-0.08974,-0.84528,-0.10630,0.03150,0.74177,-0.02739,0.93379,-0.08781,0.49528,0.64981,0.00571,-1.46575,0.07152,0.81157,0.34614
1.84000,0.58754,0.33904,-0.08974,-0.84479,-0.10565,0.03151,0.74030,-0.02732,0.93460,-0.08747,0.49572,0.64819,0.00582,-1.46150,0.07139,0.80894,0.34671
1.84100,0.58736,0.33871,-0.08974,-0.84429,-0.10500,0.03152,0.73885,-0.02724,0.93541,-0.08712,0.49613,0.64649,0.00593,-1.45713,0.07126,0.80629,0.34727
1.84200,0.58718,0.33838,-0.08974,-0.84380,-0.10435,0.03152,0.73739,-0.02717,0.93621,-0.08677,0.49655,0.64479,0.00605,-1.45275,0.07113,0.80364,0.34783
1.84300,0.58700,0.33805,-0.08974,-0.84330,-0.10371,0.03153,0.73594,-0.02710,0.93701,-0.08643,0.49696,0.64304,0.00617,-1.44830,0.07099,0.80096,0.34839
1.84400,0.58682,0.33772,-0.08974,-0.84280,-0.10307,0.03153,0.73449,-0.02703,0.93782,-0.08608,0.49738,0.64129,0.00628,-1.44385,0.07086,0.79828,0.34895
1.84500,0.58664,0.33739,-0.08974,-0.84231,-0.10243,0.03154,0.73305,-0.02696,0.93861,-0.08573,0.49782,0.63951,0.00640,-1.43935,0.07073,0.79556,0.34950
1.84600,0.58647,0.33705,-0.08974,-0.84181,-0.10179,0.03155,0.73161,-0.02689,0.93941,-0.08538,0.49826,0.63773,0.00652,-1.43485,0.07059,0.79283,0.35005
1.84700,0.58629,0.33672,-0.08974,-0.84131,-0.10115,0.03155,0.73018,-0.02682,0.94020,-0.08503,0.49870,0.63592,0.00662,-1.43030,0.07044,0.79005,0.35058
1.84800,0.58612,0.33638,-0.08974,-0.84081,-0.10052,0.03156,0.72875,-0.02675,0.94099,-0.08468,0.49914,0.63411,0.00672,-1.42575,0.07028,0.78728,0.35111
1.84900,0.58595,0.33605,-0.08974,-0.84031,-0.09988,0.03157,0.72733,-0.02668,0.94177,-0.08432,0.49956,0.63226,0.00683,-1.42112,0.07014,0.78445,0.35164
1.85000,0.58577,0.33571,-0.08974,-0.83981,-0.09925,0.03157,0.72591,-0.02661,0.94256,-0.08397,0.49998,0.63042,0.00693,-1.41650,0.07001,0.78162,0.35217
1.85100,0.58560,0.33538,-0.08974,-0.83931,-0.09862,0.03158,0.72450,-0.02654,0.94333,-0.08362,0.50029,0.62854,0.00704,-1.41175,0.06987,0.77877,0.35271
1.85200,0.58543,0.33504,-0.08974,-0.83881,-0.09799,0.03159,0.72309,-0.02647,0.94411,-0.08327,0.50061,0.62665,0.00715,-1.40700,0.06974,0.77592,0.35325
1.85300,0.58527,0.33470,-0.08974,-0.83831,-0.09737,0.03159,0.72168,-0.02640,0.94489,-0.08291,0.50100,0.62474,0.00727,-1.40213,0.06962,0.77304,0.35379
1.85400,0.58510,0.33437,-0.08974,-0.83781,-0.09674,0.03160,0.72028,-0.02633,0.94566,-0.08256,0.50139,0.62282,0.00739,-1.39725,0.06950,0.77016,0.35434
1.85500,0.58493,0.33403,-0.08974,-0.83731,-0.09612,0.03161,0.71889,-0.02626,0.94643,-0.08221,0.50173,0.62084,0.00751,-1.39230,0.06939,0.76721,0.35489
1.85600,0.58477,0.33369,-0.08974,-0.83681,-0.09550,0.03162,0.71750,-0.02619,0.94719,-0.08185,0.50207,0.61887,0.00764,-1.38735,0.06929,0.76426,0.35543
1.85700,0.58460,0.33335,-0.08974,-0.83630,-0.09489,0.03162,0.71612,-0.02612,0.94796,-0.08149,0.50249,0.61684,0.00775,-1.38230,0.06915,0.76126,0.35595
1.85800,0.58444,0.33301,-0.08974,-0.83580,-0.09427,0.03163,0.71473,-0.02605,0.94872,-0.08114,0.50290,0.61482,0.00787,-1.37725,0.06902,0.75826,0.35648
1.85900,0.58428,0.33267,-0.08974,-0.83530,-0.09366,0.03164,0.71336,-0.02598,0.94947,-0.08078,0.50327,0.61275,0.00798,-1.37217,0.06889,0.75520,0.35700
1.86000,0.58412,0.33233,-0.08974,-0.83479,-0.09304,0.03165,0.71199,-0.02591,0.95023,-0.08042,0.50364,0.61069,0.00809,-1.36710,0.06876,0.75215,0.35752
1.86100,0.58396,0.33199,-0.08974,-0.83429,-0.09244,0.03166,0.71063,-0.02585,0.95098,-0.08007,0.50395,0.60857,0.00820,-1.36192,0.06863,0.74908,0.35803
1.86200,0.58380,0.33165,-0.08974,-0.83378,-0.09183,0.03166,0.70926,-0.02578,0.95173,-0.07971,0.50427,0.60646,0.00831,-1.35675,0.06851,0.74600,0.35854
1.86300,0.58364,0.33130,-0.08974,-0.83328,-0.09122,0.03167,0.70791,-0.02571,0.95247,-0.07935,0.50466,0.60430,0.00842,-1.35145,0.06837,0.74287,0.35906
1.86400,0.58348,0.33096,-0.08974,-0.83278,-0.09062,0.03168,0.70656,-0.02564,0.95321,-0.07899,0.50505,0.60213,0.00854,-1.34615,0.06824,0.73974,0.35957
1.86500,0.58333,0.33062,-0.08974,-0.83227,-0.09002,0.03169,0.70522,-0.02557,0.95395,-0.07863,0.50534,0.59993,0.00864,-1.34075,0.06811,0.73657,0.36008
1.86600,0.58317,0.33027,-0.08974,-0.83177,-0.08942,0.03170,0.70388,-0.02550,0.95468,-0.07827,0.50563,0.59772,0.00875,-1.33535,0.06798,0.73339,0.36059
1.86700,0.58302,0.32993,-0.08974,-0.83126,-0.08882,0.03171,0.70255,-0.02544,0.95542,-0.07791,0.50597,0.59546,0.00886,-1.32985,0.06785,0.73019,0.36109
1.86800,0.58287,0.32958,-0.08974,-0.83075,-0.08823,0.03172,0.70122,-0.02537,0.95615,-0.07755,0.50631,0.59321,0.00897,-1.32435,0.06773,0.72699,0.36159
1.86900,0.58271,0.32924,-0.08974,-0.83025,-0.08764,0.03173,0.69990,-0.02530,0.95687,-0.07719,0.50666,0.59090,0.00908,-1.31880,0.06759,0.72368,0.36208
1.87000,0.58256,0.32889,-0.08974,-0.82974,-0.08704,0.03173,0.69858,-0.02523,0.95759,-0.07682,0.50700,0.58860,0.00918,-1.31325,0.06746,0.72038,0.36258
1.87100,0.58242,0.32855,-0.08974,-0.82923,-0.08646,0.03174,0.69727,-0.02517,0.95831,-0.07646,0.50729,0.58625,0.00929,-1.30763,0.06734,0.71705,0.36307
1.87200,0.58227,0.32820,-0.08974,-0.82873,-0.08587,0.03175,0.69597,-0.02510,0.95903,-0.07610,0.50758,0.58390,0.00940,-1.30200,0.06721,0.71373,0.36356
1.87300,0.58212,0.32785,-0.08974,-0.82822,-0.08529,0.03176,0.69467,-0.02503,0.95974,-0.07573,0.50792,0.58149,0.00951,-1.29620,0.06709,0.71040,0.36405
1.87400,0.58197,0.32750,-0.08974,-0.82771,-0.08471,0.03177,0.69337,-0.02496,0.96045,-0.07537,0.50826,0.57909,0.00962,-1.29040,0.06696,0.70707,0.36454
1.87500,0.58183,0.32716,-0.08974,-0.82720,-0.08413,0.03178,0.69209,-0.02490,0.96115,-0.07500,0.50855,0.57663,0.00973,-1.28450,0.06683,0.70367,0.36503
1.87600,0.58169,0.32681,-0.08974,-0.82669,-0.08356,0.03179,0.69080,-0.02483,0.96186,-0.07464,0.50884,0.57418,0.00983,-1.27860,0.06671,0.70027,0.36552
1.87700,0.58154,0.32646,-0.08974,-0.82618,-0.08298,0.03180,0.68953,-0.02476,0.96255,-0.07427,0.50916,0.57167,0.00994,-1.27260,0.06658,0.69682,0.36600
1.87800,0.58140,0.32611,-0.08974,-0.82567,-0.08241,0.03181,0.68826,-0.02470,0.96325,-0.07391,0.50947,0.56917,0.01005,-1.26660,0.06646,0.69337,0.36648
1.87900,0.58126,0.32576,-0.08974,-0.82516,-0.08185,0.03182,0.68700,-0.02463,0.96394,-0.07354,0.50979,0.56661,0.01014,-1.26055,0.06631,0.68984,0.36693
1.88000,0.58112,0.32541,-0.08974,-0.82465,-0.08128,0.03183,0.68574,-0.02457,0.96463,-0.07317,0.51011,0.56406,0.01024,-1.25450,0.06617,0.68631,0.36737
1.88100,0.58098,0.32506,-0.08974,-0.82414,-0.08072,0.03184,0.68449,-0.02450,0.96531,-0.07281,0.51035,0.56146,0.01034,-1.24838,0.06603,0.68271,0.36783
1.88200,0.58085,0.32471,-0.08974,-0.82363,-0.08016,0.03185,0.68324,-0.02443,0.96599,-0.07244,0.51059,0.55885,0.01044,-1.24225,0.06589,0.67911,0.36828
1.88300,0.58071,0.32436,-0.08974,-0.82312,-0.07960,0.03186,0.68200,-0.02437,0.96667,-0.07207,0.51085,0.55620,0.01054,-1.23595,0.06576,0.67553,0.36876
1.88400,0.58057,0.32400,-0.08974,-0.82261,-0.07904,0.03187,0.68077,-0.02430,0.96735,-0.07170,0.51112,0.55355,0.01064,-1.22965,0.06563,0.67195,0.36923
1.88500,0.58044,0.32365,-0.08974,-0.82210,-0.07849,0.03188,0.67954,-0.02424,0.96801,-0.07133,0.51134,0.55084,0.01075,-1.22330,0.06551,0.66828,0.36971
1.88600,0.58031,0.32330,-0.08974,-0.82159,-0.07794,0.03190,0.67832,-0.02417,0.96868,-0.07096,0.51155,0.54813,0.01085,-1.21695,0.06539,0.66460,0.37019
1.88700,0.58018,0.32295,-0.08974,-0.82108,-0.07740,0.03191,0.67711,-0.02411,0.96934,-0.07059,0.51184,0.54538,0.01096,-1.21042,0.06528,0.66085,0.37069
1.88800,0.58005,0.32259,-0.08974,-0.82057,-0.07685,0.03192,0.67590,-0.02404,0.97000,-0.07022,0.51213,0.54262,0.01106,-1.20390,0.06517,0.65710,0.37118
1.88900,0.57992,0.32224,-0.08974,-0.82005,-0.07631,0.03193,0.67470,-0.02397,0.97066,-0.06985,0.51243,0.53981,0.01117,-1.19732,0.06504,0.65332,0.37164
1.89000,0.57979,0.32188,-0.08974,-0.81954,-0.07577,0.03194,0.67350,-0.02391,0.97131,-0.06948,0.51272,0.53700,0.01128,-1.19075,0.06492,0.64954,0.37209
1.89100,0.57966,0.32153,-0.08974,-0.81903,-0.07524,0.03195,0.67232,-0.02385,0.97196,-0.06910,0.51293,0.53413,0.01138,-1.18405,0.06480,0.64574,0.37254
1.89200,0.57954,0.32117,-0.08974,-0.81851,-0.07470,0.03196,0.67114,-0.02378,0.97260,-0.06873,0.51315,0.53127,0.01148,-1.17735,0.06467,0.64194,0.37300
1.89300,0.57941,0.32082,-0.08974,-0.81800,-0.07417,0.03197,0.66997,-0.02372,0.97324,-0.06836,0.51336,0.52835,0.01158,-1.17055,0.06455,0.63814,0.37344
1.89400,0.57929,0.32046,-0.08974,-0.81749,-0.07365,0.03199,0.66880,-0.02365,0.97388,-0.06798,0.51358,0.52543,0.01167,-1.16375,0.06443,0.63433,0.37389
1.89500,0.57916,0.32010,-0.08974,-0.81697,-0.07312,0.03200,0.66764,-0.02359,0.97451,-0.06761,0.51380,0.52246,0.01177,-1.15687,0.06431,0.63041,0.37434
1.89600,0.57904,0.31975,-0.08974,-0.81646,-0.07260,0.03201,0.66648,-0.02352,0.97514,-0.06724,0.51401,0.51948,0.01186,-1.15000,0.06418,0.62648,0.37479
1.89700,0.57892,0.31939,-0.08974,-0.81595,-0.07208,0.03202,0.66534,-0.02346,0.97576,-0.06686,0.51423,0.51645,0.01195,-1.14300,0.06405,0.62250,0.37523
1.89800,0.57880,0.31903,-0.08974,-0.81543,-0.07157,0.03203,0.66419,-0.02339,0.97639,-0.06649,0.51444,0.51343,0.01205,-1.13600,0.06393,0.61853,0.37568
1.89900,0.57869,0.31868,-0.08974,-0.81492,-0.07106,0.03205,0.66307,-0.02333,0.97700,-0.06611,0.51469,0.51034,0.01215,-1.12887,0.06381,0.61447,0.37612
1.90000,0.57857,0.31832,-0.08974,-0.81440,-0.07055,0.03206,0.66194,-0.02327,0.97761,-0.06573,0.51493,0.50726,0.01224,-1.12175,0.06369,0.61042,0.37657
1.90100,0.57845,0.31796,-0.08974,-0.81389,-0.07004,0.03207,0.66082,-0.02320,0.97822,-0.06536,0.51509,0.50413,0.01234,-1.11450,0.06356,0.60632,0.37700
1.90200,0.57834,0.31760,-0.08974,-0.81337,-0.06954,0.03208,0.65971,-0.02314,0.97883,-0.06498,0.51526,0.50100,0.01244,-1.10725,0.06344,0.60222,0.37744
1.90300,0.57822,0.31724,-0.08974,-0.81286,-0.06904,0.03209,0.65861,-0.02308,0.97943,-0.06460,0.51542,0.49781,0.01253,-1.09993,0.06332,0.59807,0.37786
1.90400,0.57811,0.31688,-0.08974,-0.81234,-0.06854,0.03211,0.65751,-0.02301,0.98002,-0.06422,0.51559,0.49462,0.01262,-1.09260,0.06320,0.59391,0.37829
1.90500,0.57800,0.31652,-0.08974,-0.81183,-0.06805,0.03212,0.65642,-0.02295,0.98061,-0.06384,0.51578,0.49138,0.01271,-1.08518,0.06307,0.58971,0.37872
1.90600,0.57789,0.31616,-0.08974,-0.81131,-0.06756,0.03213,0.65534,-0.02289,0.98120,-0.06347,0.51597,0.48814,0.01280,-1.07775,0.06295,0.58551,0.37915
1.90700,0.57778,0.31580,-0.08974,-0.81079,-0.06707,0.03215,0.65427,-0.02282,0.98178,-0.06309,0.51616,0.48484,0.01289,-1.07020,0.06283,0.58128,0.37957
1.90800,0.57767,0.31544,-0.08974,-0.81028,-0.06659,0.03216,0.65320,-0.02276,0.98237,-0.06271,0.51635,0.48154,0.01298,-1.06265,0.06270,0.57706,0.38000
1.90900,0.57757,0.31508,-0.08974,-0.80976,-0.06611,0.03217,0.65214,-0.02270,0.98294,-0.06233,0.51657,0.47818,0.01307,-1.05500,0.06258,0.57275,0.38042
1.91000,0.57746,0.31471,-0.08974,-0.80924,-0.06563,0.03218,0.65109,-0.02264,0.98351,-0.06195,0.51679,0.47482,0.01316,-1.04735,0.06246,0.56845,0.38084
1.91100,0.57735,0.31435,-0.08974,-0.80873,-0.06516,0.03220,0.65005,-0.02257,0.98408,-0.06156,0.51693,0.47141,0.01325,-1.03955,0.06234,0.56410,0.38126
1.91200,0.57725,0.31399,-0.08974,-0.80821,-0.06469,0.03221,0.64901,-0.02251,0.98464,-0.06118,0.51707,0.46801,0.01334,-1.03175,0.06222,0.55975,0.38168
1.91300,0.57715,0.31363,-0.08974,-0.80769,-0.06423,0.03222,0.64798,-0.02245,0.98519,-0.06080,0.51723,0.46454,0.01343,-1.02382,0.06209,0.55532,0.38205
1.91400,0.57705,0.31326,-0.08974,-0.80718,-0.06376,0.03224,0.64696,-0.02239,0.98575,-0.06042,0.51740,0.46107,0.01352,-1.01590,0.06195,0.55089,0.38242
1.91500,0.57695,0.31290,-0.08974,-0.80666,-0.06330,0.03225,0.64595,-0.02233,0.98630,-0.06004,0.51752,0.45755,0.01360,-1.00792,0.06183,0.54642,0.38281
1.91600,0.57685,0.31254,-0.08974,-0.80614,-0.06285,0.03226,0.64494,-0.02226,0.98684,-0.05965,0.51763,0.45403,0.01369,-0.99995,0.06171,0.54194,0.38320
1.91700,0.57675,0.31217,-0.08974,-0.80562,-0.06240,0.03228,0.64395,-0.02220,0.98738,-0.05927,0.51775,0.45045,0.01378,-0.99185,0.06159,0.53741,0.38361
1.91800,0.57665,0.31181,-0.08974,-0.80511,-0.06194,0.03229,0.64296,-0.02214,0.98792,-0.05889,0.51786,0.44688,0.01386,-0.98375,0.06147,0.53289,0.38402
1.91900,0.57656,0.31144,-0.08974,-0.80459,-0.06150,0.03231,0.64198,-0.02208,0.98845,-0.05850,0.51803,0.44324,0.01394,-0.97558,0.06136,0.52831,0.38444
1.92000,0.57647,0.31108,-0.08974,-0.80407,-0.06106,0.03232,0.64101,-0.02202,0.98897,-0.05812,0.51820,0.43961,0.01402,-0.96740,0.06125,0.52373,0.38487
1.92100,0.57637,0.31071,-0.08974,-0.80355,-0.06062,0.03233,0.64005,-0.02196,0.98949,-0.05773,0.51829,0.43592,0.01411,-0.95908,0.06114,0.51913,0.38531
1.92200,0.57628,0.31035,-0.08974,-0.80303,-0.06019,0.03235,0.63909,-0.02190,0.99001,-0.05735,0.51838,0.43224,0.01419,-0.95075,0.06103,0.51453,0.38576
1.92300,0.57619,0.30998,-0.08974,-0.80251,-0.05976,0.03236,0.63815,-0.02183,0.99052,-0.05696,0.51852,0.42849,0.01427,-0.94230,0.06092,0.50985,0.38616
1.92400,0.57610,0.30961,-0.08974,-0.80200,-0.05933,0.03238,0.63720,-0.02177,0.99103,-0.05657,0.51866,0.42475,0.01435,-0.93385,0.06080,0.50517,0.38656
1.92500,0.57601,0.30925,-0.08974,-0.80148,-0.05891,0.03239,0.63628,-0.02171,0.99153,-0.05619,0.51878,0.42095,0.01442,-0.92530,0.06068,0.50045,0.38696
1.92600,0.57592,0.30888,-0.08974,-0.80096,-0.05849,0.03241,0.63535,-0.02165,0.99203,-0.05580,0.51889,0.41715,0.01450,-0.91675,0.06056,0.49572,0.38735
1.92700,0.57584,0.30851,-0.08974,-0.80044,-0.05807,0.03242,0.63444,-0.02159,0.99253,-0.05541,0.51898,0.41330,0.01458,-0.90812,0.06045,0.49092,0.38774
1.92800,0.57575,0.30815,-0.08974,-0.79992,-0.05766,0.03244,0.63354,-0.02153,0.99302,-0.05502,0.51907,0.40946,0.01466,-0.89950,0.06033,0.48612,0.38813
1.92900,0.57567,0.30778,-0.08974,-0.79940,-0.05725,0.03245,0.63265,-0.02147,0.99350,-0.05464,0.51917,0.40555,0.01473,-0.89075,0.06022,0.48126,0.38852
1.93000,0.57559,0.30741,-0.08974,-0.79888,-0.05685,0.03246,0.63175,-0.02141,0.99398,-0.05425,0.51926,0.40165,0.01481,-0.88200,0.06010,0.47641,0.38891
1.93100,0.57550,0.30704,-0.08974,-0.79836,-0.05645,0.03248,0.63088,-0.02135,0.99445,-0.05386,0.51930,0.39769,0.01488,-0.87312,0.05999,0.47151,0.38929
1.93200,0.57542,0.30668,-0.08974,-0.79784,-0.05605,0.03249,0.63001,-0.02129,0.99492,-0.05347,0.51934,0.39373,0.01496,-0.86425,0.05987,0.46661,0.38967
1.93300,0.57534,0.30631,-0.08974,-0.79732,-0.05566,0.03251,0.62915,-0.02123,0.99538,-0.05308,0.51945,0.38971,0.01503,-0.85525,0.05976,0.46161,0.39006
1.93400,0.57527,0.30594,-0.08974,-0.79680,-0.05527,0.03252,0.62830,-0.02117,0.99585,-0.05269,0.51957,0.38569,0.01511,-0.84625,0.05965,0.45660,0.39044
1.93500,0.57519,0.30557,-0.08974,-0.79628,-0.05489,0.03254,0.62746,-0.02111,0.99630,-0.05230,0.51966,0.38162,0.01517,-0.83712,0.05953,0.45160,0.39082
1.93600,0.57511,0.30520,-0.08974,-0.79577,-0.05451,0.03255,0.62662,-0.02105,0.99675,-0.05191,0.51975,0.37754,0.01524,-0.82800,0.05941,0.44660,0.39119
1.93700,0.57504,0.30483,-0.08974,-0.79525,-0.05414,0.03257,0.62580,-0.02099,0.99719,-0.05152,0.51984,0.37342,0.01531,-0.81880,0.05930,0.44160,0.39157
1.93800,0.57496,0.30446,-0.08974,-0.79472,-0.05376,0.03259,0.62498,-0.02093,0.99763,-0.05112,0.51993,0.36930,0.01538,-0.80960,0.05919,0.43660,0.39194
1.93900,0.57489,0.30409,-0.08974,-0.79421,-0.05340,0.03260,0.62418,-0.02087,0.99806,-0.05073,0.51998,0.36512,0.01545,-0.80030,0.05908,0.43164,0.39232
1.94000,0.57482,0.30372,-0.08974,-0.79369,-0.05303,0.03262,0.62338,-0.02082,0.99850,-0.05034,0.52002,0.36094,0.01552,-0.79100,0.05897,0.42669,0.39270
1.94100,0.57475,0.30335,-0.08974,-0.79317,-0.05268,0.03263,0.62260,-0.02076,0.99892,-0.04995,0.52003,0.35671,0.01558,-0.78163,0.05886,0.42127,0.39306
1.94200,0.57468,0.30298,-0.08974,-0.79265,-0.05232,0.03265,0.62182,-0.02070,0.99934,-0.04955,0.52005,0.35249,0.01565,-0.77225,0.05875,0.41584,0.39343
1.94300,0.57461,0.30261,-0.08974,-0.79213,-0.05197,0.03266,0.62106,-0.02064,0.99975,-0.04916,0.52009,0.34820,0.01572,-0.76280,0.05864,0.41066,0.39380
1.94400,0.57455,0.30224,-0.08974,-0.79160,-0.05162,0.03268,0.62029,-0.02058,1.00016,-0.04877,0.52013,0.34392,0.01578,-0.75335,0.05853,0.40548,0.39416
1.94500,0.57448,0.30187,-0.08974,-0.79108,-0.05128,0.03269,0.61955,-0.02052,1.00056,-0.04837,0.52012,0.33959,0.01584,-0.74375,0.05842,0.40003,0.39452
1.94600,0.57442,0.30150,-0.08974,-0.79056,-0.05094,0.03271,0.61881,-0.02046,1.00096,-0.04798,0.52011,0.33526,0.01591,-0.73415,0.05831,0.39458,0.39488
1.94700,0.57435,0.30112,-0.08974,-0.79004,-0.05061,0.03273,0.61808,-0.02041,1.00135,-0.04758,0.52015,0.33088,0.01597,-0.72445,0.05820,0.38958,0.39524
1.94800,0.57429,0.30075,-0.08974,-0.78952,-0.05028,0.03274,0.61736,-0.02035,1.00174,-0.04719,0.52019,0.32650,0.01604,-0.71475,0.05809,0.38458,0.39560
1.94900,0.57423,0.30038,-0.08974,-0.78900,-0.04996,0.03276,0.61665,-0.02029,1.00212,-0.04679,0.52021,0.32206,0.01610,-0.70493,0.05798,0.37957,0.39596
1.95000,0.57417,0.30001,-0.08974,-0.78848,-0.04964,0.03277,0.61595,-0.02023,1.00249,-0.04639,0.52023,0.31763,0.01615,-0.69510,0.05788,0.37457,0.39632
1.95100,0.57411,0.29963,-0.08974,-0.78796,-0.04932,0.03279,0.61526,-0.02017,1.00287,-0.04600,0.52027,0.31315,0.01621,-0.68518,0.05777,0.36907,0.39667
1.95200,0.57406,0.29926,-0.08974,-0.78744,-0.04901,0.03281,0.61458,-0.02012,1.00324,-0.04560,0.52031,0.30868,0.01627,-0.67525,0.05766,0.36357,0.39702
1.95300,0.57400,0.29889,-0.08974,-0.78692,-0.04871,0.03282,0.61391,-0.02006,1.00360,-0.04520,0.52030,0.30414,0.01633,-0.66525,0.05755,0.35782,0.39737
1.95400,0.57395,0.29852,-0.08974,-0.78640,-0.04840,0.03284,0.61325,-0.02000,1.00395,-0.04481,0.52029,0.29961,0.01638,-0.65525,0.05745,0.35206,0.39772
1.95500,0.57389,0.29814,-0.08974,-0.78588,-0.04811,0.03286,0.61260,-0.01994,1.00430,-0.04441,0.52028,0.29503,0.01644,-0.64518,0.05734,0.34631,0.39806
1.95600,0.57384,0.29777,-0.08974,-0.78536,-0.04781,0.03287,0.61196,-0.01989,1.00465,-0.04401,0.52027,0.29046,0.01650,-0.63510,0.05724,0.34056,0.39841
1.95700,0.57379,0.29740,-0.08974,-0.78484,-0.04753,0.03289,0.61133,-0.01983,1.00498,-0.04361,0.52026,0.28583,0.01656,-0.62492,0.05712,0.33506,0.39870
1.95800,0.57374,0.29702,-0.08974,-0.78432,-0.04724,0.03291,0.61071,-0.01977,1.00531,-0.04321,0.52025,0.28121,0.01662,-0.61475,0.05701,0.32956,0.39899
1.95900,0.57369,0.29665,-0.08974,-0.78380,-0.04696,0.03292,0.61010,-0.01971,1.00564,-0.04281,0.52020,0.27654,0.01668,-0.60445,0.05690,0.32405,0.39931
1.96000,0.57364,0.29628,-0.08974,-0.78328,-0.04669,0.03294,0.60950,-0.01966,1.00597,-0.04241,0.52014,0.27187,0.01673,-0.59415,0.05680,0.31855,0.39962
1.96100,0.57359,0.29590,-0.08974,-0.78276,-0.04642,0.03296,0.60891,-0.01960,1.00628,-0.04201,0.52010,0.26716,0.01678,-0.58380,0.05669,0.31280,0.39996
1.96200,0.57355,0.29553,-0.08974,-0.78224,-0.04615,0.03297,0.60833,-0.01954,1.00659,-0.04161,0.52007,0.26245,0.01682,-0.57345,0.05659,0.30705,0.40029
1.96300,0.57350,0.29515,-0.08974,-0.78172,-0.04590,0.03299,0.60777,-0.01949,1.00689,-0.04121,0.52006,0.25769,0.01687,-0.56298,0.05650,0.30130,0.40065
1.96400,0.57346,0.29478,-0.08974,-0.78120,-0.04564,0.03301,0.60720,-0.01943,1.00719,-0.04081,0.52005,0.25293,0.01692,-0.55250,0.05640,0.29554,0.40100
1.96500,0.57342,0.29440,-0.08974,-0.78068,-0.04539,0.03302,0.60666,-0.01938,1.00748,-0.04041,0.52002,0.24814,0.01695,-0.54195,0.05631,0.29004,0.40138
1.96600,0.57338,0.29403,-0.08974,-0.78016,-0.04514,0.03304,0.60612,-0.01932,1.00777,-0.04001,0.51998,0.24334,0.01699,-0.53140,0.05622,0.28454,0.40176
1.96700,0.57334,0.29365,-0.08974,-0.77964,-0.04490,0.03306,0.60560,-0.01926,1.00805,-0.03961,0.51995,0.23850,0.01703,-0.52080,0.05612,0.27904,0.40209
1.96800,0.57330,0.29328,-0.08974,-0.77912,-0.04466,0.03307,0.60508,-0.01921,1.00833,-0.03921,0.51991,0.23367,0.01708,-0.51020,0.05602,0.27354,0.40241
1.96900,0.57326,0.29290,-0.08974,-0.77860,-0.04444,0.03309,0.60458,-0.01915,1.00860,-0.03880,0.51988,0.22879,0.01712,-0.49952,0.05592,0.26778,0.40274
1.97000,0.57323,0.29253,-0.08974,-0.77808,-0.04421,0.03311,0.60408,-0.01909,1.00887,-0.03840,0.51985,0.22391,0.01716,-0.48885,0.05582,0.26203,0.40306
1.97100,0.57319,0.29215,-0.08974,-0.77756,-0.04399,0.03313,0.60360,-0.01904,1.00912,-0.03800,0.51976,0.21899,0.01721,-0.47813,0.05572,0.25578,0.40338
1.97200,0.57316,0.29178,-0.08974,-0.77704,-0.04377,0.03314,0.60312,-0.01898,1.00938,-0.03759,0.51968,0.21408,0.01725,-0.46740,0.05562,0.24953,0.40370
1.97300,0.57313,0.29140,-0.08974,-0.77652,-0.04356,0.03316,0.60266,-0.01893,1.00962,-0.03719,0.51964,0.20913,0.01729,-0.45657,0.05552,0.24378,0.40401
1.97400,0.57310,0.29103,-0.08974,-0.77600,-0.04335,0.03318,0.60221,-0.01887,1.00986,-0.03679,0.51961,0.20417,0.01734,-0.44575,0.05542,0.23802,0.40432
1.97500,0.57307,0.29065,-0.08974,-0.77548,-0.04315,0.03320,0.60177,-0.01882,1.01010,-0.03638,0.51948,0.19918,0.01737,-0.43480,0.05533,0.23202,0.40463
1.97600,0.57304,0.29027,-0.08974,-0.77496,-0.04295,0.03321,0.60134,-0.01876,1.01033,-0.03598,0.51934,0.19419,0.01740,-0.42385,0.05524,0.22602,0.40494
1.97700,0.57301,0.28990,-0.08974,-0.77444,-0.04276,0.03323,0.60092,-0.01871,1.01055,-0.03557,0.51926,0.18917,0.01744,-0.41285,0.05514,0.22027,0.40525
1.97800,0.57298,0.28952,-0.08974,-0.77392,-0.04257,0.03325,0.60051,-0.01865,1.01077,-0.03517,0.51917,0.18415,0.01747,-0.40185,0.05505,0.21452,0.40555
1.97900,0.57296,0.28915,-0.08974,-0.77341,-0.04239,0.03326,0.60012,-0.01860,1.01098,-0.03476,0.51907,0.17909,0.01750,-0.39080,0.05496,0.20826,0.40586
1.98000,0.57293,0.28877,-0.08974,-0.77289,-0.04221,0.03328,0.59973,-0.01854,1.01119,-0.03435,0.51896,0.17403,0.01753,-0.37975,0.05488,0.20201,0.40616
1.98100,0.57291,0.28839,-0.08974,-0.77237,-0.04205,0.03330,0.59936,-0.01849,1.01138,-0.03395,0.51887,0.16895,0.01757,-0.36867,0.05479,0.19576,0.40646
1.98200,0.57289,0.28802,-0.08974,-0.77185,-0.04188,0.03332,0.59899,-0.01843,1.01158,-0.03354,0.51879,0.16387,0.01760,-0.35760,0.05470,0.18951,0.40676
1.98300,0.57287,0.28764,-0.08974,-0.77133,-0.04172,0.03334,0.59865,-0.01838,1.01176,-0.03313,0.51870,0.15875,0.01764,-0.34642,0.05460,0.18376,0.40705
1.98400,0.57285,0.28726,-0.08974,-0.77081,-0.04156,0.03335,0.59830,-0.01832,1.01194,-0.03273,0.51862,0.15363,0.01767,-0.33525,0.05451,0.17800,0.40735
1.98500,0.57283,0.28689,-0.08974,-0.77029,-0.04141,0.03337,0.59798,-0.01827,1.01212,-0.03232,0.51851,0.14849,0.01770,-0.32400,0.05442,0.17200,0.40764
1.98600,0.57281,0.28651,-0.08974,-0.76977,-0.04126,0.03339,0.59765,-0.01821,1.01229,-0.03191,0.51840,0.14334,0.01772,-0.31275,0.05433,0.16600,0.40793
1.98700,0.57280,0.28613,-0.08974,-0.76926,-0.04112,0.03341,0.59735,-0.01816,1.01245,-0.03150,0.51832,0.13818,0.01775,-0.30147,0.05424,0.16025,0.40821
1.98800,0.57278,0.28576,-0.08974,-0.76874,-0.04099,0.03342,0.59705,-0.01811,1.01261,-0.03110,0.51823,0.13301,0.01777,-0.29020,0.05415,0.15450,0.40850
1.98900,0.57277,0.28538,-0.08974,-0.76822,-0.04086,0.03344,0.59677,-0.01805,1.01276,-0.03069,0.51805,0.12781,0.01779,-0.27890,0.05407,0.14824,0.40878
1.99000,0.57275,0.28500,-0.08974,-0.76770,-0.04073,0.03346,0.59649,-0.01800,1.01291,-0.03028,0.51787,0.12262,0.01782,-0.26760,0.05398,0.14199,0.40906
1.99100,0.57274,0.28463,-0.08974,-0.76718,-0.04061,0.03348,0.59623,-0.01794,1.01304,-0.02987,0.51776,0.11740,0.01784,-0.25630,0.05390,0.13574,0.40934
1.99200,0.57273,0.28425,-0.08974,-0.76667,-0.04050,0.03349,0.59598,-0.01789,1.01318,-0.02946,0.51765,0.11219,0.01786,-0.24500,0.05381,0.12949,0.40962
1.99300,0.57272,0.28387,-0.08974,-0.76615,-0.04039,0.03351,0.59574,-0.01784,1.01330,-0.02905,0.51749,0.10695,0.01788,-0.23357,0.05373,0.12324,0.40989
1.99400,0.57272,0.28350,-0.08974,-0.76563,-0.04028,0.03353,0.59551,-0.01778,1.01342,-0.02864,0.51733,0.10172,0.01790,-0.22215,0.05365,0.11698,0.41017
1.99500,0.57271,0.28312,-0.08974,-0.76511,-0.04018,0.03355,0.59530,-0.01773,1.01354,-0.02823,0.51720,0.09646,0.01792,-0.21068,0.05357,0.11073,0.41043
1.99600,0.57270,0.28274,-0.08974,-0.76460,-0.04009,0.03357,0.59509,-0.01767,1.01365,-0.02782,0.51706,0.09120,0.01794,-0.19920,0.05349,0.10448,0.41070
1.99700,0.57270,0.28237,-0.08974,-0.76408,-0.04000,0.03358,0.59490,-0.01762,1.01375,-0.02741,0.51695,0.08593,0.01795,-0.18770,0.05341,0.09823,0.41098
1.99800,0.57270,0.28199,-0.08974,-0.76356,-0.03992,0.03360,0.59471,-0.01757,1.01384,-0.02700,0.51685,0.08067,0.01796,-0.17620,0.05333,0.09198,0.41125