time,pos_x,pos_y,vel_x,vel_y,joint_pos_1,joint_pos_2,joint_vel_1,joint_vel_2
0.00000,1.00000,0.00000,-0.00039,0.62832,0.00000,0.00000,-0.19739,314.15918
0.00200,1.00000,0.00126,-0.00079,0.62832,-0.00039,0.62832,-0.29609,157.07934
0.00400,1.00000,0.00251,-0.00158,0.62832,-0.00118,0.62832,-0.39478,-0.00074
0.00600,0.99999,0.00377,-0.00237,0.62831,-0.00197,0.62832,-0.39478,-0.00124
0.00800,0.99999,0.00503,-0.00316,0.62831,-0.00276,0.62831,-0.39478,-0.00174
0.01000,0.99998,0.00628,-0.00395,0.62831,-0.00355,0.62831,-0.39478,-0.00223
0.01200,0.99997,0.00754,-0.00474,0.62830,-0.00434,0.62830,-0.39477,-0.00273
0.01400,0.99996,0.00880,-0.00553,0.62829,-0.00513,0.62830,-0.39477,-0.00322
0.01600,0.99995,0.01005,-0.00632,0.62829,-0.00592,0.62829,-0.39477,-0.00372
0.01800,0.99994,0.01131,-0.00711,0.62828,-0.00671,0.62828,-0.39476,-0.00422
0.02000,0.99992,0.01257,-0.00790,0.62827,-0.00750,0.62827,-0.39476,-0.00471
0.02200,0.99990,0.01382,-0.00868,0.62826,-0.00829,0.62826,-0.39475,-0.00521
0.02400,0.99989,0.01508,-0.00947,0.62825,-0.00908,0.62825,-0.39474,-0.00570
0.02600,0.99987,0.01634,-0.01026,0.62823,-0.00987,0.62824,-0.39474,-0.00620
0.02800,0.99985,0.01759,-0.01105,0.62822,-0.01066,0.62823,-0.39473,-0.00670
0.03000,0.99982,0.01885,-0.01184,0.62821,-0.01145,0.62821,-0.39472,-0.00719
0.03200,0.99980,0.02010,-0.01263,0.62819,-0.01224,0.62820,-0.39471,-0.00769
0.03400,0.99977,0.02136,-0.01342,0.62817,-0.01303,0.62818,-0.39470,-0.00819
0.03600,0.99974,0.02262,-0.01421,0.62816,-0.01382,0.62817,-0.39469,-0.00868
0.03800,0.99971,0.02387,-0.01500,0.62814,-0.01461,0.62815,-0.39468,-0.00918
0.04000,0.99968,0.02513,-0.01579,0.62812,-0.01540,0.62813,-0.39467,-0.00967
0.04200,0.99965,0.02639,-0.01658,0.62810,-0.01618,0.62811,-0.39465,-0.01017
0.04400,0.99962,0.02764,-0.01737,0.62808,-0.01697,0.62809,-0.39464,-0.01066
0.04600,0.99958,0.02890,-0.01816,0.62806,-0.01776,0.62807,-0.39463,-0.01116
0.04800,0.99955,0.03015,-0.01895,0.62803,-0.01855,0.62804,-0.39461,-0.01166
0.05000,0.99951,0.03141,-0.01974,0.62801,-0.01934,0.62802,-0.39460,-0.01215
0.05200,0.99947,0.03267,-0.02053,0.62798,-0.02013,0.62800,-0.39458,-0.01265
0.05400,0.99942,0.03392,-0.02131,0.62796,-0.02092,0.62797,-0.39457,-0.01314
0.05600,0.99938,0.03518,-0.02210,0.62793,-0.02171,0.62794,-0.39455,-0.01364
0.05800,0.99934,0.03643,-0.02289,0.62790,-0.02250,0.62792,-0.39453,-0.01414
0.06000,0.99929,0.03769,-0.02368,0.62787,-0.02329,0.62789,-0.39451,-0.01463
0.06200,0.99924,0.03895,-0.02447,0.62784,-0.02408,0.62786,-0.39449,-0.01513
0.06400,0.99919,0.04020,-0.02526,0.62781,-0.02486,0.62783,-0.39447,-0.01562
0.06600,0.99914,0.04146,-0.02605,0.62778,-0.02565,0.62779,-0.39445,-0.01612
0.06800,0.99909,0.04271,-0.02684,0.62774,-0.02644,0.62776,-0.39443,-0.01661
0.07000,0.99903,0.04397,-0.02763,0.62771,-0.02723,0.62773,-0.39441,-0.01711
0.07200,0.99898,0.04522,-0.02841,0.62768,-0.02802,0.62769,-0.39439,-0.01761
0.07400,0.99892,0.04648,-0.02920,0.62764,-0.02881,0.62766,-0.39437,-0.01810
0.07600,0.99886,0.04773,-0.02999,0.62760,-0.02960,0.62762,-0.39435,-0.01860
0.07800,0.99880,0.04899,-0.03078,0.62756,-0.03039,0.62758,-0.39432,-0.01909
0.08000,0.99874,0.05024,-0.03157,0.62752,-0.03118,0.62754,-0.39430,-0.01959
0.08200,0.99867,0.05150,-0.03236,0.62748,-0.03196,0.62750,-0.39427,-0.02008
0.08400,0.99861,0.05275,-0.03315,0.62744,-0.03275,0.62746,-0.39425,-0.02058
0.08600,0.99854,0.05401,-0.03393,0.62740,-0.03354,0.62742,-0.39422,-0.02107
0.08800,0.99847,0.05526,-0.03472,0.62736,-0.03433,0.62738,-0.39419,-0.02157
0.09000,0.99840,0.05652,-0.03551,0.62731,-0.03512,0.62734,-0.39417,-0.02206
0.09200,0.99833,0.05777,-0.03630,0.62727,-0.03591,0.62729,-0.39414,-0.02256
0.09400,0.99826,0.05903,-0.03709,0.62722,-0.03669,0.62725,-0.39411,-0.02306
0.09600,0.99818,0.06028,-0.03788,0.62718,-0.03748,0.62720,-0.39408,-0.02355
0.09800,0.99810,0.06154,-0.03866,0.62713,-0.03827,0.62715,-0.39405,-0.02405
0.10000,0.99803,0.06279,-0.03945,0.62708,-0.03906,0.62710,-0.39402,-0.02454
0.10200,0.99795,0.06404,-0.04024,0.62703,-0.03985,0.62705,-0.39399,-0.02504
0.10400,0.99787,0.06530,-0.04103,0.62698,-0.04063,0.62700,-0.39396,-0.02553
0.10600,0.99778,0.06655,-0.04182,0.62693,-0.04142,0.62695,-0.39393,-0.02603
0.10800,0.99770,0.06781,-0.04260,0.62687,-0.04221,0.62690,-0.39389,-0.02652
0.11000,0.99761,0.06906,-0.04339,0.62682,-0.04300,0.62685,-0.39386,-0.02702
0.11200,0.99752,0.07031,-0.04418,0.62676,-0.04379,0.62679,-0.39382,-0.02751
0.11400,0.99744,0.07157,-0.04497,0.62671,-0.04457,0.62674,-0.39379,-0.02801
0.11600,0.99735,0.07282,-0.04575,0.62665,-0.04536,0.62668,-0.39375,-0.02850
0.11800,0.99725,0.07407,-0.04654,0.62659,-0.04615,0.62662,-0.39372,-0.02900
0.12000,0.99716,0.07533,-0.04733,0.62653,-0.04694,0.62656,-0.39368,-0.02949
0.12200,0.99706,0.07658,-0.04812,0.62647,-0.04772,0.62650,-0.39364,-0.02999
0.12400,0.99697,0.07783,-0.04890,0.62641,-0.04851,0.62644,-0.39361,-0.03048
0.12600,0.99687,0.07909,-0.04969,0.62635,-0.04930,0.62638,-0.39357,-0.03097
0.12800,0.99677,0.08034,-0.05048,0.62629,-0.05008,0.62632,-0.39353,-0.03147
0.13000,0.99667,0.08159,-0.05126,0.62622,-0.05087,0.62626,-0.39349,-0.03196
0.13200,0.99656,0.08284,-0.05205,0.62616,-0.05166,0.62619,-0.39345,-0.03246
0.13400,0.99646,0.08410,-0.05284,0.62609,-0.05245,0.62613,-0.39341,-0.03295
0.13600,0.99635,0.08535,-0.05363,0.62603,-0.05323,0.62606,-0.39336,-0.03345
0.13800,0.99624,0.08660,-0.05441,0.62596,-0.05402,0.62599,-0.39332,-0.03394
0.14000,0.99613,0.08785,-0.05520,0.62589,-0.05481,0.62592,-0.39328,-0.03444
0.14200,0.99602,0.08910,-0.05598,0.62582,-0.05559,0.62585,-0.39324,-0.03493
0.14400,0.99591,0.09035,-0.05677,0.62575,-0.05638,0.62578,-0.39319,-0.03542
0.14600,0.99580,0.09161,-0.05756,0.62568,-0.05716,0.62571,-0.39315,-0.03592
0.14800,0.99568,0.09286,-0.05834,0.62560,-0.05795,0.62564,-0.39310,-0.03641
0.15000,0.99556,0.09411,-0.05913,0.62553,-0.05874,0.62557,-0.39306,-0.03691
0.15200,0.99544,0.09536,-0.05992,0.62546,-0.05952,0.62549,-0.39301,-0.03740
0.15400,0.99532,0.09661,-0.06070,0.62538,-0.06031,0.62542,-0.39296,-0.03789
0.15600,0.99520,0.09786,-0.06149,0.62530,-0.06109,0.62534,-0.39291,-0.03839
0.15800,0.99508,0.09911,-0.06227,0.62522,-0.06188,0.62526,-0.39286,-0.03888
0.16000,0.99495,0.10036,-0.06306,0.62515,-0.06267,0.62519,-0.39282,-0.03937
0.16200,0.99482,0.10161,-0.06384,0.62507,-0.06345,0.62511,-0.39277,-0.03987
0.16400,0.99470,0.10286,-0.06463,0.62499,-0.06424,0.62503,-0.39272,-0.04036
0.16600,0.99457,0.10411,-0.06542,0.62490,-0.06502,0.62494,-0.39266,-0.04085
0.16800,0.99443,0.10536,-0.06620,0.62482,-0.06581,0.62486,-0.39261,-0.04135
0.17000,0.99430,0.10661,-0.06699,0.62474,-0.06659,0.62478,-0.39256,-0.04184
0.17200,0.99417,0.10786,-0.06777,0.62465,-0.06738,0.62470,-0.39251,-0.04234
0.17400,0.99403,0.10911,-0.06856,0.62457,-0.06816,0.62461,-0.39245,-0.04283
0.17600,0.99389,0.11036,-0.06934,0.62448,-0.06895,0.62452,-0.39240,-0.04332
0.17800,0.99375,0.11161,-0.07013,0.62439,-0.06973,0.62444,-0.39235,-0.04381
0.18000,0.99361,0.11286,-0.07091,0.62430,-0.07052,0.62435,-0.39229,-0.04431
0.18200,0.99347,0.11410,-0.07169,0.62421,-0.07130,0.62426,-0.39223,-0.04480
0.18400,0.99332,0.11535,-0.07248,0.62412,-0.07209,0.62417,-0.39218,-0.04529
0.18600,0.99318,0.11660,-0.07326,0.62403,-0.07287,0.62408,-0.39212,-0.04579
0.18800,0.99303,0.11785,-0.07405,0.62394,-0.07365,0.62399,-0.39206,-0.04628
0.19000,0.99288,0.11910,-0.07483,0.62385,-0.07444,0.62389,-0.39200,-0.04677
0.19200,0.99273,0.12034,-0.07561,0.62375,-0.07522,0.62380,-0.39194,-0.04726
0.19400,0.99258,0.12159,-0.07640,0.62366,-0.07601,0.62370,-0.39188,-0.04776
0.19600,0.99243,0.12284,-0.07718,0.62356,-0.07679,0.62361,-0.39182,-0.04825
0.19800,0.99227,0.12409,-0.07797,0.62346,-0.07757,0.62351,-0.39176,-0.04874
0.20000,0.99211,0.12533,-0.07875,0.62336,-0.07836,0.62341,-0.39170,-0.04923
0.20200,0.99196,0.12658,-0.07953,0.62326,-0.07914,0.62331,-0.39164,-0.04973
0.20400,0.99180,0.12783,-0.08032,0.62316,-0.07992,0.62321,-0.39158,-0.05022
0.20600,0.99164,0.12907,-0.08110,0.62306,-0.08071,0.62311,-0.39151,-0.05071
0.20800,0.99147,0.13032,-0.08188,0.62296,-0.08149,0.62301,-0.39145,-0.05120
0.21000,0.99131,0.13156,-0.08266,0.62286,-0.08227,0.62291,-0.39138,-0.05169
0.21200,0.99114,0.13281,-0.08345,0.62275,-0.08306,0.62280,-0.39132,-0.05219
0.21400,0.99097,0.13406,-0.08423,0.62265,-0.08384,0.62270,-0.39125,-0.05268
0.21600,0.99080,0.13530,-0.08501,0.62254,-0.08462,0.62259,-0.39119,-0.05317
0.21800,0.99063,0.13655,-0.08579,0.62243,-0.08540,0.62249,-0.39112,-0.05366
0.22000,0.99046,0.13779,-0.08658,0.62233,-0.08619,0.62238,-0.39105,-0.05415
0.22200,0.99029,0.13903,-0.08736,0.62222,-0.08697,0.62227,-0.39098,-0.05464
0.22400,0.99011,0.14028,-0.08814,0.62211,-0.08775,0.62216,-0.39092,-0.05513
0.22600,0.98993,0.14152,-0.08892,0.62199,-0.08853,0.62205,-0.39085,-0.05563
0.22800,0.98976,0.14277,-0.08970,0.62188,-0.08931,0.62194,-0.39078,-0.05612
0.23000,0.98958,0.14401,-0.09048,0.62177,-0.09009,0.62183,-0.39070,-0.05661
0.23200,0.98939,0.14525,-0.09127,0.62165,-0.09088,0.62171,-0.39063,-0.05710
0.23400,0.98921,0.14650,-0.09205,0.62154,-0.09166,0.62160,-0.39056,-0.05759
0.23600,0.98903,0.14774,-0.09283,0.62142,-0.09244,0.62148,-0.39049,-0.05808
0.23800,0.98884,0.14898,-0.09361,0.62131,-0.09322,0.62136,-0.39042,-0.05857
0.24000,0.98865,0.15023,-0.09439,0.62119,-0.09400,0.62125,-0.39034,-0.05906
0.24200,0.98846,0.15147,-0.09517,0.62107,-0.09478,0.62113,-0.39027,-0.05955
0.24400,0.98827,0.15271,-0.09595,0.62095,-0.09556,0.62101,-0.39019,-0.06004
0.24600,0.98808,0.15395,-0.09673,0.62083,-0.09634,0.62089,-0.39012,-0.06053
0.24800,0.98788,0.15519,-0.09751,0.62071,-0.09712,0.62077,-0.39004,-0.06102
0.25000,0.98769,0.15643,-0.09829,0.62058,-0.09790,0.62064,-0.38996,-0.06151
0.25200,0.98749,0.15768,-0.09907,0.62046,-0.09868,0.62052,-0.38988,-0.06200
0.25400,0.98729,0.15892,-0.09985,0.62033,-0.09946,0.62040,-0.38981,-0.06249
0.25600,0.98709,0.16016,-0.10063,0.62021,-0.10024,0.62027,-0.38973,-0.06298
0.25800,0.98689,0.16140,-0.10141,0.62008,-0.10102,0.62014,-0.38965,-0.06347
0.26000,0.98669,0.16264,-0.10219,0.61995,-0.10180,0.62002,-0.38957,-0.06396
0.26200,0.98648,0.16388,-0.10297,0.61982,-0.10258,0.61989,-0.38949,-0.06445
0.26400,0.98627,0.16512,-0.10375,0.61969,-0.10336,0.61976,-0.38941,-0.06494
0.26600,0.98607,0.16636,-0.10452,0.61956,-0.10414,0.61963,-0.38932,-0.06543
0.26800,0.98586,0.16759,-0.10530,0.61943,-0.10491,0.61950,-0.38924,-0.06592
0.27000,0.98564,0.16883,-0.10608,0.61930,-0.10569,0.61937,-0.38916,-0.06641
0.27200,0.98543,0.17007,-0.10686,0.61916,-0.10647,0.61923,-0.38907,-0.06690
0.27400,0.98522,0.17131,-0.10764,0.61903,-0.10725,0.61910,-0.38899,-0.06739
0.27600,0.98500,0.17255,-0.10842,0.61889,-0.10803,0.61896,-0.38891,-0.06787
0.27800,0.98478,0.17379,-0.10919,0.61876,-0.10880,0.61883,-0.38882,-0.06836
0.28000,0.98456,0.17502,-0.10997,0.61862,-0.10958,0.61869,-0.38873,-0.06885
0.28200,0.98434,0.17626,-0.11075,0.61848,-0.11036,0.61855,-0.38865,-0.06934
0.28400,0.98412,0.17750,-0.11152,0.61834,-0.11114,0.61841,-0.38856,-0.06983
0.28600,0.98390,0.17873,-0.11230,0.61820,-0.11191,0.61827,-0.38847,-0.07032
0.28800,0.98367,0.17997,-0.11308,0.61806,-0.11269,0.61813,-0.38838,-0.07081
0.29000,0.98345,0.18121,-0.11385,0.61792,-0.11347,0.61799,-0.38829,-0.07129
0.29200,0.98322,0.18244,-0.11463,0.61777,-0.11424,0.61785,-0.38820,-0.07178
0.29400,0.98299,0.18368,-0.11541,0.61763,-0.11502,0.61770,-0.38811,-0.07227
0.29600,0.98276,0.18491,-0.11618,0.61748,-0.11580,0.61756,-0.38802,-0.07276
0.29800,0.98252,0.18615,-0.11696,0.61734,-0.11657,0.61741,-0.38793,-0.07324
0.30000,0.98229,0.18738,-0.11774,0.61719,-0.11735,0.61726,-0.38784,-0.07373
0.30200,0.98205,0.18862,-0.11851,0.61704,-0.11812,0.61712,-0.38774,-0.07422
0.30400,0.98181,0.18985,-0.11929,0.61689,-0.11890,0.61697,-0.38765,-0.07471
0.30600,0.98157,0.19108,-0.12006,0.61674,-0.11967,0.61682,-0.38756,-0.07519
0.30800,0.98133,0.19232,-0.12084,0.61659,-0.12045,0.61667,-0.38746,-0.07568
0.31000,0.98109,0.19355,-0.12161,0.61644,-0.12122,0.61651,-0.38737,-0.07617
0.31200,0.98085,0.19478,-0.12239,0.61628,-0.12200,0.61636,-0.38727,-0.07665
0.31400,0.98060,0.19601,-0.12316,0.61613,-0.12277,0.61621,-0.38717,-0.07714
0.31600,0.98035,0.19725,-0.12393,0.61597,-0.12355,0.61605,-0.38708,-0.07763
0.31800,0.98011,0.19848,-0.12471,0.61582,-0.12432,0.61590,-0.38698,-0.07811
0.32000,0.97986,0.19971,-0.12548,0.61566,-0.12509,0.61574,-0.38688,-0.07860
0.32200,0.97960,0.20094,-0.12626,0.61550,-0.12587,0.61558,-0.38678,-0.07909
0.32400,0.97935,0.20217,-0.12703,0.61534,-0.12664,0.61542,-0.38668,-0.07957
0.32600,0.97910,0.20340,-0.12780,0.61518,-0.12742,0.61526,-0.38658,-0.08006
0.32800,0.97884,0.20463,-0.12857,0.61502,-0.12819,0.61510,-0.38648,-0.08054
0.33000,0.97858,0.20586,-0.12935,0.61486,-0.12896,0.61494,-0.38638,-0.08103
0.33200,0.97832,0.20709,-0.13012,0.61470,-0.12973,0.61478,-0.38628,-0.08151
0.33400,0.97806,0.20832,-0.13089,0.61453,-0.13051,0.61462,-0.38617,-0.08200
0.33600,0.97780,0.20955,-0.13166,0.61437,-0.13128,0.61445,-0.38607,-0.08248
0.33800,0.97753,0.21078,-0.13244,0.61420,-0.13205,0.61429,-0.38597,-0.08297
0.34000,0.97727,0.21201,-0.13321,0.61404,-0.13282,0.61412,-0.38586,-0.08345
0.34200,0.97700,0.21324,-0.13398,0.61387,-0.13359,0.61395,-0.38576,-0.08394
0.34400,0.97673,0.21446,-0.13475,0.61370,-0.13437,0.61378,-0.38565,-0.08442
0.34600,0.97646,0.21569,-0.13552,0.61353,-0.13514,0.61361,-0.38555,-0.08491
0.34800,0.97619,0.21692,-0.13629,0.61336,-0.13591,0.61344,-0.38544,-0.08539
0.35000,0.97592,0.21814,-0.13706,0.61319,-0.13668,0.61327,-0.38533,-0.08588
0.35200,0.97564,0.21937,-0.13783,0.61301,-0.13745,0.61310,-0.38522,-0.08636
0.35400,0.97537,0.22060,-0.13860,0.61284,-0.13822,0.61293,-0.38511,-0.08685
0.35600,0.97509,0.22182,-0.13937,0.61267,-0.13899,0.61275,-0.38500,-0.08733
0.35800,0.97481,0.22305,-0.14014,0.61249,-0.13976,0.61258,-0.38489,-0.08781
0.36000,0.97453,0.22427,-0.14091,0.61231,-0.14053,0.61240,-0.38478,-0.08830
0.36200,0.97424,0.22550,-0.14168,0.61214,-0.14130,0.61222,-0.38467,-0.08878
0.36400,0.97396,0.22672,-0.14245,0.61196,-0.14207,0.61205,-0.38456,-0.08926
0.36600,0.97367,0.22794,-0.14322,0.61178,-0.14284,0.61187,-0.38445,-0.08975
0.36800,0.97339,0.22917,-0.14399,0.61160,-0.14361,0.61169,-0.38433,-0.09023
0.37000,0.97310,0.23039,-0.14476,0.61142,-0.14437,0.61151,-0.38422,-0.09071
0.37200,0.97281,0.23161,-0.14553,0.61123,-0.14514,0.61132,-0.38411,-0.09120
0.37400,0.97252,0.23283,-0.14629,0.61105,-0.14591,0.61114,-0.38399,-0.09168
0.37600,0.97222,0.23406,-0.14706,0.61087,-0.14668,0.61096,-0.38388,-0.09216
0.37800,0.97193,0.23528,-0.14783,0.61068,-0.14745,0.61077,-0.38376,-0.09264
0.38000,0.97163,0.23650,-0.14860,0.61049,-0.14821,0.61059,-0.38364,-0.09312
0.38200,0.97133,0.23772,-0.14936,0.61031,-0.14898,0.61040,-0.38353,-0.09361
0.38400,0.97103,0.23894,-0.15013,0.61012,-0.14975,0.61021,-0.38341,-0.09409
0.38600,0.97073,0.24016,-0.15090,0.60993,-0.15051,0.61002,-0.38329,-0.09457
0.38800,0.97043,0.24138,-0.15166,0.60974,-0.15128,0.60983,-0.38317,-0.09505
0.39000,0.97013,0.24260,-0.15243,0.60955,-0.15205,0.60964,-0.38305,-0.09553
0.39200,0.96982,0.24382,-0.15320,0.60936,-0.15281,0.60945,-0.38293,-0.09601
0.39400,0.96951,0.24504,-0.15396,0.60916,-0.15358,0.60926,-0.38281,-0.09650
0.39600,0.96921,0.24625,-0.15473,0.60897,-0.15434,0.60907,-0.38269,-0.09698
0.39800,0.96889,0.24747,-0.15549,0.60877,-0.15511,0.60887,-0.38257,-0.09746
0.40000,0.96858,0.24869,-0.15626,0.60858,-0.15587,0.60868,-0.38244,-0.09794
0.40200,0.96827,0.24991,-0.15702,0.60838,-0.15664,0.60848,-0.38232,-0.09842
0.40400,0.96796,0.25112,-0.15779,0.60818,-0.15740,0.60828,-0.38220,-0.09890
0.40600,0.96764,0.25234,-0.15855,0.60799,-0.15817,0.60808,-0.38207,-0.09938
0.40800,0.96732,0.25356,-0.15931,0.60779,-0.15893,0.60789,-0.38195,-0.09986
0.41000,0.96700,0.25477,-0.16008,0.60758,-0.15970,0.60769,-0.38182,-0.10034
0.41200,0.96668,0.25599,-0.16084,0.60738,-0.16046,0.60748,-0.38169,-0.10082
0.41400,0.96636,0.25720,-0.16160,0.60718,-0.16122,0.60728,-0.38157,-0.10130
0.41600,0.96603,0.25841,-0.16237,0.60698,-0.16199,0.60708,-0.38144,-0.10178
0.41800,0.96571,0.25963,-0.16313,0.60677,-0.16275,0.60687,-0.38131,-0.10226
0.42000,0.96538,0.26084,-0.16389,0.60657,-0.16351,0.60667,-0.38118,-0.10274
0.42200,0.96505,0.26205,-0.16465,0.60636,-0.16427,0.60646,-0.38105,-0.10322
0.42400,0.96472,0.26327,-0.16542,0.60615,-0.16503,0.60626,-0.38092,-0.10369
0.42600,0.96439,0.26448,-0.16618,0.60594,-0.16580,0.60605,-0.38079,-0.10417
0.42800,0.96406,0.26569,-0.16694,0.60574,-0.16656,0.60584,-0.38066,-0.10465
0.43000,0.96372,0.26690,-0.16770,0.60553,-0.16732,0.60563,-0.38053,-0.10513
0.43200,0.96339,0.26811,-0.16846,0.60531,-0.16808,0.60542,-0.38040,-0.10561
0.43400,0.96305,0.26932,-0.16922,0.60510,-0.16884,0.60521,-0.38026,-0.10609
0.43600,0.96271,0.27053,-0.16998,0.60489,-0.16960,0.60500,-0.38013,-0.10656
0.43800,0.96237,0.27174,-0.17074,0.60467,-0.17036,0.60478,-0.38000,-0.10704
0.44000,0.96203,0.27295,-0.17150,0.60446,-0.17112,0.60457,-0.37986,-0.10752
0.44200,0.96168,0.27416,-0.17226,0.60424,-0.17188,0.60435,-0.37973,-0.10800
0.44400,0.96134,0.27537,-0.17302,0.60403,-0.17264,0.60414,-0.37959,-0.10847
0.44600,0.96099,0.27658,-0.17378,0.60381,-0.17340,0.60392,-0.37945,-0.10895
0.44800,0.96064,0.27778,-0.17454,0.60359,-0.17416,0.60370,-0.37932,-0.10943
0.45000,0.96029,0.27899,-0.17530,0.60337,-0.17492,0.60348,-0.37918,-0.10990
0.45200,0.95994,0.28020,-0.17605,0.60315,-0.17567,0.60326,-0.37904,-0.11038
0.45400,0.95959,0.28140,-0.17681,0.60293,-0.17643,0.60304,-0.37890,-0.11086
0.45600,0.95924,0.28261,-0.17757,0.60271,-0.17719,0.60282,-0.37876,-0.11133
0.45800,0.95888,0.28381,-0.17833,0.60248,-0.17795,0.60259,-0.37862,-0.11181
0.46000,0.95852,0.28502,-0.17908,0.60226,-0.17870,0.60237,-0.37848,-0.11228
0.46200,0.95816,0.28622,-0.17984,0.60203,-0.17946,0.60214,-0.37834,-0.11276
0.46400,0.95780,0.28743,-0.18060,0.60180,-0.18022,0.60192,-0.37820,-0.11323
0.46600,0.95744,0.28863,-0.18135,0.60158,-0.18097,0.60169,-0.37805,-0.11371
0.46800,0.95708,0.28983,-0.18211,0.60135,-0.18173,0.60146,-0.37791,-0.11418
0.47000,0.95671,0.29104,-0.18286,0.60112,-0.18249,0.60123,-0.37777,-0.11466
0.47200,0.95635,0.29224,-0.18362,0.60089,-0.18324,0.60100,-0.37762,-0.11513
0.47400,0.95598,0.29344,-0.18437,0.60066,-0.18400,0.60077,-0.37748,-0.11561
0.47600,0.95561,0.29464,-0.18513,0.60043,-0.18475,0.60054,-0.37733,-0.11608
0.47800,0.95524,0.29584,-0.18588,0.60019,-0.18551,0.60031,-0.37719,-0.11656
0.48000,0.95486,0.29704,-0.18664,0.59996,-0.18626,0.60008,-0.37704,-0.11703
0.48200,0.95449,0.29824,-0.18739,0.59972,-0.18701,0.59984,-0.37689,-0.11750
0.48400,0.95411,0.29944,-0.18814,0.59949,-0.18777,0.59961,-0.37674,-0.11798
0.48600,0.95374,0.30064,-0.18890,0.59925,-0.18852,0.59937,-0.37660,-0.11845
0.48800,0.95336,0.30184,-0.18965,0.59901,-0.18927,0.59913,-0.37645,-0.11892
0.49000,0.95298,0.30304,-0.19040,0.59877,-0.19003,0.59889,-0.37630,-0.11940
0.49200,0.95260,0.30423,-0.19115,0.59853,-0.19078,0.59865,-0.37615,-0.11987
0.49400,0.95221,0.30543,-0.19191,0.59829,-0.19153,0.59841,-0.37599,-0.12034
0.49600,0.95183,0.30663,-0.19266,0.59805,-0.19228,0.59817,-0.37584,-0.12081
0.49800,0.95144,0.30782,-0.19341,0.59781,-0.19303,0.59793,-0.37569,-0.12129
0.50000,0.95106,0.30902,-0.19416,0.59757,-0.19379,0.59769,-0.37554,-0.12176
0.50200,0.95067,0.31021,-0.19491,0.59732,-0.19454,0.59744,-0.37539,-0.12223
0.50400,0.95028,0.31141,-0.19566,0.59708,-0.19529,0.59720,-0.37523,-0.12270
0.50600,0.94988,0.31260,-0.19641,0.59683,-0.19604,0.59695,-0.37508,-0.12317
0.50800,0.94949,0.31379,-0.19716,0.59658,-0.19679,0.59671,-0.37492,-0.12365
0.51000,0.94910,0.31499,-0.19791,0.59633,-0.19754,0.59646,-0.37477,-0.12412
0.51200,0.94870,0.31618,-0.19866,0.59609,-0.19829,0.59621,-0.37461,-0.12459
0.51400,0.94830,0.31737,-0.19941,0.59584,-0.19904,0.59596,-0.37445,-0.12506
0.51600,0.94790,0.31856,-0.20016,0.59558,-0.19978,0.59571,-0.37430,-0.12553
0.51800,0.94750,0.31975,-0.20091,0.59533,-0.20053,0.59546,-0.37414,-0.12600
0.52000,0.94710,0.32094,-0.20165,0.59508,-0.20128,0.59521,-0.37398,-0.12647
0.52200,0.94669,0.32213,-0.20240,0.59483,-0.20203,0.59495,-0.37382,-0.12694
0.52400,0.94629,0.32332,-0.20315,0.59457,-0.20278,0.59470,-0.37366,-0.12741
0.52600,0.94588,0.32451,-0.20390,0.59431,-0.20352,0.59444,-0.37350,-0.12788
0.52800,0.94547,0.32570,-0.20464,0.59406,-0.20427,0.59419,-0.37334,-0.12835
0.53000,0.94506,0.32689,-0.20539,0.59380,-0.20502,0.59393,-0.37318,-0.12882
0.53200,0.94465,0.32808,-0.20614,0.59354,-0.20576,0.59367,-0.37301,-0.12928
0.53400,0.94424,0.32926,-0.20688,0.59328,-0.20651,0.59341,-0.37285,-0.12975
0.53600,0.94382,0.33045,-0.20763,0.59302,-0.20725,0.59315,-0.37269,-0.13022
0.53800,0.94341,0.33163,-0.20837,0.59276,-0.20800,0.59289,-0.37252,-0.13069
0.54000,0.94299,0.33282,-0.20912,0.59250,-0.20874,0.59263,-0.37236,-0.13116
0.54200,0.94257,0.33400,-0.20986,0.59224,-0.20949,0.59237,-0.37219,-0.13163
0.54400,0.94215,0.33519,-0.21061,0.59197,-0.21023,0.59210,-0.37203,-0.13209
0.54600,0.94173,0.33637,-0.21135,0.59171,-0.21098,0.59184,-0.37186,-0.13256
0.54800,0.94131,0.33756,-0.21209,0.59144,-0.21172,0.59157,-0.37170,-0.13303
0.55000,0.94088,0.33874,-0.21284,0.59117,-0.21246,0.59131,-0.37153,-0.13349
0.55200,0.94045,0.33992,-0.21358,0.59090,-0.21321,0.59104,-0.37136,-0.13396
0.55400,0.94003,0.34110,-0.21432,0.59064,-0.21395,0.59077,-0.37119,-0.13443
0.55600,0.93960,0.34228,-0.21506,0.59037,-0.21469,0.59050,-0.37102,-0.13489
0.55800,0.93917,0.34346,-0.21580,0.59010,-0.21543,0.59023,-0.37085,-0.13536
0.56000,0.93873,0.34464,-0.21655,0.58982,-0.21617,0.58996,-0.37068,-0.13583
0.56200,0.93830,0.34582,-0.21729,0.58955,-0.21692,0.58969,-0.37051,-0.13629
0.56400,0.93786,0.34700,-0.21803,0.58928,-0.21766,0.58941,-0.37034,-0.13676
0.56600,0.93743,0.34818,-0.21877,0.58900,-0.21840,0.58914,-0.37017,-0.13722
0.56800,0.93699,0.34936,-0.21951,0.58873,-0.21914,0.58887,-0.37000,-0.13769
0.57000,0.93655,0.35053,-0.22025,0.58845,-0.21988,0.58859,-0.36982,-0.13815
0.57200,0.93611,0.35171,-0.22099,0.58817,-0.22062,0.58831,-0.36965,-0.13862
0.57400,0.93567,0.35289,-0.22173,0.58790,-0.22136,0.58804,-0.36947,-0.13908
0.57600,0.93522,0.35406,-0.22246,0.58762,-0.22209,0.58776,-0.36930,-0.13955
0.57800,0.93478,0.35524,-0.22320,0.58734,-0.22283,0.58748,-0.36912,-0.14001
0.58000,0.93433,0.35641,-0.22394,0.58706,-0.22357,0.58720,-0.36895,-0.14047
0.58200,0.93388,0.35759,-0.22468,0.58677,-0.22431,0.58692,-0.36877,-0.14094
0.58400,0.93343,0.35876,-0.22541,0.58649,-0.22505,0.58663,-0.36859,-0.14140
0.58600,0.93298,0.35993,-0.22615,0.58621,-0.22578,0.58635,-0.36841,-0.14186
0.58800,0.93253,0.36110,-0.22689,0.58592,-0.22652,0.58607,-0.36824,-0.14233
0.59000,0.93207,0.36228,-0.22762,0.58564,-0.22726,0.58578,-0.36806,-0.14279
0.59200,0.93162,0.36345,-0.22836,0.58535,-0.22799,0.58549,-0.36788,-0.14325
0.59400,0.93116,0.36462,-0.22910,0.58506,-0.22873,0.58521,-0.36770,-0.14371
0.59600,0.93070,0.36579,-0.22983,0.58478,-0.22946,0.58492,-0.36752,-0.14418
0.59800,0.93024,0.36696,-0.23057,0.58449,-0.23020,0.58463,-0.36733,-0.14464
0.60000,0.92978,0.36812,-0.23130,0.58420,-0.23093,0.58434,-0.36715,-0.14510
0.60200,0.92931,0.36929,-0.23203,0.58390,-0.23167,0.58405,-0.36697,-0.14556
0.60400,0.92885,0.37046,-0.23277,0.58361,-0.23240,0.58376,-0.36679,-0.14602
0.60600,0.92838,0.37163,-0.23350,0.58332,-0.23313,0.58347,-0.36660,-0.14648
0.60800,0.92791,0.37279,-0.23423,0.58303,-0.23387,0.58317,-0.36642,-0.14694
0.61000,0.92745,0.37396,-0.23497,0.58273,-0.23460,0.58288,-0.36623,-0.14740
0.61200,0.92697,0.37512,-0.23570,0.58244,-0.23533,0.58258,-0.36605,-0.14786
0.61400,0.92650,0.37629,-0.23643,0.58214,-0.23606,0.58229,-0.36586,-0.14832
0.61600,0.92603,0.37745,-0.23716,0.58184,-0.23680,0.58199,-0.36567,-0.14878
0.61800,0.92555,0.37862,-0.23789,0.58154,-0.23753,0.58169,-0.36549,-0.14924
0.62000,0.92508,0.37978,-0.23862,0.58124,-0.23826,0.58139,-0.36530,-0.14970
0.62200,0.92460,0.38094,-0.23935,0.58094,-0.23899,0.58109,-0.36511,-0.15016
0.62400,0.92412,0.38210,-0.24008,0.58064,-0.23972,0.58079,-0.36492,-0.15062
0.62600,0.92364,0.38326,-0.24081,0.58034,-0.24045,0.58049,-0.36473,-0.15108
0.62800,0.92316,0.38442,-0.24154,0.58004,-0.24118,0.58019,-0.36454,-0.15154
0.63000,0.92267,0.38558,-0.24227,0.57973,-0.24191,0.57988,-0.36435,-0.15199
0.63200,0.92219,0.38674,-0.24300,0.57943,-0.24263,0.57958,-0.36416,-0.15245
0.63400,0.92170,0.38790,-0.24373,0.57912,-0.24336,0.57927,-0.36397,-0.15291
0.63600,0.92121,0.38906,-0.24445,0.57881,-0.24409,0.57897,-0.36378,-0.15337
0.63800,0.92072,0.39022,-0.24518,0.57851,-0.24482,0.57866,-0.36358,-0.15382
0.64000,0.92023,0.39137,-0.24591,0.57820,-0.24554,0.57835,-0.36339,-0.15428
0.64200,0.91974,0.39253,-0.24663,0.57789,-0.24627,0.57804,-0.36320,-0.15474
0.64400,0.91925,0.39369,-0.24736,0.57758,-0.24700,0.57773,-0.36300,-0.15519
0.64600,0.91875,0.39484,-0.24809,0.57727,-0.24772,0.57742,-0.36281,-0.15565
0.64800,0.91825,0.39599,-0.24881,0.57696,-0.24845,0.57711,-0.36261,-0.15610
0.65000,0.91775,0.39715,-0.24954,0.57664,-0.24917,0.57680,-0.36241,-0.15656
0.65200,0.91725,0.39830,-0.25026,0.57633,-0.24990,0.57649,-0.36222,-0.15702
0.65400,0.91675,0.39945,-0.25098,0.57601,-0.25062,0.57617,-0.36202,-0.15747
0.65600,0.91625,0.40060,-0.25171,0.57570,-0.25135,0.57586,-0.36182,-0.15793
0.65800,0.91575,0.40176,-0.25243,0.57538,-0.25207,0.57554,-0.36162,-0.15838
0.66000,0.91524,0.40291,-0.25315,0.57506,-0.25279,0.57522,-0.36142,-0.15883
0.66200,0.91473,0.40406,-0.25388,0.57474,-0.25351,0.57490,-0.36122,-0.15929
0.66400,0.91423,0.40521,-0.25460,0.57442,-0.25424,0.57458,-0.36102,-0.15974
0.66600,0.91372,0.40635,-0.25532,0.57410,-0.25496,0.57426,-0.36082,-0.16020
0.66800,0.91320,0.40750,-0.25604,0.57378,-0.25568,0.57394,-0.36062,-0.16065
0.67000,0.91269,0.40865,-0.25676,0.57346,-0.25640,0.57362,-0.36042,-0.16110
0.67200,0.91218,0.40980,-0.25748,0.57314,-0.25712,0.57330,-0.36021,-0.16155
0.67400,0.91166,0.41094,-0.25820,0.57281,-0.25784,0.57298,-0.36001,-0.16201
0.67600,0.91114,0.41209,-0.25892,0.57249,-0.25856,0.57265,-0.35981,-0.16246
0.67800,0.91063,0.41323,-0.25964,0.57216,-0.25928,0.57233,-0.35960,-0.16291
0.68000,0.91011,0.41438,-0.26036,0.57184,-0.26000,0.57200,-0.35940,-0.16336
0.68200,0.90958,0.41552,-0.26108,0.57151,-0.26072,0.57167,-0.35919,-0.16381
0.68400,0.90906,0.41666,-0.26180,0.57118,-0.26144,0.57134,-0.35899,-0.16427
0.68600,0.90854,0.41780,-0.26251,0.57085,-0.26216,0.57102,-0.35878,-0.16472
0.68800,0.90801,0.41895,-0.26323,0.57052,-0.26287,0.57069,-0.35857,-0.16517
0.69000,0.90748,0.42009,-0.26395,0.57019,-0.26359,0.57035,-0.35836,-0.16562
0.69200,0.90696,0.42123,-0.26466,0.56986,-0.26431,0.57002,-0.35816,-0.16607
0.69400,0.90643,0.42237,-0.26538,0.56952,-0.26502,0.56969,-0.35795,-0.16652
0.69600,0.90589,0.42350,-0.26610,0.56919,-0.26574,0.56936,-0.35774,-0.16697
0.69800,0.90536,0.42464,-0.26681,0.56886,-0.26645,0.56902,-0.35753,-0.16742
0.70000,0.90483,0.42578,-0.26752,0.56852,-0.26717,0.56869,-0.35732,-0.16787
0.70200,0.90429,0.42692,-0.26824,0.56818,-0.26788,0.56835,-0.35711,-0.16832
0.70400,0.90375,0.42805,-0.26895,0.56785,-0.26860,0.56801,-0.35689,-0.16876
0.70600,0.90322,0.42919,-0.26967,0.56751,-0.26931,0.56768,-0.35668,-0.16921
0.70800,0.90268,0.43032,-0.27038,0.56717,-0.27002,0.56734,-0.35647,-0.16966
0.71000,0.90213,0.43146,-0.27109,0.56683,-0.27074,0.56700,-0.35626,-0.17011
0.71200,0.90159,0.43259,-0.27180,0.56649,-0.27145,0.56666,-0.35604,-0.17056
0.71400,0.90105,0.43372,-0.27252,0.56614,-0.27216,0.56632,-0.35583,-0.17100
0.71600,0.90050,0.43485,-0.27323,0.56580,-0.27287,0.56597,-0.35561,-0.17145
0.71800,0.89995,0.43599,-0.27394,0.56546,-0.27358,0.56563,-0.35540,-0.17190
0.72000,0.89941,0.43712,-0.27465,0.56511,-0.27429,0.56529,-0.35518,-0.17234
0.72200,0.89886,0.43825,-0.27536,0.56477,-0.27500,0.56494,-0.35496,-0.17279
0.72400,0.89830,0.43937,-0.27607,0.56442,-0.27571,0.56459,-0.35474,-0.17324
0.72600,0.89775,0.44050,-0.27678,0.56407,-0.27642,0.56425,-0.35453,-0.17368
0.72800,0.89720,0.44163,-0.27748,0.56373,-0.27713,0.56390,-0.35431,-0.17413
0.73000,0.89664,0.44276,-0.27819,0.56338,-0.27784,0.56355,-0.35409,-0.17457
0.73200,0.89608,0.44388,-0.27890,0.56303,-0.27855,0.56320,-0.35387,-0.17502
0.73400,0.89553,0.44501,-0.27961,0.56268,-0.27925,0.56285,-0.35365,-0.17546
0.73600,0.89497,0.44614,-0.28032,0.56232,-0.27996,0.56250,-0.35343,-0.17591
0.73800,0.89440,0.44726,-0.28102,0.56197,-0.28067,0.56215,-0.35321,-0.17635
0.74000,0.89384,0.44838,-0.28173,0.56162,-0.28137,0.56179,-0.35299,-0.17679
0.74200,0.89328,0.44951,-0.28243,0.56126,-0.28208,0.56144,-0.35276,-0.17724
0.74400,0.89271,0.45063,-0.28314,0.56091,-0.28279,0.56109,-0.35254,-0.17768
0.74600,0.89214,0.45175,-0.28384,0.56055,-0.28349,0.56073,-0.35232,-0.17812
0.74800,0.89158,0.45287,-0.28455,0.56019,-0.28419,0.56037,-0.35209,-0.17856
0.75000,0.89101,0.45399,-0.28525,0.55984,-0.28490,0.56001,-0.35187,-0.17901
0.75200,0.89044,0.45511,-0.28595,0.55948,-0.28560,0.55966,-0.35164,-0.17945
0.75400,0.88986,0.45623,-0.28666,0.55912,-0.28631,0.55930,-0.35142,-0.17989
0.75600,0.88929,0.45735,-0.28736,0.55876,-0.28701,0.55894,-0.35119,-0.18033
0.75800,0.88871,0.45846,-0.28806,0.55839,-0.28771,0.55858,-0.35096,-0.18077
0.76000,0.88814,0.45958,-0.28876,0.55803,-0.28841,0.55821,-0.35074,-0.18121
0.76200,0.88756,0.46070,-0.28946,0.55767,-0.28911,0.55785,-0.35051,-0.18166
0.76400,0.88698,0.46181,-0.29016,0.55730,-0.28981,0.55749,-0.35028,-0.18210
0.76600,0.88640,0.46292,-0.29086,0.55694,-0.29051,0.55712,-0.35005,-0.18254
0.76800,0.88582,0.46404,-0.29156,0.55657,-0.29121,0.55676,-0.34982,-0.18298
0.77000,0.88523,0.46515,-0.29226,0.55621,-0.29191,0.55639,-0.34959,-0.18341
0.77200,0.88465,0.46626,-0.29296,0.55584,-0.29261,0.55602,-0.34936,-0.18385
0.77400,0.88406,0.46737,-0.29366,0.55547,-0.29331,0.55566,-0.34913,-0.18429
0.77600,0.88347,0.46849,-0.29436,0.55510,-0.29401,0.55529,-0.34890,-0.18473
0.77800,0.88288,0.46959,-0.29506,0.55473,-0.29471,0.55492,-0.34866,-0.18517
0.78000,0.88229,0.47070,-0.29575,0.55436,-0.29540,0.55455,-0.34843,-0.18561
0.78200,0.88170,0.47181,-0.29645,0.55399,-0.29610,0.55417,-0.34820,-0.18605
0.78400,0.88111,0.47292,-0.29714,0.55361,-0.29680,0.55380,-0.34796,-0.18648
0.78600,0.88051,0.47403,-0.29784,0.55324,-0.29749,0.55343,-0.34773,-0.18692
0.78800,0.87991,0.47513,-0.29853,0.55287,-0.29819,0.55305,-0.34749,-0.18736
0.79000,0.87932,0.47624,-0.29923,0.55249,-0.29888,0.55268,-0.34726,-0.18779
0.79200,0.87872,0.47734,-0.29992,0.55211,-0.29958,0.55230,-0.34702,-0.18823
0.79400,0.87812,0.47845,-0.30062,0.55174,-0.30027,0.55193,-0.34679,-0.18867
0.79600,0.87751,0.47955,-0.30131,0.55136,-0.30096,0.55155,-0.34655,-0.18910
0.79800,0.87691,0.48065,-0.30200,0.55098,-0.30166,0.55117,-0.34631,-0.18954
0.80000,0.87631,0.48175,-0.30269,0.55060,-0.30235,0.55079,-0.34607,-0.18997
0.80200,0.87570,0.48285,-0.30339,0.55022,-0.30304,0.55041,-0.34583,-0.19041
0.80400,0.87509,0.48395,-0.30408,0.54984,-0.30373,0.55003,-0.34559,-0.19084
0.80600,0.87448,0.48505,-0.30477,0.54945,-0.30442,0.54965,-0.34535,-0.19127
0.80800,0.87387,0.48615,-0.30546,0.54907,-0.30511,0.54926,-0.34511,-0.19171
0.81000,0.87326,0.48725,-0.30615,0.54869,-0.30580,0.54888,-0.34487,-0.19214
0.81200,0.87265,0.48835,-0.30684,0.54830,-0.30649,0.54849,-0.34463,-0.19258
0.81400,0.87204,0.48944,-0.30753,0.54792,-0.30718,0.54811,-0.34439,-0.19301
0.81600,0.87142,0.49054,-0.30821,0.54753,-0.30787,0.54772,-0.34414,-0.19344
0.81800,0.87080,0.49163,-0.30890,0.54714,-0.30856,0.54734,-0.34390,-0.19387
0.82000,0.87018,0.49273,-0.30959,0.54675,-0.30925,0.54695,-0.34366,-0.19431
0.82200,0.86956,0.49382,-0.31028,0.54636,-0.30993,0.54656,-0.34341,-0.19474
0.82400,0.86894,0.49491,-0.31096,0.54597,-0.31062,0.54617,-0.34317,-0.19517
0.82600,0.86832,0.49600,-0.31165,0.54558,-0.31131,0.54578,-0.34292,-0.19560
0.82800,0.86770,0.49710,-0.31233,0.54519,-0.31199,0.54539,-0.34268,-0.19603
0.83000,0.86707,0.49819,-0.31302,0.54480,-0.31268,0.54499,-0.34243,-0.19646
0.83200,0.86644,0.49927,-0.31370,0.54440,-0.31336,0.54460,-0.34218,-0.19689
0.83400,0.86582,0.50036,-0.31439,0.54401,-0.31405,0.54421,-0.34193,-0.19732
0.83600,0.86519,0.50145,-0.31507,0.54361,-0.31473,0.54381,-0.34169,-0.19775
0.83800,0.86456,0.50254,-0.31575,0.54322,-0.31541,0.54341,-0.34144,-0.19818
0.84000,0.86392,0.50362,-0.31644,0.54282,-0.31609,0.54302,-0.34119,-0.19861
0.84200,0.86329,0.50471,-0.31712,0.54242,-0.31678,0.54262,-0.34094,-0.19904
0.84400,0.86265,0.50579,-0.31780,0.54202,-0.31746,0.54222,-0.34069,-0.19946
0.84600,0.86202,0.50688,-0.31848,0.54162,-0.31814,0.54182,-0.34044,-0.19989
0.84800,0.86138,0.50796,-0.31916,0.54122,-0.31882,0.54142,-0.34019,-0.20032
0.85000,0.86074,0.50904,-0.31984,0.54082,-0.31950,0.54102,-0.33993,-0.20075
0.85200,0.86010,0.51012,-0.32052,0.54042,-0.32018,0.54062,-0.33968,-0.20117
0.85400,0.85946,0.51120,-0.32120,0.54001,-0.32086,0.54022,-0.33943,-0.20160
0.85600,0.85882,0.51228,-0.32188,0.53961,-0.32154,0.53981,-0.33917,-0.20203
0.85800,0.85817,0.51336,-0.32255,0.53921,-0.32222,0.53941,-0.33892,-0.20245
0.86000,0.85753,0.51444,-0.32323,0.53880,-0.32289,0.53900,-0.33867,-0.20288
0.86200,0.85688,0.51552,-0.32391,0.53839,-0.32357,0.53860,-0.33841,-0.20331
0.86400,0.85623,0.51659,-0.32458,0.53799,-0.32425,0.53819,-0.33815,-0.20373
0.86600,0.85558,0.51767,-0.32526,0.53758,-0.32492,0.53778,-0.33790,-0.20416
0.86800,0.85493,0.51874,-0.32594,0.53717,-0.32560,0.53737,-0.33764,-0.20458
0.87000,0.85428,0.51982,-0.32661,0.53676,-0.32627,0.53696,-0.33738,-0.20500
0.87200,0.85362,0.52089,-0.32729,0.53635,-0.32695,0.53655,-0.33713,-0.20543
0.87400,0.85297,0.52196,-0.32796,0.53594,-0.32762,0.53614,-0.33687,-0.20585
0.87600,0.85231,0.52303,-0.32863,0.53552,-0.32830,0.53573,-0.33661,-0.20627
0.87800,0.85165,0.52410,-0.32930,0.53511,-0.32897,0.53532,-0.33635,-0.20670
0.88000,0.85099,0.52517,-0.32998,0.53470,-0.32964,0.53490,-0.33609,-0.20712
0.88200,0.85033,0.52624,-0.33065,0.53428,-0.33031,0.53449,-0.33583,-0.20754
0.88400,0.84967,0.52731,-0.33132,0.53386,-0.33098,0.53407,-0.33557,-0.20796
0.88600,0.84901,0.52838,-0.33199,0.53345,-0.33166,0.53366,-0.33531,-0.20838
0.88800,0.84834,0.52945,-0.33266,0.53303,-0.33233,0.53324,-0.33504,-0.20881
0.89000,0.84768,0.53051,-0.33333,0.53261,-0.33300,0.53282,-0.33478,-0.20923
0.89200,0.84701,0.53158,-0.33400,0.53219,-0.33366,0.53240,-0.33452,-0.20965
0.89400,0.84634,0.53264,-0.33467,0.53177,-0.33433,0.53198,-0.33425,-0.21007
0.89600,0.84567,0.53370,-0.33534,0.53135,-0.33500,0.53156,-0.33399,-0.21049
0.89800,0.84500,0.53477,-0.33600,0.53093,-0.33567,0.53114,-0.33373,-0.21091
0.90000,0.84433,0.53583,-0.33667,0.53051,-0.33634,0.53072,-0.33346,-0.21133
0.90200,0.84365,0.53689,-0.33734,0.53008,-0.33700,0.53030,-0.33319,-0.21175
0.90400,0.84298,0.53795,-0.33800,0.52966,-0.33767,0.52987,-0.33293,-0.21216
0.90600,0.84230,0.53901,-0.33867,0.52923,-0.33833,0.52945,-0.33266,-0.21258
0.90800,0.84162,0.54006,-0.33933,0.52881,-0.33900,0.52902,-0.33239,-0.21300
0.91000,0.84094,0.54112,-0.34000,0.52838,-0.33966,0.52859,-0.33213,-0.21342
0.91200,0.84026,0.54218,-0.34066,0.52795,-0.34033,0.52817,-0.33186,-0.21383
0.91400,0.83958,0.54323,-0.34132,0.52752,-0.34099,0.52774,-0.33159,-0.21425
0.91600,0.83890,0.54429,-0.34199,0.52710,-0.34165,0.52731,-0.33132,-0.21467
0.91800,0.83821,0.54534,-0.34265,0.52667,-0.34232,0.52688,-0.33105,-0.21508
0.92000,0.83753,0.54639,-0.34331,0.52623,-0.34298,0.52645,-0.33078,-0.21550
0.92200,0.83684,0.54745,-0.34397,0.52580,-0.34364,0.52602,-0.33051,-0.21592
0.92400,0.83615,0.54850,-0.34463,0.52537,-0.34430,0.52559,-0.33024,-0.21633
0.92600,0.83546,0.54955,-0.34529,0.52494,-0.34496,0.52515,-0.32996,-0.21675
0.92800,0.83477,0.55060,-0.34595,0.52450,-0.34562,0.52472,-0.32969,-0.21716
0.93000,0.83408,0.55165,-0.34661,0.52407,-0.34628,0.52428,-0.32942,-0.21757
0.93200,0.83338,0.55269,-0.34727,0.52363,-0.34694,0.52385,-0.32914,-0.21799
0.93400,0.83269,0.55374,-0.34793,0.52319,-0.34760,0.52341,-0.32887,-0.21840
0.93600,0.83199,0.55479,-0.34858,0.52276,-0.34825,0.52298,-0.32860,-0.21881
0.93800,0.83130,0.55583,-0.34924,0.52232,-0.34891,0.52254,-0.32832,-0.21923
0.94000,0.83060,0.55688,-0.34990,0.52188,-0.34957,0.52210,-0.32804,-0.21964
0.94200,0.82990,0.55792,-0.35055,0.52144,-0.35022,0.52166,-0.32777,-0.22005
0.94400,0.82919,0.55896,-0.35121,0.52100,-0.35088,0.52122,-0.32749,-0.22046
0.94600,0.82849,0.56000,-0.35186,0.52056,-0.35153,0.52078,-0.32721,-0.22087
0.94800,0.82779,0.56104,-0.35251,0.52011,-0.35219,0.52033,-0.32694,-0.22129
0.95000,0.82708,0.56208,-0.35317,0.51967,-0.35284,0.51989,-0.32666,-0.22170
0.95200,0.82637,0.56312,-0.35382,0.51923,-0.35349,0.51945,-0.32638,-0.22211
0.95400,0.82567,0.56416,-0.35447,0.51878,-0.35415,0.51900,-0.32610,-0.22252
0.95600,0.82496,0.56520,-0.35512,0.51833,-0.35480,0.51856,-0.32582,-0.22293
0.95800,0.82424,0.56623,-0.35577,0.51789,-0.35545,0.51811,-0.32554,-0.22334
0.96000,0.82353,0.56727,-0.35643,0.51744,-0.35610,0.51766,-0.32526,-0.22374
0.96200,0.82282,0.56830,-0.35708,0.51699,-0.35675,0.51722,-0.32498,-0.22415
0.96400,0.82210,0.56934,-0.35772,0.51654,-0.35740,0.51677,-0.32469,-0.22456
0.96600,0.82139,0.57037,-0.35837,0.51609,-0.35805,0.51632,-0.32441,-0.22497
0.96800,0.82067,0.57140,-0.35902,0.51564,-0.35870,0.51587,-0.32413,-0.22538
0.97000,0.81995,0.57243,-0.35967,0.51519,-0.35935,0.51542,-0.32385,-0.22578
0.97200,0.81923,0.57346,-0.36032,0.51474,-0.35999,0.51496,-0.32356,-0.22619
0.97400,0.81851,0.57449,-0.36096,0.51429,-0.36064,0.51451,-0.32328,-0.22660
0.97600,0.81779,0.57552,-0.36161,0.51383,-0.36129,0.51406,-0.32299,-0.22700
0.97800,0.81706,0.57655,-0.36225,0.51338,-0.36193,0.51360,-0.32271,-0.22741
0.98000,0.81634,0.57757,-0.36290,0.51292,-0.36258,0.51315,-0.32242,-0.22781
0.98200,0.81561,0.57860,-0.36354,0.51246,-0.36322,0.51269,-0.32213,-0.22822
0.98400,0.81489,0.57962,-0.36419,0.51201,-0.36387,0.51224,-0.32185,-0.22862
0.98600,0.81416,0.58065,-0.36483,0.51155,-0.36451,0.51178,-0.32156,-0.22903
0.98800,0.81343,0.58167,-0.36547,0.51109,-0.36515,0.51132,-0.32127,-0.22943
0.99000,0.81269,0.58269,-0.36612,0.51063,-0.36579,0.51086,-0.32098,-0.22984
0.99200,0.81196,0.58371,-0.36676,0.51017,-0.36644,0.51040,-0.32069,-0.23024
0.99400,0.81123,0.58473,-0.36740,0.50971,-0.36708,0.50994,-0.32040,-0.23064
0.99600,0.81049,0.58575,-0.36804,0.50925,-0.36772,0.50948,-0.32011,-0.23104
0.99800,0.80975,0.58677,-0.36868,0.50878,-0.36836,0.50902,-0.31982,-0.23145
1.00000,0.80902,0.58779,-0.36932,0.50832,-0.36900,0.50855,-0.31953,-0.23185
1.00200,0.80828,0.58880,-0.36995,0.50786,-0.36964,0.50809,-0.31924,-0.23225
1.00400,0.80754,0.58982,-0.37059,0.50739,-0.37027,0.50762,-0.31895,-0.23265
1.00600,0.80680,0.59083,-0.37123,0.50692,-0.37091,0.50716,-0.31866,-0.23305
1.00800,0.80605,0.59184,-0.37187,0.50646,-0.37155,0.50669,-0.31836,-0.23345
1.01000,0.80531,0.59286,-0.37250,0.50599,-0.37218,0.50622,-0.31807,-0.23385
1.01200,0.80456,0.59387,-0.37314,0.50552,-0.37282,0.50576,-0.31778,-0.23425
1.01400,0.80382,0.59488,-0.37377,0.50505,-0.37346,0.50529,-0.31748,-0.23465
1.01600,0.80307,0.59589,-0.37441,0.50458,-0.37409,0.50482,-0.31719,-0.23505
1.01800,0.80232,0.59690,-0.37504,0.50411,-0.37472,0.50435,-0.31689,-0.23545
1.02000,0.80157,0.59790,-0.37567,0.50364,-0.37536,0.50388,-0.31659,-0.23584
1.02200,0.80082,0.59891,-0.37631,0.50317,-0.37599,0.50340,-0.31630,-0.23624
1.02400,0.80006,0.59992,-0.37694,0.50269,-0.37662,0.50293,-0.31600,-0.23664
1.02600,0.79931,0.60092,-0.37757,0.50222,-0.37726,0.50246,-0.31570,-0.23704
1.02800,0.79855,0.60193,-0.37820,0.50174,-0.37789,0.50198,-0.31540,-0.23743
1.03000,0.79779,0.60293,-0.37883,0.50127,-0.37852,0.50151,-0.31511,-0.23783
1.03200,0.79704,0.60393,-0.37946,0.50079,-0.37915,0.50103,-0.31481,-0.23822
1.03400,0.79628,0.60493,-0.38009,0.50032,-0.37978,0.50055,-0.31451,-0.23862
1.03600,0.79552,0.60593,-0.38072,0.49984,-0.38040,0.50008,-0.31421,-0.23902
1.03800,0.79475,0.60693,-0.38135,0.49936,-0.38103,0.49960,-0.31391,-0.23941
1.04000,0.79399,0.60793,-0.38197,0.49888,-0.38166,0.49912,-0.31361,-0.23980
1.04200,0.79323,0.60893,-0.38260,0.49840,-0.38229,0.49864,-0.31330,-0.24020
1.04400,0.79246,0.60992,-0.38323,0.49792,-0.38291,0.49816,-0.31300,-0.24059
1.04600,0.79169,0.61092,-0.38385,0.49744,-0.38354,0.49768,-0.31270,-0.24098
1.04800,0.79092,0.61191,-0.38448,0.49695,-0.38416,0.49719,-0.31240,-0.24138
1.05000,0.79016,0.61291,-0.38510,0.49647,-0.38479,0.49671,-0.31209,-0.24177
1.05200,0.78938,0.61390,-0.38572,0.49598,-0.38541,0.49623,-0.31179,-0.24216
1.05400,0.78861,0.61489,-0.38635,0.49550,-0.38604,0.49574,-0.31148,-0.24255
1.05600,0.78784,0.61588,-0.38697,0.49501,-0.38666,0.49526,-0.31118,-0.24294
1.05800,0.78706,0.61687,-0.38759,0.49453,-0.38728,0.49477,-0.31087,-0.24334
1.06000,0.78629,0.61786,-0.38821,0.49404,-0.38790,0.49428,-0.31057,-0.24373
1.06200,0.78551,0.61885,-0.38883,0.49355,-0.38852,0.49380,-0.31026,-0.24412
1.06400,0.78473,0.61983,-0.38945,0.49306,-0.38914,0.49331,-0.30995,-0.24451
1.06600,0.78395,0.62082,-0.39007,0.49257,-0.38976,0.49282,-0.30965,-0.24490
1.06800,0.78317,0.62180,-0.39069,0.49208,-0.39038,0.49233,-0.30934,-0.24528
1.07000,0.78239,0.62279,-0.39131,0.49159,-0.39100,0.49184,-0.30903,-0.24567
1.07200,0.78161,0.62377,-0.39193,0.49110,-0.39162,0.49134,-0.30872,-0.24606
1.07400,0.78082,0.62475,-0.39254,0.49061,-0.39224,0.49085,-0.30841,-0.24645
1.07600,0.78004,0.62573,-0.39316,0.49011,-0.39285,0.49036,-0.30810,-0.24684
1.07800,0.77925,0.62671,-0.39378,0.48962,-0.39347,0.48986,-0.30779,-0.24722
1.08000,0.77846,0.62769,-0.39439,0.48912,-0.39408,0.48937,-0.30748,-0.24761
1.08200,0.77767,0.62867,-0.39500,0.48863,-0.39470,0.48887,-0.30717,-0.24800
1.08400,0.77688,0.62965,-0.39562,0.48813,-0.39531,0.48838,-0.30686,-0.24838
1.08600,0.77609,0.63062,-0.39623,0.48763,-0.39592,0.48788,-0.30654,-0.24877
1.08800,0.77530,0.63160,-0.39684,0.48713,-0.39654,0.48738,-0.30623,-0.24915
1.09000,0.77450,0.63257,-0.39746,0.48663,-0.39715,0.48688,-0.30592,-0.24954
1.09200,0.77371,0.63354,-0.39807,0.48613,-0.39776,0.48638,-0.30560,-0.24992
1.09400,0.77291,0.63451,-0.39868,0.48563,-0.39837,0.48588,-0.30529,-0.25030
1.09600,0.77211,0.63549,-0.39929,0.48513,-0.39898,0.48538,-0.30498,-0.25069
1.09800,0.77131,0.63646,-0.39990,0.48463,-0.39959,0.48488,-0.30466,-0.25107
1.10000,0.77051,0.63742,-0.40051,0.48413,-0.40020,0.48438,-0.30434,-0.25145
1.10200,0.76971,0.63839,-0.40111,0.48362,-0.40081,0.48388,-0.30403,-0.25184
1.10400,0.76891,0.63936,-0.40172,0.48312,-0.40142,0.48337,-0.30371,-0.25222
1.10600,0.76810,0.64032,-0.40233,0.48261,-0.40202,0.48287,-0.30339,-0.25260
1.10800,0.76730,0.64129,-0.40293,0.48211,-0.40263,0.48236,-0.30308,-0.25298
1.11000,0.76649,0.64225,-0.40354,0.48160,-0.40324,0.48186,-0.30276,-0.25336
1.11200,0.76569,0.64322,-0.40414,0.48109,-0.40384,0.48135,-0.30244,-0.25374
1.11400,0.76488,0.64418,-0.40475,0.48059,-0.40445,0.48084,-0.30212,-0.25412
1.11600,0.76407,0.64514,-0.40535,0.48008,-0.40505,0.48033,-0.30180,-0.25450
1.11800,0.76326,0.64610,-0.40595,0.47957,-0.40565,0.47982,-0.30148,-0.25488
1.12000,0.76244,0.64706,-0.40656,0.47906,-0.40626,0.47931,-0.30116,-0.25526
1.12200,0.76163,0.64801,-0.40716,0.47855,-0.40686,0.47880,-0.30084,-0.25564
1.12400,0.76081,0.64897,-0.40776,0.47803,-0.40746,0.47829,-0.30052,-0.25601
1.12600,0.76000,0.64993,-0.40836,0.47752,-0.40806,0.47778,-0.30020,-0.25639
1.12800,0.75918,0.65088,-0.40896,0.47701,-0.40866,0.47726,-0.29987,-0.25677
1.13000,0.75836,0.65183,-0.40956,0.47649,-0.40926,0.47675,-0.29955,-0.25715
1.13200,0.75754,0.65279,-0.41016,0.47598,-0.40986,0.47624,-0.29923,-0.25752
1.13400,0.75672,0.65374,-0.41076,0.47546,-0.41046,0.47572,-0.29890,-0.25790
1.13600,0.75590,0.65469,-0.41135,0.47495,-0.41105,0.47520,-0.29858,-0.25827
1.13800,0.75508,0.65564,-0.41195,0.47443,-0.41165,0.47469,-0.29825,-0.25865
1.14000,0.75425,0.65659,-0.41254,0.47391,-0.41225,0.47417,-0.29793,-0.25902
1.14200,0.75343,0.65753,-0.41314,0.47339,-0.41284,0.47365,-0.29760,-0.25940
1.14400,0.75260,0.65848,-0.41373,0.47287,-0.41344,0.47313,-0.29728,-0.25977
1.14600,0.75177,0.65942,-0.41433,0.47235,-0.41403,0.47261,-0.29695,-0.26014
1.14800,0.75094,0.66037,-0.41492,0.47183,-0.41463,0.47209,-0.29662,-0.26052
1.15000,0.75011,0.66131,-0.41551,0.47131,-0.41522,0.47157,-0.29630,-0.26089
1.15200,0.74928,0.66225,-0.41611,0.47079,-0.41581,0.47105,-0.29597,-0.26126
1.15400,0.74845,0.66320,-0.41670,0.47026,-0.41640,0.47052,-0.29564,-0.26163
1.15600,0.74761,0.66414,-0.41729,0.46974,-0.41699,0.47000,-0.29531,-0.26200
1.15800,0.74678,0.66507,-0.41788,0.46921,-0.41758,0.46948,-0.29498,-0.26238
1.16000,0.74594,0.66601,-0.41847,0.46869,-0.41817,0.46895,-0.29465,-0.26275
1.16200,0.74510,0.66695,-0.41906,0.46816,-0.41876,0.46843,-0.29432,-0.26312
1.16400,0.74426,0.66788,-0.41964,0.46764,-0.41935,0.46790,-0.29399,-0.26349
1.16600,0.74343,0.66882,-0.42023,0.46711,-0.41994,0.46737,-0.29366,-0.26385
1.16800,0.74258,0.66975,-0.42082,0.46658,-0.42052,0.46684,-0.29333,-0.26422
1.17000,0.74174,0.67069,-0.42140,0.46605,-0.42111,0.46631,-0.29299,-0.26459
1.17200,0.74090,0.67162,-0.42199,0.46552,-0.42170,0.46579,-0.29266,-0.26496
1.17400,0.74005,0.67255,-0.42257,0.46499,-0.42228,0.46525,-0.29233,-0.26533
1.17600,0.73921,0.67348,-0.42316,0.46446,-0.42287,0.46472,-0.29199,-0.26569
1.17800,0.73836,0.67441,-0.42374,0.46393,-0.42345,0.46419,-0.29166,-0.26606
1.18000,0.73751,0.67533,-0.42432,0.46339,-0.42403,0.46366,-0.29133,-0.26643
1.18200,0.73666,0.67626,-0.42491,0.46286,-0.42462,0.46313,-0.29099,-0.26679
1.18400,0.73581,0.67718,-0.42549,0.46233,-0.42520,0.46259,-0.29066,-0.26716
1.18600,0.73496,0.67811,-0.42607,0.46179,-0.42578,0.46206,-0.29032,-0.26752
1.18800,0.73411,0.67903,-0.42665,0.46125,-0.42636,0.46152,-0.28998,-0.26789
1.19000,0.73326,0.67995,-0.42723,0.46072,-0.42694,0.46099,-0.28965,-0.26825
1.19200,0.73240,0.68087,-0.42781,0.46018,-0.42752,0.46045,-0.28931,-0.26862
1.19400,0.73154,0.68179,-0.42838,0.45964,-0.42809,0.45991,-0.28897,-0.26898
1.19600,0.73069,0.68271,-0.42896,0.45910,-0.42867,0.45937,-0.28863,-0.26934
1.19800,0.72983,0.68363,-0.42954,0.45856,-0.42925,0.45883,-0.28829,-0.26971
1.20000,0.72897,0.68455,-0.43011,0.45802,-0.42983,0.45829,-0.28795,-0.27007
1.20200,0.72811,0.68546,-0.43069,0.45748,-0.43040,0.45775,-0.28762,-0.27043
1.20400,0.72725,0.68638,-0.43126,0.45694,-0.43098,0.45721,-0.28728,-0.27079
1.20600,0.72638,0.68729,-0.43184,0.45640,-0.43155,0.45667,-0.28693,-0.27115
1.20800,0.72552,0.68820,-0.43241,0.45586,-0.43212,0.45613,-0.28659,-0.27151
1.21000,0.72465,0.68911,-0.43298,0.45531,-0.43270,0.45558,-0.28625,-0.27187
1.21200,0.72379,0.69002,-0.43355,0.45477,-0.43327,0.45504,-0.28591,-0.27223
1.21400,0.72292,0.69093,-0.43413,0.45422,-0.43384,0.45450,-0.28557,-0.27259
1.21600,0.72205,0.69184,-0.43470,0.45368,-0.43441,0.45395,-0.28523,-0.27295
1.21800,0.72118,0.69275,-0.43527,0.45313,-0.43498,0.45340,-0.28488,-0.27331
1.22000,0.72031,0.69365,-0.43584,0.45258,-0.43555,0.45286,-0.28454,-0.27366
1.22200,0.71944,0.69456,-0.43640,0.45204,-0.43612,0.45231,-0.28419,-0.27402
1.22400,0.71856,0.69546,-0.43697,0.45149,-0.43669,0.45176,-0.28385,-0.27438
1.22600,0.71769,0.69636,-0.43754,0.45094,-0.43725,0.45121,-0.28350,-0.27474
1.22800,0.71681,0.69727,-0.43810,0.45039,-0.43782,0.45066,-0.28316,-0.27509
1.23000,0.71594,0.69817,-0.43867,0.44984,-0.43839,0.45011,-0.28281,-0.27545
1.23200,0.71506,0.69906,-0.43924,0.44928,-0.43895,0.44956,-0.28247,-0.27580
1.23400,0.71418,0.69996,-0.43980,0.44873,-0.43952,0.44901,-0.28212,-0.27616
1.23600,0.71330,0.70086,-0.44036,0.44818,-0.44008,0.44846,-0.28177,-0.27651
1.23800,0.71242,0.70176,-0.44093,0.44763,-0.44064,0.44790,-0.28143,-0.27687
1.24000,0.71154,0.70265,-0.44149,0.44707,-0.44121,0.44735,-0.28108,-0.27722
1.24200,0.71065,0.70354,-0.44205,0.44652,-0.44177,0.44679,-0.28073,-0.27757
1.24400,0.70977,0.70444,-0.44261,0.44596,-0.44233,0.44624,-0.28038,-0.27792
1.24600,0.70888,0.70533,-0.44317,0.44540,-0.44289,0.44568,-0.28003,-0.27828
1.24800,0.70799,0.70622,-0.44373,0.44485,-0.44345,0.44512,-0.27968,-0.27863
1.25000,0.70711,0.70711,-0.44429,0.44429,-0.44401,0.44457,-0.27933,-0.27898
1.25200,0.70622,0.70799,-0.44485,0.44373,-0.44457,0.44401,-0.27898,-0.27933
1.25400,0.70533,0.70888,-0.44540,0.44317,-0.44512,0.44345,-0.27863,-0.27968
1.25600,0.70444,0.70977,-0.44596,0.44261,-0.44568,0.44289,-0.27828,-0.28003
1.25800,0.70354,0.71065,-0.44652,0.44205,-0.44624,0.44233,-0.27792,-0.28038
1.26000,0.70265,0.71154,-0.44707,0.44149,-0.44679,0.44177,-0.27757,-0.28073
1.26200,0.70176,0.71242,-0.44763,0.44093,-0.44735,0.44121,-0.27722,-0.28108
1.26400,0.70086,0.71330,-0.44818,0.44036,-0.44790,0.44064,-0.27687,-0.28143
1.26600,0.69996,0.71418,-0.44873,0.43980,-0.44846,0.44008,-0.27651,-0.28177
1.26800,0.69906,0.71506,-0.44928,0.43924,-0.44901,0.43952,-0.27616,-0.28212
1.27000,0.69817,0.71594,-0.44984,0.43867,-0.44956,0.43895,-0.27580,-0.28247
1.27200,0.69727,0.71681,-0.45039,0.43810,-0.45011,0.43839,-0.27545,-0.28281
1.27400,0.69636,0.71769,-0.45094,0.43754,-0.45066,0.43782,-0.27509,-0.28316
1.27600,0.69546,0.71856,-0.45149,0.43697,-0.45121,0.43725,-0.27474,-0.28350
1.27800,0.69456,0.71944,-0.45204,0.43640,-0.45176,0.43669,-0.27438,-0.28385
1.28000,0.69365,0.72031,-0.45258,0.43584,-0.45231,0.43612,-0.27402,-0.28419
1.28200,0.69275,0.72118,-0.45313,0.43527,-0.45286,0.43555,-0.27366,-0.28454
1.28400,0.69184,0.72205,-0.45368,0.43470,-0.45340,0.43498,-0.27331,-0.28488
1.28600,0.69093,0.72292,-0.45422,0.43413,-0.45395,0.43441,-0.27295,-0.28523
1.28800,0.69002,0.72379,-0.45477,0.43355,-0.45450,0.43384,-0.27259,-0.28557
1.29000,0.68911,0.72465,-0.45531,0.43298,-0.45504,0.43327,-0.27223,-0.28591
1.29200,0.68820,0.72552,-0.45586,0.43241,-0.45558,0.43270,-0.27187,-0.28625
1.29400,0.68729,0.72638,-0.45640,0.43184,-0.45613,0.43212,-0.27151,-0.28659
1.29600,0.68638,0.72725,-0.45694,0.43126,-0.45667,0.43155,-0.27115,-0.28693
1.29800,0.68546,0.72811,-0.45748,0.43069,-0.45721,0.43098,-0.27079,-0.28728
1.30000,0.68455,0.72897,-0.45802,0.43011,-0.45775,0.43040,-0.27043,-0.28762
1.30200,0.68363,0.72983,-0.45856,0.42954,-0.45829,0.42983,-0.27007,-0.28795
1.30400,0.68271,0.73069,-0.45910,0.42896,-0.45883,0.42925,-0.26971,-0.28829
1.30600,0.68179,0.73154,-0.45964,0.42838,-0.45937,0.42867,-0.26934,-0.28863
1.30800,0.68087,0.73240,-0.46018,0.42781,-0.45991,0.42809,-0.26898,-0.28897
1.31000,0.67995,0.73326,-0.46072,0.42723,-0.46045,0.42752,-0.26862,-0.28931
1.31200,0.67903,0.73411,-0.46125,0.42665,-0.46099,0.42694,-0.26825,-0.28965
1.31400,0.67811,0.73496,-0.46179,0.42607,-0.46152,0.42636,-0.26789,-0.28998
1.31600,0.67718,0.73581,-0.46233,0.42549,-0.46206,0.42578,-0.26752,-0.29032
1.31800,0.67626,0.73666,-0.46286,0.42491,-0.46259,0.42520,-0.26716,-0.29066
1.32000,0.67533,0.73751,-0.46339,0.42432,-0.46313,0.42462,-0.26679,-0.29099
1.32200,0.67441,0.73836,-0.46393,0.42374,-0.46366,0.42403,-0.26643,-0.29133
1.32400,0.67348,0.73921,-0.46446,0.42316,-0.46419,0.42345,-0.26606,-0.29166
1.32600,0.67255,0.74005,-0.46499,0.42257,-0.46472,0.42287,-0.26569,-0.29199
1.32800,0.67162,0.74090,-0.46552,0.42199,-0.46525,0.42228,-0.26533,-0.29233
1.33000,0.67069,0.74174,-0.46605,0.42140,-0.46579,0.42170,-0.26496,-0.29266
1.33200,0.66975,0.74258,-0.46658,0.42082,-0.46631,0.42111,-0.26459,-0.29299
1.33400,0.66882,0.74343,-0.46711,0.42023,-0.46684,0.42052,-0.26422,-0.29333
1.33600,0.66788,0.74426,-0.46764,0.41964,-0.46737,0.41994,-0.26385,-0.29366
1.33800,0.66695,0.74510,-0.46816,0.41906,-0.46790,0.41935,-0.26349,-0.29399
1.34000,0.66601,0.74594,-0.46869,0.41847,-0.46843,0.41876,-0.26312,-0.29432
1.34200,0.66507,0.74678,-0.46921,0.41788,-0.46895,0.41817,-0.26275,-0.29465
1.34400,0.66414,0.74761,-0.46974,0.41729,-0.46948,0.41758,-0.26238,-0.29498
1.34600,0.66320,0.74845,-0.47026,0.41670,-0.47000,0.41699,-0.26200,-0.29531
1.34800,0.66225,0.74928,-0.47079,0.41611,-0.47052,0.41640,-0.26163,-0.29564
1.35000,0.66131,0.75011,-0.47131,0.41551,-0.47105,0.41581,-0.26126,-0.29597
1.35200,0.66037,0.75094,-0.47183,0.41492,-0.47157,0.41522,-0.26089,-0.29630
1.35400,0.65942,0.75177,-0.47235,0.41433,-0.47209,0.41463,-0.26052,-0.29662
1.35600,0.65848,0.75260,-0.47287,0.41373,-0.47261,0.41403,-0.26014,-0.29695
1.35800,0.65753,0.75343,-0.47339,0.41314,-0.47313,0.41344,-0.25977,-0.29728
1.36000,0.65659,0.75425,-0.47391,0.41254,-0.47365,0.41284,-0.25940,-0.29760
1.36200,0.65564,0.75508,-0.47443,0.41195,-0.47417,0.41225,-0.25902,-0.29793
1.36400,0.65469,0.75590,-0.47495,0.41135,-0.47469,0.41165,-0.25865,-0.29825
1.36600,0.65374,0.75672,-0.47546,0.41076,-0.47520,0.41105,-0.25827,-0.29858
1.36800,0.65279,0.75754,-0.47598,0.41016,-0.47572,0.41046,-0.25790,-0.29890
1.37000,0.65183,0.75836,-0.47649,0.40956,-0.47624,0.40986,-0.25752,-0.29923
1.37200,0.65088,0.75918,-0.47701,0.40896,-0.47675,0.40926,-0.25715,-0.29955
1.37400,0.64993,0.76000,-0.47752,0.40836,-0.47726,0.40866,-0.25677,-0.29987
1.37600,0.64897,0.76081,-0.47803,0.40776,-0.47778,0.40806,-0.25639,-0.30020
1.37800,0.64801,0.76163,-0.47855,0.40716,-0.47829,0.40746,-0.25601,-0.30052
1.38000,0.64706,0.76244,-0.47906,0.40656,-0.47880,0.40686,-0.25564,-0.30084
1.38200,0.64610,0.76326,-0.47957,0.40595,-0.47931,0.40626,-0.25526,-0.30116
1.38400,0.64514,0.76407,-0.48008,0.40535,-0.47982,0.40565,-0.25488,-0.30148
1.38600,0.64418,0.76488,-0.48059,0.40475,-0.48033,0.40505,-0.25450,-0.30180
1.38800,0.64322,0.76569,-0.48109,0.40414,-0.48084,0.40445,-0.25412,-0.30212
1.39000,0.64225,0.76649,-0.48160,0.40354,-0.48135,0.40384,-0.25374,-0.30244
1.39200,0.64129,0.76730,-0.48211,0.40293,-0.48186,0.40324,-0.25336,-0.30276
1.39400,0.64032,0.76810,-0.48261,0.40233,-0.48236,0.40263,-0.25298,-0.30308
1.39600,0.63936,0.76891,-0.48312,0.40172,-0.48287,0.40202,-0.25260,-0.30339
1.39800,0.63839,0.76971,-0.48362,0.40111,-0.48337,0.40142,-0.25222,-0.30371
1.40000,0.63742,0.77051,-0.48413,0.40051,-0.48388,0.40081,-0.25184,-0.30403
1.40200,0.63646,0.77131,-0.48463,0.39990,-0.48438,0.40020,-0.25145,-0.30434
1.40400,0.63549,0.77211,-0.48513,0.39929,-0.48488,0.39959,-0.25107,-0.30466
1.40600,0.63451,0.77291,-0.48563,0.39868,-0.48538,0.39898,-0.25069,-0.30498
1.40800,0.63354,0.77371,-0.48613,0.39807,-0.48588,0.39837,-0.25030,-0.30529
1.41000,0.63257,0.77450,-0.48663,0.39746,-0.48638,0.39776,-0.24992,-0.30560
1.41200,0.63160,0.77530,-0.48713,0.39684,-0.48688,0.39715,-0.24954,-0.30592
1.41400,0.63062,0.77609,-0.48763,0.39623,-0.48738,0.39654,-0.24915,-0.30623
1.41600,0.62965,0.77688,-0.48813,0.39562,-0.48788,0.39592,-0.24877,-0.30654
1.41800,0.62867,0.77767,-0.48863,0.39500,-0.48838,0.39531,-0.24838,-0.30686
1.42000,0.62769,0.77846,-0.48912,0.39439,-0.48887,0.39470,-0.24800,-0.30717
1.42200,0.62671,0.77925,-0.48962,0.39378,-0.48937,0.39408,-0.24761,-0.30748
1.42400,0.62573,0.78004,-0.49011,0.39316,-0.48986,0.39347,-0.24722,-0.30779
1.42600,0.62475,0.78082,-0.49061,0.39254,-0.49036,0.39285,-0.24684,-0.30810
1.42800,0.62377,0.78161,-0.49110,0.39193,-0.49085,0.39224,-0.24645,-0.30841
1.43000,0.62279,0.78239,-0.49159,0.39131,-0.49134,0.39162,-0.24606,-0.30872
1.43200,0.62180,0.78317,-0.49208,0.39069,-0.49184,0.39100,-0.24567,-0.30903
1.43400,0.62082,0.78395,-0.49257,0.39007,-0.49233,0.39038,-0.24528,-0.30934
1.43600,0.61983,0.78473,-0.49306,0.38945,-0.49282,0.38976,-0.24490,-0.30965
1.43800,0.61885,0.78551,-0.49355,0.38883,-0.49331,0.38914,-0.24451,-0.30995
1.44000,0.61786,0.78629,-0.49404,0.38821,-0.49380,0.38852,-0.24412,-0.31026
1.44200,0.61687,0.78706,-0.49453,0.38759,-0.49428,0.38790,-0.24373,-0.31057
1.44400,0.61588,0.78784,-0.49501,0.38697,-0.49477,0.38728,-0.24334,-0.31087
1.44600,0.61489,0.78861,-0.49550,0.38635,-0.49526,0.38666,-0.24294,-0.31118
1.44800,0.61390,0.78938,-0.49598,0.38572,-0.49574,0.38604,-0.24255,-0.31148
1.45000,0.61291,0.79016,-0.49647,0.38510,-0.49623,0.38541,-0.24216,-0.31179
1.45200,0.61191,0.79092,-0.49695,0.38448,-0.49671,0.38479,-0.24177,-0.31209
1.45400,0.61092,0.79169,-0.49744,0.38385,-0.49719,0.38416,-0.24138,-0.31240
1.45600,0.60992,0.79246,-0.49792,0.38323,-0.49768,0.38354,-0.24098,-0.31270
1.45800,0.60893,0.79323,-0.49840,0.38260,-0.49816,0.38291,-0.24059,-0.31300
1.46000,0.60793,0.79399,-0.49888,0.38197,-0.49864,0.38229,-0.24020,-0.31330
1.46200,0.60693,0.79475,-0.49936,0.38135,-0.49912,0.38166,-0.23980,-0.31361
1.46400,0.60593,0.79552,-0.49984,0.38072,-0.49960,0.38103,-0.23941,-0.31391
1.46600,0.60493,0.79628,-0.50032,0.38009,-0.50008,0.38040,-0.23902,-0.31421
1.46800,0.60393,0.79704,-0.50079,0.37946,-0.50055,0.37978,-0.23862,-0.31451
1.47000,0.60293,0.79779,-0.50127,0.37883,-0.50103,0.37915,-0.23822,-0.31481
1.47200,0.60193,0.79855,-0.50174,0.37820,-0.50151,0.37852,-0.23783,-0.31511
1.47400,0.60092,0.79931,-0.50222,0.37757,-0.50198,0.37789,-0.23743,-0.31540
1.47600,0.59992,0.80006,-0.50269,0.37694,-0.50246,0.37726,-0.23704,-0.31570
1.47800,0.59891,0.80082,-0.50317,0.37631,-0.50293,0.37662,-0.23664,-0.31600
1.48000,0.59790,0.80157,-0.50364,0.37567,-0.50340,0.37599,-0.23624,-0.31630
1.48200,0.59690,0.80232,-0.50411,0.37504,-0.50388,0.37536,-0.23584,-0.31659
1.48400,0.59589,0.80307,-0.50458,0.37441,-0.50435,0.37472,-0.23545,-0.31689
1.48600,0.59488,0.80382,-0.50505,0.37377,-0.50482,0.37409,-0.23505,-0.31719
1.48800,0.59387,0.80456,-0.50552,0.37314,-0.50529,0.37346,-0.23465,-0.31748
1.49000,0.59286,0.80531,-0.50599,0.37250,-0.50576,0.37282,-0.23425,-0.31778
1.49200,0.59184,0.80605,-0.50646,0.37187,-0.50622,0.37218,-0.23385,-0.31807
1.49400,0.59083,0.80680,-0.50692,0.37123,-0.50669,0.37155,-0.23345,-0.31836
1.49600,0.58982,0.80754,-0.50739,0.37059,-0.50716,0.37091,-0.23305,-0.31866
1.49800,0.58880,0.80828,-0.50786,0.36995,-0.50762,0.37027,-0.23265,-0.31895
1.50000,0.58779,0.80902,-0.50832,0.36932,-0.50809,0.36964,-0.23225,-0.31924
1.50200,0.58677,0.80975,-0.50878,0.36868,-0.50855,0.36900,-0.23185,-0.31953
1.50400,0.58575,0.81049,-0.50925,0.36804,-0.50902,0.36836,-0.23145,-0.31982
1.50600,0.58473,0.81123,-0.50971,0.36740,-0.50948,0.36772,-0.23104,-0.32011
1.50800,0.58371,0.81196,-0.51017,0.36676,-0.50994,0.36708,-0.23064,-0.32040
1.51000,0.58269,0.81269,-0.51063,0.36612,-0.51040,0.36644,-0.23024,-0.32069
1.51200,0.58167,0.81343,-0.51109,0.36547,-0.51086,0.36579,-0.22984,-0.32098
1.51400,0.58065,0.81416,-0.51155,0.36483,-0.51132,0.36515,-0.22943,-0.32127
1.51600,0.57962,0.81489,-0.51201,0.36419,-0.51178,0.36451,-0.22903,-0.32156
1.51800,0.57860,0.81561,-0.51246,0.36354,-0.51224,0.36387,-0.22862,-0.32185
1.52000,0.57757,0.81634,-0.51292,0.36290,-0.51269,0.36322,-0.22822,-0.32213
1.52200,0.57655,0.81706,-0.51338,0.36225,-0.51315,0.36258,-0.22781,-0.32242
1.52400,0.57552,0.81779,-0.51383,0.36161,-0.51360,0.36193,-0.22741,-0.32271
1.52600,0.57449,0.81851,-0.51429,0.36096,-0.51406,0.36129,-0.22700,-0.32299
1.52800,0.57346,0.81923,-0.51474,0.36032,-0.51451,0.36064,-0.22660,-0.32328
1.53000,0.57243,0.81995,-0.51519,0.35967,-0.51496,0.35999,-0.22619,-0.32356
1.53200,0.57140,0.82067,-0.51564,0.35902,-0.51542,0.35935,-0.22578,-0.32385
1.53400,0.57037,0.82139,-0.51609,0.35837,-0.51587,0.35870,-0.22538,-0.32413
1.53600,0.56934,0.82210,-0.51654,0.35772,-0.51632,0.35805,-0.22497,-0.32441
1.53800,0.56830,0.82282,-0.51699,0.35708,-0.51677,0.35740,-0.22456,-0.32469
1.54000,0.56727,0.82353,-0.51744,0.35643,-0.51722,0.35675,-0.22415,-0.32498
1.54200,0.56623,0.82424,-0.51789,0.35577,-0.51766,0.35610,-0.22374,-0.32526
1.54400,0.56520,0.82496,-0.51833,0.35512,-0.51811,0.35545,-0.22334,-0.32554
1.54600,0.56416,0.82567,-0.51878,0.35447,-0.51856,0.35480,-0.22293,-0.32582
1.54800,0.56312,0.82637,-0.51923,0.35382,-0.51900,0.35415,-0.22252,-0.32610
1.55000,0.56208,0.82708,-0.51967,0.35317,-0.51945,0.35349,-0.22211,-0.32638
1.55200,0.56104,0.82779,-0.52011,0.35251,-0.51989,0.35284,-0.22170,-0.32666
1.55400,0.56000,0.82849,-0.52056,0.35186,-0.52033,0.35219,-0.22129,-0.32694
1.55600,0.55896,0.82919,-0.52100,0.35121,-0.52078,0.35153,-0.22087,-0.32721
1.55800,0.55792,0.82990,-0.52144,0.35055,-0.52122,0.35088,-0.22046,-0.32749
1.56000,0.55688,0.83060,-0.52188,0.34990,-0.52166,0.35022,-0.22005,-0.32777
1.56200,0.55583,0.83130,-0.52232,0.34924,-0.52210,0.34957,-0.21964,-0.32804
1.56400,0.55479,0.83199,-0.52276,0.34858,-0.52254,0.34891,-0.21923,-0.32832
1.56600,0.55374,0.83269,-0.52319,0.34793,-0.52298,0.34825,-0.21881,-0.32860
1.56800,0.55269,0.83338,-0.52363,0.34727,-0.52341,0.34760,-0.21840,-0.32887
1.57000,0.55165,0.83408,-0.52407,0.34661,-0.52385,0.34694,-0.21799,-0.32914
1.57200,0.55060,0.83477,-0.52450,0.34595,-0.52428,0.34628,-0.21757,-0.32942
1.57400,0.54955,0.83546,-0.52494,0.34529,-0.52472,0.34562,-0.21716,-0.32969
1.57600,0.54850,0.83615,-0.52537,0.34463,-0.52515,0.34496,-0.21675,-0.32996
1.57800,0.54745,0.83684,-0.52580,0.34397,-0.52559,0.34430,-0.21633,-0.33024
1.58000,0.54639,0.83753,-0.52623,0.34331,-0.52602,0.34364,-0.21592,-0.33051
1.58200,0.54534,0.83821,-0.52667,0.34265,-0.52645,0.34298,-0.21550,-0.33078
1.58400,0.54429,0.83890,-0.52710,0.34199,-0.52688,0.34232,-0.21508,-0.33105
1.58600,0.54323,0.83958,-0.52752,0.34132,-0.52731,0.34165,-0.21467,-0.33132
1.58800,0.54218,0.84026,-0.52795,0.34066,-0.52774,0.34099,-0.21425,-0.33159
1.59000,0.54112,0.84094,-0.52838,0.34000,-0.52817,0.34033,-0.21383,-0.33186
1.59200,0.54006,0.84162,-0.52881,0.33933,-0.52859,0.33966,-0.21342,-0.33213
1.59400,0.53901,0.84230,-0.52923,0.33867,-0.52902,0.33900,-0.21300,-0.33239
1.59600,0.53795,0.84298,-0.52966,0.33800,-0.52945,0.33833,-0.21258,-0.33266
1.59800,0.53689,0.84365,-0.53008,0.33734,-0.52987,0.33767,-0.21216,-0.33293
1.60000,0.53583,0.84433,-0.53051,0.33667,-0.53030,0.33700,-0.21175,-0.33319
1.60200,0.53477,0.84500,-0.53093,0.33600,-0.53072,0.33634,-0.21133,-0.33346
1.60400,0.53370,0.84567,-0.53135,0.33534,-0.53114,0.33567,-0.21091,-0.33373
1.60600,0.53264,0.84634,-0.53177,0.33467,-0.53156,0.33500,-0.21049,-0.33399
1.60800,0.53158,0.84701,-0.53219,0.33400,-0.53198,0.33433,-0.21007,-0.33425
1.61000,0.53051,0.84768,-0.53261,0.33333,-0.53240,0.33366,-0.20965,-0.33452
1.61200,0.52945,0.84834,-0.53303,0.33266,-0.53282,0.33300,-0.20923,-0.33478
1.61400,0.52838,0.84901,-0.53345,0.33199,-0.53324,0.33233,-0.20881,-0.33504
1.61600,0.52731,0.84967,-0.53386,0.33132,-0.53366,0.33166,-0.20838,-0.33531
1.61800,0.52624,0.85033,-0.53428,0.33065,-0.53407,0.33098,-0.20796,-0.33557
1.62000,0.52517,0.85099,-0.53470,0.32998,-0.53449,0.33031,-0.20754,-0.33583
1.62200,0.52410,0.85165,-0.53511,0.32930,-0.53490,0.32964,-0.20712,-0.33609
1.62400,0.52303,0.85231,-0.53552,0.32863,-0.53532,0.32897,-0.20670,-0.33635
1.62600,0.52196,0.85297,-0.53594,0.32796,-0.53573,0.32830,-0.20627,-0.33661
1.62800,0.52089,0.85362,-0.53635,0.32729,-0.53614,0.32762,-0.20585,-0.33687
1.63000,0.51982,0.85428,-0.53676,0.32661,-0.53655,0.32695,-0.20543,-0.33713
1.63200,0.51874,0.85493,-0.53717,0.32594,-0.53696,0.32627,-0.20500,-0.33738
1.63400,0.51767,0.85558,-0.53758,0.32526,-0.53737,0.32560,-0.20458,-0.33764
1.63600,0.51659,0.85623,-0.53799,0.32458,-0.53778,0.32492,-0.20416,-0.33790
1.63800,0.51552,0.85688,-0.53839,0.32391,-0.53819,0.32425,-0.20373,-0.33815
1.64000,0.51444,0.85753,-0.53880,0.32323,-0.53860,0.32357,-0.20331,-0.33841
1.64200,0.51336,0.85817,-0.53921,0.32255,-0.53900,0.32289,-0.20288,-0.33867
1.64400,0.51228,0.85882,-0.53961,0.32188,-0.53941,0.32222,-0.20245,-0.33892
1.64600,0.51120,0.85946,-0.54001,0.32120,-0.53981,0.32154,-0.20203,-0.33917
1.64800,0.51012,0.86010,-0.54042,0.32052,-0.54022,0.32086,-0.20160,-0.33943
1.65000,0.50904,0.86074,-0.54082,0.31984,-0.54062,0.32018,-0.20117,-0.33968
1.65200,0.50796,0.86138,-0.54122,0.31916,-0.54102,0.31950,-0.20075,-0.33993
1.65400,0.50688,0.86202,-0.54162,0.31848,-0.54142,0.31882,-0.20032,-0.34019
1.65600,0.50579,0.86265,-0.54202,0.31780,-0.54182,0.31814,-0.19989,-0.34044
1.65800,0.50471,0.86329,-0.54242,0.31712,-0.54222,0.31746,-0.19946,-0.34069
1.66000,0.50362,0.86392,-0.54282,0.31644,-0.54262,0.31678,-0.19904,-0.34094
1.66200,0.50254,0.86456,-0.54322,0.31575,-0.54302,0.31609,-0.19861,-0.34119
1.66400,0.50145,0.86519,-0.54361,0.31507,-0.54341,0.31541,-0.19818,-0.34144
1.66600,0.50036,0.86582,-0.54401,0.31439,-0.54381,0.31473,-0.19775,-0.34169
1.66800,0.49927,0.86644,-0.54440,0.31370,-0.54421,0.31405,-0.19732,-0.34193
1.67000,0.49819,0.86707,-0.54480,0.31302,-0.54460,0.31336,-0.19689,-0.34218
1.67200,0.49710,0.86770,-0.54519,0.31233,-0.54499,0.31268,-0.19646,-0.34243
1.67400,0.49600,0.86832,-0.54558,0.31165,-0.54539,0.31199,-0.19603,-0.34268
1.67600,0.49491,0.86894,-0.54597,0.31096,-0.54578,0.31131,-0.19560,-0.34292
1.67800,0.49382,0.86956,-0.54636,0.31028,-0.54617,0.31062,-0.19517,-0.34317
1.68000,0.49273,0.87018,-0.54675,0.30959,-0.54656,0.30993,-0.19474,-0.34341
1.68200,0.49163,0.87080,-0.54714,0.30890,-0.54695,0.30925,-0.19431,-0.34366
1.68400,0.49054,0.87142,-0.54753,0.30821,-0.54734,0.30856,-0.19387,-0.34390
1.68600,0.48944,0.87204,-0.54792,0.30753,-0.54772,0.30787,-0.19344,-0.34414
1.68800,0.48835,0.87265,-0.54830,0.30684,-0.54811,0.30718,-0.19301,-0.34439
1.69000,0.48725,0.87326,-0.54869,0.30615,-0.54849,0.30649,-0.19258,-0.34463
1.69200,0.48615,0.87387,-0.54907,0.30546,-0.54888,0.30580,-0.19214,-0.34487
1.69400,0.48505,0.87448,-0.54945,0.30477,-0.54926,0.30511,-0.19171,-0.34511
1.69600,0.48395,0.87509,-0.54984,0.30408,-0.54965,0.30442,-0.19127,-0.34535
1.69800,0.48285,0.87570,-0.55022,0.30339,-0.55003,0.30373,-0.19084,-0.34559
1.70000,0.48175,0.87631,-0.55060,0.30269,-0.55041,0.30304,-0.19041,-0.34583
1.70200,0.48065,0.87691,-0.55098,0.30200,-0.55079,0.30235,-0.18997,-0.34607
1.70400,0.47955,0.87751,-0.55136,0.30131,-0.55117,0.30166,-0.18954,-0.34631
1.70600,0.47845,0.87812,-0.55174,0.30062,-0.55155,0.30096,-0.18910,-0.34655
1.70800,0.47734,0.87872,-0.55211,0.29992,-0.55193,0.30027,-0.18867,-0.34679
1.71000,0.47624,0.87932,-0.55249,0.29923,-0.55230,0.29958,-0.18823,-0.34702
1.71200,0.47513,0.87991,-0.55287,0.29853,-0.55268,0.29888,-0.18779,-0.34726
1.71400,0.47403,0.88051,-0.55324,0.29784,-0.55305,0.29819,-0.18736,-0.34749
1.71600,0.47292,0.88111,-0.55361,0.29714,-0.55343,0.29749,-0.18692,-0.34773
1.71800,0.47181,0.88170,-0.55399,0.29645,-0.55380,0.29680,-0.18648,-0.34796
1.72000,0.47070,0.88229,-0.55436,0.29575,-0.55417,0.29610,-0.18605,-0.34820
1.72200,0.46959,0.88288,-0.55473,0.29506,-0.55455,0.29540,-0.18561,-0.34843
1.72400,0.46849,0.88347,-0.55510,0.29436,-0.55492,0.29471,-0.18517,-0.34866
1.72600,0.46737,0.88406,-0.55547,0.29366,-0.55529,0.29401,-0.18473,-0.34890
1.72800,0.46626,0.88465,-0.55584,0.29296,-0.55566,0.29331,-0.18429,-0.34913
1.73000,0.46515,0.88523,-0.55621,0.29226,-0.55602,0.29261,-0.18385,-0.34936
1.73200,0.46404,0.88582,-0.55657,0.29156,-0.55639,0.29191,-0.18341,-0.34959
1.73400,0.46292,0.88640,-0.55694,0.29086,-0.55676,0.29121,-0.18298,-0.34982
1.73600,0.46181,0.88698,-0.55730,0.29016,-0.55712,0.29051,-0.18254,-0.35005
1.73800,0.46070,0.88756,-0.55767,0.28946,-0.55749,0.28981,-0.18210,-0.35028
1.74000,0.45958,0.88814,-0.55803,0.28876,-0.55785,0.28911,-0.18166,-0.35051
1.74200,0.45846,0.88871,-0.55839,0.28806,-0.55821,0.28841,-0.18121,-0.35074
1.74400,0.45735,0.88929,-0.55876,0.28736,-0.55858,0.28771,-0.18077,-0.35096
1.74600,0.45623,0.88986,-0.55912,0.28666,-0.55894,0.28701,-0.18033,-0.35119
1.74800,0.45511,0.89044,-0.55948,0.28595,-0.55930,0.28631,-0.17989,-0.35142
1.75000,0.45399,0.89101,-0.55984,0.28525,-0.55966,0.28560,-0.17945,-0.35164
1.75200,0.45287,0.89158,-0.56019,0.28455,-0.56001,0.28490,-0.17901,-0.35187
1.75400,0.45175,0.89214,-0.56055,0.28384,-0.56037,0.28419,-0.17856,-0.35209
1.75600,0.45063,0.89271,-0.56091,0.28314,-0.56073,0.28349,-0.17812,-0.35232
1.75800,0.44951,0.89328,-0.56126,0.28243,-0.56109,0.28279,-0.17768,-0.35254
1.76000,0.44838,0.89384,-0.56162,0.28173,-0.56144,0.28208,-0.17724,-0.35276
1.76200,0.44726,0.89440,-0.56197,0.28102,-0.56179,0.28137,-0.17679,-0.35299
1.76400,0.44614,0.89497,-0.56232,0.28032,-0.56215,0.28067,-0.17635,-0.35321
1.76600,0.44501,0.89553,-0.56268,0.27961,-0.56250,0.27996,-0.17591,-0.35343
1.76800,0.44388,0.89608,-0.56303,0.27890,-0.56285,0.27925,-0.17546,-0.35365
1.77000,0.44276,0.89664,-0.56338,0.27819,-0.56320,0.27855,-0.17502,-0.35387
1.77200,0.44163,0.89720,-0.56373,0.27748,-0.56355,0.27784,-0.17457,-0.35409
1.77400,0.44050,0.89775,-0.56407,0.27678,-0.56390,0.27713,-0.17413,-0.35431
1.77600,0.43937,0.89830,-0.56442,0.27607,-0.56425,0.27642,-0.17368,-0.35453
1.77800,0.43825,0.89886,-0.56477,0.27536,-0.56459,0.27571,-0.17324,-0.35474
1.78000,0.43712,0.89941,-0.56511,0.27465,-0.56494,0.27500,-0.17279,-0.35496
1.78200,0.43599,0.89995,-0.56546,0.27394,-0.56529,0.27429,-0.17234,-0.35518
1.78400,0.43485,0.90050,-0.56580,0.27323,-0.56563,0.27358,-0.17190,-0.35540
1.78600,0.43372,0.90105,-0.56614,0.27252,-0.56597,0.27287,-0.17145,-0.35561
1.78800,0.43259,0.90159,-0.56649,0.27180,-0.56632,0.27216,-0.17100,-0.35583
1.79000,0.43146,0.90213,-0.56683,0.27109,-0.56666,0.27145,-0.17056,-0.35604
1.79200,0.43032,0.90268,-0.56717,0.27038,-0.56700,0.27074,-0.17011,-0.35626
1.79400,0.42919,0.90322,-0.56751,0.26967,-0.56734,0.27002,-0.16966,-0.35647
1.79600,0.42805,0.90375,-0.56785,0.26895,-0.56768,0.26931,-0.16921,-0.35668
1.79800,0.42692,0.90429,-0.56818,0.26824,-0.56801,0.26860,-0.16876,-0.35689
1.80000,0.42578,0.90483,-0.56852,0.26752,-0.56835,0.26788,-0.16832,-0.35711
1.80200,0.42464,0.90536,-0.56886,0.26681,-0.56869,0.26717,-0.16787,-0.35732
1.80400,0.42350,0.90589,-0.56919,0.26610,-0.56902,0.26645,-0.16742,-0.35753
1.80600,0.42237,0.90643,-0.56952,0.26538,-0.56936,0.26574,-0.16697,-0.35774
1.80800,0.42123,0.90696,-0.56986,0.26466,-0.56969,0.26502,-0.16652,-0.35795
1.81000,0.42009,0.90748,-0.57019,0.26395,-0.57002,0.26431,-0.16607,-0.35816
1.81200,0.41895,0.90801,-0.57052,0.26323,-0.57035,0.26359,-0.16562,-0.35836
1.81400,0.41780,0.90854,-0.57085,0.26251,-0.57069,0.26287,-0.16517,-0.35857
1.81600,0.41666,0.90906,-0.57118,0.26180,-0.57102,0.26216,-0.16472,-0.35878
1.81800,0.41552,0.90958,-0.57151,0.26108,-0.57134,0.26144,-0.16427,-0.35899
1.82000,0.41438,0.91011,-0.57184,0.26036,-0.57167,0.26072,-0.16381,-0.35919
1.82200,0.41323,0.91063,-0.57216,0.25964,-0.57200,0.26000,-0.16336,-0.35940
1.82400,0.41209,0.91114,-0.57249,0.25892,-0.57233,0.25928,-0.16291,-0.35960
1.82600,0.41094,0.91166,-0.57281,0.25820,-0.57265,0.25856,-0.16246,-0.35981
1.82800,0.40980,0.91218,-0.57314,0.25748,-0.57298,0.25784,-0.16201,-0.36001
1.83000,0.40865,0.91269,-0.57346,0.25676,-0.57330,0.25712,-0.16155,-0.36021
1.83200,0.40750,0.91320,-0.57378,0.25604,-0.57362,0.25640,-0.16110,-0.36042
1.83400,0.40635,0.91372,-0.57410,0.25532,-0.57394,0.25568,-0.16065,-0.36062
1.83600,0.40521,0.91423,-0.57442,0.25460,-0.57426,0.25496,-0.16020,-0.36082
1.83800,0.40406,0.91473,-0.57474,0.25388,-0.57458,0.25424,-0.15974,-0.36102
1.84000,0.40291,0.91524,-0.57506,0.25315,-0.57490,0.25351,-0.15929,-0.36122
1.84200,0.40176,0.91575,-0.57538,0.25243,-0.57522,0.25279,-0.15883,-0.36142
1.84400,0.40060,0.91625,-0.57570,0.25171,-0.57554,0.25207,-0.15838,-0.36162
1.84600,0.39945,0.91675,-0.57601,0.25098,-0.57586,0.25135,-0.15793,-0.36182
1.84800,0.39830,0.91725,-0.57633,0.25026,-0.57617,0.25062,-0.15747,-0.36202
1.85000,0.39715,0.91775,-0.57664,0.24954,-0.57649,0.24990,-0.15702,-0.36222
1.85200,0.39599,0.91825,-0.57696,0.24881,-0.57680,0.24917,-0.15656,-0.36241
1.85400,0.39484,0.91875,-0.57727,0.24809,-0.57711,0.24845,-0.15610,-0.36261
1.85600,0.39369,0.91925,-0.57758,0.24736,-0.57742,0.24772,-0.15565,-0.36281
1.85800,0.39253,0.91974,-0.57789,0.24663,-0.57773,0.24700,-0.15519,-0.36300
1.86000,0.39137,0.92023,-0.57820,0.24591,-0.57804,0.24627,-0.15474,-0.36320
1.86200,0.39022,0.92072,-0.57851,0.24518,-0.57835,0.24554,-0.15428,-0.36339
1.86400,0.38906,0.92121,-0.57881,0.24445,-0.57866,0.24482,-0.15382,-0.36358
1.86600,0.38790,0.92170,-0.57912,0.24373,-0.57897,0.24409,-0.15337,-0.36378
1.86800,0.38674,0.92219,-0.57943,0.24300,-0.57927,0.24336,-0.15291,-0.36397
1.87000,0.38558,0.92267,-0.57973,0.24227,-0.57958,0.24263,-0.15245,-0.36416
1.87200,0.38442,0.92316,-0.58004,0.24154,-0.57988,0.24191,-0.15199,-0.36435
1.87400,0.38326,0.92364,-0.58034,0.24081,-0.58019,0.24118,-0.15154,-0.36454
1.87600,0.38210,0.92412,-0.58064,0.24008,-0.58049,0.24045,-0.15108,-0.36473
1.87800,0.38094,0.92460,-0.58094,0.23935,-0.58079,0.23972,-0.15062,-0.36492
1.88000,0.37978,0.92508,-0.58124,0.23862,-0.58109,0.23899,-0.15016,-0.36511
1.88200,0.37862,0.92555,-0.58154,0.23789,-0.58139,0.23826,-0.14970,-0.36530
1.88400,0.37745,0.92603,-0.58184,0.23716,-0.58169,0.23753,-0.14924,-0.36549
1.88600,0.37629,0.92650,-0.58214,0.23643,-0.58199,0.23680,-0.14878,-0.36567
1.88800,0.37512,0.92697,-0.58244,0.23570,-0.58229,0.23606,-0.14832,-0.36586
1.89000,0.37396,0.92745,-0.58273,0.23497,-0.58258,0.23533,-0.14786,-0.36605
1.89200,0.37279,0.92791,-0.58303,0.23423,-0.58288,0.23460,-0.14740,-0.36623
1.89400,0.37163,0.92838,-0.58332,0.23350,-0.58317,0.23387,-0.14694,-0.36642
1.89600,0.37046,0.92885,-0.58361,0.23277,-0.58347,0.23313,-0.14648,-0.36660
1.89800,0.36929,0.92931,-0.58390,0.23203,-0.58376,0.23240,-0.14602,-0.36679
1.90000,0.36812,0.92978,-0.58420,0.23130,-0.58405,0.23167,-0.14556,-0.36697
1.90200,0.36696,0.93024,-0.58449,0.23057,-0.58434,0.23093,-0.14510,-0.36715
1.90400,0.36579,0.93070,-0.58478,0.22983,-0.58463,0.23020,-0.14464,-0.36733
1.90600,0.36462,0.93116,-0.58506,0.22910,-0.58492,0.22946,-0.14418,-0.36752
1.90800,0.36345,0.93162,-0.58535,0.22836,-0.58521,0.22873,-0.14371,-0.36770
1.91000,0.36228,0.93207,-0.58564,0.22762,-0.58549,0.22799,-0.14325,-0.36788
1.91200,0.36110,0.93253,-0.58592,0.22689,-0.58578,0.22726,-0.14279,-0.36806
1.91400,0.35993,0.93298,-0.58621,0.22615,-0.58607,0.22652,-0.14233,-0.36824
1.91600,0.35876,0.93343,-0.58649,0.22541,-0.58635,0.22578,-0.14186,-0.36841
1.91800,0.35759,0.93388,-0.58677,0.22468,-0.58663,0.22505,-0.14140,-0.36859
1.92000,0.35641,0.93433,-0.58706,0.22394,-0.58692,0.22431,-0.14094,-0.36877
1.92200,0.35524,0.93478,-0.58734,0.22320,-0.58720,0.22357,-0.14047,-0.36895
1.92400,0.35406,0.93522,-0.58762,0.22246,-0.58748,0.22283,-0.14001,-0.36912
1.92600,0.35289,0.93567,-0.58790,0.22173,-0.58776,0.22209,-0.13955,-0.36930
1.92800,0.35171,0.93611,-0.58817,0.22099,-0.58804,0.22136,-0.13908,-0.36947
1.93000,0.35053,0.93655,-0.58845,0.22025,-0.58831,0.22062,-0.13862,-0.36965
1.93200,0.34936,0.93699,-0.58873,0.21951,-0.58859,0.21988,-0.13815,-0.36982
1.93400,0.34818,0.93743,-0.58900,0.21877,-0.58887,0.21914,-0.13769,-0.37000
1.93600,0.34700,0.93786,-0.58928,0.21803,-0.58914,0.21840,-0.13722,-0.37017
1.93800,0.34582,0.93830,-0.58955,0.21729,-0.58941,0.21766,-0.13676,-0.37034
1.94000,0.34464,0.93873,-0.58982,0.21655,-0.58969,0.21692,-0.13629,-0.37051
1.94200,0.34346,0.93917,-0.59010,0.21580,-0.58996,0.21617,-0.13583,-0.37068
1.94400,0.34228,0.93960,-0.59037,0.21506,-0.59023,0.21543,-0.13536,-0.37085
1.94600,0.34110,0.94003,-0.59064,0.21432,-0.59050,0.21469,-0.13489,-0.37102
1.94800,0.33992,0.94045,-0.59090,0.21358,-0.59077,0.21395,-0.13443,-0.37119
1.95000,0.33874,0.94088,-0.59117,0.21284,-0.59104,0.21321,-0.13396,-0.37136
1.95200,0.33756,0.94131,-0.59144,0.21209,-0.59131,0.21246,-0.13349,-0.37153
1.95400,0.33637,0.94173,-0.59171,0.21135,-0.59157,0.21172,-0.13303,-0.37170
1.95600,0.33519,0.94215,-0.59197,0.21061,-0.59184,0.21098,-0.13256,-0.37186
1.95800,0.33400,0.94257,-0.59224,0.20986,-0.59210,0.21023,-0.13209,-0.37203
1.96000,0.33282,0.94299,-0.59250,0.20912,-0.59237,0.20949,-0.13163,-0.37219
1.96200,0.33163,0.94341,-0.59276,0.20837,-0.59263,0.20874,-0.13116,-0.37236
1.96400,0.33045,0.94382,-0.59302,0.20763,-0.59289,0.20800,-0.13069,-0.37252
1.96600,0.32926,0.94424,-0.59328,0.20688,-0.59315,0.20725,-0.13022,-0.37269
1.96800,0.32808,0.94465,-0.59354,0.20614,-0.59341,0.20651,-0.12975,-0.37285
1.97000,0.32689,0.94506,-0.59380,0.20539,-0.59367,0.20576,-0.12928,-0.37301
1.97200,0.32570,0.94547,-0.59406,0.20464,-0.59393,0.20502,-0.12882,-0.37318
1.97400,0.32451,0.94588,-0.59431,0.20390,-0.59419,0.20427,-0.12835,-0.37334
1.97600,0.32332,0.94629,-0.59457,0.20315,-0.59444,0.20352,-0.12788,-0.37350
1.97800,0.32213,0.94669,-0.59483,0.20240,-0.59470,0.20278,-0.12741,-0.37366
1.98000,0.32094,0.94710,-0.59508,0.20165,-0.59495,0.20203,-0.12694,-0.37382
1.98200,0.31975,0.94750,-0.59533,0.20091,-0.59521,0.20128,-0.12647,-0.37398
1.98400,0.31856,0.94790,-0.59558,0.20016,-0.59546,0.20053,-0.12600,-0.37414
1.98600,0.31737,0.94830,-0.59584,0.19941,-0.59571,0.19978,-0.12553,-0.37430
1.98800,0.31618,0.94870,-0.59609,0.19866,-0.59596,0.19904,-0.12506,-0.37445
1.99000,0.31499,0.94910,-0.59633,0.19791,-0.59621,0.19829,-0.12459,-0.37461
1.99200,0.31379,0.94949,-0.59658,0.19716,-0.59646,0.19754,-0.12412,-0.37477
1.99400,0.31260,0.94988,-0.59683,0.19641,-0.59671,0.19679,-0.12365,-0.37492
1.99600,0.31141,0.95028,-0.59708,0.19566,-0.59695,0.19604,-0.12317,-0.37508
1.99800,0.31021,0.95067,-0.59732,0.19491,-0.59720,0.19529,-0.12270,-0.37523
2.00000,0.30902,0.95106,-0.59757,0.19416,-0.59744,0.19454,-0.12223,-0.37539
2.00200,0.30782,0.95144,-0.59781,0.19341,-0.59769,0.19379,-0.12176,-0.37554
2.00400,0.30663,0.95183,-0.59805,0.19266,-0.59793,0.19303,-0.12129,-0.37569
2.00600,0.30543,0.95221,-0.59829,0.19191,-0.59817,0.19228,-0.12081,-0.37584
2.00800,0.30423,0.95260,-0.59853,0.19115,-0.59841,0.19153,-0.12034,-0.37599
2.01000,0.30304,0.95298,-0.59877,0.19040,-0.59865,0.19078,-0.11987,-0.37615
2.01200,0.30184,0.95336,-0.59901,0.18965,-0.59889,0.19003,-0.11940,-0.37630
2.01400,0.30064,0.95374,-0.59925,0.18890,-0.59913,0.18927,-0.11892,-0.37645
2.01600,0.29944,0.95411,-0.59949,0.18814,-0.59937,0.18852,-0.11845,-0.37660
2.01800,0.29824,0.95449,-0.59972,0.18739,-0.59961,0.18777,-0.11798,-0.37674
2.02000,0.29704,0.95486,-0.59996,0.18664,-0.59984,0.18701,-0.11750,-0.37689
2.02200,0.29584,0.95524,-0.60019,0.18588,-0.60008,0.18626,-0.11703,-0.37704
2.02400,0.29464,0.95561,-0.60043,0.18513,-0.60031,0.18551,-0.11656,-0.37719
2.02600,0.29344,0.95598,-0.60066,0.18437,-0.60054,0.18475,-0.11608,-0.37733
2.02800,0.29224,0.95635,-0.60089,0.18362,-0.60077,0.18400,-0.11561,-0.37748
2.03000,0.29104,0.95671,-0.60112,0.18286,-0.60100,0.18324,-0.11513,-0.37762
2.03200,0.28983,0.95708,-0.60135,0.18211,-0.60123,0.18249,-0.11466,-0.37777
2.03400,0.28863,0.95744,-0.60158,0.18135,-0.60146,0.18173,-0.11418,-0.37791
2.03600,0.28743,0.95780,-0.60180,0.18060,-0.60169,0.18097,-0.11371,-0.37805
2.03800,0.28622,0.95816,-0.60203,0.17984,-0.60192,0.18022,-0.11323,-0.37820
2.04000,0.28502,0.95852,-0.60226,0.17908,-0.60214,0.17946,-0.11276,-0.37834
2.04200,0.28381,0.95888,-0.60248,0.17833,-0.60237,0.17870,-0.11228,-0.37848
2.04400,0.28261,0.95924,-0.60271,0.17757,-0.60259,0.17795,-0.11181,-0.37862
2.04600,0.28140,0.95959,-0.60293,0.17681,-0.60282,0.17719,-0.11133,-0.37876
2.04800,0.28020,0.95994,-0.60315,0.17605,-0.60304,0.17643,-0.11086,-0.37890
2.05000,0.27899,0.96029,-0.60337,0.17530,-0.60326,0.17567,-0.11038,-0.37904
2.05200,0.27778,0.96064,-0.60359,0.17454,-0.60348,0.17492,-0.10990,-0.37918
2.05400,0.27658,0.96099,-0.60381,0.17378,-0.60370,0.17416,-0.10943,-0.37932
2.05600,0.27537,0.96134,-0.60403,0.17302,-0.60392,0.17340,-0.10895,-0.37945
2.05800,0.27416,0.96168,-0.60424,0.17226,-0.60414,0.17264,-0.10847,-0.37959
2.06000,0.27295,0.96203,-0.60446,0.17150,-0.60435,0.17188,-0.10800,-0.37973
2.06200,0.27174,0.96237,-0.60467,0.17074,-0.60457,0.17112,-0.10752,-0.37986
2.06400,0.27053,0.96271,-0.60489,0.16998,-0.60478,0.17036,-0.10704,-0.38000
2.06600,0.26932,0.96305,-0.60510,0.16922,-0.60500,0.16960,-0.10656,-0.38013
2.06800,0.26811,0.96339,-0.60531,0.16846,-0.60521,0.16884,-0.10609,-0.38026
2.07000,0.26690,0.96372,-0.60553,0.16770,-0.60542,0.16808,-0.10561,-0.38040
2.07200,0.26569,0.96406,-0.60574,0.16694,-0.60563,0.16732,-0.10513,-0.38053
2.07400,0.26448,0.96439,-0.60594,0.16618,-0.60584,0.16656,-0.10465,-0.38066
2.07600,0.26327,0.96472,-0.60615,0.16542,-0.60605,0.16580,-0.10417,-0.38079
2.07800,0.26205,0.96505,-0.60636,0.16465,-0.60626,0.16503,-0.10369,-0.38092
2.08000,0.26084,0.96538,-0.60657,0.16389,-0.60646,0.16427,-0.10322,-0.38105
2.08200,0.25963,0.96571,-0.60677,0.16313,-0.60667,0.16351,-0.10274,-0.38118
2.08400,0.25841,0.96603,-0.60698,0.16237,-0.60687,0.16275,-0.10226,-0.38131
2.08600,0.25720,0.96636,-0.60718,0.16160,-0.60708,0.16199,-0.10178,-0.38144
2.08800,0.25599,0.96668,-0.60738,0.16084,-0.60728,0.16122,-0.10130,-0.38157
2.09000,0.25477,0.96700,-0.60758,0.16008,-0.60748,0.16046,-0.10082,-0.38169
2.09200,0.25356,0.96732,-0.60779,0.15931,-0.60769,0.15970,-0.10034,-0.38182
2.09400,0.25234,0.96764,-0.60799,0.15855,-0.60789,0.15893,-0.09986,-0.38195
2.09600,0.25112,0.96796,-0.60818,0.15779,-0.60808,0.15817,-0.09938,-0.38207
2.09800,0.24991,0.96827,-0.60838,0.15702,-0.60828,0.15740,-0.09890,-0.38220
2.10000,0.24869,0.96858,-0.60858,0.15626,-0.60848,0.15664,-0.09842,-0.38232
2.10200,0.24747,0.96889,-0.60877,0.15549,-0.60868,0.15587,-0.09794,-0.38244
2.10400,0.24625,0.96921,-0.60897,0.15473,-0.60887,0.15511,-0.09746,-0.38257
2.10600,0.24504,0.96951,-0.60916,0.15396,-0.60907,0.15434,-0.09698,-0.38269
2.10800,0.24382,0.96982,-0.60936,0.15320,-0.60926,0.15358,-0.09650,-0.38281
2.11000,0.24260,0.97013,-0.60955,0.15243,-0.60945,0.15281,-0.09601,-0.38293
2.11200,0.24138,0.97043,-0.60974,0.15166,-0.60964,0.15205,-0.09553,-0.38305
2.11400,0.24016,0.97073,-0.60993,0.15090,-0.60983,0.15128,-0.09505,-0.38317
2.11600,0.23894,0.97103,-0.61012,0.15013,-0.61002,0.15051,-0.09457,-0.38329
2.11800,0.23772,0.97133,-0.61031,0.14936,-0.61021,0.14975,-0.09409,-0.38341
2.12000,0.23650,0.97163,-0.61049,0.14860,-0.61040,0.14898,-0.09361,-0.38353
2.12200,0.23528,0.97193,-0.61068,0.14783,-0.61059,0.14821,-0.09312,-0.38364
2.12400,0.23406,0.97222,-0.61087,0.14706,-0.61077,0.14745,-0.09264,-0.38376
2.12600,0.23283,0.97252,-0.61105,0.14629,-0.61096,0.14668,-0.09216,-0.38388
2.12800,0.23161,0.97281,-0.61123,0.14553,-0.61114,0.14591,-0.09168,-0.38399
2.13000,0.23039,0.97310,-0.61142,0.14476,-0.61132,0.14514,-0.09120,-0.38411
2.13200,0.22917,0.97339,-0.61160,0.14399,-0.61151,0.14437,-0.09071,-0.38422
2.13400,0.22794,0.97367,-0.61178,0.14322,-0.61169,0.14361,-0.09023,-0.38433
2.13600,0.22672,0.97396,-0.61196,0.14245,-0.61187,0.14284,-0.08975,-0.38445
2.13800,0.22550,0.97424,-0.61214,0.14168,-0.61205,0.14207,-0.08926,-0.38456
2.14000,0.22427,0.97453,-0.61231,0.14091,-0.61222,0.14130,-0.08878,-0.38467
2.14200,0.22305,0.97481,-0.61249,0.14014,-0.61240,0.14053,-0.08830,-0.38478
2.14400,0.22182,0.97509,-0.61267,0.13937,-0.61258,0.13976,-0.08781,-0.38489
2.14600,0.22060,0.97537,-0.61284,0.13860,-0.61275,0.13899,-0.08733,-0.38500
2.14800,0.21937,0.97564,-0.61301,0.13783,-0.61293,0.13822,-0.08685,-0.38511
2.15000,0.21814,0.97592,-0.61319,0.13706,-0.61310,0.13745,-0.08636,-0.38522
2.15200,0.21692,0.97619,-0.61336,0.13629,-0.61327,0.13668,-0.08588,-0.38533
2.15400,0.21569,0.97646,-0.61353,0.13552,-0.61344,0.13591,-0.08539,-0.38544
2.15600,0.21446,0.97673,-0.61370,0.13475,-0.61361,0.13514,-0.08491,-0.38555
2.15800,0.21324,0.97700,-0.61387,0.13398,-0.61378,0.13437,-0.08442,-0.38565
2.16000,0.21201,0.97727,-0.61404,0.13321,-0.61395,0.13359,-0.08394,-0.38576
2.16200,0.21078,0.97753,-0.61420,0.13244,-0.61412,0.13282,-0.08345,-0.38586
2.16400,0.20955,0.97780,-0.61437,0.13166,-0.61429,0.13205,-0.08297,-0.38597
2.16600,0.20832,0.97806,-0.61453,0.13089,-0.61445,0.13128,-0.08248,-0.38607
2.16800,0.20709,0.97832,-0.61470,0.13012,-0.61462,0.13051,-0.08200,-0.38617
2.17000,0.20586,0.97858,-0.61486,0.12935,-0.61478,0.12973,-0.08151,-0.38628
2.17200,0.20463,0.97884,-0.61502,0.12857,-0.61494,0.12896,-0.08103,-0.38638
2.17400,0.20340,0.97910,-0.61518,0.12780,-0.61510,0.12819,-0.08054,-0.38648
2.17600,0.20217,0.97935,-0.61534,0.12703,-0.61526,0.12742,-0.08006,-0.38658
2.17800,0.20094,0.97960,-0.61550,0.12626,-0.61542,0.12664,-0.07957,-0.38668
2.18000,0.19971,0.97986,-0.61566,0.12548,-0.61558,0.12587,-0.07909,-0.38678
2.18200,0.19848,0.98011,-0.61582,0.12471,-0.61574,0.12509,-0.07860,-0.38688
2.18400,0.19725,0.98035,-0.61597,0.12393,-0.61590,0.12432,-0.07811,-0.38698
2.18600,0.19601,0.98060,-0.61613,0.12316,-0.61605,0.12355,-0.07763,-0.38708
2.18800,0.19478,0.98085,-0.61628,0.12239,-0.61621,0.12277,-0.07714,-0.38717
2.19000,0.19355,0.98109,-0.61644,0.12161,-0.61636,0.12200,-0.07665,-0.38727
2.19200,0.19232,0.98133,-0.61659,0.12084,-0.61651,0.12122,-0.07617,-0.38737
2.19400,0.19108,0.98157,-0.61674,0.12006,-0.61667,0.12045,-0.07568,-0.38746
2.19600,0.18985,0.98181,-0.61689,0.11929,-0.61682,0.11967,-0.07519,-0.38756
2.19800,0.18862,0.98205,-0.61704,0.11851,-0.61697,0.11890,-0.07471,-0.38765
2.20000,0.18738,0.98229,-0.61719,0.11774,-0.61712,0.11812,-0.07422,-0.38774
2.20200,0.18615,0.98252,-0.61734,0.11696,-0.61726,0.11735,-0.07373,-0.38784
2.20400,0.18491,0.98276,-0.61748,0.11618,-0.61741,0.11657,-0.07324,-0.38793
2.20600,0.18368,0.98299,-0.61763,0.11541,-0.61756,0.11580,-0.07276,-0.38802
2.20800,0.18244,0.98322,-0.61777,0.11463,-0.61770,0.11502,-0.07227,-0.38811
2.21000,0.18121,0.98345,-0.61792,0.11385,-0.61785,0.11424,-0.07178,-0.38820
2.21200,0.17997,0.98367,-0.61806,0.11308,-0.61799,0.11347,-0.07129,-0.38829
2.21400,0.17873,0.98390,-0.61820,0.11230,-0.61813,0.11269,-0.07081,-0.38838
2.21600,0.17750,0.98412,-0.61834,0.11152,-0.61827,0.11191,-0.07032,-0.38847
2.21800,0.17626,0.98434,-0.61848,0.11075,-0.61841,0.11114,-0.06983,-0.38856
2.22000,0.17502,0.98456,-0.61862,0.10997,-0.61855,0.11036,-0.06934,-0.38865
2.22200,0.17379,0.98478,-0.61876,0.10919,-0.61869,0.10958,-0.06885,-0.38873
2.22400,0.17255,0.98500,-0.61889,0.10842,-0.61883,0.10880,-0.06836,-0.38882
2.22600,0.17131,0.98522,-0.61903,0.10764,-0.61896,0.10803,-0.06787,-0.38891
2.22800,0.17007,0.98543,-0.61916,0.10686,-0.61910,0.10725,-0.06739,-0.38899
2.23000,0.16883,0.98564,-0.61930,0.10608,-0.61923,0.10647,-0.06690,-0.38907
2.23200,0.16759,0.98586,-0.61943,0.10530,-0.61937,0.10569,-0.06641,-0.38916
2.23400,0.16636,0.98607,-0.61956,0.10452,-0.61950,0.10491,-0.06592,-0.38924
2.23600,0.16512,0.98627,-0.61969,0.10375,-0.61963,0.10414,-0.06543,-0.38932
2.23800,0.16388,0.98648,-0.61982,0.10297,-0.61976,0.10336,-0.06494,-0.38941
2.24000,0.16264,0.98669,-0.61995,0.10219,-0.61989,0.10258,-0.06445,-0.38949
2.24200,0.16140,0.98689,-0.62008,0.10141,-0.62002,0.10180,-0.06396,-0.38957
2.24400,0.16016,0.98709,-0.62021,0.10063,-0.62014,0.10102,-0.06347,-0.38965
2.24600,0.15892,0.98729,-0.62033,0.09985,-0.62027,0.10024,-0.06298,-0.38973
2.24800,0.15768,0.98749,-0.62046,0.09907,-0.62040,0.09946,-0.06249,-0.38981
2.25000,0.15643,0.98769,-0.62058,0.09829,-0.62052,0.09868,-0.06200,-0.38988
2.25200,0.15519,0.98788,-0.62071,0.09751,-0.62064,0.09790,-0.06151,-0.38996
2.25400,0.15395,0.98808,-0.62083,0.09673,-0.62077,0.09712,-0.06102,-0.39004
2.25600,0.15271,0.98827,-0.62095,0.09595,-0.62089,0.09634,-0.06053,-0.39012
2.25800,0.15147,0.98846,-0.62107,0.09517,-0.62101,0.09556,-0.06004,-0.39019
2.26000,0.15023,0.98865,-0.62119,0.09439,-0.62113,0.09478,-0.05955,-0.39027
2.26200,0.14898,0.98884,-0.62131,0.09361,-0.62125,0.09400,-0.05906,-0.39034
2.26400,0.14774,0.98903,-0.62142,0.09283,-0.62136,0.09322,-0.05857,-0.39042
2.26600,0.14650,0.98921,-0.62154,0.09205,-0.62148,0.09244,-0.05808,-0.39049
2.26800,0.14525,0.98939,-0.62165,0.09127,-0.62160,0.09166,-0.05759,-0.39056
2.27000,0.14401,0.98958,-0.62177,0.09048,-0.62171,0.09088,-0.05710,-0.39063
2.27200,0.14277,0.98976,-0.62188,0.08970,-0.62183,0.09009,-0.05661,-0.39070
2.27400,0.14152,0.98993,-0.62199,0.08892,-0.62194,0.08931,-0.05612,-0.39078
2.27600,0.14028,0.99011,-0.62211,0.08814,-0.62205,0.08853,-0.05563,-0.39085
2.27800,0.13903,0.99029,-0.62222,0.08736,-0.62216,0.08775,-0.05513,-0.39092
2.28000,0.13779,0.99046,-0.62233,0.08658,-0.62227,0.08697,-0.05464,-0.39098
2.28200,0.13655,0.99063,-0.62243,0.08579,-0.62238,0.08619,-0.05415,-0.39105
2.28400,0.13530,0.99080,-0.62254,0.08501,-0.62249,0.08540,-0.05366,-0.39112
2.28600,0.13406,0.99097,-0.62265,0.08423,-0.62259,0.08462,-0.05317,-0.39119
2.28800,0.13281,0.99114,-0.62275,0.08345,-0.62270,0.08384,-0.05268,-0.39125
2.29000,0.13156,0.99131,-0.62286,0.08266,-0.62280,0.08306,-0.05219,-0.39132
2.29200,0.13032,0.99147,-0.62296,0.08188,-0.62291,0.08227,-0.05169,-0.39138
2.29400,0.12907,0.99164,-0.62306,0.08110,-0.62301,0.08149,-0.05120,-0.39145
2.29600,0.12783,0.99180,-0.62316,0.08032,-0.62311,0.08071,-0.05071,-0.39151
2.29800,0.12658,0.99196,-0.62326,0.07953,-0.62321,0.07992,-0.05022,-0.39158
2.30000,0.12533,0.99211,-0.62336,0.07875,-0.62331,0.07914,-0.04973,-0.39164
2.30200,0.12409,0.99227,-0.62346,0.07797,-0.62341,0.07836,-0.04923,-0.39170
2.30400,0.12284,0.99243,-0.62356,0.07718,-0.62351,0.07757,-0.04874,-0.39176
2.30600,0.12159,0.99258,-0.62366,0.07640,-0.62361,0.07679,-0.04825,-0.39182
2.30800,0.12034,0.99273,-0.62375,0.07561,-0.62370,0.07601,-0.04776,-0.39188
2.31000,0.11910,0.99288,-0.62385,0.07483,-0.62380,0.07522,-0.04726,-0.39194
2.31200,0.11785,0.99303,-0.62394,0.07405,-0.62389,0.07444,-0.04677,-0.39200
2.31400,0.11660,0.99318,-0.62403,0.07326,-0.62399,0.07365,-0.04628,-0.39206
2.31600,0.11535,0.99332,-0.62412,0.07248,-0.62408,0.07287,-0.04579,-0.39212
2.31800,0.11410,0.99347,-0.62421,0.07169,-0.62417,0.07209,-0.04529,-0.39218
2.32000,0.11286,0.99361,-0.62430,0.07091,-0.62426,0.07130,-0.04480,-0.39223
2.32200,0.11161,0.99375,-0.62439,0.07013,-0.62435,0.07052,-0.04431,-0.39229
2.32400,0.11036,0.99389,-0.62448,0.06934,-0.62444,0.06973,-0.04381,-0.39235
2.32600,0.10911,0.99403,-0.62457,0.06856,-0.62452,0.06895,-0.04332,-0.39240
2.32800,0.10786,0.99417,-0.62465,0.06777,-0.62461,0.06816,-0.04283,-0.39245
2.33000,0.10661,0.99430,-0.62474,0.06699,-0.62470,0.06738,-0.04234,-0.39251
2.33200,0.10536,0.99443,-0.62482,0.06620,-0.62478,0.06659,-0.04184,-0.39256
2.33400,0.10411,0.99457,-0.62490,0.06542,-0.62486,0.06581,-0.04135,-0.39261
2.33600,0.10286,0.99470,-0.62499,0.06463,-0.62494,0.06502,-0.04085,-0.39266
2.33800,0.10161,0.99482,-0.62507,0.06384,-0.62503,0.06424,-0.04036,-0.39272
2.34000,0.10036,0.99495,-0.62515,0.06306,-0.62511,0.06345,-0.03987,-0.39277
2.34200,0.09911,0.99508,-0.62522,0.06227,-0.62519,0.06267,-0.03937,-0.39282
2.34400,0.09786,0.99520,-0.62530,0.06149,-0.62526,0.06188,-0.03888,-0.39286
2.34600,0.09661,0.99532,-0.62538,0.06070,-0.62534,0.06109,-0.03839,-0.39291
2.34800,0.09536,0.99544,-0.62546,0.05992,-0.62542,0.06031,-0.03789,-0.39296
2.35000,0.09411,0.99556,-0.62553,0.05913,-0.62549,0.05952,-0.03740,-0.39301
2.35200,0.09286,0.99568,-0.62560,0.05834,-0.62557,0.05874,-0.03691,-0.39306
2.35400,0.09161,0.99580,-0.62568,0.05756,-0.62564,0.05795,-0.03641,-0.39310
2.35600,0.09035,0.99591,-0.62575,0.05677,-0.62571,0.05716,-0.03592,-0.39315
2.35800,0.08910,0.99602,-0.62582,0.05598,-0.62578,0.05638,-0.03542,-0.39319
2.36000,0.08785,0.99613,-0.62589,0.05520,-0.62585,0.05559,-0.03493,-0.39324
2.36200,0.08660,0.99624,-0.62596,0.05441,-0.62592,0.05481,-0.03444,-0.39328
2.36400,0.08535,0.99635,-0.62603,0.05363,-0.62599,0.05402,-0.03394,-0.39332
2.36600,0.08410,0.99646,-0.62609,0.05284,-0.62606,0.05323,-0.03345,-0.39336
2.36800,0.08284,0.99656,-0.62616,0.05205,-0.62613,0.05245,-0.03295,-0.39341
2.37000,0.08159,0.99667,-0.62622,0.05126,-0.62619,0.05166,-0.03246,-0.39345
2.37200,0.08034,0.99677,-0.62629,0.05048,-0.62626,0.05087,-0.03196,-0.39349
2.37400,0.07909,0.99687,-0.62635,0.04969,-0.62632,0.05008,-0.03147,-0.39353
2.37600,0.07783,0.99697,-0.62641,0.04890,-0.62638,0.04930,-0.03097,-0.39357
2.37800,0.07658,0.99706,-0.62647,0.04812,-0.62644,0.04851,-0.03048,-0.39361
2.38000,0.07533,0.99716,-0.62653,0.04733,-0.62650,0.04772,-0.02999,-0.39364
2.38200,0.07407,0.99725,-0.62659,0.04654,-0.62656,0.04694,-0.02949,-0.39368
2.38400,0.07282,0.99735,-0.62665,0.04575,-0.62662,0.04615,-0.02900,-0.39372
2.38600,0.07157,0.99744,-0.62671,0.04497,-0.62668,0.04536,-0.02850,-0.39375
2.38800,0.07031,0.99752,-0.62676,0.04418,-0.62674,0.04457,-0.02801,-0.39379
2.39000,0.06906,0.99761,-0.62682,0.04339,-0.62679,0.04379,-0.02751,-0.39382
2.39200,0.06781,0.99770,-0.62687,0.04260,-0.62685,0.04300,-0.02702,-0.39386
2.39400,0.06655,0.99778,-0.62693,0.04182,-0.62690,0.04221,-0.02652,-0.39389
2.39600,0.06530,0.99787,-0.62698,0.04103,-0.62695,0.04142,-0.02603,-0.39393
2.39800,0.06404,0.99795,-0.62703,0.04024,-0.62700,0.04063,-0.02553,-0.39396
2.40000,0.06279,0.99803,-0.62708,0.03945,-0.62705,0.03985,-0.02504,-0.39399
2.40200,0.06154,0.99810,-0.62713,0.03866,-0.62710,0.03906,-0.02454,-0.39402
2.40400,0.06028,0.99818,-0.62718,0.03788,-0.62715,0.03827,-0.02405,-0.39405
2.40600,0.05903,0.99826,-0.62722,0.03709,-0.62720,0.03748,-0.02355,-0.39408
2.40800,0.05777,0.99833,-0.62727,0.03630,-0.62725,0.03669,-0.02306,-0.39411
2.41000,0.05652,0.99840,-0.62731,0.03551,-0.62729,0.03591,-0.02256,-0.39414
2.41200,0.05526,0.99847,-0.62736,0.03472,-0.62734,0.03512,-0.02206,-0.39417
2.41400,0.05401,0.99854,-0.62740,0.03393,-0.62738,0.03433,-0.02157,-0.39419
2.41600,0.05275,0.99861,-0.62744,0.03315,-0.62742,0.03354,-0.02107,-0.39422
2.41800,0.05150,0.99867,-0.62748,0.03236,-0.62746,0.03275,-0.02058,-0.39425
2.42000,0.05024,0.99874,-0.62752,0.03157,-0.62750,0.03196,-0.02008,-0.39427
2.42200,0.04899,0.99880,-0.62756,0.03078,-0.62754,0.03118,-0.01959,-0.39430
2.42400,0.04773,0.99886,-0.62760,0.02999,-0.62758,0.03039,-0.01909,-0.39432
2.42600,0.04648,0.99892,-0.62764,0.02920,-0.62762,0.02960,-0.01860,-0.39435
2.42800,0.04522,0.99898,-0.62768,0.02841,-0.62766,0.02881,-0.01810,-0.39437
2.43000,0.04397,0.99903,-0.62771,0.02763,-0.62769,0.02802,-0.01761,-0.39439
2.43200,0.04271,0.99909,-0.62774,0.02684,-0.62773,0.02723,-0.01711,-0.39441
2.43400,0.04146,0.99914,-0.62778,0.02605,-0.62776,0.02644,-0.01661,-0.39443
2.43600,0.04020,0.99919,-0.62781,0.02526,-0.62779,0.02565,-0.01612,-0.39445
2.43800,0.03895,0.99924,-0.62784,0.02447,-0.62783,0.02486,-0.01562,-0.39447
2.44000,0.03769,0.99929,-0.62787,0.02368,-0.62786,0.02408,-0.01513,-0.39449
2.44200,0.03643,0.99934,-0.62790,0.02289,-0.62789,0.02329,-0.01463,-0.39451
2.44400,0.03518,0.99938,-0.62793,0.02210,-0.62792,0.02250,-0.01414,-0.39453
2.44600,0.03392,0.99942,-0.62796,0.02131,-0.62794,0.02171,-0.01364,-0.39455
2.44800,0.03267,0.99947,-0.62798,0.02053,-0.62797,0.02092,-0.01314,-0.39457
2.45000,0.03141,0.99951,-0.62801,0.01974,-0.62800,0.02013,-0.01265,-0.39458
2.45200,0.03015,0.99955,-0.62803,0.01895,-0.62802,0.01934,-0.01215,-0.39460
2.45400,0.02890,0.99958,-0.62806,0.01816,-0.62804,0.01855,-0.01166,-0.39461
2.45600,0.02764,0.99962,-0.62808,0.01737,-0.62807,0.01776,-0.01116,-0.39463
2.45800,0.02639,0.99965,-0.62810,0.01658,-0.62809,0.01697,-0.01066,-0.39464
2.46000,0.02513,0.99968,-0.62812,0.01579,-0.62811,0.01618,-0.01017,-0.39465
2.46200,0.02387,0.99971,-0.62814,0.01500,-0.62813,0.01540,-0.00967,-0.39467
2.46400,0.02262,0.99974,-0.62816,0.01421,-0.62815,0.01461,-0.00918,-0.39468
2.46600,0.02136,0.99977,-0.62817,0.01342,-0.62817,0.01382,-0.00868,-0.39469
2.46800,0.02010,0.99980,-0.62819,0.01263,-0.62818,0.01303,-0.00819,-0.39470
2.47000,0.01885,0.99982,-0.62821,0.01184,-0.62820,0.01224,-0.00769,-0.39471
2.47200,0.01759,0.99985,-0.62822,0.01105,-0.62821,0.01145,-0.00719,-0.39472
2.47400,0.01634,0.99987,-0.62823,0.01026,-0.62823,0.01066,-0.00670,-0.39473
2.47600,0.01508,0.99989,-0.62825,0.00947,-0.62824,0.00987,-0.00620,-0.39474
2.47800,0.01382,0.99990,-0.62826,0.00868,-0.62825,0.00908,-0.00570,-0.39474
2.48000,0.01257,0.99992,-0.62827,0.00790,-0.62826,0.00829,-0.00521,-0.39475
2.48200,0.01131,0.99994,-0.62828,0.00711,-0.62827,0.00750,-0.00471,-0.39476
2.48400,0.01005,0.99995,-0.62829,0.00632,-0.62828,0.00671,-0.00422,-0.39476
2.48600,0.00880,0.99996,-0.62829,0.00553,-0.62829,0.00592,-0.00372,-0.39477
2.48800,0.00754,0.99997,-0.62830,0.00474,-0.62830,0.00513,-0.00322,-0.39477
2.49000,0.00628,0.99998,-0.62831,0.00395,-0.62830,0.00434,-0.00273,-0.39477
2.49200,0.00503,0.99999,-0.62831,0.00316,-0.62831,0.00355,-0.00223,-0.39478
2.49400,0.00377,0.99999,-0.62831,0.00237,-0.62831,0.00276,-0.00174,-0.39478
2.49600,0.00251,1.00000,-0.62832,0.00158,-0.62832,0.00197,-0.00124,-0.39478
2.49800,0.00126,1.00000,-0.62832,0.00079,-0.62832,0.00118,-0.00074,-0.39478
2.50000,0.00000,1.00000,-0.62832,-0.00000,-0.62832,0.00039,-0.00025,-0.39478
2.50200,-0.00126,1.00000,-0.62832,-0.00079,-0.62832,-0.00039,0.00025,-0.39478
2.50400,-0.00251,1.00000,-0.62832,-0.00158,-0.62832,-0.00118,0.00074,-0.39478
2.50600,-0.00377,0.99999,-0.62831,-0.00237,-0.62832,-0.00197,0.00124,-0.39478
2.50800,-0.00503,0.99999,-0.62831,-0.00316,-0.62831,-0.00276,0.00174,-0.39478
2.51000,-0.00628,0.99998,-0.62831,-0.00395,-0.62831,-0.00355,0.00223,-0.39478
2.51200,-0.00754,0.99997,-0.62830,-0.00474,-0.62830,-0.00434,0.00273,-0.39477
2.51400,-0.00880,0.99996,-0.62829,-0.00553,-0.62830,-0.00513,0.00322,-0.39477
2.51600,-0.01005,0.99995,-0.62829,-0.00632,-0.62829,-0.00592,0.00372,-0.39477
2.51800,-0.01131,0.99994,-0.62828,-0.00711,-0.62828,-0.00671,0.00422,-0.39476
2.52000,-0.01257,0.99992,-0.62827,-0.00790,-0.62827,-0.00750,0.00471,-0.39476
2.52200,-0.01382,0.99990,-0.62826,-0.00868,-0.62826,-0.00829,0.00521,-0.39475
2.52400,-0.01508,0.99989,-0.62825,-0.00947,-0.62825,-0.00908,0.00570,-0.39474
2.52600,-0.01634,0.99987,-0.62823,-0.01026,-0.62824,-0.00987,0.00620,-0.39474
2.52800,-0.01759,0.99985,-0.62822,-0.01105,-0.62823,-0.01066,0.00670,-0.39473
2.53000,-0.01885,0.99982,-0.62821,-0.01184,-0.62821,-0.01145,0.00719,-0.39472
2.53200,-0.02010,0.99980,-0.62819,-0.01263,-0.62820,-0.01224,0.00769,-0.39471
2.53400,-0.02136,0.99977,-0.62817,-0.01342,-0.62818,-0.01303,0.00819,-0.39470
2.53600,-0.02262,0.99974,-0.62816,-0.01421,-0.62817,-0.01382,0.00868,-0.39469
2.53800,-0.02387,0.99971,-0.62814,-0.01500,-0.62815,-0.01461,0.00918,-0.39468
2.54000,-0.02513,0.99968,-0.62812,-0.01579,-0.62813,-0.01540,0.00967,-0.39467
2.54200,-0.02639,0.99965,-0.62810,-0.01658,-0.62811,-0.01618,0.01017,-0.39465
2.54400,-0.02764,0.99962,-0.62808,-0.01737,-0.62809,-0.01697,0.01066,-0.39464
2.54600,-0.02890,0.99958,-0.62806,-0.01816,-0.62807,-0.01776,0.01116,-0.39463
2.54800,-0.03015,0.99955,-0.62803,-0.01895,-0.62804,-0.01855,0.01166,-0.39461
2.55000,-0.03141,0.99951,-0.62801,-0.01974,-0.62802,-0.01934,0.01215,-0.39460
2.55200,-0.03267,0.99947,-0.62798,-0.02053,-0.62800,-0.02013,0.01265,-0.39458
2.55400,-0.03392,0.99942,-0.62796,-0.02131,-0.62797,-0.02092,0.01314,-0.39457
2.55600,-0.03518,0.99938,-0.62793,-0.02210,-0.62794,-0.02171,0.01364,-0.39455
2.55800,-0.03643,0.99934,-0.62790,-0.02289,-0.62792,-0.02250,0.01414,-0.39453
2.56000,-0.03769,0.99929,-0.62787,-0.02368,-0.62789,-0.02329,0.01463,-0.39451
2.56200,-0.03895,0.99924,-0.62784,-0.02447,-0.62786,-0.02408,0.01513,-0.39449
2.56400,-0.04020,0.99919,-0.62781,-0.02526,-0.62783,-0.02486,0.01562,-0.39447
2.56600,-0.04146,0.99914,-0.62778,-0.02605,-0.62779,-0.02565,0.01612,-0.39445
2.56800,-0.04271,0.99909,-0.62774,-0.02684,-0.62776,-0.02644,0.01661,-0.39443
2.57000,-0.04397,0.99903,-0.62771,-0.02763,-0.62773,-0.02723,0.01711,-0.39441
2.57200,-0.04522,0.99898,-0.62768,-0.02841,-0.62769,-0.02802,0.01761,-0.39439
2.57400,-0.04648,0.99892,-0.62764,-0.02920,-0.62766,-0.02881,0.01810,-0.39437
2.57600,-0.04773,0.99886,-0.62760,-0.02999,-0.62762,-0.02960,0.01860,-0.39435
2.57800,-0.04899,0.99880,-0.62756,-0.03078,-0.62758,-0.03039,0.01909,-0.39432
2.58000,-0.05024,0.99874,-0.62752,-0.03157,-0.62754,-0.03118,0.01959,-0.39430
2.58200,-0.05150,0.99867,-0.62748,-0.03236,-0.62750,-0.03196,0.02008,-0.39427
2.58400,-0.05275,0.99861,-0.62744,-0.03315,-0.62746,-0.03275,0.02058,-0.39425
2.58600,-0.05401,0.99854,-0.62740,-0.03393,-0.62742,-0.03354,0.02107,-0.39422
2.58800,-0.05526,0.99847,-0.62736,-0.03472,-0.62738,-0.03433,0.02157,-0.39419
2.59000,-0.05652,0.99840,-0.62731,-0.03551,-0.62734,-0.03512,0.02206,-0.39417
2.59200,-0.05777,0.99833,-0.62727,-0.03630,-0.62729,-0.03591,0.02256,-0.39414
2.59400,-0.05903,0.99826,-0.62722,-0.03709,-0.62725,-0.03669,0.02306,-0.39411
2.59600,-0.06028,0.99818,-0.62718,-0.03788,-0.62720,-0.03748,0.02355,-0.39408
2.59800,-0.06154,0.99810,-0.62713,-0.03866,-0.62715,-0.03827,0.02405,-0.39405
2.60000,-0.06279,0.99803,-0.62708,-0.03945,-0.62710,-0.03906,0.02454,-0.39402
2.60200,-0.06404,0.99795,-0.62703,-0.04024,-0.62705,-0.03985,0.02504,-0.39399
2.60400,-0.06530,0.99787,-0.62698,-0.04103,-0.62700,-0.04063,0.02553,-0.39396
2.60600,-0.06655,0.99778,-0.62693,-0.04182,-0.62695,-0.04142,0.02603,-0.39393
2.60800,-0.06781,0.99770,-0.62687,-0.04260,-0.62690,-0.04221,0.02652,-0.39389
2.61000,-0.06906,0.99761,-0.62682,-0.04339,-0.62685,-0.04300,0.02702,-0.39386
2.61200,-0.07031,0.99752,-0.62676,-0.04418,-0.62679,-0.04379,0.02751,-0.39382
2.61400,-0.07157,0.99744,-0.62671,-0.04497,-0.62674,-0.04457,0.02801,-0.39379
2.61600,-0.07282,0.99735,-0.62665,-0.04575,-0.62668,-0.04536,0.02850,-0.39375
2.61800,-0.07407,0.99725,-0.62659,-0.04654,-0.62662,-0.04615,0.02900,-0.39372
2.62000,-0.07533,0.99716,-0.62653,-0.04733,-0.62656,-0.04694,0.02949,-0.39368
2.62200,-0.07658,0.99706,-0.62647,-0.04812,-0.62650,-0.04772,0.02999,-0.39364
2.62400,-0.07783,0.99697,-0.62641,-0.04890,-0.62644,-0.04851,0.03048,-0.39361
2.62600,-0.07909,0.99687,-0.62635,-0.04969,-0.62638,-0.04930,0.03097,-0.39357
2.62800,-0.08034,0.99677,-0.62629,-0.05048,-0.62632,-0.05008,0.03147,-0.39353
2.63000,-0.08159,0.99667,-0.62622,-0.05126,-0.62626,-0.05087,0.03196,-0.39349
2.63200,-0.08284,0.99656,-0.62616,-0.05205,-0.62619,-0.05166,0.03246,-0.39345
2.63400,-0.08410,0.99646,-0.62609,-0.05284,-0.62613,-0.05245,0.03295,-0.39341
2.63600,-0.08535,0.99635,-0.62603,-0.05363,-0.62606,-0.05323,0.03345,-0.39336
2.63800,-0.08660,0.99624,-0.62596,-0.05441,-0.62599,-0.05402,0.03394,-0.39332
2.64000,-0.08785,0.99613,-0.62589,-0.05520,-0.62592,-0.05481,0.03444,-0.39328
2.64200,-0.08910,0.99602,-0.62582,-0.05598,-0.62585,-0.05559,0.03493,-0.39324
2.64400,-0.09035,0.99591,-0.62575,-0.05677,-0.62578,-0.05638,0.03542,-0.39319
2.64600,-0.09161,0.99580,-0.62568,-0.05756,-0.62571,-0.05716,0.03592,-0.39315
2.64800,-0.09286,0.99568,-0.62560,-0.05834,-0.62564,-0.05795,0.03641,-0.39310
2.65000,-0.09411,0.99556,-0.62553,-0.05913,-0.62557,-0.05874,0.03691,-0.39306
2.65200,-0.09536,0.99544,-0.62546,-0.05992,-0.62549,-0.05952,0.03740,-0.39301
2.65400,-0.09661,0.99532,-0.62538,-0.06070,-0.62542,-0.06031,0.03789,-0.39296
2.65600,-0.09786,0.99520,-0.62530,-0.06149,-0.62534,-0.06109,0.03839,-0.39291
2.65800,-0.09911,0.99508,-0.62522,-0.06227,-0.62526,-0.06188,0.03888,-0.39286
2.66000,-0.10036,0.99495,-0.62515,-0.06306,-0.62519,-0.06267,0.03937,-0.39282
2.66200,-0.10161,0.99482,-0.62507,-0.06384,-0.62511,-0.06345,0.03987,-0.39277
2.66400,-0.10286,0.99470,-0.62499,-0.06463,-0.62503,-0.06424,0.04036,-0.39272
2.66600,-0.10411,0.99457,-0.62490,-0.06542,-0.62494,-0.06502,0.04085,-0.39266
2.66800,-0.10536,0.99443,-0.62482,-0.06620,-0.62486,-0.06581,0.04135,-0.39261
2.67000,-0.10661,0.99430,-0.62474,-0.06699,-0.62478,-0.06659,0.04184,-0.39256
2.67200,-0.10786,0.99417,-0.62465,-0.06777,-0.62470,-0.06738,0.04234,-0.39251
2.67400,-0.10911,0.99403,-0.62457,-0.06856,-0.62461,-0.06816,0.04283,-0.39245
2.67600,-0.11036,0.99389,-0.62448,-0.06934,-0.62452,-0.06895,0.04332,-0.39240
2.67800,-0.11161,0.99375,-0.62439,-0.07013,-0.62444,-0.06973,0.04381,-0.39235
2.68000,-0.11286,0.99361,-0.62430,-0.07091,-0.62435,-0.07052,0.04431,-0.39229
2.68200,-0.11410,0.99347,-0.62421,-0.07169,-0.62426,-0.07130,0.04480,-0.39223
2.68400,-0.11535,0.99332,-0.62412,-0.07248,-0.62417,-0.07209,0.04529,-0.39218
2.68600,-0.11660,0.99318,-0.62403,-0.07326,-0.62408,-0.07287,0.04579,-0.39212
2.68800,-0.11785,0.99303,-0.62394,-0.07405,-0.62399,-0.07365,0.04628,-0.39206
2.69000,-0.11910,0.99288,-0.62385,-0.07483,-0.62389,-0.07444,0.04677,-0.39200
2.69200,-0.12034,0.99273,-0.62375,-0.07561,-0.62380,-0.07522,0.04726,-0.39194
2.69400,-0.12159,0.99258,-0.62366,-0.07640,-0.62370,-0.07601,0.04776,-0.39188
2.69600,-0.12284,0.99243,-0.62356,-0.07718,-0.62361,-0.07679,0.04825,-0.39182
2.69800,-0.12409,0.99227,-0.62346,-0.07797,-0.62351,-0.07757,0.04874,-0.39176
2.70000,-0.12533,0.99211,-0.62336,-0.07875,-0.62341,-0.07836,0.04923,-0.39170
2.70200,-0.12658,0.99196,-0.62326,-0.07953,-0.62331,-0.07914,0.04973,-0.39164
2.70400,-0.12783,0.99180,-0.62316,-0.08032,-0.62321,-0.07992,0.05022,-0.39158
2.70600,-0.12907,0.99164,-0.62306,-0.08110,-0.62311,-0.08071,0.05071,-0.39151
2.70800,-0.13032,0.99147,-0.62296,-0.08188,-0.62301,-0.08149,0.05120,-0.39145
2.71000,-0.13156,0.99131,-0.62286,-0.08266,-0.62291,-0.08227,0.05169,-0.39138
2.71200,-0.13281,0.99114,-0.62275,-0.08345,-0.62280,-0.08306,0.05219,-0.39132
2.71400,-0.13406,0.99097,-0.62265,-0.08423,-0.62270,-0.08384,0.05268,-0.39125
2.71600,-0.13530,0.99080,-0.62254,-0.08501,-0.62259,-0.08462,0.05317,-0.39119
2.71800,-0.13655,0.99063,-0.62243,-0.08579,-0.62249,-0.08540,0.05366,-0.39112
2.72000,-0.13779,0.99046,-0.62233,-0.08658,-0.62238,-0.08619,0.05415,-0.39105
2.72200,-0.13903,0.99029,-0.62222,-0.08736,-0.62227,-0.08697,0.05464,-0.39098
2.72400,-0.14028,0.99011,-0.62211,-0.08814,-0.62216,-0.08775,0.05513,-0.39092
2.72600,-0.14152,0.98993,-0.62199,-0.08892,-0.62205,-0.08853,0.05563,-0.39085
2.72800,-0.14277,0.98976,-0.62188,-0.08970,-0.62194,-0.08931,0.05612,-0.39078
2.73000,-0.14401,0.98958,-0.62177,-0.09048,-0.62183,-0.09009,0.05661,-0.39070
2.73200,-0.14525,0.98939,-0.62165,-0.09127,-0.62171,-0.09088,0.05710,-0.39063
2.73400,-0.14650,0.98921,-0.62154,-0.09205,-0.62160,-0.09166,0.05759,-0.39056
2.73600,-0.14774,0.98903,-0.62142,-0.09283,-0.62148,-0.09244,0.05808,-0.39049
2.73800,-0.14898,0.98884,-0.62131,-0.09361,-0.62136,-0.09322,0.05857,-0.39042
2.74000,-0.15023,0.98865,-0.62119,-0.09439,-0.62125,-0.09400,0.05906,-0.39034
2.74200,-0.15147,0.98846,-0.62107,-0.09517,-0.62113,-0.09478,0.05955,-0.39027
2.74400,-0.15271,0.98827,-0.62095,-0.09595,-0.62101,-0.09556,0.06004,-0.39019
2.74600,-0.15395,0.98808,-0.62083,-0.09673,-0.62089,-0.09634,0.06053,-0.39012
2.74800,-0.15519,0.98788,-0.62071,-0.09751,-0.62077,-0.09712,0.06102,-0.39004
2.75000,-0.15643,0.98769,-0.62058,-0.09829,-0.62064,-0.09790,0.06151,-0.38996
2.75200,-0.15768,0.98749,-0.62046,-0.09907,-0.62052,-0.09868,0.06200,-0.38988
2.75400,-0.15892,0.98729,-0.62033,-0.09985,-0.62040,-0.09946,0.06249,-0.38981
2.75600,-0.16016,0.98709,-0.62021,-0.10063,-0.62027,-0.10024,0.06298,-0.38973
2.75800,-0.16140,0.98689,-0.62008,-0.10141,-0.62014,-0.10102,0.06347,-0.38965
2.76000,-0.16264,0.98669,-0.61995,-0.10219,-0.62002,-0.10180,0.06396,-0.38957
2.76200,-0.16388,0.98648,-0.61982,-0.10297,-0.61989,-0.10258,0.06445,-0.38949
2.76400,-0.16512,0.98627,-0.61969,-0.10375,-0.61976,-0.10336,0.06494,-0.38941
2.76600,-0.16636,0.98607,-0.61956,-0.10452,-0.61963,-0.10414,0.06543,-0.38932
2.76800,-0.16759,0.98586,-0.61943,-0.10530,-0.61950,-0.10491,0.06592,-0.38924
2.77000,-0.16883,0.98564,-0.61930,-0.10608,-0.61937,-0.10569,0.06641,-0.38916
2.77200,-0.17007,0.98543,-0.61916,-0.10686,-0.61923,-0.10647,0.06690,-0.38907
2.77400,-0.17131,0.98522,-0.61903,-0.10764,-0.61910,-0.10725,0.06739,-0.38899
2.77600,-0.17255,0.98500,-0.61889,-0.10842,-0.61896,-0.10803,0.06787,-0.38891
2.77800,-0.17379,0.98478,-0.61876,-0.10919,-0.61883,-0.10880,0.06836,-0.38882
2.78000,-0.17502,0.98456,-0.61862,-0.10997,-0.61869,-0.10958,0.06885,-0.38873
2.78200,-0.17626,0.98434,-0.61848,-0.11075,-0.61855,-0.11036,0.06934,-0.38865
2.78400,-0.17750,0.98412,-0.61834,-0.11152,-0.61841,-0.11114,0.06983,-0.38856
2.78600,-0.17873,0.98390,-0.61820,-0.11230,-0.61827,-0.11191,0.07032,-0.38847
2.78800,-0.17997,0.98367,-0.61806,-0.11308,-0.61813,-0.11269,0.07081,-0.38838
2.79000,-0.18121,0.98345,-0.61792,-0.11385,-0.61799,-0.11347,0.07129,-0.38829
2.79200,-0.18244,0.98322,-0.61777,-0.11463,-0.61785,-0.11424,0.07178,-0.38820
2.79400,-0.18368,0.98299,-0.61763,-0.11541,-0.61770,-0.11502,0.07227,-0.38811
2.79600,-0.18491,0.98276,-0.61748,-0.11618,-0.61756,-0.11580,0.07276,-0.38802
2.79800,-0.18615,0.98252,-0.61734,-0.11696,-0.61741,-0.11657,0.07324,-0.38793
2.80000,-0.18738,0.98229,-0.61719,-0.11774,-0.61726,-0.11735,0.07373,-0.38784
2.80200,-0.18862,0.98205,-0.61704,-0.11851,-0.61712,-0.11812,0.07422,-0.38774
2.80400,-0.18985,0.98181,-0.61689,-0.11929,-0.61697,-0.11890,0.07471,-0.38765
2.80600,-0.19108,0.98157,-0.61674,-0.12006,-0.61682,-0.11967,0.07519,-0.38756
2.80800,-0.19232,0.98133,-0.61659,-0.12084,-0.61667,-0.12045,0.07568,-0.38746
2.81000,-0.19355,0.98109,-0.61644,-0.12161,-0.61651,-0.12122,0.07617,-0.38737
2.81200,-0.19478,0.98085,-0.61628,-0.12239,-0.61636,-0.12200,0.07665,-0.38727
2.81400,-0.19601,0.98060,-0.61613,-0.12316,-0.61621,-0.12277,0.07714,-0.38717
2.81600,-0.19725,0.98035,-0.61597,-0.12393,-0.61605,-0.12355,0.07763,-0.38708
2.81800,-0.19848,0.98011,-0.61582,-0.12471,-0.61590,-0.12432,0.07811,-0.38698
2.82000,-0.19971,0.97986,-0.61566,-0.12548,-0.61574,-0.12509,0.07860,-0.38688
2.82200,-0.20094,0.97960,-0.61550,-0.12626,-0.61558,-0.12587,0.07909,-0.38678
2.82400,-0.20217,0.97935,-0.61534,-0.12703,-0.61542,-0.12664,0.07957,-0.38668
2.82600,-0.20340,0.97910,-0.61518,-0.12780,-0.61526,-0.12742,0.08006,-0.38658
2.82800,-0.20463,0.97884,-0.61502,-0.12857,-0.61510,-0.12819,0.08054,-0.38648
2.83000,-0.20586,0.97858,-0.61486,-0.12935,-0.61494,-0.12896,0.08103,-0.38638
2.83200,-0.20709,0.97832,-0.61470,-0.13012,-0.61478,-0.12973,0.08151,-0.38628
2.83400,-0.20832,0.97806,-0.61453,-0.13089,-0.61462,-0.13051,0.08200,-0.38617
2.83600,-0.20955,0.97780,-0.61437,-0.13166,-0.61445,-0.13128,0.08248,-0.38607
2.83800,-0.21078,0.97753,-0.61420,-0.13244,-0.61429,-0.13205,0.08297,-0.38597
2.84000,-0.21201,0.97727,-0.61404,-0.13321,-0.61412,-0.13282,0.08345,-0.38586
2.84200,-0.21324,0.97700,-0.61387,-0.13398,-0.61395,-0.13359,0.08394,-0.38576
2.84400,-0.21446,0.97673,-0.61370,-0.13475,-0.61378,-0.13437,0.08442,-0.38565
2.84600,-0.21569,0.97646,-0.61353,-0.13552,-0.61361,-0.13514,0.08491,-0.38555
2.84800,-0.21692,0.97619,-0.61336,-0.13629,-0.61344,-0.13591,0.08539,-0.38544
2.85000,-0.21814,0.97592,-0.61319,-0.13706,-0.61327,-0.13668,0.08588,-0.38533
2.85200,-0.21937,0.97564,-0.61301,-0.13783,-0.61310,-0.13745,0.08636,-0.38522
2.85400,-0.22060,0.97537,-0.61284,-0.13860,-0.61293,-0.13822,0.08685,-0.38511
2.85600,-0.22182,0.97509,-0.61267,-0.13937,-0.61275,-0.13899,0.08733,-0.38500
2.85800,-0.22305,0.97481,-0.61249,-0.14014,-0.61258,-0.13976,0.08781,-0.38489
2.86000,-0.22427,0.97453,-0.61231,-0.14091,-0.61240,-0.14053,0.08830,-0.38478
2.86200,-0.22550,0.97424,-0.61214,-0.14168,-0.61222,-0.14130,0.08878,-0.38467
2.86400,-0.22672,0.97396,-0.61196,-0.14245,-0.61205,-0.14207,0.08926,-0.38456
2.86600,-0.22794,0.97367,-0.61178,-0.14322,-0.61187,-0.14284,0.08975,-0.38445
2.86800,-0.22917,0.97339,-0.61160,-0.14399,-0.61169,-0.14361,0.09023,-0.38433
2.87000,-0.23039,0.97310,-0.61142,-0.14476,-0.61151,-0.14437,0.09071,-0.38422
2.87200,-0.23161,0.97281,-0.61123,-0.14553,-0.61132,-0.14514,0.09120,-0.38411
2.87400,-0.23283,0.97252,-0.61105,-0.14629,-0.61114,-0.14591,0.09168,-0.38399
2.87600,-0.23406,0.97222,-0.61087,-0.14706,-0.61096,-0.14668,0.09216,-0.38388
2.87800,-0.23528,0.97193,-0.61068,-0.14783,-0.61077,-0.14745,0.09264,-0.38376
2.88000,-0.23650,0.97163,-0.61049,-0.14860,-0.61059,-0.14821,0.09312,-0.38364
2.88200,-0.23772,0.97133,-0.61031,-0.14936,-0.61040,-0.14898,0.09361,-0.38353
2.88400,-0.23894,0.97103,-0.61012,-0.15013,-0.61021,-0.14975,0.09409,-0.38341
2.88600,-0.24016,0.97073,-0.60993,-0.15090,-0.61002,-0.15051,0.09457,-0.38329
2.88800,-0.24138,0.97043,-0.60974,-0.15166,-0.60983,-0.15128,0.09505,-0.38317
2.89000,-0.24260,0.97013,-0.60955,-0.15243,-0.60964,-0.15205,0.09553,-0.38305
2.89200,-0.24382,0.96982,-0.60936,-0.15320,-0.60945,-0.15281,0.09601,-0.38293
2.89400,-0.24504,0.96951,-0.60916,-0.15396,-0.60926,-0.15358,0.09650,-0.38281
2.89600,-0.24625,0.96921,-0.60897,-0.15473,-0.60907,-0.15434,0.09698,-0.38269
2.89800,-0.24747,0.96889,-0.60877,-0.15549,-0.60887,-0.15511,0.09746,-0.38257
2.90000,-0.24869,0.96858,-0.60858,-0.15626,-0.60868,-0.15587,0.09794,-0.38244
2.90200,-0.24991,0.96827,-0.60838,-0.15702,-0.60848,-0.15664,0.09842,-0.38232
2.90400,-0.25112,0.96796,-0.60818,-0.15779,-0.60828,-0.15740,0.09890,-0.38220
2.90600,-0.25234,0.96764,-0.60799,-0.15855,-0.60808,-0.15817,0.09938,-0.38207
2.90800,-0.25356,0.96732,-0.60779,-0.15931,-0.60789,-0.15893,0.09986,-0.38195
2.91000,-0.25477,0.96700,-0.60758,-0.16008,-0.60769,-0.15970,0.10034,-0.38182
2.91200,-0.25599,0.96668,-0.60738,-0.16084,-0.60748,-0.16046,0.10082,-0.38169
2.91400,-0.25720,0.96636,-0.60718,-0.16160,-0.60728,-0.16122,0.10130,-0.38157
2.91600,-0.25841,0.96603,-0.60698,-0.16237,-0.60708,-0.16199,0.10178,-0.38144
2.91800,-0.25963,0.96571,-0.60677,-0.16313,-0.60687,-0.16275,0.10226,-0.38131
2.92000,-0.26084,0.96538,-0.60657,-0.16389,-0.60667,-0.16351,0.10274,-0.38118
2.92200,-0.26205,0.96505,-0.60636,-0.16465,-0.60646,-0.16427,0.10322,-0.38105
2.92400,-0.26327,0.96472,-0.60615,-0.16542,-0.60626,-0.16503,0.10369,-0.38092
2.92600,-0.26448,0.96439,-0.60594,-0.16618,-0.60605,-0.16580,0.10417,-0.38079
2.92800,-0.26569,0.96406,-0.60574,-0.16694,-0.60584,-0.16656,0.10465,-0.38066
2.93000,-0.26690,0.96372,-0.60553,-0.16770,-0.60563,-0.16732,0.10513,-0.38053
2.93200,-0.26811,0.96339,-0.60531,-0.16846,-0.60542,-0.16808,0.10561,-0.38040
2.93400,-0.26932,0.96305,-0.60510,-0.16922,-0.60521,-0.16884,0.10609,-0.38026
2.93600,-0.27053,0.96271,-0.60489,-0.16998,-0.60500,-0.16960,0.10656,-0.38013
2.93800,-0.27174,0.96237,-0.60467,-0.17074,-0.60478,-0.17036,0.10704,-0.38000
2.94000,-0.27295,0.96203,-0.60446,-0.17150,-0.60457,-0.17112,0.10752,-0.37986
2.94200,-0.27416,0.96168,-0.60424,-0.17226,-0.60435,-0.17188,0.10800,-0.37973
2.94400,-0.27537,0.96134,-0.60403,-0.17302,-0.60414,-0.17264,0.10847,-0.37959
2.94600,-0.27658,0.96099,-0.60381,-0.17378,-0.60392,-0.17340,0.10895,-0.37945
2.94800,-0.27778,0.96064,-0.60359,-0.17454,-0.60370,-0.17416,0.10943,-0.37932
2.95000,-0.27899,0.96029,-0.60337,-0.17530,-0.60348,-0.17492,0.10990,-0.37918
2.95200,-0.28020,0.95994,-0.60315,-0.17605,-0.60326,-0.17567,0.11038,-0.37904
2.95400,-0.28140,0.95959,-0.60293,-0.17681,-0.60304,-0.17643,0.11086,-0.37890
2.95600,-0.28261,0.95924,-0.60271,-0.17757,-0.60282,-0.17719,0.11133,-0.37876
2.95800,-0.28381,0.95888,-0.60248,-0.17833,-0.60259,-0.17795,0.11181,-0.37862
2.96000,-0.28502,0.95852,-0.60226,-0.17908,-0.60237,-0.17870,0.11228,-0.37848
2.96200,-0.28622,0.95816,-0.60203,-0.17984,-0.60214,-0.17946,0.11276,-0.37834
2.96400,-0.28743,0.95780,-0.60180,-0.18060,-0.60192,-0.18022,0.11323,-0.37820
2.96600,-0.28863,0.95744,-0.60158,-0.18135,-0.60169,-0.18097,0.11371,-0.37805
2.96800,-0.28983,0.95708,-0.60135,-0.18211,-0.60146,-0.18173,0.11418,-0.37791
2.97000,-0.29104,0.95671,-0.60112,-0.18286,-0.60123,-0.18249,0.11466,-0.37777
2.97200,-0.29224,0.95635,-0.60089,-0.18362,-0.60100,-0.18324,0.11513,-0.37762
2.97400,-0.29344,0.95598,-0.60066,-0.18437,-0.60077,-0.18400,0.11561,-0.37748
2.97600,-0.29464,0.95561,-0.60043,-0.18513,-0.60054,-0.18475,0.11608,-0.37733
2.97800,-0.29584,0.95524,-0.60019,-0.18588,-0.60031,-0.18551,0.11656,-0.37719
2.98000,-0.29704,0.95486,-0.59996,-0.18664,-0.60008,-0.18626,0.11703,-0.37704
2.98200,-0.29824,0.95449,-0.59972,-0.18739,-0.59984,-0.18701,0.11750,-0.37689
2.98400,-0.29944,0.95411,-0.59949,-0.18814,-0.59961,-0.18777,0.11798,-0.37674
2.98600,-0.30064,0.95374,-0.59925,-0.18890,-0.59937,-0.18852,0.11845,-0.37660
2.98800,-0.30184,0.95336,-0.59901,-0.18965,-0.59913,-0.18927,0.11892,-0.37645
2.99000,-0.30304,0.95298,-0.59877,-0.19040,-0.59889,-0.19003,0.11940,-0.37630
2.99200,-0.30423,0.95260,-0.59853,-0.19115,-0.59865,-0.19078,0.11987,-0.37615
2.99400,-0.30543,0.95221,-0.59829,-0.19191,-0.59841,-0.19153,0.12034,-0.37599
2.99600,-0.30663,0.95183,-0.59805,-0.19266,-0.59817,-0.19228,0.12081,-0.37584
2.99800,-0.30782,0.95144,-0.59781,-0.19341,-0.59793,-0.19303,0.12129,-0.37569
3.00000,-0.30902,0.95106,-0.59757,-0.19416,-0.59769,-0.19379,0.12176,-0.37554
3.00200,-0.31021,0.95067,-0.59732,-0.19491,-0.59744,-0.19454,0.12223,-0.37539
3.00400,-0.31141,0.95028,-0.59708,-0.19566,-0.59720,-0.19529,0.12270,-0.37523
3.00600,-0.31260,0.94988,-0.59683,-0.19641,-0.59695,-0.19604,0.12317,-0.37508
3.00800,-0.31379,0.94949,-0.59658,-0.19716,-0.59671,-0.19679,0.12365,-0.37492
3.01000,-0.31499,0.94910,-0.59633,-0.19791,-0.59646,-0.19754,0.12412,-0.37477
3.01200,-0.31618,0.94870,-0.59609,-0.19866,-0.59621,-0.19829,0.12459,-0.37461
3.01400,-0.31737,0.94830,-0.59584,-0.19941,-0.59596,-0.19904,0.12506,-0.37445
3.01600,-0.31856,0.94790,-0.59558,-0.20016,-0.59571,-0.19978,0.12553,-0.37430
3.01800,-0.31975,0.94750,-0.59533,-0.20091,-0.59546,-0.20053,0.12600,-0.37414
3.02000,-0.32094,0.94710,-0.59508,-0.20165,-0.59521,-0.20128,0.12647,-0.37398
3.02200,-0.32213,0.94669,-0.59483,-0.20240,-0.59495,-0.20203,0.12694,-0.37382
3.02400,-0.32332,0.94629,-0.59457,-0.20315,-0.59470,-0.20278,0.12741,-0.37366
3.02600,-0.32451,0.94588,-0.59431,-0.20390,-0.59444,-0.20352,0.12788,-0.37350
3.02800,-0.32570,0.94547,-0.59406,-0.20464,-0.59419,-0.20427,0.12835,-0.37334
3.03000,-0.32689,0.94506,-0.59380,-0.20539,-0.59393,-0.20502,0.12882,-0.37318
3.03200,-0.32808,0.94465,-0.59354,-0.20614,-0.59367,-0.20576,0.12928,-0.37301
3.03400,-0.32926,0.94424,-0.59328,-0.20688,-0.59341,-0.20651,0.12975,-0.37285
3.03600,-0.33045,0.94382,-0.59302,-0.20763,-0.59315,-0.20725,0.13022,-0.37269
3.03800,-0.33163,0.94341,-0.59276,-0.20837,-0.59289,-0.20800,0.13069,-0.37252
3.04000,-0.33282,0.94299,-0.59250,-0.20912,-0.59263,-0.20874,0.13116,-0.37236
3.04200,-0.33400,0.94257,-0.59224,-0.20986,-0.59237,-0.20949,0.13163,-0.37219
3.04400,-0.33519,0.94215,-0.59197,-0.21061,-0.59210,-0.21023,0.13209,-0.37203
3.04600,-0.33637,0.94173,-0.59171,-0.21135,-0.59184,-0.21098,0.13256,-0.37186
3.04800,-0.33756,0.94131,-0.59144,-0.21209,-0.59157,-0.21172,0.13303,-0.37170
3.05000,-0.33874,0.94088,-0.59117,-0.21284,-0.59131,-0.21246,0.13349,-0.37153
3.05200,-0.33992,0.94045,-0.59090,-0.21358,-0.59104,-0.21321,0.13396,-0.37136
3.05400,-0.34110,0.94003,-0.59064,-0.21432,-0.59077,-0.21395,0.13443,-0.37119
3.05600,-0.34228,0.93960,-0.59037,-0.21506,-0.59050,-0.21469,0.13489,-0.37102
3.05800,-0.34346,0.93917,-0.59010,-0.21580,-0.59023,-0.21543,0.13536,-0.37085
3.06000,-0.34464,0.93873,-0.58982,-0.21655,-0.58996,-0.21617,0.13583,-0.37068
3.06200,-0.34582,0.93830,-0.58955,-0.21729,-0.58969,-0.21692,0.13629,-0.37051
3.06400,-0.34700,0.93786,-0.58928,-0.21803,-0.58941,-0.21766,0.13676,-0.37034
3.06600,-0.34818,0.93743,-0.58900,-0.21877,-0.58914,-0.21840,0.13722,-0.37017
3.06800,-0.34936,0.93699,-0.58873,-0.21951,-0.58887,-0.21914,0.13769,-0.37000
3.07000,-0.35053,0.93655,-0.58845,-0.22025,-0.58859,-0.21988,0.13815,-0.36982
3.07200,-0.35171,0.93611,-0.58817,-0.22099,-0.58831,-0.22062,0.13862,-0.36965
3.07400,-0.35289,0.93567,-0.58790,-0.22173,-0.58804,-0.22136,0.13908,-0.36947
3.07600,-0.35406,0.93522,-0.58762,-0.22246,-0.58776,-0.22209,0.13955,-0.36930
3.07800,-0.35524,0.93478,-0.58734,-0.22320,-0.58748,-0.22283,0.14001,-0.36912
3.08000,-0.35641,0.93433,-0.58706,-0.22394,-0.58720,-0.22357,0.14047,-0.36895
3.08200,-0.35759,0.93388,-0.58677,-0.22468,-0.58692,-0.22431,0.14094,-0.36877
3.08400,-0.35876,0.93343,-0.58649,-0.22541,-0.58663,-0.22505,0.14140,-0.36859
3.08600,-0.35993,0.93298,-0.58621,-0.22615,-0.58635,-0.22578,0.14186,-0.36841
3.08800,-0.36110,0.93253,-0.58592,-0.22689,-0.58607,-0.22652,0.14233,-0.36824
3.09000,-0.36228,0.93207,-0.58564,-0.22762,-0.58578,-0.22726,0.14279,-0.36806
3.09200,-0.36345,0.93162,-0.58535,-0.22836,-0.58549,-0.22799,0.14325,-0.36788
3.09400,-0.36462,0.93116,-0.58506,-0.22910,-0.58521,-0.22873,0.14371,-0.36770
3.09600,-0.36579,0.93070,-0.58478,-0.22983,-0.58492,-0.22946,0.14418,-0.36752
3.09800,-0.36696,0.93024,-0.58449,-0.23057,-0.58463,-0.23020,0.14464,-0.36733
3.10000,-0.36812,0.92978,-0.58420,-0.23130,-0.58434,-0.23093,0.14510,-0.36715
3.10200,-0.36929,0.92931,-0.58390,-0.23203,-0.58405,-0.23167,0.14556,-0.36697
3.10400,-0.37046,0.92885,-0.58361,-0.23277,-0.58376,-0.23240,0.14602,-0.36679
3.10600,-0.37163,0.92838,-0.58332,-0.23350,-0.58347,-0.23313,0.14648,-0.36660
3.10800,-0.37279,0.92791,-0.58303,-0.23423,-0.58317,-0.23387,0.14694,-0.36642
3.11000,-0.37396,0.92745,-0.58273,-0.23497,-0.58288,-0.23460,0.14740,-0.36623
3.11200,-0.37512,0.92697,-0.58244,-0.23570,-0.58258,-0.23533,0.14786,-0.36605
3.11400,-0.37629,0.92650,-0.58214,-0.23643,-0.58229,-0.23606,0.14832,-0.36586
3.11600,-0.37745,0.92603,-0.58184,-0.23716,-0.58199,-0.23680,0.14878,-0.36567
3.11800,-0.37862,0.92555,-0.58154,-0.23789,-0.58169,-0.23753,0.14924,-0.36549
3.12000,-0.37978,0.92508,-0.58124,-0.23862,-0.58139,-0.23826,0.14970,-0.36530
3.12200,-0.38094,0.92460,-0.58094,-0.23935,-0.58109,-0.23899,0.15016,-0.36511
3.12400,-0.38210,0.92412,-0.58064,-0.24008,-0.58079,-0.23972,0.15062,-0.36492
3.12600,-0.38326,0.92364,-0.58034,-0.24081,-0.58049,-0.24045,0.15108,-0.36473
3.12800,-0.38442,0.92316,-0.58004,-0.24154,-0.58019,-0.24118,0.15154,-0.36454
3.13000,-0.38558,0.92267,-0.57973,-0.24227,-0.57988,-0.24191,0.15199,-0.36435
3.13200,-0.38674,0.92219,-0.57943,-0.24300,-0.57958,-0.24263,0.15245,-0.36416
3.13400,-0.38790,0.92170,-0.57912,-0.24373,-0.57927,-0.24336,0.15291,-0.36397
3.13600,-0.38906,0.92121,-0.57881,-0.24445,-0.57897,-0.24409,0.15337,-0.36378
3.13800,-0.39022,0.92072,-0.57851,-0.24518,-0.57866,-0.24482,0.15382,-0.36358
3.14000,-0.39137,0.92023,-0.57820,-0.24591,-0.57835,-0.24554,0.15428,-0.36339
3.14200,-0.39253,0.91974,-0.57789,-0.24663,-0.57804,-0.24627,0.15474,-0.36320
3.14400,-0.39369,0.91925,-0.57758,-0.24736,-0.57773,-0.24700,0.15519,-0.36300
3.14600,-0.39484,0.91875,-0.57727,-0.24809,-0.57742,-0.24772,0.15565,-0.36281
3.14800,-0.39599,0.91825,-0.57696,-0.24881,-0.57711,-0.24845,0.15610,-0.36261
3.15000,-0.39715,0.91775,-0.57664,-0.24954,-0.57680,-0.24917,0.15656,-0.36241
3.15200,-0.39830,0.91725,-0.57633,-0.25026,-0.57649,-0.24990,0.15702,-0.36222
3.15400,-0.39945,0.91675,-0.57601,-0.25098,-0.57617,-0.25062,0.15747,-0.36202
3.15600,-0.40060,0.91625,-0.57570,-0.25171,-0.57586,-0.25135,0.15793,-0.36182
3.15800,-0.40176,0.91575,-0.57538,-0.25243,-0.57554,-0.25207,0.15838,-0.36162
3.16000,-0.40291,0.91524,-0.57506,-0.25315,-0.57522,-0.25279,0.15883,-0.36142
3.16200,-0.40406,0.91473,-0.57474,-0.25388,-0.57490,-0.25351,0.15929,-0.36122
3.16400,-0.40521,0.91423,-0.57442,-0.25460,-0.57458,-0.25424,0.15974,-0.36102
3.16600,-0.40635,0.91372,-0.57410,-0.25532,-0.57426,-0.25496,0.16020,-0.36082
3.16800,-0.40750,0.91320,-0.57378,-0.25604,-0.57394,-0.25568,0.16065,-0.36062
3.17000,-0.40865,0.91269,-0.57346,-0.25676,-0.57362,-0.25640,0.16110,-0.36042
3.17200,-0.40980,0.91218,-0.57314,-0.25748,-0.57330,-0.25712,0.16155,-0.36021
3.17400,-0.41094,0.91166,-0.57281,-0.25820,-0.57298,-0.25784,0.16201,-0.36001
3.17600,-0.41209,0.91114,-0.57249,-0.25892,-0.57265,-0.25856,0.16246,-0.35981
3.17800,-0.41323,0.91063,-0.57216,-0.25964,-0.57233,-0.25928,0.16291,-0.35960
3.18000,-0.41438,0.91011,-0.57184,-0.26036,-0.57200,-0.26000,0.16336,-0.35940
3.18200,-0.41552,0.90958,-0.57151,-0.26108,-0.57167,-0.26072,0.16381,-0.35919
3.18400,-0.41666,0.90906,-0.57118,-0.26180,-0.57134,-0.26144,0.16427,-0.35899
3.18600,-0.41780,0.90854,-0.57085,-0.26251,-0.57102,-0.26216,0.16472,-0.35878
3.18800,-0.41895,0.90801,-0.57052,-0.26323,-0.57069,-0.26287,0.16517,-0.35857
3.19000,-0.42009,0.90748,-0.57019,-0.26395,-0.57035,-0.26359,0.16562,-0.35836
3.19200,-0.42123,0.90696,-0.56986,-0.26466,-0.57002,-0.26431,0.16607,-0.35816
3.19400,-0.42237,0.90643,-0.56952,-0.26538,-0.56969,-0.26502,0.16652,-0.35795
3.19600,-0.42350,0.90589,-0.56919,-0.26610,-0.56936,-0.26574,0.16697,-0.35774
3.19800,-0.42464,0.90536,-0.56886,-0.26681,-0.56902,-0.26645,0.16742,-0.35753
3.20000,-0.42578,0.90483,-0.56852,-0.26752,-0.56869,-0.26717,0.16787,-0.35732
3.20200,-0.42692,0.90429,-0.56818,-0.26824,-0.56835,-0.26788,0.16832,-0.35711
3.20400,-0.42805,0.90375,-0.56785,-0.26895,-0.56801,-0.26860,0.16876,-0.35689
3.20600,-0.42919,0.90322,-0.56751,-0.26967,-0.56768,-0.26931,0.16921,-0.35668
3.20800,-0.43032,0.90268,-0.56717,-0.27038,-0.56734,-0.27002,0.16966,-0.35647
3.21000,-0.43146,0.90213,-0.56683,-0.27109,-0.56700,-0.27074,0.17011,-0.35626
3.21200,-0.43259,0.90159,-0.56649,-0.27180,-0.56666,-0.27145,0.17056,-0.35604
3.21400,-0.43372,0.90105,-0.56614,-0.27252,-0.56632,-0.27216,0.17100,-0.35583
3.21600,-0.43485,0.90050,-0.56580,-0.27323,-0.56597,-0.27287,0.17145,-0.35561
3.21800,-0.43599,0.89995,-0.56546,-0.27394,-0.56563,-0.27358,0.17190,-0.35540
3.22000,-0.43712,0.89941,-0.56511,-0.27465,-0.56529,-0.27429,0.17234,-0.35518
3.22200,-0.43825,0.89886,-0.56477,-0.27536,-0.56494,-0.27500,0.17279,-0.35496
3.22400,-0.43937,0.89830,-0.56442,-0.27607,-0.56459,-0.27571,0.17324,-0.35474
3.22600,-0.44050,0.89775,-0.56407,-0.27678,-0.56425,-0.27642,0.17368,-0.35453
3.22800,-0.44163,0.89720,-0.56373,-0.27748,-0.56390,-0.27713,0.17413,-0.35431
3.23000,-0.44276,0.89664,-0.56338,-0.27819,-0.56355,-0.27784,0.17457,-0.35409
3.23200,-0.44388,0.89608,-0.56303,-0.27890,-0.56320,-0.27855,0.17502,-0.35387
3.23400,-0.44501,0.89553,-0.56268,-0.27961,-0.56285,-0.27925,0.17546,-0.35365
3.23600,-0.44614,0.89497,-0.56232,-0.28032,-0.56250,-0.27996,0.17591,-0.35343
3.23800,-0.44726,0.89440,-0.56197,-0.28102,-0.56215,-0.28067,0.17635,-0.35321
3.24000,-0.44838,0.89384,-0.56162,-0.28173,-0.56179,-0.28137,0.17679,-0.35299
3.24200,-0.44951,0.89328,-0.56126,-0.28243,-0.56144,-0.28208,0.17724,-0.35276
3.24400,-0.45063,0.89271,-0.56091,-0.28314,-0.56109,-0.28279,0.17768,-0.35254
3.24600,-0.45175,0.89214,-0.56055,-0.28384,-0.56073,-0.28349,0.17812,-0.35232
3.24800,-0.45287,0.89158,-0.56019,-0.28455,-0.56037,-0.28419,0.17856,-0.35209
3.25000,-0.45399,0.89101,-0.55984,-0.28525,-0.56001,-0.28490,0.17901,-0.35187
3.25200,-0.45511,0.89044,-0.55948,-0.28595,-0.55966,-0.28560,0.17945,-0.35164
3.25400,-0.45623,0.88986,-0.55912,-0.28666,-0.55930,-0.28631,0.17989,-0.35142
3.25600,-0.45735,0.88929,-0.55876,-0.28736,-0.55894,-0.28701,0.18033,-0.35119
3.25800,-0.45846,0.88871,-0.55839,-0.28806,-0.55858,-0.28771,0.18077,-0.35096
3.26000,-0.45958,0.88814,-0.55803,-0.28876,-0.55821,-0.28841,0.18121,-0.35074
3.26200,-0.46070,0.88756,-0.55767,-0.28946,-0.55785,-0.28911,0.18166,-0.35051
3.26400,-0.46181,0.88698,-0.55730,-0.29016,-0.55749,-0.28981,0.18210,-0.35028
3.26600,-0.46292,0.88640,-0.55694,-0.29086,-0.55712,-0.29051,0.18254,-0.35005
3.26800,-0.46404,0.88582,-0.55657,-0.29156,-0.55676,-0.29121,0.18298,-0.34982
3.27000,-0.46515,0.88523,-0.55621,-0.29226,-0.55639,-0.29191,0.18341,-0.34959
3.27200,-0.46626,0.88465,-0.55584,-0.29296,-0.55602,-0.29261,0.18385,-0.34936
3.27400,-0.46737,0.88406,-0.55547,-0.29366,-0.55566,-0.29331,0.18429,-0.34913
3.27600,-0.46849,0.88347,-0.55510,-0.29436,-0.55529,-0.29401,0.18473,-0.34890
3.27800,-0.46959,0.88288,-0.55473,-0.29506,-0.55492,-0.29471,0.18517,-0.34866
3.28000,-0.47070,0.88229,-0.55436,-0.29575,-0.55455,-0.29540,0.18561,-0.34843
3.28200,-0.47181,0.88170,-0.55399,-0.29645,-0.55417,-0.29610,0.18605,-0.34820
3.28400,-0.47292,0.88111,-0.55361,-0.29714,-0.55380,-0.29680,0.18648,-0.34796
3.28600,-0.47403,0.88051,-0.55324,-0.29784,-0.55343,-0.29749,0.18692,-0.34773
3.28800,-0.47513,0.87991,-0.55287,-0.29853,-0.55305,-0.29819,0.18736,-0.34749
3.29000,-0.47624,0.87932,-0.55249,-0.29923,-0.55268,-0.29888,0.18779,-0.34726
3.29200,-0.47734,0.87872,-0.55211,-0.29992,-0.55230,-0.29958,0.18823,-0.34702
3.29400,-0.47845,0.87812,-0.55174,-0.30062,-0.55193,-0.30027,0.18867,-0.34679
3.29600,-0.47955,0.87751,-0.55136,-0.30131,-0.55155,-0.30096,0.18910,-0.34655
3.29800,-0.48065,0.87691,-0.55098,-0.30200,-0.55117,-0.30166,0.18954,-0.34631
3.30000,-0.48175,0.87631,-0.55060,-0.30269,-0.55079,-0.30235,0.18997,-0.34607
3.30200,-0.48285,0.87570,-0.55022,-0.30339,-0.55041,-0.30304,0.19041,-0.34583
3.30400,-0.48395,0.87509,-0.54984,-0.30408,-0.55003,-0.30373,0.19084,-0.34559
3.30600,-0.48505,0.87448,-0.54945,-0.30477,-0.54965,-0.30442,0.19127,-0.34535
3.30800,-0.48615,0.87387,-0.54907,-0.30546,-0.54926,-0.30511,0.19171,-0.34511
3.31000,-0.48725,0.87326,-0.54869,-0.30615,-0.54888,-0.30580,0.19214,-0.34487
3.31200,-0.48835,0.87265,-0.54830,-0.30684,-0.54849,-0.30649,0.19258,-0.34463
3.31400,-0.48944,0.87204,-0.54792,-0.30753,-0.54811,-0.30718,0.19301,-0.34439
3.31600,-0.49054,0.87142,-0.54753,-0.30821,-0.54772,-0.30787,0.19344,-0.34414
3.31800,-0.49163,0.87080,-0.54714,-0.30890,-0.54734,-0.30856,0.19387,-0.34390
3.32000,-0.49273,0.87018,-0.54675,-0.30959,-0.54695,-0.30925,0.19431,-0.34366
3.32200,-0.49382,0.86956,-0.54636,-0.31028,-0.54656,-0.30993,0.19474,-0.34341
3.32400,-0.49491,0.86894,-0.54597,-0.31096,-0.54617,-0.31062,0.19517,-0.34317
3.32600,-0.49600,0.86832,-0.54558,-0.31165,-0.54578,-0.31131,0.19560,-0.34292
3.32800,-0.49710,0.86770,-0.54519,-0.31233,-0.54539,-0.31199,0.19603,-0.34268
3.33000,-0.49819,0.86707,-0.54480,-0.31302,-0.54499,-0.31268,0.19646,-0.34243
3.33200,-0.49927,0.86644,-0.54440,-0.31370,-0.54460,-0.31336,0.19689,-0.34218
3.33400,-0.50036,0.86582,-0.54401,-0.31439,-0.54421,-0.31405,0.19732,-0.34193
3.33600,-0.50145,0.86519,-0.54361,-0.31507,-0.54381,-0.31473,0.19775,-0.34169
3.33800,-0.50254,0.86456,-0.54322,-0.31575,-0.54341,-0.31541,0.19818,-0.34144
3.34000,-0.50362,0.86392,-0.54282,-0.31644,-0.54302,-0.31609,0.19861,-0.34119
3.34200,-0.50471,0.86329,-0.54242,-0.31712,-0.54262,-0.31678,0.19904,-0.34094
3.34400,-0.50579,0.86265,-0.54202,-0.31780,-0.54222,-0.31746,0.19946,-0.34069
3.34600,-0.50688,0.86202,-0.54162,-0.31848,-0.54182,-0.31814,0.19989,-0.34044
3.34800,-0.50796,0.86138,-0.54122,-0.31916,-0.54142,-0.31882,0.20032,-0.34019
3.35000,-0.50904,0.86074,-0.54082,-0.31984,-0.54102,-0.31950,0.20075,-0.33993
3.35200,-0.51012,0.86010,-0.54042,-0.32052,-0.54062,-0.32018,0.20117,-0.33968
3.35400,-0.51120,0.85946,-0.54001,-0.32120,-0.54022,-0.32086,0.20160,-0.33943
3.35600,-0.51228,0.85882,-0.53961,-0.32188,-0.53981,-0.32154,0.20203,-0.33917
3.35800,-0.51336,0.85817,-0.53921,-0.32255,-0.53941,-0.32222,0.20245,-0.33892
3.36000,-0.51444,0.85753,-0.53880,-0.32323,-0.53900,-0.32289,0.20288,-0.33867
3.36200,-0.51552,0.85688,-0.53839,-0.32391,-0.53860,-0.32357,0.20331,-0.33841
3.36400,-0.51659,0.85623,-0.53799,-0.32458,-0.53819,-0.32425,0.20373,-0.33815
3.36600,-0.51767,0.85558,-0.53758,-0.32526,-0.53778,-0.32492,0.20416,-0.33790
3.36800,-0.51874,0.85493,-0.53717,-0.32594,-0.53737,-0.32560,0.20458,-0.33764
3.37000,-0.51982,0.85428,-0.53676,-0.32661,-0.53696,-0.32627,0.20500,-0.33738
3.37200,-0.52089,0.85362,-0.53635,-0.32729,-0.53655,-0.32695,0.20543,-0.33713
3.37400,-0.52196,0.85297,-0.53594,-0.32796,-0.53614,-0.32762,0.20585,-0.33687
3.37600,-0.52303,0.85231,-0.53552,-0.32863,-0.53573,-0.32830,0.20627,-0.33661
3.37800,-0.52410,0.85165,-0.53511,-0.32930,-0.53532,-0.32897,0.20670,-0.33635
3.38000,-0.52517,0.85099,-0.53470,-0.32998,-0.53490,-0.32964,0.20712,-0.33609
3.38200,-0.52624,0.85033,-0.53428,-0.33065,-0.53449,-0.33031,0.20754,-0.33583
3.38400,-0.52731,0.84967,-0.53386,-0.33132,-0.53407,-0.33098,0.20796,-0.33557
3.38600,-0.52838,0.84901,-0.53345,-0.33199,-0.53366,-0.33166,0.20838,-0.33531
3.38800,-0.52945,0.84834,-0.53303,-0.33266,-0.53324,-0.33233,0.20881,-0.33504
3.39000,-0.53051,0.84768,-0.53261,-0.33333,-0.53282,-0.33300,0.20923,-0.33478
3.39200,-0.53158,0.84701,-0.53219,-0.33400,-0.53240,-0.33366,0.20965,-0.33452
3.39400,-0.53264,0.84634,-0.53177,-0.33467,-0.53198,-0.33433,0.21007,-0.33425
3.39600,-0.53370,0.84567,-0.53135,-0.33534,-0.53156,-0.33500,0.21049,-0.33399
3.39800,-0.53477,0.84500,-0.53093,-0.33600,-0.53114,-0.33567,0.21091,-0.33373
3.40000,-0.53583,0.84433,-0.53051,-0.33667,-0.53072,-0.33634,0.21133,-0.33346
3.40200,-0.53689,0.84365,-0.53008,-0.33734,-0.53030,-0.33700,0.21175,-0.33319
3.40400,-0.53795,0.84298,-0.52966,-0.33800,-0.52987,-0.33767,0.21216,-0.33293
3.40600,-0.53901,0.84230,-0.52923,-0.33867,-0.52945,-0.33833,0.21258,-0.33266
3.40800,-0.54006,0.84162,-0.52881,-0.33933,-0.52902,-0.33900,0.21300,-0.33239
3.41000,-0.54112,0.84094,-0.52838,-0.34000,-0.52859,-0.33966,0.21342,-0.33213
3.41200,-0.54218,0.84026,-0.52795,-0.34066,-0.52817,-0.34033,0.21383,-0.33186
3.41400,-0.54323,0.83958,-0.52752,-0.34132,-0.52774,-0.34099,0.21425,-0.33159
3.41600,-0.54429,0.83890,-0.52710,-0.34199,-0.52731,-0.34165,0.21467,-0.33132
3.41800,-0.54534,0.83821,-0.52667,-0.34265,-0.52688,-0.34232,0.21508,-0.33105
3.42000,-0.54639,0.83753,-0.52623,-0.34331,-0.52645,-0.34298,0.21550,-0.33078
3.42200,-0.54745,0.83684,-0.52580,-0.34397,-0.52602,-0.34364,0.21592,-0.33051
3.42400,-0.54850,0.83615,-0.52537,-0.34463,-0.52559,-0.34430,0.21633,-0.33024
3.42600,-0.54955,0.83546,-0.52494,-0.34529,-0.52515,-0.34496,0.21675,-0.32996
3.42800,-0.55060,0.83477,-0.52450,-0.34595,-0.52472,-0.34562,0.21716,-0.32969
3.43000,-0.55165,0.83408,-0.52407,-0.34661,-0.52428,-0.34628,0.21757,-0.32942
3.43200,-0.55269,0.83338,-0.52363,-0.34727,-0.52385,-0.34694,0.21799,-0.32914
3.43400,-0.55374,0.83269,-0.52319,-0.34793,-0.52341,-0.34760,0.21840,-0.32887
3.43600,-0.55479,0.83199,-0.52276,-0.34858,-0.52298,-0.34825,0.21881,-0.32860
3.43800,-0.55583,0.83130,-0.52232,-0.34924,-0.52254,-0.34891,0.21923,-0.32832
3.44000,-0.55688,0.83060,-0.52188,-0.34990,-0.52210,-0.34957,0.21964,-0.32804
3.44200,-0.55792,0.82990,-0.52144,-0.35055,-0.52166,-0.35022,0.22005,-0.32777
3.44400,-0.55896,0.82919,-0.52100,-0.35121,-0.52122,-0.35088,0.22046,-0.32749
3.44600,-0.56000,0.82849,-0.52056,-0.35186,-0.52078,-0.35153,0.22087,-0.32721
3.44800,-0.56104,0.82779,-0.52011,-0.35251,-0.52033,-0.35219,0.22129,-0.32694
3.45000,-0.56208,0.82708,-0.51967,-0.35317,-0.51989,-0.35284,0.22170,-0.32666
3.45200,-0.56312,0.82637,-0.51923,-0.35382,-0.51945,-0.35349,0.22211,-0.32638
3.45400,-0.56416,0.82567,-0.51878,-0.35447,-0.51900,-0.35415,0.22252,-0.32610
3.45600,-0.56520,0.82496,-0.51833,-0.35512,-0.51856,-0.35480,0.22293,-0.32582
3.45800,-0.56623,0.82424,-0.51789,-0.35577,-0.51811,-0.35545,0.22334,-0.32554
3.46000,-0.56727,0.82353,-0.51744,-0.35643,-0.51766,-0.35610,0.22374,-0.32526
3.46200,-0.56830,0.82282,-0.51699,-0.35708,-0.51722,-0.35675,0.22415,-0.32498
3.46400,-0.56934,0.82210,-0.51654,-0.35772,-0.51677,-0.35740,0.22456,-0.32469
3.46600,-0.57037,0.82139,-0.51609,-0.35837,-0.51632,-0.35805,0.22497,-0.32441
3.46800,-0.57140,0.82067,-0.51564,-0.35902,-0.51587,-0.35870,0.22538,-0.32413
3.47000,-0.57243,0.81995,-0.51519,-0.35967,-0.51542,-0.35935,0.22578,-0.32385
3.47200,-0.57346,0.81923,-0.51474,-0.36032,-0.51496,-0.35999,0.22619,-0.32356
3.47400,-0.57449,0.81851,-0.51429,-0.36096,-0.51451,-0.36064,0.22660,-0.32328
3.47600,-0.57552,0.81779,-0.51383,-0.36161,-0.51406,-0.36129,0.22700,-0.32299
3.47800,-0.57655,0.81706,-0.51338,-0.36225,-0.51360,-0.36193,0.22741,-0.32271
3.48000,-0.57757,0.81634,-0.51292,-0.36290,-0.51315,-0.36258,0.22781,-0.32242
3.48200,-0.57860,0.81561,-0.51246,-0.36354,-0.51269,-0.36322,0.22822,-0.32213
3.48400,-0.57962,0.81489,-0.51201,-0.36419,-0.51224,-0.36387,0.22862,-0.32185
3.48600,-0.58065,0.81416,-0.51155,-0.36483,-0.51178,-0.36451,0.22903,-0.32156
3.48800,-0.58167,0.81343,-0.51109,-0.36547,-0.51132,-0.36515,0.22943,-0.32127
3.49000,-0.58269,0.81269,-0.51063,-0.36612,-0.51086,-0.36579,0.22984,-0.32098
3.49200,-0.58371,0.81196,-0.51017,-0.36676,-0.51040,-0.36644,0.23024,-0.32069
3.49400,-0.58473,0.81123,-0.50971,-0.36740,-0.50994,-0.36708,0.23064,-0.32040
3.49600,-0.58575,0.81049,-0.50925,-0.36804,-0.50948,-0.36772,0.23104,-0.32011
3.49800,-0.58677,0.80975,-0.50878,-0.36868,-0.50902,-0.36836,0.23145,-0.31982
3.50000,-0.58779,0.80902,-0.50832,-0.36932,-0.50855,-0.36900,0.23185,-0.31953
3.50200,-0.58880,0.80828,-0.50786,-0.36995,-0.50809,-0.36964,0.23225,-0.31924
3.50400,-0.58982,0.80754,-0.50739,-0.37059,-0.50762,-0.37027,0.23265,-0.31895
3.50600,-0.59083,0.80680,-0.50692,-0.37123,-0.50716,-0.37091,0.23305,-0.31866
3.50800,-0.59184,0.80605,-0.50646,-0.37187,-0.50669,-0.37155,0.23345,-0.31836
3.51000,-0.59286,0.80531,-0.50599,-0.37250,-0.50622,-0.37218,0.23385,-0.31807
3.51200,-0.59387,0.80456,-0.50552,-0.37314,-0.50576,-0.37282,0.23425,-0.31778
3.51400,-0.59488,0.80382,-0.50505,-0.37377,-0.50529,-0.37346,0.23465,-0.31748
3.51600,-0.59589,0.80307,-0.50458,-0.37441,-0.50482,-0.37409,0.23505,-0.31719
3.51800,-0.59690,0.80232,-0.50411,-0.37504,-0.50435,-0.37472,0.23545,-0.31689
3.52000,-0.59790,0.80157,-0.50364,-0.37567,-0.50388,-0.37536,0.23584,-0.31659
3.52200,-0.59891,0.80082,-0.50317,-0.37631,-0.50340,-0.37599,0.23624,-0.31630
3.52400,-0.59992,0.80006,-0.50269,-0.37694,-0.50293,-0.37662,0.23664,-0.31600
3.52600,-0.60092,0.79931,-0.50222,-0.37757,-0.50246,-0.37726,0.23704,-0.31570
3.52800,-0.60193,0.79855,-0.50174,-0.37820,-0.50198,-0.37789,0.23743,-0.31540
3.53000,-0.60293,0.79779,-0.50127,-0.37883,-0.50151,-0.37852,0.23783,-0.31511
3.53200,-0.60393,0.79704,-0.50079,-0.37946,-0.50103,-0.37915,0.23822,-0.31481
3.53400,-0.60493,0.79628,-0.50032,-0.38009,-0.50055,-0.37978,0.23862,-0.31451
3.53600,-0.60593,0.79552,-0.49984,-0.38072,-0.50008,-0.38040,0.23902,-0.31421
3.53800,-0.60693,0.79475,-0.49936,-0.38135,-0.49960,-0.38103,0.23941,-0.31391
3.54000,-0.60793,0.79399,-0.49888,-0.38197,-0.49912,-0.38166,0.23980,-0.31361
3.54200,-0.60893,0.79323,-0.49840,-0.38260,-0.49864,-0.38229,0.24020,-0.31330
3.54400,-0.60992,0.79246,-0.49792,-0.38323,-0.49816,-0.38291,0.24059,-0.31300
3.54600,-0.61092,0.79169,-0.49744,-0.38385,-0.49768,-0.38354,0.24098,-0.31270
3.54800,-0.61191,0.79092,-0.49695,-0.38448,-0.49719,-0.38416,0.24138,-0.31240
3.55000,-0.61291,0.79016,-0.49647,-0.38510,-0.49671,-0.38479,0.24177,-0.31209
3.55200,-0.61390,0.78938,-0.49598,-0.38572,-0.49623,-0.38541,0.24216,-0.31179
3.55400,-0.61489,0.78861,-0.49550,-0.38635,-0.49574,-0.38604,0.24255,-0.31148
3.55600,-0.61588,0.78784,-0.49501,-0.38697,-0.49526,-0.38666,0.24294,-0.31118
3.55800,-0.61687,0.78706,-0.49453,-0.38759,-0.49477,-0.38728,0.24334,-0.31087
3.56000,-0.61786,0.78629,-0.49404,-0.38821,-0.49428,-0.38790,0.24373,-0.31057
3.56200,-0.61885,0.78551,-0.49355,-0.38883,-0.49380,-0.38852,0.24412,-0.31026
3.56400,-0.61983,0.78473,-0.49306,-0.38945,-0.49331,-0.38914,0.24451,-0.30995
3.56600,-0.62082,0.78395,-0.49257,-0.39007,-0.49282,-0.38976,0.24490,-0.30965
3.56800,-0.62180,0.78317,-0.49208,-0.39069,-0.49233,-0.39038,0.24528,-0.30934
3.57000,-0.62279,0.78239,-0.49159,-0.39131,-0.49184,-0.39100,0.24567,-0.30903
3.57200,-0.62377,0.78161,-0.49110,-0.39193,-0.49134,-0.39162,0.24606,-0.30872
3.57400,-0.62475,0.78082,-0.49061,-0.39254,-0.49085,-0.39224,0.24645,-0.30841
3.57600,-0.62573,0.78004,-0.49011,-0.39316,-0.49036,-0.39285,0.24684,-0.30810
3.57800,-0.62671,0.77925,-0.48962,-0.39378,-0.48986,-0.39347,0.24722,-0.30779
3.58000,-0.62769,0.77846,-0.48912,-0.39439,-0.48937,-0.39408,0.24761,-0.30748
3.58200,-0.62867,0.77767,-0.48863,-0.39500,-0.48887,-0.39470,0.24800,-0.30717
3.58400,-0.62965,0.77688,-0.48813,-0.39562,-0.48838,-0.39531,0.24838,-0.30686
3.58600,-0.63062,0.77609,-0.48763,-0.39623,-0.48788,-0.39592,0.24877,-0.30654
3.58800,-0.63160,0.77530,-0.48713,-0.39684,-0.48738,-0.39654,0.24915,-0.30623
3.59000,-0.63257,0.77450,-0.48663,-0.39746,-0.48688,-0.39715,0.24954,-0.30592
3.59200,-0.63354,0.77371,-0.48613,-0.39807,-0.48638,-0.39776,0.24992,-0.30560
3.59400,-0.63451,0.77291,-0.48563,-0.39868,-0.48588,-0.39837,0.25030,-0.30529
3.59600,-0.63549,0.77211,-0.48513,-0.39929,-0.48538,-0.39898,0.25069,-0.30498
3.59800,-0.63646,0.77131,-0.48463,-0.39990,-0.48488,-0.39959,0.25107,-0.30466
3.60000,-0.63742,0.77051,-0.48413,-0.40051,-0.48438,-0.40020,0.25145,-0.30434
3.60200,-0.63839,0.76971,-0.48362,-0.40111,-0.48388,-0.40081,0.25184,-0.30403
3.60400,-0.63936,0.76891,-0.48312,-0.40172,-0.48337,-0.40142,0.25222,-0.30371
3.60600,-0.64032,0.76810,-0.48261,-0.40233,-0.48287,-0.40202,0.25260,-0.30339
3.60800,-0.64129,0.76730,-0.48211,-0.40293,-0.48236,-0.40263,0.25298,-0.30308
3.61000,-0.64225,0.76649,-0.48160,-0.40354,-0.48186,-0.40324,0.25336,-0.30276
3.61200,-0.64322,0.76569,-0.48109,-0.40414,-0.48135,-0.40384,0.25374,-0.30244
3.61400,-0.64418,0.76488,-0.48059,-0.40475,-0.48084,-0.40445,0.25412,-0.30212
3.61600,-0.64514,0.76407,-0.48008,-0.40535,-0.48033,-0.40505,0.25450,-0.30180
3.61800,-0.64610,0.76326,-0.47957,-0.40595,-0.47982,-0.40565,0.25488,-0.30148
3.62000,-0.64706,0.76244,-0.47906,-0.40656,-0.47931,-0.40626,0.25526,-0.30116
3.62200,-0.64801,0.76163,-0.47855,-0.40716,-0.47880,-0.40686,0.25564,-0.30084
3.62400,-0.64897,0.76081,-0.47803,-0.40776,-0.47829,-0.40746,0.25601,-0.30052
3.62600,-0.64993,0.76000,-0.47752,-0.40836,-0.47778,-0.40806,0.25639,-0.30020
3.62800,-0.65088,0.75918,-0.47701,-0.40896,-0.47726,-0.40866,0.25677,-0.29987
3.63000,-0.65183,0.75836,-0.47649,-0.40956,-0.47675,-0.40926,0.25715,-0.29955
3.63200,-0.65279,0.75754,-0.47598,-0.41016,-0.47624,-0.40986,0.25752,-0.29923
3.63400,-0.65374,0.75672,-0.47546,-0.41076,-0.47572,-0.41046,0.25790,-0.29890
3.63600,-0.65469,0.75590,-0.47495,-0.41135,-0.47520,-0.41105,0.25827,-0.29858
3.63800,-0.65564,0.75508,-0.47443,-0.41195,-0.47469,-0.41165,0.25865,-0.29825
3.64000,-0.65659,0.75425,-0.47391,-0.41254,-0.47417,-0.41225,0.25902,-0.29793
3.64200,-0.65753,0.75343,-0.47339,-0.41314,-0.47365,-0.41284,0.25940,-0.29760
3.64400,-0.65848,0.75260,-0.47287,-0.41373,-0.47313,-0.41344,0.25977,-0.29728
3.64600,-0.65942,0.75177,-0.47235,-0.41433,-0.47261,-0.41403,0.26014,-0.29695
3.64800,-0.66037,0.75094,-0.47183,-0.41492,-0.47209,-0.41463,0.26052,-0.29662
3.65000,-0.66131,0.75011,-0.47131,-0.41551,-0.47157,-0.41522,0.26089,-0.29630
3.65200,-0.66225,0.74928,-0.47079,-0.41611,-0.47105,-0.41581,0.26126,-0.29597
3.65400,-0.66320,0.74845,-0.47026,-0.41670,-0.47052,-0.41640,0.26163,-0.29564
3.65600,-0.66414,0.74761,-0.46974,-0.41729,-0.47000,-0.41699,0.26200,-0.29531
3.65800,-0.66507,0.74678,-0.46921,-0.41788,-0.46948,-0.41758,0.26238,-0.29498
3.66000,-0.66601,0.74594,-0.46869,-0.41847,-0.46895,-0.41817,0.26275,-0.29465
3.66200,-0.66695,0.74510,-0.46816,-0.41906,-0.46843,-0.41876,0.26312,-0.29432
3.66400,-0.66788,0.74426,-0.46764,-0.41964,-0.46790,-0.41935,0.26349,-0.29399
3.66600,-0.66882,0.74343,-0.46711,-0.42023,-0.46737,-0.41994,0.26385,-0.29366
3.66800,-0.66975,0.74258,-0.46658,-0.42082,-0.46684,-0.42052,0.26422,-0.29333
3.67000,-0.67069,0.74174,-0.46605,-0.42140,-0.46631,-0.42111,0.26459,-0.29299
3.67200,-0.67162,0.74090,-0.46552,-0.42199,-0.46579,-0.42170,0.26496,-0.29266
3.67400,-0.67255,0.74005,-0.46499,-0.42257,-0.46525,-0.42228,0.26533,-0.29233
3.67600,-0.67348,0.73921,-0.46446,-0.42316,-0.46472,-0.42287,0.26569,-0.29199
3.67800,-0.67441,0.73836,-0.46393,-0.42374,-0.46419,-0.42345,0.26606,-0.29166
3.68000,-0.67533,0.73751,-0.46339,-0.42432,-0.46366,-0.42403,0.26643,-0.29133
3.68200,-0.67626,0.73666,-0.46286,-0.42491,-0.46313,-0.42462,0.26679,-0.29099
3.68400,-0.67718,0.73581,-0.46233,-0.42549,-0.46259,-0.42520,0.26716,-0.29066
3.68600,-0.67811,0.73496,-0.46179,-0.42607,-0.46206,-0.42578,0.26752,-0.29032
3.68800,-0.67903,0.73411,-0.46125,-0.42665,-0.46152,-0.42636,0.26789,-0.28998
3.69000,-0.67995,0.73326,-0.46072,-0.42723,-0.46099,-0.42694,0.26825,-0.28965
3.69200,-0.68087,0.73240,-0.46018,-0.42781,-0.46045,-0.42752,0.26862,-0.28931
3.69400,-0.68179,0.73154,-0.45964,-0.42838,-0.45991,-0.42809,0.26898,-0.28897
3.69600,-0.68271,0.73069,-0.45910,-0.42896,-0.45937,-0.42867,0.26934,-0.28863
3.69800,-0.68363,0.72983,-0.45856,-0.42954,-0.45883,-0.42925,0.26971,-0.28829
3.70000,-0.68455,0.72897,-0.45802,-0.43011,-0.45829,-0.42983,0.27007,-0.28795
3.70200,-0.68546,0.72811,-0.45748,-0.43069,-0.45775,-0.43040,0.27043,-0.28762
3.70400,-0.68638,0.72725,-0.45694,-0.43126,-0.45721,-0.43098,0.27079,-0.28728
3.70600,-0.68729,0.72638,-0.45640,-0.43184,-0.45667,-0.43155,0.27115,-0.28693
3.70800,-0.68820,0.72552,-0.45586,-0.43241,-0.45613,-0.43212,0.27151,-0.28659
3.71000,-0.68911,0.72465,-0.45531,-0.43298,-0.45558,-0.43270,0.27187,-0.28625
3.71200,-0.69002,0.72379,-0.45477,-0.43355,-0.45504,-0.43327,0.27223,-0.28591
3.71400,-0.69093,0.72292,-0.45422,-0.43413,-0.45450,-0.43384,0.27259,-0.28557
3.71600,-0.69184,0.72205,-0.45368,-0.43470,-0.45395,-0.43441,0.27295,-0.28523
3.71800,-0.69275,0.72118,-0.45313,-0.43527,-0.45340,-0.43498,0.27331,-0.28488
3.72000,-0.69365,0.72031,-0.45258,-0.43584,-0.45286,-0.43555,0.27366,-0.28454
3.72200,-0.69456,0.71944,-0.45204,-0.43640,-0.45231,-0.43612,0.27402,-0.28419
3.72400,-0.69546,0.71856,-0.45149,-0.43697,-0.45176,-0.43669,0.27438,-0.28385
3.72600,-0.69636,0.71769,-0.45094,-0.43754,-0.45121,-0.43725,0.27474,-0.28350
3.72800,-0.69727,0.71681,-0.45039,-0.43810,-0.45066,-0.43782,0.27509,-0.28316
3.73000,-0.69817,0.71594,-0.44984,-0.43867,-0.45011,-0.43839,0.27545,-0.28281
3.73200,-0.69906,0.71506,-0.44928,-0.43924,-0.44956,-0.43895,0.27580,-0.28247
3.73400,-0.69996,0.71418,-0.44873,-0.43980,-0.44901,-0.43952,0.27616,-0.28212
3.73600,-0.70086,0.71330,-0.44818,-0.44036,-0.44846,-0.44008,0.27651,-0.28177
3.73800,-0.70176,0.71242,-0.44763,-0.44093,-0.44790,-0.44064,0.27687,-0.28143
3.74000,-0.70265,0.71154,-0.44707,-0.44149,-0.44735,-0.44121,0.27722,-0.28108
3.74200,-0.70354,0.71065,-0.44652,-0.44205,-0.44679,-0.44177,0.27757,-0.28073
3.74400,-0.70444,0.70977,-0.44596,-0.44261,-0.44624,-0.44233,0.27792,-0.28038
3.74600,-0.70533,0.70888,-0.44540,-0.44317,-0.44568,-0.44289,0.27828,-0.28003
3.74800,-0.70622,0.70799,-0.44485,-0.44373,-0.44512,-0.44345,0.27863,-0.27968
3.75000,-0.70711,0.70711,-0.44429,-0.44429,-0.44457,-0.44401,0.27898,-0.27933
3.75200,-0.70799,0.70622,-0.44373,-0.44485,-0.44401,-0.44457,0.27933,-0.27898
3.75400,-0.70888,0.70533,-0.44317,-0.44540,-0.44345,-0.44512,0.27968,-0.27863
3.75600,-0.70977,0.70444,-0.44261,-0.44596,-0.44289,-0.44568,0.28003,-0.27828
3.75800,-0.71065,0.70354,-0.44205,-0.44652,-0.44233,-0.44624,0.28038,-0.27792
3.76000,-0.71154,0.70265,-0.44149,-0.44707,-0.44177,-0.44679,0.28073,-0.27757
3.76200,-0.71242,0.70176,-0.44093,-0.44763,-0.44121,-0.44735,0.28108,-0.27722
3.76400,-0.71330,0.70086,-0.44036,-0.44818,-0.44064,-0.44790,0.28143,-0.27687
3.76600,-0.71418,0.69996,-0.43980,-0.44873,-0.44008,-0.44846,0.28177,-0.27651
3.76800,-0.71506,0.69906,-0.43924,-0.44928,-0.43952,-0.44901,0.28212,-0.27616
3.77000,-0.71594,0.69817,-0.43867,-0.44984,-0.43895,-0.44956,0.28247,-0.27580
3.77200,-0.71681,0.69727,-0.43810,-0.45039,-0.43839,-0.45011,0.28281,-0.27545
3.77400,-0.71769,0.69636,-0.43754,-0.45094,-0.43782,-0.45066,0.28316,-0.27509
3.77600,-0.71856,0.69546,-0.43697,-0.45149,-0.43725,-0.45121,0.28350,-0.27474
3.77800,-0.71944,0.69456,-0.43640,-0.45204,-0.43669,-0.45176,0.28385,-0.27438
3.78000,-0.72031,0.69365,-0.43584,-0.45258,-0.43612,-0.45231,0.28419,-0.27402
3.78200,-0.72118,0.69275,-0.43527,-0.45313,-0.43555,-0.45286,0.28454,-0.27366
3.78400,-0.72205,0.69184,-0.43470,-0.45368,-0.43498,-0.45340,0.28488,-0.27331
3.78600,-0.72292,0.69093,-0.43413,-0.45422,-0.43441,-0.45395,0.28523,-0.27295
3.78800,-0.72379,0.69002,-0.43355,-0.45477,-0.43384,-0.45450,0.28557,-0.27259
3.79000,-0.72465,0.68911,-0.43298,-0.45531,-0.43327,-0.45504,0.28591,-0.27223
3.79200,-0.72552,0.68820,-0.43241,-0.45586,-0.43270,-0.45558,0.28625,-0.27187
3.79400,-0.72638,0.68729,-0.43184,-0.45640,-0.43212,-0.45613,0.28659,-0.27151
3.79600,-0.72725,0.68638,-0.43126,-0.45694,-0.43155,-0.45667,0.28693,-0.27115
3.79800,-0.72811,0.68546,-0.43069,-0.45748,-0.43098,-0.45721,0.28728,-0.27079
3.80000,-0.72897,0.68455,-0.43011,-0.45802,-0.43040,-0.45775,0.28762,-0.27043
3.80200,-0.72983,0.68363,-0.42954,-0.45856,-0.42983,-0.45829,0.28795,-0.27007
3.80400,-0.73069,0.68271,-0.42896,-0.45910,-0.42925,-0.45883,0.28829,-0.26971
3.80600,-0.73154,0.68179,-0.42838,-0.45964,-0.42867,-0.45937,0.28863,-0.26934
3.80800,-0.73240,0.68087,-0.42781,-0.46018,-0.42809,-0.45991,0.28897,-0.26898
3.81000,-0.73326,0.67995,-0.42723,-0.46072,-0.42752,-0.46045,0.28931,-0.26862
3.81200,-0.73411,0.67903,-0.42665,-0.46125,-0.42694,-0.46099,0.28965,-0.26825
3.81400,-0.73496,0.67811,-0.42607,-0.46179,-0.42636,-0.46152,0.28998,-0.26789
3.81600,-0.73581,0.67718,-0.42549,-0.46233,-0.42578,-0.46206,0.29032,-0.26752
3.81800,-0.73666,0.67626,-0.42491,-0.46286,-0.42520,-0.46259,0.29066,-0.26716
3.82000,-0.73751,0.67533,-0.42432,-0.46339,-0.42462,-0.46313,0.29099,-0.26679
3.82200,-0.73836,0.67441,-0.42374,-0.46393,-0.42403,-0.46366,0.29133,-0.26643
3.82400,-0.73921,0.67348,-0.42316,-0.46446,-0.42345,-0.46419,0.29166,-0.26606
3.82600,-0.74005,0.67255,-0.42257,-0.46499,-0.42287,-0.46472,0.29199,-0.26569
3.82800,-0.74090,0.67162,-0.42199,-0.46552,-0.42228,-0.46525,0.29233,-0.26533
3.83000,-0.74174,0.67069,-0.42140,-0.46605,-0.42170,-0.46579,0.29266,-0.26496
3.83200,-0.74258,0.66975,-0.42082,-0.46658,-0.42111,-0.46631,0.29299,-0.26459
3.83400,-0.74343,0.66882,-0.42023,-0.46711,-0.42052,-0.46684,0.29333,-0.26422
3.83600,-0.74426,0.66788,-0.41964,-0.46764,-0.41994,-0.46737,0.29366,-0.26385
3.83800,-0.74510,0.66695,-0.41906,-0.46816,-0.41935,-0.46790,0.29399,-0.26349
3.84000,-0.74594,0.66601,-0.41847,-0.46869,-0.41876,-0.46843,0.29432,-0.26312
3.84200,-0.74678,0.66507,-0.41788,-0.46921,-0.41817,-0.46895,0.29465,-0.26275
3.84400,-0.74761,0.66414,-0.41729,-0.46974,-0.41758,-0.46948,0.29498,-0.26238
3.84600,-0.74845,0.66320,-0.41670,-0.47026,-0.41699,-0.47000,0.29531,-0.26200
3.84800,-0.74928,0.66225,-0.41611,-0.47079,-0.41640,-0.47052,0.29564,-0.26163
3.85000,-0.75011,0.66131,-0.41551,-0.47131,-0.41581,-0.47105,0.29597,-0.26126
3.85200,-0.75094,0.66037,-0.41492,-0.47183,-0.41522,-0.47157,0.29630,-0.26089
3.85400,-0.75177,0.65942,-0.41433,-0.47235,-0.41463,-0.47209,0.29662,-0.26052
3.85600,-0.75260,0.65848,-0.41373,-0.47287,-0.41403,-0.47261,0.29695,-0.26014
3.85800,-0.75343,0.65753,-0.41314,-0.47339,-0.41344,-0.47313,0.29728,-0.25977
3.86000,-0.75425,0.65659,-0.41254,-0.47391,-0.41284,-0.47365,0.29760,-0.25940
3.86200,-0.75508,0.65564,-0.41195,-0.47443,-0.41225,-0.47417,0.29793,-0.25902
3.86400,-0.75590,0.65469,-0.41135,-0.47495,-0.41165,-0.47469,0.29825,-0.25865
3.86600,-0.75672,0.65374,-0.41076,-0.47546,-0.41105,-0.47520,0.29858,-0.25827
3.86800,-0.75754,0.65279,-0.41016,-0.47598,-0.41046,-0.47572,0.29890,-0.25790
3.87000,-0.75836,0.65183,-0.40956,-0.47649,-0.40986,-0.47624,0.29923,-0.25752
3.87200,-0.75918,0.65088,-0.40896,-0.47701,-0.40926,-0.47675,0.29955,-0.25715
3.87400,-0.76000,0.64993,-0.40836,-0.47752,-0.40866,-0.47726,0.29987,-0.25677
3.87600,-0.76081,0.64897,-0.40776,-0.47803,-0.40806,-0.47778,0.30020,-0.25639
3.87800,-0.76163,0.64801,-0.40716,-0.47855,-0.40746,-0.47829,0.30052,-0.25601
3.88000,-0.76244,0.64706,-0.40656,-0.47906,-0.40686,-0.47880,0.30084,-0.25564
3.88200,-0.76326,0.64610,-0.40595,-0.47957,-0.40626,-0.47931,0.30116,-0.25526
3.88400,-0.76407,0.64514,-0.40535,-0.48008,-0.40565,-0.47982,0.30148,-0.25488
3.88600,-0.76488,0.64418,-0.40475,-0.48059,-0.40505,-0.48033,0.30180,-0.25450
3.88800,-0.76569,0.64322,-0.40414,-0.48109,-0.40445,-0.48084,0.30212,-0.25412
3.89000,-0.76649,0.64225,-0.40354,-0.48160,-0.40384,-0.48135,0.30244,-0.25374
3.89200,-0.76730,0.64129,-0.40293,-0.48211,-0.40324,-0.48186,0.30276,-0.25336
3.89400,-0.76810,0.64032,-0.40233,-0.48261,-0.40263,-0.48236,0.30308,-0.25298
3.89600,-0.76891,0.63936,-0.40172,-0.48312,-0.40202,-0.48287,0.30339,-0.25260
3.89800,-0.76971,0.63839,-0.40111,-0.48362,-0.40142,-0.48337,0.30371,-0.25222
3.90000,-0.77051,0.63742,-0.40051,-0.48413,-0.40081,-0.48388,0.30403,-0.25184
3.90200,-0.77131,0.63646,-0.39990,-0.48463,-0.40020,-0.48438,0.30434,-0.25145
3.90400,-0.77211,0.63549,-0.39929,-0.48513,-0.39959,-0.48488,0.30466,-0.25107
3.90600,-0.77291,0.63451,-0.39868,-0.48563,-0.39898,-0.48538,0.30498,-0.25069
3.90800,-0.77371,0.63354,-0.39807,-0.48613,-0.39837,-0.48588,0.30529,-0.25030
3.91000,-0.77450,0.63257,-0.39746,-0.48663,-0.39776,-0.48638,0.30560,-0.24992
3.91200,-0.77530,0.63160,-0.39684,-0.48713,-0.39715,-0.48688,0.30592,-0.24954
3.91400,-0.77609,0.63062,-0.39623,-0.48763,-0.39654,-0.48738,0.30623,-0.24915
3.91600,-0.77688,0.62965,-0.39562,-0.48813,-0.39592,-0.48788,0.30654,-0.24877
3.91800,-0.77767,0.62867,-0.39500,-0.48863,-0.39531,-0.48838,0.30686,-0.24838
3.92000,-0.77846,0.62769,-0.39439,-0.48912,-0.39470,-0.48887,0.30717,-0.24800
3.92200,-0.77925,0.62671,-0.39378,-0.48962,-0.39408,-0.48937,0.30748,-0.24761
3.92400,-0.78004,0.62573,-0.39316,-0.49011,-0.39347,-0.48986,0.30779,-0.24722
3.92600,-0.78082,0.62475,-0.39254,-0.49061,-0.39285,-0.49036,0.30810,-0.24684
3.92800,-0.78161,0.62377,-0.39193,-0.49110,-0.39224,-0.49085,0.30841,-0.24645
3.93000,-0.78239,0.62279,-0.39131,-0.49159,-0.39162,-0.49134,0.30872,-0.24606
3.93200,-0.78317,0.62180,-0.39069,-0.49208,-0.39100,-0.49184,0.30903,-0.24567
3.93400,-0.78395,0.62082,-0.39007,-0.49257,-0.39038,-0.49233,0.30934,-0.24528
3.93600,-0.78473,0.61983,-0.38945,-0.49306,-0.38976,-0.49282,0.30965,-0.24490
3.93800,-0.78551,0.61885,-0.38883,-0.49355,-0.38914,-0.49331,0.30995,-0.24451
3.94000,-0.78629,0.61786,-0.38821,-0.49404,-0.38852,-0.49380,0.31026,-0.24412
3.94200,-0.78706,0.61687,-0.38759,-0.49453,-0.38790,-0.49428,0.31057,-0.24373
3.94400,-0.78784,0.61588,-0.38697,-0.49501,-0.38728,-0.49477,0.31087,-0.24334
3.94600,-0.78861,0.61489,-0.38635,-0.49550,-0.38666,-0.49526,0.31118,-0.24294
3.94800,-0.78938,0.61390,-0.38572,-0.49598,-0.38604,-0.49574,0.31148,-0.24255
3.95000,-0.79016,0.61291,-0.38510,-0.49647,-0.38541,-0.49623,0.31179,-0.24216
3.95200,-0.79092,0.61191,-0.38448,-0.49695,-0.38479,-0.49671,0.31209,-0.24177
3.95400,-0.79169,0.61092,-0.38385,-0.49744,-0.38416,-0.49719,0.31240,-0.24138
3.95600,-0.79246,0.60992,-0.38323,-0.49792,-0.38354,-0.49768,0.31270,-0.24098
3.95800,-0.79323,0.60893,-0.38260,-0.49840,-0.38291,-0.49816,0.31300,-0.24059
3.96000,-0.79399,0.60793,-0.38197,-0.49888,-0.38229,-0.49864,0.31330,-0.24020
3.96200,-0.79475,0.60693,-0.38135,-0.49936,-0.38166,-0.49912,0.31361,-0.23980
3.96400,-0.79552,0.60593,-0.38072,-0.49984,-0.38103,-0.49960,0.31391,-0.23941
3.96600,-0.79628,0.60493,-0.38009,-0.50032,-0.38040,-0.50008,0.31421,-0.23902
3.96800,-0.79704,0.60393,-0.37946,-0.50079,-0.37978,-0.50055,0.31451,-0.23862
3.97000,-0.79779,0.60293,-0.37883,-0.50127,-0.37915,-0.50103,0.31481,-0.23822
3.97200,-0.79855,0.60193,-0.37820,-0.50174,-0.37852,-0.50151,0.31511,-0.23783
3.97400,-0.79931,0.60092,-0.37757,-0.50222,-0.37789,-0.50198,0.31540,-0.23743
3.97600,-0.80006,0.59992,-0.37694,-0.50269,-0.37726,-0.50246,0.31570,-0.23704
3.97800,-0.80082,0.59891,-0.37631,-0.50317,-0.37662,-0.50293,0.31600,-0.23664
3.98000,-0.80157,0.59790,-0.37567,-0.50364,-0.37599,-0.50340,0.31630,-0.23624
3.98200,-0.80232,0.59690,-0.37504,-0.50411,-0.37536,-0.50388,0.31659,-0.23584
3.98400,-0.80307,0.59589,-0.37441,-0.50458,-0.37472,-0.50435,0.31689,-0.23545
3.98600,-0.80382,0.59488,-0.37377,-0.50505,-0.37409,-0.50482,0.31719,-0.23505
3.98800,-0.80456,0.59387,-0.37314,-0.50552,-0.37346,-0.50529,0.31748,-0.23465
3.99000,-0.80531,0.59286,-0.37250,-0.50599,-0.37282,-0.50576,0.31778,-0.23425
3.99200,-0.80605,0.59184,-0.37187,-0.50646,-0.37218,-0.50622,0.31807,-0.23385
3.99400,-0.80680,0.59083,-0.37123,-0.50692,-0.37155,-0.50669,0.31836,-0.23345
3.99600,-0.80754,0.58982,-0.37059,-0.50739,-0.37091,-0.50716,0.31866,-0.23305
3.99800,-0.80828,0.58880,-0.36995,-0.50786,-0.37027,-0.50762,0.31895,-0.23265
4.00000,-0.80902,0.58779,-0.36932,-0.50832,-0.36964,-0.50809,0.31924,-0.23225
4.00200,-0.80975,0.58677,-0.36868,-0.50878,-0.36900,-0.50855,0.31953,-0.23185
4.00400,-0.81049,0.58575,-0.36804,-0.50925,-0.36836,-0.50902,0.31982,-0.23145
4.00600,-0.81123,0.58473,-0.36740,-0.50971,-0.36772,-0.50948,0.32011,-0.23104
4.00800,-0.81196,0.58371,-0.36676,-0.51017,-0.36708,-0.50994,0.32040,-0.23064
4.01000,-0.81269,0.58269,-0.36612,-0.51063,-0.36644,-0.51040,0.32069,-0.23024
4.01200,-0.81343,0.58167,-0.36547,-0.51109,-0.36579,-0.51086,0.32098,-0.22984
4.01400,-0.81416,0.58065,-0.36483,-0.51155,-0.36515,-0.51132,0.32127,-0.22943
4.01600,-0.81489,0.57962,-0.36419,-0.51201,-0.36451,-0.51178,0.32156,-0.22903
4.01800,-0.81561,0.57860,-0.36354,-0.51246,-0.36387,-0.51224,0.32185,-0.22862
4.02000,-0.81634,0.57757,-0.36290,-0.51292,-0.36322,-0.51269,0.32213,-0.22822
4.02200,-0.81706,0.57655,-0.36225,-0.51338,-0.36258,-0.51315,0.32242,-0.22781
4.02400,-0.81779,0.57552,-0.36161,-0.51383,-0.36193,-0.51360,0.32271,-0.22741
4.02600,-0.81851,0.57449,-0.36096,-0.51429,-0.36129,-0.51406,0.32299,-0.22700
4.02800,-0.81923,0.57346,-0.36032,-0.51474,-0.36064,-0.51451,0.32328,-0.22660
4.03000,-0.81995,0.57243,-0.35967,-0.51519,-0.35999,-0.51496,0.32356,-0.22619
4.03200,-0.82067,0.57140,-0.35902,-0.51564,-0.35935,-0.51542,0.32385,-0.22578
4.03400,-0.82139,0.57037,-0.35837,-0.51609,-0.35870,-0.51587,0.32413,-0.22538
4.03600,-0.82210,0.56934,-0.35772,-0.51654,-0.35805,-0.51632,0.32441,-0.22497
4.03800,-0.82282,0.56830,-0.35708,-0.51699,-0.35740,-0.51677,0.32469,-0.22456
4.04000,-0.82353,0.56727,-0.35643,-0.51744,-0.35675,-0.51722,0.32498,-0.22415
4.04200,-0.82424,0.56623,-0.35577,-0.51789,-0.35610,-0.51766,0.32526,-0.22374
4.04400,-0.82496,0.56520,-0.35512,-0.51833,-0.35545,-0.51811,0.32554,-0.22334
4.04600,-0.82567,0.56416,-0.35447,-0.51878,-0.35480,-0.51856,0.32582,-0.22293
4.04800,-0.82637,0.56312,-0.35382,-0.51923,-0.35415,-0.51900,0.32610,-0.22252
4.05000,-0.82708,0.56208,-0.35317,-0.51967,-0.35349,-0.51945,0.32638,-0.22211
4.05200,-0.82779,0.56104,-0.35251,-0.52011,-0.35284,-0.51989,0.32666,-0.22170
4.05400,-0.82849,0.56000,-0.35186,-0.52056,-0.35219,-0.52033,0.32694,-0.22129
4.05600,-0.82919,0.55896,-0.35121,-0.52100,-0.35153,-0.52078,0.32721,-0.22087
4.05800,-0.82990,0.55792,-0.35055,-0.52144,-0.35088,-0.52122,0.32749,-0.22046
4.06000,-0.83060,0.55688,-0.34990,-0.52188,-0.35022,-0.52166,0.32777,-0.22005
4.06200,-0.83130,0.55583,-0.34924,-0.52232,-0.34957,-0.52210,0.32804,-0.21964
4.06400,-0.83199,0.55479,-0.34858,-0.52276,-0.34891,-0.52254,0.32832,-0.21923
4.06600,-0.83269,0.55374,-0.34793,-0.52319,-0.34825,-0.52298,0.32860,-0.21881
4.06800,-0.83338,0.55269,-0.34727,-0.52363,-0.34760,-0.52341,0.32887,-0.21840
4.07000,-0.83408,0.55165,-0.34661,-0.52407,-0.34694,-0.52385,0.32914,-0.21799
4.07200,-0.83477,0.55060,-0.34595,-0.52450,-0.34628,-0.52428,0.32942,-0.21757
4.07400,-0.83546,0.54955,-0.34529,-0.52494,-0.34562,-0.52472,0.32969,-0.21716
4.07600,-0.83615,0.54850,-0.34463,-0.52537,-0.34496,-0.52515,0.32996,-0.21675
4.07800,-0.83684,0.54745,-0.34397,-0.52580,-0.34430,-0.52559,0.33024,-0.21633
4.08000,-0.83753,0.54639,-0.34331,-0.52623,-0.34364,-0.52602,0.33051,-0.21592
4.08200,-0.83821,0.54534,-0.34265,-0.52667,-0.34298,-0.52645,0.33078,-0.21550
4.08400,-0.83890,0.54429,-0.34199,-0.52710,-0.34232,-0.52688,0.33105,-0.21508
4.08600,-0.83958,0.54323,-0.34132,-0.52752,-0.34165,-0.52731,0.33132,-0.21467
4.08800,-0.84026,0.54218,-0.34066,-0.52795,-0.34099,-0.52774,0.33159,-0.21425
4.09000,-0.84094,0.54112,-0.34000,-0.52838,-0.34033,-0.52817,0.33186,-0.21383
4.09200,-0.84162,0.54006,-0.33933,-0.52881,-0.33966,-0.52859,0.33213,-0.21342
4.09400,-0.84230,0.53901,-0.33867,-0.52923,-0.33900,-0.52902,0.33239,-0.21300
4.09600,-0.84298,0.53795,-0.33800,-0.52966,-0.33833,-0.52945,0.33266,-0.21258
4.09800,-0.84365,0.53689,-0.33734,-0.53008,-0.33767,-0.52987,0.33293,-0.21216
4.10000,-0.84433,0.53583,-0.33667,-0.53051,-0.33700,-0.53030,0.33319,-0.21175
4.10200,-0.84500,0.53477,-0.33600,-0.53093,-0.33634,-0.53072,0.33346,-0.21133
4.10400,-0.84567,0.53370,-0.33534,-0.53135,-0.33567,-0.53114,0.33373,-0.21091
4.10600,-0.84634,0.53264,-0.33467,-0.53177,-0.33500,-0.53156,0.33399,-0.21049
4.10800,-0.84701,0.53158,-0.33400,-0.53219,-0.33433,-0.53198,0.33425,-0.21007
4.11000,-0.84768,0.53051,-0.33333,-0.53261,-0.33366,-0.53240,0.33452,-0.20965
4.11200,-0.84834,0.52945,-0.33266,-0.53303,-0.33300,-0.53282,0.33478,-0.20923
4.11400,-0.84901,0.52838,-0.33199,-0.53345,-0.33233,-0.53324,0.33504,-0.20881
4.11600,-0.84967,0.52731,-0.33132,-0.53386,-0.33166,-0.53366,0.33531,-0.20838
4.11800,-0.85033,0.52624,-0.33065,-0.53428,-0.33098,-0.53407,0.33557,-0.20796
4.12000,-0.85099,0.52517,-0.32998,-0.53470,-0.33031,-0.53449,0.33583,-0.20754
4.12200,-0.85165,0.52410,-0.32930,-0.53511,-0.32964,-0.53490,0.33609,-0.20712
4.12400,-0.85231,0.52303,-0.32863,-0.53552,-0.32897,-0.53532,0.33635,-0.20670
4.12600,-0.85297,0.52196,-0.32796,-0.53594,-0.32830,-0.53573,0.33661,-0.20627
4.12800,-0.85362,0.52089,-0.32729,-0.53635,-0.32762,-0.53614,0.33687,-0.20585
4.13000,-0.85428,0.51982,-0.32661,-0.53676,-0.32695,-0.53655,0.33713,-0.20543
4.13200,-0.85493,0.51874,-0.32594,-0.53717,-0.32627,-0.53696,0.33738,-0.20500
4.13400,-0.85558,0.51767,-0.32526,-0.53758,-0.32560,-0.53737,0.33764,-0.20458
4.13600,-0.85623,0.51659,-0.32458,-0.53799,-0.32492,-0.53778,0.33790,-0.20416
4.13800,-0.85688,0.51552,-0.32391,-0.53839,-0.32425,-0.53819,0.33815,-0.20373
4.14000,-0.85753,0.51444,-0.32323,-0.53880,-0.32357,-0.53860,0.33841,-0.20331
4.14200,-0.85817,0.51336,-0.32255,-0.53921,-0.32289,-0.53900,0.33867,-0.20288
4.14400,-0.85882,0.51228,-0.32188,-0.53961,-0.32222,-0.53941,0.33892,-0.20245
4.14600,-0.85946,0.51120,-0.32120,-0.54001,-0.32154,-0.53981,0.33917,-0.20203
4.14800,-0.86010,0.51012,-0.32052,-0.54042,-0.32086,-0.54022,0.33943,-0.20160
4.15000,-0.86074,0.50904,-0.31984,-0.54082,-0.32018,-0.54062,0.33968,-0.20117
4.15200,-0.86138,0.50796,-0.31916,-0.54122,-0.31950,-0.54102,0.33993,-0.20075
4.15400,-0.86202,0.50688,-0.31848,-0.54162,-0.31882,-0.54142,0.34019,-0.20032
4.15600,-0.86265,0.50579,-0.31780,-0.54202,-0.31814,-0.54182,0.34044,-0.19989
4.15800,-0.86329,0.50471,-0.31712,-0.54242,-0.31746,-0.54222,0.34069,-0.19946
4.16000,-0.86392,0.50362,-0.31644,-0.54282,-0.31678,-0.54262,0.34094,-0.19904
4.16200,-0.86456,0.50254,-0.31575,-0.54322,-0.31609,-0.54302,0.34119,-0.19861
4.16400,-0.86519,0.50145,-0.31507,-0.54361,-0.31541,-0.54341,0.34144,-0.19818
4.16600,-0.86582,0.50036,-0.31439,-0.54401,-0.31473,-0.54381,0.34169,-0.19775
4.16800,-0.86644,0.49927,-0.31370,-0.54440,-0.31405,-0.54421,0.34193,-0.19732
4.17000,-0.86707,0.49819,-0.31302,-0.54480,-0.31336,-0.54460,0.34218,-0.19689
4.17200,-0.86770,0.49710,-0.31233,-0.54519,-0.31268,-0.54499,0.34243,-0.19646
4.17400,-0.86832,0.49600,-0.31165,-0.54558,-0.31199,-0.54539,0.34268,-0.19603
4.17600,-0.86894,0.49491,-0.31096,-0.54597,-0.31131,-0.54578,0.34292,-0.19560
4.17800,-0.86956,0.49382,-0.31028,-0.54636,-0.31062,-0.54617,0.34317,-0.19517
4.18000,-0.87018,0.49273,-0.30959,-0.54675,-0.30993,-0.54656,0.34341,-0.19474
4.18200,-0.87080,0.49163,-0.30890,-0.54714,-0.30925,-0.54695,0.34366,-0.19431
4.18400,-0.87142,0.49054,-0.30821,-0.54753,-0.30856,-0.54734,0.34390,-0.19387
4.18600,-0.87204,0.48944,-0.30753,-0.54792,-0.30787,-0.54772,0.34414,-0.19344
4.18800,-0.87265,0.48835,-0.30684,-0.54830,-0.30718,-0.54811,0.34439,-0.19301
4.19000,-0.87326,0.48725,-0.30615,-0.54869,-0.30649,-0.54849,0.34463,-0.19258
4.19200,-0.87387,0.48615,-0.30546,-0.54907,-0.30580,-0.54888,0.34487,-0.19214
4.19400,-0.87448,0.48505,-0.30477,-0.54945,-0.30511,-0.54926,0.34511,-0.19171
4.19600,-0.87509,0.48395,-0.30408,-0.54984,-0.30442,-0.54965,0.34535,-0.19127
4.19800,-0.87570,0.48285,-0.30339,-0.55022,-0.30373,-0.55003,0.34559,-0.19084
4.20000,-0.87631,0.48175,-0.30269,-0.55060,-0.30304,-0.55041,0.34583,-0.19041
4.20200,-0.87691,0.48065,-0.30200,-0.55098,-0.30235,-0.55079,0.34607,-0.18997
4.20400,-0.87751,0.47955,-0.30131,-0.55136,-0.30166,-0.55117,0.34631,-0.18954
4.20600,-0.87812,0.47845,-0.30062,-0.55174,-0.30096,-0.55155,0.34655,-0.18910
4.20800,-0.87872,0.47734,-0.29992,-0.55211,-0.30027,-0.55193,0.34679,-0.18867
4.21000,-0.87932,0.47624,-0.29923,-0.55249,-0.29958,-0.55230,0.34702,-0.18823
4.21200,-0.87991,0.47513,-0.29853,-0.55287,-0.29888,-0.55268,0.34726,-0.18779
4.21400,-0.88051,0.47403,-0.29784,-0.55324,-0.29819,-0.55305,0.34749,-0.18736
4.21600,-0.88111,0.47292,-0.29714,-0.55361,-0.29749,-0.55343,0.34773,-0.18692
4.21800,-0.88170,0.47181,-0.29645,-0.55399,-0.29680,-0.55380,0.34796,-0.18648
4.22000,-0.88229,0.47070,-0.29575,-0.55436,-0.29610,-0.55417,0.34820,-0.18605
4.22200,-0.88288,0.46959,-0.29506,-0.55473,-0.29540,-0.55455,0.34843,-0.18561
4.22400,-0.88347,0.46849,-0.29436,-0.55510,-0.29471,-0.55492,0.34866,-0.18517
4.22600,-0.88406,0.46737,-0.29366,-0.55547,-0.29401,-0.55529,0.34890,-0.18473
4.22800,-0.88465,0.46626,-0.29296,-0.55584,-0.29331,-0.55566,0.34913,-0.18429
4.23000,-0.88523,0.46515,-0.29226,-0.55621,-0.29261,-0.55602,0.34936,-0.18385
4.23200,-0.88582,0.46404,-0.29156,-0.55657,-0.29191,-0.55639,0.34959,-0.18341
4.23400,-0.88640,0.46292,-0.29086,-0.55694,-0.29121,-0.55676,0.34982,-0.18298
4.23600,-0.88698,0.46181,-0.29016,-0.55730,-0.29051,-0.55712,0.35005,-0.18254
4.23800,-0.88756,0.46070,-0.28946,-0.55767,-0.28981,-0.55749,0.35028,-0.18210
4.24000,-0.88814,0.45958,-0.28876,-0.55803,-0.28911,-0.55785,0.35051,-0.18166
4.24200,-0.88871,0.45846,-0.28806,-0.55839,-0.28841,-0.55821,0.35074,-0.18121
4.24400,-0.88929,0.45735,-0.28736,-0.55876,-0.28771,-0.55858,0.35096,-0.18077
4.24600,-0.88986,0.45623,-0.28666,-0.55912,-0.28701,-0.55894,0.35119,-0.18033
4.24800,-0.89044,0.45511,-0.28595,-0.55948,-0.28631,-0.55930,0.35142,-0.17989
4.25000,-0.89101,0.45399,-0.28525,-0.55984,-0.28560,-0.55966,0.35164,-0.17945
4.25200,-0.89158,0.45287,-0.28455,-0.56019,-0.28490,-0.56001,0.35187,-0.17901
4.25400,-0.89214,0.45175,-0.28384,-0.56055,-0.28419,-0.56037,0.35209,-0.17856
4.25600,-0.89271,0.45063,-0.28314,-0.56091,-0.28349,-0.56073,0.35232,-0.17812
4.25800,-0.89328,0.44951,-0.28243,-0.56126,-0.28279,-0.56109,0.35254,-0.17768
4.26000,-0.89384,0.44838,-0.28173,-0.56162,-0.28208,-0.56144,0.35276,-0.17724
4.26200,-0.89440,0.44726,-0.28102,-0.56197,-0.28137,-0.56179,0.35299,-0.17679
4.26400,-0.89497,0.44614,-0.28032,-0.56232,-0.28067,-0.56215,0.35321,-0.17635
4.26600,-0.89553,0.44501,-0.27961,-0.56268,-0.27996,-0.56250,0.35343,-0.17591
4.26800,-0.89608,0.44388,-0.27890,-0.56303,-0.27925,-0.56285,0.35365,-0.17546
4.27000,-0.89664,0.44276,-0.27819,-0.56338,-0.27855,-0.56320,0.35387,-0.17502
4.27200,-0.89720,0.44163,-0.27748,-0.56373,-0.27784,-0.56355,0.35409,-0.17457
4.27400,-0.89775,0.44050,-0.27678,-0.56407,-0.27713,-0.56390,0.35431,-0.17413
4.27600,-0.89830,0.43937,-0.27607,-0.56442,-0.27642,-0.56425,0.35453,-0.17368
4.27800,-0.89886,0.43825,-0.27536,-0.56477,-0.27571,-0.56459,0.35474,-0.17324
4.28000,-0.89941,0.43712,-0.27465,-0.56511,-0.27500,-0.56494,0.35496,-0.17279
4.28200,-0.89995,0.43599,-0.27394,-0.56546,-0.27429,-0.56529,0.35518,-0.17234
4.28400,-0.90050,0.43485,-0.27323,-0.56580,-0.27358,-0.56563,0.35540,-0.17190
4.28600,-0.90105,0.43372,-0.27252,-0.56614,-0.27287,-0.56597,0.35561,-0.17145
4.28800,-0.90159,0.43259,-0.27180,-0.56649,-0.27216,-0.56632,0.35583,-0.17100
4.29000,-0.90213,0.43146,-0.27109,-0.56683,-0.27145,-0.56666,0.35604,-0.17056
4.29200,-0.90268,0.43032,-0.27038,-0.56717,-0.27074,-0.56700,0.35626,-0.17011
4.29400,-0.90322,0.42919,-0.26967,-0.56751,-0.27002,-0.56734,0.35647,-0.16966
4.29600,-0.90375,0.42805,-0.26895,-0.56785,-0.26931,-0.56768,0.35668,-0.16921
4.29800,-0.90429,0.42692,-0.26824,-0.56818,-0.26860,-0.56801,0.35689,-0.16876
4.30000,-0.90483,0.42578,-0.26752,-0.56852,-0.26788,-0.56835,0.35711,-0.16832
4.30200,-0.90536,0.42464,-0.26681,-0.56886,-0.26717,-0.56869,0.35732,-0.16787
4.30400,-0.90589,0.42350,-0.26610,-0.56919,-0.26645,-0.56902,0.35753,-0.16742
4.30600,-0.90643,0.42237,-0.26538,-0.56952,-0.26574,-0.56936,0.35774,-0.16697
4.30800,-0.90696,0.42123,-0.26466,-0.56986,-0.26502,-0.56969,0.35795,-0.16652
4.31000,-0.90748,0.42009,-0.26395,-0.57019,-0.26431,-0.57002,0.35816,-0.16607
4.31200,-0.90801,0.41895,-0.26323,-0.57052,-0.26359,-0.57035,0.35836,-0.16562
4.31400,-0.90854,0.41780,-0.26251,-0.57085,-0.26287,-0.57069,0.35857,-0.16517
4.31600,-0.90906,0.41666,-0.26180,-0.57118,-0.26216,-0.57102,0.35878,-0.16472
4.31800,-0.90958,0.41552,-0.26108,-0.57151,-0.26144,-0.57134,0.35899,-0.16427
4.32000,-0.91011,0.41438,-0.26036,-0.57184,-0.26072,-0.57167,0.35919,-0.16381
4.32200,-0.91063,0.41323,-0.25964,-0.57216,-0.26000,-0.57200,0.35940,-0.16336
4.32400,-0.91114,0.41209,-0.25892,-0.57249,-0.25928,-0.57233,0.35960,-0.16291
4.32600,-0.91166,0.41094,-0.25820,-0.57281,-0.25856,-0.57265,0.35981,-0.16246
4.32800,-0.91218,0.40980,-0.25748,-0.57314,-0.25784,-0.57298,0.36001,-0.16201
4.33000,-0.91269,0.40865,-0.25676,-0.57346,-0.25712,-0.57330,0.36021,-0.16155
4.33200,-0.91320,0.40750,-0.25604,-0.57378,-0.25640,-0.57362,0.36042,-0.16110
4.33400,-0.91372,0.40635,-0.25532,-0.57410,-0.25568,-0.57394,0.36062,-0.16065
4.33600,-0.91423,0.40521,-0.25460,-0.57442,-0.25496,-0.57426,0.36082,-0.16020
4.33800,-0.91473,0.40406,-0.25388,-0.57474,-0.25424,-0.57458,0.36102,-0.15974
4.34000,-0.91524,0.40291,-0.25315,-0.57506,-0.25351,-0.57490,0.36122,-0.15929
4.34200,-0.91575,0.40176,-0.25243,-0.57538,-0.25279,-0.57522,0.36142,-0.15883
4.34400,-0.91625,0.40060,-0.25171,-0.57570,-0.25207,-0.57554,0.36162,-0.15838
4.34600,-0.91675,0.39945,-0.25098,-0.57601,-0.25135,-0.57586,0.36182,-0.15793
4.34800,-0.91725,0.39830,-0.25026,-0.57633,-0.25062,-0.57617,0.36202,-0.15747
4.35000,-0.91775,0.39715,-0.24954,-0.57664,-0.24990,-0.57649,0.36222,-0.15702
4.35200,-0.91825,0.39599,-0.24881,-0.57696,-0.24917,-0.57680,0.36241,-0.15656
4.35400,-0.91875,0.39484,-0.24809,-0.57727,-0.24845,-0.57711,0.36261,-0.15610
4.35600,-0.91925,0.39369,-0.24736,-0.57758,-0.24772,-0.57742,0.36281,-0.15565
4.35800,-0.91974,0.39253,-0.24663,-0.57789,-0.24700,-0.57773,0.36300,-0.15519
4.36000,-0.92023,0.39137,-0.24591,-0.57820,-0.24627,-0.57804,0.36320,-0.15474
4.36200,-0.92072,0.39022,-0.24518,-0.57851,-0.24554,-0.57835,0.36339,-0.15428
4.36400,-0.92121,0.38906,-0.24445,-0.57881,-0.24482,-0.57866,0.36358,-0.15382
4.36600,-0.92170,0.38790,-0.24373,-0.57912,-0.24409,-0.57897,0.36378,-0.15337
4.36800,-0.92219,0.38674,-0.24300,-0.57943,-0.24336,-0.57927,0.36397,-0.15291
4.37000,-0.92267,0.38558,-0.24227,-0.57973,-0.24263,-0.57958,0.36416,-0.15245
4.37200,-0.92316,0.38442,-0.24154,-0.58004,-0.24191,-0.57988,0.36435,-0.15199
4.37400,-0.92364,0.38326,-0.24081,-0.58034,-0.24118,-0.58019,0.36454,-0.15154
4.37600,-0.92412,0.38210,-0.24008,-0.58064,-0.24045,-0.58049,0.36473,-0.15108
4.37800,-0.92460,0.38094,-0.23935,-0.58094,-0.23972,-0.58079,0.36492,-0.15062
4.38000,-0.92508,0.37978,-0.23862,-0.58124,-0.23899,-0.58109,0.36511,-0.15016
4.38200,-0.92555,0.37862,-0.23789,-0.58154,-0.23826,-0.58139,0.36530,-0.14970
4.38400,-0.92603,0.37745,-0.23716,-0.58184,-0.23753,-0.58169,0.36549,-0.14924
4.38600,-0.92650,0.37629,-0.23643,-0.58214,-0.23680,-0.58199,0.36567,-0.14878
4.38800,-0.92697,0.37512,-0.23570,-0.58244,-0.23606,-0.58229,0.36586,-0.14832
4.39000,-0.92745,0.37396,-0.23497,-0.58273,-0.23533,-0.58258,0.36605,-0.14786
4.39200,-0.92791,0.37279,-0.23423,-0.58303,-0.23460,-0.58288,0.36623,-0.14740
4.39400,-0.92838,0.37163,-0.23350,-0.58332,-0.23387,-0.58317,0.36642,-0.14694
4.39600,-0.92885,0.37046,-0.23277,-0.58361,-0.23313,-0.58347,0.36660,-0.14648
4.39800,-0.92931,0.36929,-0.23203,-0.58390,-0.23240,-0.58376,0.36679,-0.14602
4.40000,-0.92978,0.36812,-0.23130,-0.58420,-0.23167,-0.58405,0.36697,-0.14556
4.40200,-0.93024,0.36696,-0.23057,-0.58449,-0.23093,-0.58434,0.36715,-0.14510
4.40400,-0.93070,0.36579,-0.22983,-0.58478,-0.23020,-0.58463,0.36733,-0.14464
4.40600,-0.93116,0.36462,-0.22910,-0.58506,-0.22946,-0.58492,0.36752,-0.14418
4.40800,-0.93162,0.36345,-0.22836,-0.58535,-0.22873,-0.58521,0.36770,-0.14371
4.41000,-0.93207,0.36228,-0.22762,-0.58564,-0.22799,-0.58549,0.36788,-0.14325
4.41200,-0.93253,0.36110,-0.22689,-0.58592,-0.22726,-0.58578,0.36806,-0.14279
4.41400,-0.93298,0.35993,-0.22615,-0.58621,-0.22652,-0.58607,0.36824,-0.14233
4.41600,-0.93343,0.35876,-0.22541,-0.58649,-0.22578,-0.58635,0.36841,-0.14186
4.41800,-0.93388,0.35759,-0.22468,-0.58677,-0.22505,-0.58663,0.36859,-0.14140
4.42000,-0.93433,0.35641,-0.22394,-0.58706,-0.22431,-0.58692,0.36877,-0.14094
4.42200,-0.93478,0.35524,-0.22320,-0.58734,-0.22357,-0.58720,0.36895,-0.14047
4.42400,-0.93522,0.35406,-0.22246,-0.58762,-0.22283,-0.58748,0.36912,-0.14001
4.42600,-0.93567,0.35289,-0.22173,-0.58790,-0.22209,-0.58776,0.36930,-0.13955
4.42800,-0.93611,0.35171,-0.22099,-0.58817,-0.22136,-0.58804,0.36947,-0.13908
4.43000,-0.93655,0.35053,-0.22025,-0.58845,-0.22062,-0.58831,0.36965,-0.13862
4.43200,-0.93699,0.34936,-0.21951,-0.58873,-0.21988,-0.58859,0.36982,-0.13815
4.43400,-0.93743,0.34818,-0.21877,-0.58900,-0.21914,-0.58887,0.37000,-0.13769
4.43600,-0.93786,0.34700,-0.21803,-0.58928,-0.21840,-0.58914,0.37017,-0.13722
4.43800,-0.93830,0.34582,-0.21729,-0.58955,-0.21766,-0.58941,0.37034,-0.13676
4.44000,-0.93873,0.34464,-0.21655,-0.58982,-0.21692,-0.58969,0.37051,-0.13629
4.44200,-0.93917,0.34346,-0.21580,-0.59010,-0.21617,-0.58996,0.37068,-0.13583
4.44400,-0.93960,0.34228,-0.21506,-0.59037,-0.21543,-0.59023,0.37085,-0.13536
4.44600,-0.94003,0.34110,-0.21432,-0.59064,-0.21469,-0.59050,0.37102,-0.13489
4.44800,-0.94045,0.33992,-0.21358,-0.59090,-0.21395,-0.59077,0.37119,-0.13443
4.45000,-0.94088,0.33874,-0.21284,-0.59117,-0.21321,-0.59104,0.37136,-0.13396
4.45200,-0.94131,0.33756,-0.21209,-0.59144,-0.21246,-0.59131,0.37153,-0.13349
4.45400,-0.94173,0.33637,-0.21135,-0.59171,-0.21172,-0.59157,0.37170,-0.13303
4.45600,-0.94215,0.33519,-0.21061,-0.59197,-0.21098,-0.59184,0.37186,-0.13256
4.45800,-0.94257,0.33400,-0.20986,-0.59224,-0.21023,-0.59210,0.37203,-0.13209
4.46000,-0.94299,0.33282,-0.20912,-0.59250,-0.20949,-0.59237,0.37219,-0.13163
4.46200,-0.94341,0.33163,-0.20837,-0.59276,-0.20874,-0.59263,0.37236,-0.13116
4.46400,-0.94382,0.33045,-0.20763,-0.59302,-0.20800,-0.59289,0.37252,-0.13069
4.46600,-0.94424,0.32926,-0.20688,-0.59328,-0.20725,-0.59315,0.37269,-0.13022
4.46800,-0.94465,0.32808,-0.20614,-0.59354,-0.20651,-0.59341,0.37285,-0.12975
4.47000,-0.94506,0.32689,-0.20539,-0.59380,-0.20576,-0.59367,0.37301,-0.12928
4.47200,-0.94547,0.32570,-0.20464,-0.59406,-0.20502,-0.59393,0.37318,-0.12882
4.47400,-0.94588,0.32451,-0.20390,-0.59431,-0.20427,-0.59419,0.37334,-0.12835
4.47600,-0.94629,0.32332,-0.20315,-0.59457,-0.20352,-0.59444,0.37350,-0.12788
4.47800,-0.94669,0.32213,-0.20240,-0.59483,-0.20278,-0.59470,0.37366,-0.12741
4.48000,-0.94710,0.32094,-0.20165,-0.59508,-0.20203,-0.59495,0.37382,-0.12694
4.48200,-0.94750,0.31975,-0.20091,-0.59533,-0.20128,-0.59521,0.37398,-0.12647
4.48400,-0.94790,0.31856,-0.20016,-0.59558,-0.20053,-0.59546,0.37414,-0.12600
4.48600,-0.94830,0.31737,-0.19941,-0.59584,-0.19978,-0.59571,0.37430,-0.12553
4.48800,-0.94870,0.31618,-0.19866,-0.59609,-0.19904,-0.59596,0.37445,-0.12506
4.49000,-0.94910,0.31499,-0.19791,-0.59633,-0.19829,-0.59621,0.37461,-0.12459
4.49200,-0.94949,0.31379,-0.19716,-0.59658,-0.19754,-0.59646,0.37477,-0.12412
4.49400,-0.94988,0.31260,-0.19641,-0.59683,-0.19679,-0.59671,0.37492,-0.12365
4.49600,-0.95028,0.31141,-0.19566,-0.59708,-0.19604,-0.59695,0.37508,-0.12317
4.49800,-0.95067,0.31021,-0.19491,-0.59732,-0.19529,-0.59720,0.37523,-0.12270
4.50000,-0.95106,0.30902,-0.19416,-0.59757,-0.19454,-0.59744,0.37539,-0.12223
4.50200,-0.95144,0.30782,-0.19341,-0.59781,-0.19379,-0.59769,0.37554,-0.12176
4.50400,-0.95183,0.30663,-0.19266,-0.59805,-0.19303,-0.59793,0.37569,-0.12129
4.50600,-0.95221,0.30543,-0.19191,-0.59829,-0.19228,-0.59817,0.37584,-0.12081
4.50800,-0.95260,0.30423,-0.19115,-0.59853,-0.19153,-0.59841,0.37599,-0.12034
4.51000,-0.95298,0.30304,-0.19040,-0.59877,-0.19078,-0.59865,0.37615,-0.11987
4.51200,-0.95336,0.30184,-0.18965,-0.59901,-0.19003,-0.59889,0.37630,-0.11940
4.51400,-0.95374,0.30064,-0.18890,-0.59925,-0.18927,-0.59913,0.37645,-0.11892
4.51600,-0.95411,0.29944,-0.18814,-0.59949,-0.18852,-0.59937,0.37660,-0.11845
4.51800,-0.95449,0.29824,-0.18739,-0.59972,-0.18777,-0.59961,0.37674,-0.11798
4.52000,-0.95486,0.29704,-0.18664,-0.59996,-0.18701,-0.59984,0.37689,-0.11750
4.52200,-0.95524,0.29584,-0.18588,-0.60019,-0.18626,-0.60008,0.37704,-0.11703
4.52400,-0.95561,0.29464,-0.18513,-0.60043,-0.18551,-0.60031,0.37719,-0.11656
4.52600,-0.95598,0.29344,-0.18437,-0.60066,-0.18475,-0.60054,0.37733,-0.11608
4.52800,-0.95635,0.29224,-0.18362,-0.60089,-0.18400,-0.60077,0.37748,-0.11561
4.53000,-0.95671,0.29104,-0.18286,-0.60112,-0.18324,-0.60100,0.37762,-0.11513
4.53200,-0.95708,0.28983,-0.18211,-0.60135,-0.18249,-0.60123,0.37777,-0.11466
4.53400,-0.95744,0.28863,-0.18135,-0.60158,-0.18173,-0.60146,0.37791,-0.11418
4.53600,-0.95780,0.28743,-0.18060,-0.60180,-0.18097,-0.60169,0.37805,-0.11371
4.53800,-0.95816,0.28622,-0.17984,-0.60203,-0.18022,-0.60192,0.37820,-0.11323
4.54000,-0.95852,0.28502,-0.17908,-0.60226,-0.17946,-0.60214,0.37834,-0.11276
4.54200,-0.95888,0.28381,-0.17833,-0.60248,-0.17870,-0.60237,0.37848,-0.11228
4.54400,-0.95924,0.28261,-0.17757,-0.60271,-0.17795,-0.60259,0.37862,-0.11181
4.54600,-0.95959,0.28140,-0.17681,-0.60293,-0.17719,-0.60282,0.37876,-0.11133
4.54800,-0.95994,0.28020,-0.17605,-0.60315,-0.17643,-0.60304,0.37890,-0.11086
4.55000,-0.96029,0.27899,-0.17530,-0.60337,-0.17567,-0.60326,0.37904,-0.11038
4.55200,-0.96064,0.27778,-0.17454,-0.60359,-0.17492,-0.60348,0.37918,-0.10990
4.55400,-0.96099,0.27658,-0.17378,-0.60381,-0.17416,-0.60370,0.37932,-0.10943
4.55600,-0.96134,0.27537,-0.17302,-0.60403,-0.17340,-0.60392,0.37945,-0.10895
4.55800,-0.96168,0.27416,-0.17226,-0.60424,-0.17264,-0.60414,0.37959,-0.10847
4.56000,-0.96203,0.27295,-0.17150,-0.60446,-0.17188,-0.60435,0.37973,-0.10800
4.56200,-0.96237,0.27174,-0.17074,-0.60467,-0.17112,-0.60457,0.37986,-0.10752
4.56400,-0.96271,0.27053,-0.16998,-0.60489,-0.17036,-0.60478,0.38000,-0.10704
4.56600,-0.96305,0.26932,-0.16922,-0.60510,-0.16960,-0.60500,0.38013,-0.10656
4.56800,-0.96339,0.26811,-0.16846,-0.60531,-0.16884,-0.60521,0.38026,-0.10609
4.57000,-0.96372,0.26690,-0.16770,-0.60553,-0.16808,-0.60542,0.38040,-0.10561
4.57200,-0.96406,0.26569,-0.16694,-0.60574,-0.16732,-0.60563,0.38053,-0.10513
4.57400,-0.96439,0.26448,-0.16618,-0.60594,-0.16656,-0.60584,0.38066,-0.10465
4.57600,-0.96472,0.26327,-0.16542,-0.60615,-0.16580,-0.60605,0.38079,-0.10417
4.57800,-0.96505,0.26205,-0.16465,-0.60636,-0.16503,-0.60626,0.38092,-0.10369
4.58000,-0.96538,0.26084,-0.16389,-0.60657,-0.16427,-0.60646,0.38105,-0.10322
4.58200,-0.96571,0.25963,-0.16313,-0.60677,-0.16351,-0.60667,0.38118,-0.10274
4.58400,-0.96603,0.25841,-0.16237,-0.60698,-0.16275,-0.60687,0.38131,-0.10226
4.58600,-0.96636,0.25720,-0.16160,-0.60718,-0.16199,-0.60708,0.38144,-0.10178
4.58800,-0.96668,0.25599,-0.16084,-0.60738,-0.16122,-0.60728,0.38157,-0.10130
4.59000,-0.96700,0.25477,-0.16008,-0.60758,-0.16046,-0.60748,0.38169,-0.10082
4.59200,-0.96732,0.25356,-0.15931,-0.60779,-0.15970,-0.60769,0.38182,-0.10034
4.59400,-0.96764,0.25234,-0.15855,-0.60799,-0.15893,-0.60789,0.38195,-0.09986
4.59600,-0.96796,0.25112,-0.15779,-0.60818,-0.15817,-0.60808,0.38207,-0.09938
4.59800,-0.96827,0.24991,-0.15702,-0.60838,-0.15740,-0.60828,0.38220,-0.09890
4.60000,-0.96858,0.24869,-0.15626,-0.60858,-0.15664,-0.60848,0.38232,-0.09842
4.60200,-0.96889,0.24747,-0.15549,-0.60877,-0.15587,-0.60868,0.38244,-0.09794
4.60400,-0.96921,0.24625,-0.15473,-0.60897,-0.15511,-0.60887,0.38257,-0.09746
4.60600,-0.96951,0.24504,-0.15396,-0.60916,-0.15434,-0.60907,0.38269,-0.09698
4.60800,-0.96982,0.24382,-0.15320,-0.60936,-0.15358,-0.60926,0.38281,-0.09650
4.61000,-0.97013,0.24260,-0.15243,-0.60955,-0.15281,-0.60945,0.38293,-0.09601
4.61200,-0.97043,0.24138,-0.15166,-0.60974,-0.15205,-0.60964,0.38305,-0.09553
4.61400,-0.97073,0.24016,-0.15090,-0.60993,-0.15128,-0.60983,0.38317,-0.09505
4.61600,-0.97103,0.23894,-0.15013,-0.61012,-0.15051,-0.61002,0.38329,-0.09457
4.61800,-0.97133,0.23772,-0.14936,-0.61031,-0.14975,-0.61021,0.38341,-0.09409
4.62000,-0.97163,0.23650,-0.14860,-0.61049,-0.14898,-0.61040,0.38353,-0.09361
4.62200,-0.97193,0.23528,-0.14783,-0.61068,-0.14821,-0.61059,0.38364,-0.09312
4.62400,-0.97222,0.23406,-0.14706,-0.61087,-0.14745,-0.61077,0.38376,-0.09264
4.62600,-0.97252,0.23283,-0.14629,-0.61105,-0.14668,-0.61096,0.38388,-0.09216
4.62800,-0.97281,0.23161,-0.14553,-0.61123,-0.14591,-0.61114,0.38399,-0.09168
4.63000,-0.97310,0.23039,-0.14476,-0.61142,-0.14514,-0.61132,0.38411,-0.09120
4.63200,-0.97339,0.22917,-0.14399,-0.61160,-0.14437,-0.61151,0.38422,-0.09071
4.63400,-0.97367,0.22794,-0.14322,-0.61178,-0.14361,-0.61169,0.38433,-0.09023
4.63600,-0.97396,0.22672,-0.14245,-0.61196,-0.14284,-0.61187,0.38445,-0.08975
4.63800,-0.97424,0.22550,-0.14168,-0.61214,-0.14207,-0.61205,0.38456,-0.08926
4.64000,-0.97453,0.22427,-0.14091,-0.61231,-0.14130,-0.61222,0.38467,-0.08878
4.64200,-0.97481,0.22305,-0.14014,-0.61249,-0.14053,-0.61240,0.38478,-0.08830
4.64400,-0.97509,0.22182,-0.13937,-0.61267,-0.13976,-0.61258,0.38489,-0.08781
4.64600,-0.97537,0.22060,-0.13860,-0.61284,-0.13899,-0.61275,0.38500,-0.08733
4.64800,-0.97564,0.21937,-0.13783,-0.61301,-0.13822,-0.61293,0.38511,-0.08685
4.65000,-0.97592,0.21814,-0.13706,-0.61319,-0.13745,-0.61310,0.38522,-0.08636
4.65200,-0.97619,0.21692,-0.13629,-0.61336,-0.13668,-0.61327,0.38533,-0.08588
4.65400,-0.97646,0.21569,-0.13552,-0.61353,-0.13591,-0.61344,0.38544,-0.08539
4.65600,-0.97673,0.21446,-0.13475,-0.61370,-0.13514,-0.61361,0.38555,-0.08491
4.65800,-0.97700,0.21324,-0.13398,-0.61387,-0.13437,-0.61378,0.38565,-0.08442
4.66000,-0.97727,0.21201,-0.13321,-0.61404,-0.13359,-0.61395,0.38576,-0.08394
4.66200,-0.97753,0.21078,-0.13244,-0.61420,-0.13282,-0.61412,0.38586,-0.08345
4.66400,-0.97780,0.20955,-0.13166,-0.61437,-0.13205,-0.61429,0.38597,-0.08297
4.66600,-0.97806,0.20832,-0.13089,-0.61453,-0.13128,-0.61445,0.38607,-0.08248
4.66800,-0.97832,0.20709,-0.13012,-0.61470,-0.13051,-0.61462,0.38617,-0.08200
4.67000,-0.97858,0.20586,-0.12935,-0.61486,-0.12973,-0.61478,0.38628,-0.08151
4.67200,-0.97884,0.20463,-0.12857,-0.61502,-0.12896,-0.61494,0.38638,-0.08103
4.67400,-0.97910,0.20340,-0.12780,-0.61518,-0.12819,-0.61510,0.38648,-0.08054
4.67600,-0.97935,0.20217,-0.12703,-0.61534,-0.12742,-0.61526,0.38658,-0.08006
4.67800,-0.97960,0.20094,-0.12626,-0.61550,-0.12664,-0.61542,0.38668,-0.07957
4.68000,-0.97986,0.19971,-0.12548,-0.61566,-0.12587,-0.61558,0.38678,-0.07909
4.68200,-0.98011,0.19848,-0.12471,-0.61582,-0.12509,-0.61574,0.38688,-0.07860
4.68400,-0.98035,0.19725,-0.12393,-0.61597,-0.12432,-0.61590,0.38698,-0.07811
4.68600,-0.98060,0.19601,-0.12316,-0.61613,-0.12355,-0.61605,0.38708,-0.07763
4.68800,-0.98085,0.19478,-0.12239,-0.61628,-0.12277,-0.61621,0.38717,-0.07714
4.69000,-0.98109,0.19355,-0.12161,-0.61644,-0.12200,-0.61636,0.38727,-0.07665
4.69200,-0.98133,0.19232,-0.12084,-0.61659,-0.12122,-0.61651,0.38737,-0.07617
4.69400,-0.98157,0.19108,-0.12006,-0.61674,-0.12045,-0.61667,0.38746,-0.07568
4.69600,-0.98181,0.18985,-0.11929,-0.61689,-0.11967,-0.61682,0.38756,-0.07519
4.69800,-0.98205,0.18862,-0.11851,-0.61704,-0.11890,-0.61697,0.38765,-0.07471
4.70000,-0.98229,0.18738,-0.11774,-0.61719,-0.11812,-0.61712,0.38774,-0.07422
4.70200,-0.98252,0.18615,-0.11696,-0.61734,-0.11735,-0.61726,0.38784,-0.07373
4.70400,-0.98276,0.18491,-0.11618,-0.61748,-0.11657,-0.61741,0.38793,-0.07324
4.70600,-0.98299,0.18368,-0.11541,-0.61763,-0.11580,-0.61756,0.38802,-0.07276
4.70800,-0.98322,0.18244,-0.11463,-0.61777,-0.11502,-0.61770,0.38811,-0.07227
4.71000,-0.98345,0.18121,-0.11385,-0.61792,-0.11424,-0.61785,0.38820,-0.07178
4.71200,-0.98367,0.17997,-0.11308,-0.61806,-0.11347,-0.61799,0.38829,-0.07129
4.71400,-0.98390,0.17873,-0.11230,-0.61820,-0.11269,-0.61813,0.38838,-0.07081
4.71600,-0.98412,0.17750,-0.11152,-0.61834,-0.11191,-0.61827,0.38847,-0.07032
4.71800,-0.98434,0.17626,-0.11075,-0.61848,-0.11114,-0.61841,0.38856,-0.06983
4.72000,-0.98456,0.17502,-0.10997,-0.61862,-0.11036,-0.61855,0.38865,-0.06934
4.72200,-0.98478,0.17379,-0.10919,-0.61876,-0.10958,-0.61869,0.38873,-0.06885
4.72400,-0.98500,0.17255,-0.10842,-0.61889,-0.10880,-0.61883,0.38882,-0.06836
4.72600,-0.98522,0.17131,-0.10764,-0.61903,-0.10803,-0.61896,0.38891,-0.06787
4.72800,-0.98543,0.17007,-0.10686,-0.61916,-0.10725,-0.61910,0.38899,-0.06739
4.73000,-0.98564,0.16883,-0.10608,-0.61930,-0.10647,-0.61923,0.38907,-0.06690
4.73200,-0.98586,0.16759,-0.10530,-0.61943,-0.10569,-0.61937,0.38916,-0.06641
4.73400,-0.98607,0.16636,-0.10452,-0.61956,-0.10491,-0.61950,0.38924,-0.06592
4.73600,-0.98627,0.16512,-0.10375,-0.61969,-0.10414,-0.61963,0.38932,-0.06543
4.73800,-0.98648,0.16388,-0.10297,-0.61982,-0.10336,-0.61976,0.38941,-0.06494
4.74000,-0.98669,0.16264,-0.10219,-0.61995,-0.10258,-0.61989,0.38949,-0.06445
4.74200,-0.98689,0.16140,-0.10141,-0.62008,-0.10180,-0.62002,0.38957,-0.06396
4.74400,-0.98709,0.16016,-0.10063,-0.62021,-0.10102,-0.62014,0.38965,-0.06347
4.74600,-0.98729,0.15892,-0.09985,-0.62033,-0.10024,-0.62027,0.38973,-0.06298
4.74800,-0.98749,0.15768,-0.09907,-0.62046,-0.09946,-0.62040,0.38981,-0.06249
4.75000,-0.98769,0.15643,-0.09829,-0.62058,-0.09868,-0.62052,0.38988,-0.06200
4.75200,-0.98788,0.15519,-0.09751,-0.62071,-0.09790,-0.62064,0.38996,-0.06151
4.75400,-0.98808,0.15395,-0.09673,-0.62083,-0.09712,-0.62077,0.39004,-0.06102
4.75600,-0.98827,0.15271,-0.09595,-0.62095,-0.09634,-0.62089,0.39012,-0.06053
4.75800,-0.98846,0.15147,-0.09517,-0.62107,-0.09556,-0.62101,0.39019,-0.06004
4.76000,-0.98865,0.15023,-0.09439,-0.62119,-0.09478,-0.62113,0.39027,-0.05955
4.76200,-0.98884,0.14898,-0.09361,-0.62131,-0.09400,-0.62125,0.39034,-0.05906
4.76400,-0.98903,0.14774,-0.09283,-0.62142,-0.09322,-0.62136,0.39042,-0.05857
4.76600,-0.98921,0.14650,-0.09205,-0.62154,-0.09244,-0.62148,0.39049,-0.05808
4.76800,-0.98939,0.14525,-0.09127,-0.62165,-0.09166,-0.62160,0.39056,-0.05759
4.77000,-0.98958,0.14401,-0.09048,-0.62177,-0.09088,-0.62171,0.39063,-0.05710
4.77200,-0.98976,0.14277,-0.08970,-0.62188,-0.09009,-0.62183,0.39070,-0.05661
4.77400,-0.98993,0.14152,-0.08892,-0.62199,-0.08931,-0.62194,0.39078,-0.05612
4.77600,-0.99011,0.14028,-0.08814,-0.62211,-0.08853,-0.62205,0.39085,-0.05563
4.77800,-0.99029,0.13903,-0.08736,-0.62222,-0.08775,-0.62216,0.39092,-0.05513
4.78000,-0.99046,0.13779,-0.08658,-0.62233,-0.08697,-0.62227,0.39098,-0.05464
4.78200,-0.99063,0.13655,-0.08579,-0.62243,-0.08619,-0.62238,0.39105,-0.05415
4.78400,-0.99080,0.13530,-0.08501,-0.62254,-0.08540,-0.62249,0.39112,-0.05366
4.78600,-0.99097,0.13406,-0.08423,-0.62265,-0.08462,-0.62259,0.39119,-0.05317
4.78800,-0.99114,0.13281,-0.08345,-0.62275,-0.08384,-0.62270,0.39125,-0.05268
4.79000,-0.99131,0.13156,-0.08266,-0.62286,-0.08306,-0.62280,0.39132,-0.05219
4.79200,-0.99147,0.13032,-0.08188,-0.62296,-0.08227,-0.62291,0.39138,-0.05169
4.79400,-0.99164,0.12907,-0.08110,-0.62306,-0.08149,-0.62301,0.39145,-0.05120
4.79600,-0.99180,0.12783,-0.08032,-0.62316,-0.08071,-0.62311,0.39151,-0.05071
4.79800,-0.99196,0.12658,-0.07953,-0.62326,-0.07992,-0.62321,0.39158,-0.05022
4.80000,-0.99211,0.12533,-0.07875,-0.62336,-0.07914,-0.62331,0.39164,-0.04973
4.80200,-0.99227,0.12409,-0.07797,-0.62346,-0.07836,-0.62341,0.39170,-0.04923
4.80400,-0.99243,0.12284,-0.07718,-0.62356,-0.07757,-0.62351,0.39176,-0.04874
4.80600,-0.99258,0.12159,-0.07640,-0.62366,-0.07679,-0.62361,0.39182,-0.04825
4.80800,-0.99273,0.12034,-0.07561,-0.62375,-0.07601,-0.62370,0.39188,-0.04776
4.81000,-0.99288,0.11910,-0.07483,-0.62385,-0.07522,-0.62380,0.39194,-0.04726
4.81200,-0.99303,0.11785,-0.07405,-0.62394,-0.07444,-0.62389,0.39200,-0.04677
4.81400,-0.99318,0.11660,-0.07326,-0.62403,-0.07365,-0.62399,0.39206,-0.04628
4.81600,-0.99332,0.11535,-0.07248,-0.62412,-0.07287,-0.62408,0.39212,-0.04579
4.81800,-0.99347,0.11410,-0.07169,-0.62421,-0.07209,-0.62417,0.39218,-0.04529
4.82000,-0.99361,0.11286,-0.07091,-0.62430,-0.07130,-0.62426,0.39223,-0.04480
4.82200,-0.99375,0.11161,-0.07013,-0.62439,-0.07052,-0.62435,0.39229,-0.04431
4.82400,-0.99389,0.11036,-0.06934,-0.62448,-0.06973,-0.62444,0.39235,-0.04381
4.82600,-0.99403,0.10911,-0.06856,-0.62457,-0.06895,-0.62452,0.39240,-0.04332
4.82800,-0.99417,0.10786,-0.06777,-0.62465,-0.06816,-0.62461,0.39245,-0.04283
4.83000,-0.99430,0.10661,-0.06699,-0.62474,-0.06738,-0.62470,0.39251,-0.04234
4.83200,-0.99443,0.10536,-0.06620,-0.62482,-0.06659,-0.62478,0.39256,-0.04184
4.83400,-0.99457,0.10411,-0.06542,-0.62490,-0.06581,-0.62486,0.39261,-0.04135
4.83600,-0.99470,0.10286,-0.06463,-0.62499,-0.06502,-0.62494,0.39266,-0.04085
4.83800,-0.99482,0.10161,-0.06384,-0.62507,-0.06424,-0.62503,0.39272,-0.04036
4.84000,-0.99495,0.10036,-0.06306,-0.62515,-0.06345,-0.62511,0.39277,-0.03987
4.84200,-0.99508,0.09911,-0.06227,-0.62522,-0.06267,-0.62519,0.39282,-0.03937
4.84400,-0.99520,0.09786,-0.06149,-0.62530,-0.06188,-0.62526,0.39286,-0.03888
4.84600,-0.99532,0.09661,-0.06070,-0.62538,-0.06109,-0.62534,0.39291,-0.03839
4.84800,-0.99544,0.09536,-0.05992,-0.62546,-0.06031,-0.62542,0.39296,-0.03789
4.85000,-0.99556,0.09411,-0.05913,-0.62553,-0.05952,-0.62549,0.39301,-0.03740
4.85200,-0.99568,0.09286,-0.05834,-0.62560,-0.05874,-0.62557,0.39306,-0.03691
4.85400,-0.99580,0.09161,-0.05756,-0.62568,-0.05795,-0.62564,0.39310,-0.03641
4.85600,-0.99591,0.09035,-0.05677,-0.62575,-0.05716,-0.62571,0.39315,-0.03592
4.85800,-0.99602,0.08910,-0.05598,-0.62582,-0.05638,-0.62578,0.39319,-0.03542
4.86000,-0.99613,0.08785,-0.05520,-0.62589,-0.05559,-0.62585,0.39324,-0.03493
4.86200,-0.99624,0.08660,-0.05441,-0.62596,-0.05481,-0.62592,0.39328,-0.03444
4.86400,-0.99635,0.08535,-0.05363,-0.62603,-0.05402,-0.62599,0.39332,-0.03394
4.86600,-0.99646,0.08410,-0.05284,-0.62609,-0.05323,-0.62606,0.39336,-0.03345
4.86800,-0.99656,0.08284,-0.05205,-0.62616,-0.05245,-0.62613,0.39341,-0.03295
4.87000,-0.99667,0.08159,-0.05126,-0.62622,-0.05166,-0.62619,0.39345,-0.03246
4.87200,-0.99677,0.08034,-0.05048,-0.62629,-0.05087,-0.62626,0.39349,-0.03196
4.87400,-0.99687,0.07909,-0.04969,-0.62635,-0.05008,-0.62632,0.39353,-0.03147
4.87600,-0.99697,0.07783,-0.04890,-0.62641,-0.04930,-0.62638,0.39357,-0.03097
4.87800,-0.99706,0.07658,-0.04812,-0.62647,-0.04851,-0.62644,0.39361,-0.03048
4.88000,-0.99716,0.07533,-0.04733,-0.62653,-0.04772,-0.62650,0.39364,-0.02999
4.88200,-0.99725,0.07407,-0.04654,-0.62659,-0.04694,-0.62656,0.39368,-0.02949
4.88400,-0.99735,0.07282,-0.04575,-0.62665,-0.04615,-0.62662,0.39372,-0.02900
4.88600,-0.99744,0.07157,-0.04497,-0.62671,-0.04536,-0.62668,0.39375,-0.02850
4.88800,-0.99752,0.07031,-0.04418,-0.62676,-0.04457,-0.62674,0.39379,-0.02801
4.89000,-0.99761,0.06906,-0.04339,-0.62682,-0.04379,-0.62679,0.39382,-0.02751
4.89200,-0.99770,0.06781,-0.04260,-0.62687,-0.04300,-0.62685,0.39386,-0.02702
4.89400,-0.99778,0.06655,-0.04182,-0.62693,-0.04221,-0.62690,0.39389,-0.02652
4.89600,-0.99787,0.06530,-0.04103,-0.62698,-0.04142,-0.62695,0.39393,-0.02603
4.89800,-0.99795,0.06404,-0.04024,-0.62703,-0.04063,-0.62700,0.39396,-0.02553
4.90000,-0.99803,0.06279,-0.03945,-0.62708,-0.03985,-0.62705,0.39399,-0.02504
4.90200,-0.99810,0.06154,-0.03866,-0.62713,-0.03906,-0.62710,0.39402,-0.02454
4.90400,-0.99818,0.06028,-0.03788,-0.62718,-0.03827,-0.62715,0.39405,-0.02405
4.90600,-0.99826,0.05903,-0.03709,-0.62722,-0.03748,-0.62720,0.39408,-0.02355
4.90800,-0.99833,0.05777,-0.03630,-0.62727,-0.03669,-0.62725,0.39411,-0.02306
4.91000,-0.99840,0.05652,-0.03551,-0.62731,-0.03591,-0.62729,0.39414,-0.02256
4.91200,-0.99847,0.05526,-0.03472,-0.62736,-0.03512,-0.62734,0.39417,-0.02206
4.91400,-0.99854,0.05401,-0.03393,-0.62740,-0.03433,-0.62738,0.39419,-0.02157
4.91600,-0.99861,0.05275,-0.03315,-0.62744,-0.03354,-0.62742,0.39422,-0.02107
4.91800,-0.99867,0.05150,-0.03236,-0.62748,-0.03275,-0.62746,0.39425,-0.02058
4.92000,-0.99874,0.05024,-0.03157,-0.62752,-0.03196,-0.62750,0.39427,-0.02008
4.92200,-0.99880,0.04899,-0.03078,-0.62756,-0.03118,-0.62754,0.39430,-0.01959
4.92400,-0.99886,0.04773,-0.02999,-0.62760,-0.03039,-0.62758,0.39432,-0.01909
4.92600,-0.99892,0.04648,-0.02920,-0.62764,-0.02960,-0.62762,0.39435,-0.01860
4.92800,-0.99898,0.04522,-0.02841,-0.62768,-0.02881,-0.62766,0.39437,-0.01810
4.93000,-0.99903,0.04397,-0.02763,-0.62771,-0.02802,-0.62769,0.39439,-0.01761
4.93200,-0.99909,0.04271,-0.02684,-0.62774,-0.02723,-0.62773,0.39441,-0.01711
4.93400,-0.99914,0.04146,-0.02605,-0.62778,-0.02644,-0.62776,0.39443,-0.01661
4.93600,-0.99919,0.04020,-0.02526,-0.62781,-0.02565,-0.62779,0.39445,-0.01612
4.93800,-0.99924,0.03895,-0.02447,-0.62784,-0.02486,-0.62783,0.39447,-0.01562
4.94000,-0.99929,0.03769,-0.02368,-0.62787,-0.02408,-0.62786,0.39449,-0.01513
4.94200,-0.99934,0.03643,-0.02289,-0.62790,-0.02329,-0.62789,0.39451,-0.01463
4.94400,-0.99938,0.03518,-0.02210,-0.62793,-0.02250,-0.62792,0.39453,-0.01414
4.94600,-0.99942,0.03392,-0.02131,-0.62796,-0.02171,-0.62794,0.39455,-0.01364
4.94800,-0.99947,0.03267,-0.02053,-0.62798,-0.02092,-0.62797,0.39457,-0.01314
4.95000,-0.99951,0.03141,-0.01974,-0.62801,-0.02013,-0.62800,0.39458,-0.01265
4.95200,-0.99955,0.03015,-0.01895,-0.62803,-0.01934,-0.62802,0.39460,-0.01215
4.95400,-0.99958,0.02890,-0.01816,-0.62806,-0.01855,-0.62804,0.39461,-0.01166
4.95600,-0.99962,0.02764,-0.01737,-0.62808,-0.01776,-0.62807,0.39463,-0.01116
4.95800,-0.99965,0.02639,-0.01658,-0.62810,-0.01697,-0.62809,0.39464,-0.01066
4.96000,-0.99968,0.02513,-0.01579,-0.62812,-0.01618,-0.62811,0.39465,-0.01017
4.96200,-0.99971,0.02387,-0.01500,-0.62814,-0.01540,-0.62813,0.39467,-0.00967
4.96400,-0.99974,0.02262,-0.01421,-0.62816,-0.01461,-0.62815,0.39468,-0.00918
4.96600,-0.99977,0.02136,-0.01342,-0.62817,-0.01382,-0.62817,0.39469,-0.00868
4.96800,-0.99980,0.02010,-0.01263,-0.62819,-0.01303,-0.62818,0.39470,-0.00819
4.97000,-0.99982,0.01885,-0.01184,-0.62821,-0.01224,-0.62820,0.39471,-0.00769
4.97200,-0.99985,0.01759,-0.01105,-0.62822,-0.01145,-0.62821,0.39472,-0.00719
4.97400,-0.99987,0.01634,-0.01026,-0.62823,-0.01066,-0.62823,0.39473,-0.00670
4.97600,-0.99989,0.01508,-0.00947,-0.62825,-0.00987,-0.62824,0.39474,-0.00620
4.97800,-0.99990,0.01382,-0.00868,-0.62826,-0.00908,-0.62825,0.39474,-0.00570
4.98000,-0.99992,0.01257,-0.00790,-0.62827,-0.00829,-0.62826,0.39475,-0.00521
4.98200,-0.99994,0.01131,-0.00711,-0.62828,-0.00750,-0.62827,0.39476,-0.00471
4.98400,-0.99995,0.01005,-0.00632,-0.62829,-0.00671,-0.62828,0.39476,-0.00422
4.98600,-0.99996,0.00880,-0.00553,-0.62829,-0.00592,-0.62829,0.39477,-0.00372
4.98800,-0.99997,0.00754,-0.00474,-0.62830,-0.00513,-0.62830,0.39477,-0.00322
4.99000,-0.99998,0.00628,-0.00395,-0.62831,-0.00434,-0.62830,0.39477,-0.00273
4.99200,-0.99999,0.00503,-0.00316,-0.62831,-0.00355,-0.62831,0.39478,-0.00223
4.99400,-0.99999,0.00377,-0.00237,-0.62831,-0.00276,-0.62831,0.39478,-0.00174
4.99600,-1.00000,0.00251,-0.00158,-0.62832,-0.00197,-0.62832,0.39478,-0.00124
4.99800,-1.00000,0.00126,-0.00079,-0.62832,-0.00118,-0.62832,0.39478,-0.00074
5.00000,-1.00000,0.00000,0.00000,-0.62832,-0.00039,-0.62832,0.39478,-0.00025
5.00200,-1.00000,-0.00126,0.00079,-0.62832,0.00039,-0.62832,0.39478,0.00025
5.00400,-1.00000,-0.00251,0.00158,-0.62832,0.00118,-0.62832,0.39478,0.00074
5.00600,-0.99999,-0.00377,0.00237,-0.62831,0.00197,-0.62832,0.39478,0.00124
5.00800,-0.99999,-0.00503,0.00316,-0.62831,0.00276,-0.62831,0.39478,0.00174
5.01000,-0.99998,-0.00628,0.00395,-0.62831,0.00355,-0.62831,0.39478,0.00223
5.01200,-0.99997,-0.00754,0.00474,-0.62830,0.00434,-0.62830,0.39477,0.00273
5.01400,-0.99996,-0.00880,0.00553,-0.62829,0.00513,-0.62830,0.39477,0.00322
5.01600,-0.99995,-0.01005,0.00632,-0.62829,0.00592,-0.62829,0.39477,0.00372
5.01800,-0.99994,-0.01131,0.00711,-0.62828,0.00671,-0.62828,0.39476,0.00422
5.02000,-0.99992,-0.01257,0.00790,-0.62827,0.00750,-0.62827,0.39476,0.00471
5.02200,-0.99990,-0.01382,0.00868,-0.62826,0.00829,-0.62826,0.39475,0.00521
5.02400,-0.99989,-0.01508,0.00947,-0.62825,0.00908,-0.62825,0.39474,0.00570
5.02600,-0.99987,-0.01634,0.01026,-0.62823,0.00987,-0.62824,0.39474,0.00620
5.02800,-0.99985,-0.01759,0.01105,-0.62822,0.01066,-0.62823,0.39473,0.00670
5.03000,-0.99982,-0.01885,0.01184,-0.62821,0.01145,-0.62821,0.39472,0.00719
5.03200,-0.99980,-0.02010,0.01263,-0.62819,0.01224,-0.62820,0.39471,0.00769
5.03400,-0.99977,-0.02136,0.01342,-0.62817,0.01303,-0.62818,0.39470,0.00819
5.03600,-0.99974,-0.02262,0.01421,-0.62816,0.01382,-0.62817,0.39469,0.00868
5.03800,-0.99971,-0.02387,0.01500,-0.62814,0.01461,-0.62815,0.39468,0.00918
5.04000,-0.99968,-0.02513,0.01579,-0.62812,0.01540,-0.62813,0.39467,0.00967
5.04200,-0.99965,-0.02639,0.01658,-0.62810,0.01618,-0.62811,0.39465,0.01017
5.04400,-0.99962,-0.02764,0.01737,-0.62808,0.01697,-0.62809,0.39464,0.01066
5.04600,-0.99958,-0.02890,0.01816,-0.62806,0.01776,-0.62807,0.39463,0.01116
5.04800,-0.99955,-0.03015,0.01895,-0.62803,0.01855,-0.62804,0.39461,0.01166
5.05000,-0.99951,-0.03141,0.01974,-0.62801,0.01934,-0.62802,0.39460,0.01215
5.05200,-0.99947,-0.03267,0.02053,-0.62798,0.02013,-0.62800,0.39458,0.01265
5.05400,-0.99942,-0.03392,0.02131,-0.62796,0.02092,-0.62797,0.39457,0.01314
5.05600,-0.99938,-0.03518,0.02210,-0.62793,0.02171,-0.62794,0.39455,0.01364
5.05800,-0.99934,-0.03643,0.02289,-0.62790,0.02250,-0.62792,0.39453,0.01414
5.06000,-0.99929,-0.03769,0.02368,-0.62787,0.02329,-0.62789,0.39451,0.01463
5.06200,-0.99924,-0.03895,0.02447,-0.62784,0.02408,-0.62786,0.39449,0.01513
5.06400,-0.99919,-0.04020,0.02526,-0.62781,0.02486,-0.62783,0.39447,0.01562
5.06600,-0.99914,-0.04146,0.02605,-0.62778,0.02565,-0.62779,0.39445,0.01612
5.06800,-0.99909,-0.04271,0.02684,-0.62774,0.02644,-0.62776,0.39443,0.01661
5.07000,-0.99903,-0.04397,0.02763,-0.62771,0.02723,-0.62773,0.39441,0.01711
5.07200,-0.99898,-0.04522,0.02841,-0.62768,0.02802,-0.62769,0.39439,0.01761
5.07400,-0.99892,-0.04648,0.02920,-0.62764,0.02881,-0.62766,0.39437,0.01810
5.07600,-0.99886,-0.04773,0.02999,-0.62760,0.02960,-0.62762,0.39435,0.01860
5.07800,-0.99880,-0.04899,0.03078,-0.62756,0.03039,-0.62758,0.39432,0.01909
5.08000,-0.99874,-0.05024,0.03157,-0.62752,0.03118,-0.62754,0.39430,0.01959
5.08200,-0.99867,-0.05150,0.03236,-0.62748,0.03196,-0.62750,0.39427,0.02008
5.08400,-0.99861,-0.05275,0.03315,-0.62744,0.03275,-0.62746,0.39425,0.02058
5.08600,-0.99854,-0.05401,0.03393,-0.62740,0.03354,-0.62742,0.39422,0.02107
5.08800,-0.99847,-0.05526,0.03472,-0.62736,0.03433,-0.62738,0.39419,0.02157
5.09000,-0.99840,-0.05652,0.03551,-0.62731,0.03512,-0.62734,0.39417,0.02206
5.09200,-0.99833,-0.05777,0.03630,-0.62727,0.03591,-0.62729,0.39414,0.02256
5.09400,-0.99826,-0.05903,0.03709,-0.62722,0.03669,-0.62725,0.39411,0.02306
5.09600,-0.99818,-0.06028,0.03788,-0.62718,0.03748,-0.62720,0.39408,0.02355
5.09800,-0.99810,-0.06154,0.03866,-0.62713,0.03827,-0.62715,0.39405,0.02405
5.10000,-0.99803,-0.06279,0.03945,-0.62708,0.03906,-0.62710,0.39402,0.02454
5.10200,-0.99795,-0.06404,0.04024,-0.62703,0.03985,-0.62705,0.39399,0.02504
5.10400,-0.99787,-0.06530,0.04103,-0.62698,0.04063,-0.62700,0.39396,0.02553
5.10600,-0.99778,-0.06655,0.04182,-0.62693,0.04142,-0.62695,0.39393,0.02603
5.10800,-0.99770,-0.06781,0.04260,-0.62687,0.04221,-0.62690,0.39389,0.02652
5.11000,-0.99761,-0.06906,0.04339,-0.62682,0.04300,-0.62685,0.39386,0.02702
5.11200,-0.99752,-0.07031,0.04418,-0.62676,0.04379,-0.62679,0.39382,0.02751
5.11400,-0.99744,-0.07157,0.04497,-0.62671,0.04457,-0.62674,0.39379,0.02801
5.11600,-0.99735,-0.07282,0.04575,-0.62665,0.04536,-0.62668,0.39375,0.02850
5.11800,-0.99725,-0.07407,0.04654,-0.62659,0.04615,-0.62662,0.39372,0.02900
5.12000,-0.99716,-0.07533,0.04733,-0.62653,0.04694,-0.62656,0.39368,0.02949
5.12200,-0.99706,-0.07658,0.04812,-0.62647,0.04772,-0.62650,0.39364,0.02999
5.12400,-0.99697,-0.07783,0.04890,-0.62641,0.04851,-0.62644,0.39361,0.03048
5.12600,-0.99687,-0.07909,0.04969,-0.62635,0.04930,-0.62638,0.39357,0.03097
5.12800,-0.99677,-0.08034,0.05048,-0.62629,0.05008,-0.62632,0.39353,0.03147
5.13000,-0.99667,-0.08159,0.05126,-0.62622,0.05087,-0.62626,0.39349,0.03196
5.13200,-0.99656,-0.08284,0.05205,-0.62616,0.05166,-0.62619,0.39345,0.03246
5.13400,-0.99646,-0.08410,0.05284,-0.62609,0.05245,-0.62613,0.39341,0.03295
5.13600,-0.99635,-0.08535,0.05363,-0.62603,0.05323,-0.62606,0.39336,0.03345
5.13800,-0.99624,-0.08660,0.05441,-0.62596,0.05402,-0.62599,0.39332,0.03394
5.14000,-0.99613,-0.08785,0.05520,-0.62589,0.05481,-0.62592,0.39328,0.03444
5.14200,-0.99602,-0.08910,0.05598,-0.62582,0.05559,-0.62585,0.39324,0.03493
5.14400,-0.99591,-0.09035,0.05677,-0.62575,0.05638,-0.62578,0.39319,0.03542
5.14600,-0.99580,-0.09161,0.05756,-0.62568,0.05716,-0.62571,0.39315,0.03592
5.14800,-0.99568,-0.09286,0.05834,-0.62560,0.05795,-0.62564,0.39310,0.03641
5.15000,-0.99556,-0.09411,0.05913,-0.62553,0.05874,-0.62557,0.39306,0.03691
5.15200,-0.99544,-0.09536,0.05992,-0.62546,0.05952,-0.62549,0.39301,0.03740
5.15400,-0.99532,-0.09661,0.06070,-0.62538,0.06031,-0.62542,0.39296,0.03789
5.15600,-0.99520,-0.09786,0.06149,-0.62530,0.06109,-0.62534,0.39291,0.03839
5.15800,-0.99508,-0.09911,0.06227,-0.62522,0.06188,-0.62526,0.39286,0.03888
5.16000,-0.99495,-0.10036,0.06306,-0.62515,0.06267,-0.62519,0.39282,0.03937
5.16200,-0.99482,-0.10161,0.06384,-0.62507,0.06345,-0.62511,0.39277,0.03987
5.16400,-0.99470,-0.10286,0.06463,-0.62499,0.06424,-0.62503,0.39272,0.04036
5.16600,-0.99457,-0.10411,0.06542,-0.62490,0.06502,-0.62494,0.39266,0.04085
5.16800,-0.99443,-0.10536,0.06620,-0.62482,0.06581,-0.62486,0.39261,0.04135
5.17000,-0.99430,-0.10661,0.06699,-0.62474,0.06659,-0.62478,0.39256,0.04184
5.17200,-0.99417,-0.10786,0.06777,-0.62465,0.06738,-0.62470,0.39251,0.04234
5.17400,-0.99403,-0.10911,0.06856,-0.62457,0.06816,-0.62461,0.39245,0.04283
5.17600,-0.99389,-0.11036,0.06934,-0.62448,0.06895,-0.62452,0.39240,0.04332
5.17800,-0.99375,-0.11161,0.07013,-0.62439,0.06973,-0.62444,0.39235,0.04381
5.18000,-0.99361,-0.11286,0.07091,-0.62430,0.07052,-0.62435,0.39229,0.04431
5.18200,-0.99347,-0.11410,0.07169,-0.62421,0.07130,-0.62426,0.39223,0.04480
5.18400,-0.99332,-0.11535,0.07248,-0.62412,0.07209,-0.62417,0.39218,0.04529
5.18600,-0.99318,-0.11660,0.07326,-0.62403,0.07287,-0.62408,0.39212,0.04579
5.18800,-0.99303,-0.11785,0.07405,-0.62394,0.07365,-0.62399,0.39206,0.04628
5.19000,-0.99288,-0.11910,0.07483,-0.62385,0.07444,-0.62389,0.39200,0.04677
5.19200,-0.99273,-0.12034,0.07561,-0.62375,0.07522,-0.62380,0.39194,0.04726
5.19400,-0.99258,-0.12159,0.07640,-0.62366,0.07601,-0.62370,0.39188,0.04776
5.19600,-0.99243,-0.12284,0.07718,-0.62356,0.07679,-0.62361,0.39182,0.04825
5.19800,-0.99227,-0.12409,0.07797,-0.62346,0.07757,-0.62351,0.39176,0.04874
5.20000,-0.99211,-0.12533,0.07875,-0.62336,0.07836,-0.62341,0.39170,0.04923
5.20200,-0.99196,-0.12658,0.07953,-0.62326,0.07914,-0.62331,0.39164,0.04973
5.20400,-0.99180,-0.12783,0.08032,-0.62316,0.07992,-0.62321,0.39158,0.05022
5.20600,-0.99164,-0.12907,0.08110,-0.62306,0.08071,-0.62311,0.39151,0.05071
5.20800,-0.99147,-0.13032,0.08188,-0.62296,0.08149,-0.62301,0.39145,0.05120
5.21000,-0.99131,-0.13156,0.08266,-0.62286,0.08227,-0.62291,0.39138,0.05169
5.21200,-0.99114,-0.13281,0.08345,-0.62275,0.08306,-0.62280,0.39132,0.05219
5.21400,-0.99097,-0.13406,0.08423,-0.62265,0.08384,-0.62270,0.39125,0.05268
5.21600,-0.99080,-0.13530,0.08501,-0.62254,0.08462,-0.62259,0.39119,0.05317
5.21800,-0.99063,-0.13655,0.08579,-0.62243,0.08540,-0.62249,0.39112,0.05366
5.22000,-0.99046,-0.13779,0.08658,-0.62233,0.08619,-0.62238,0.39105,0.05415
5.22200,-0.99029,-0.13903,0.08736,-0.62222,0.08697,-0.62227,0.39098,0.05464
5.22400,-0.99011,-0.14028,0.08814,-0.62211,0.08775,-0.62216,0.39092,0.05513
5.22600,-0.98993,-0.14152,0.08892,-0.62199,0.08853,-0.62205,0.39085,0.05563
5.22800,-0.98976,-0.14277,0.08970,-0.62188,0.08931,-0.62194,0.39078,0.05612
5.23000,-0.98958,-0.14401,0.09048,-0.62177,0.09009,-0.62183,0.39070,0.05661
5.23200,-0.98939,-0.14525,0.09127,-0.62165,0.09088,-0.62171,0.39063,0.05710
5.23400,-0.98921,-0.14650,0.09205,-0.62154,0.09166,-0.62160,0.39056,0.05759
5.23600,-0.98903,-0.14774,0.09283,-0.62142,0.09244,-0.62148,0.39049,0.05808
5.23800,-0.98884,-0.14898,0.09361,-0.62131,0.09322,-0.62136,0.39042,0.05857
5.24000,-0.98865,-0.15023,0.09439,-0.62119,0.09400,-0.62125,0.39034,0.05906
5.24200,-0.98846,-0.15147,0.09517,-0.62107,0.09478,-0.62113,0.39027,0.05955
5.24400,-0.98827,-0.15271,0.09595,-0.62095,0.09556,-0.62101,0.39019,0.06004
5.24600,-0.98808,-0.15395,0.09673,-0.62083,0.09634,-0.62089,0.39012,0.06053
5.24800,-0.98788,-0.15519,0.09751,-0.62071,0.09712,-0.62077,0.39004,0.06102
5.25000,-0.98769,-0.15643,0.09829,-0.62058,0.09790,-0.62064,0.38996,0.06151
5.25200,-0.98749,-0.15768,0.09907,-0.62046,0.09868,-0.62052,0.38988,0.06200
5.25400,-0.98729,-0.15892,0.09985,-0.62033,0.09946,-0.62040,0.38981,0.06249
5.25600,-0.98709,-0.16016,0.10063,-0.62021,0.10024,-0.62027,0.38973,0.06298
5.25800,-0.98689,-0.16140,0.10141,-0.62008,0.10102,-0.62014,0.38965,0.06347
5.26000,-0.98669,-0.16264,0.10219,-0.61995,0.10180,-0.62002,0.38957,0.06396
5.26200,-0.98648,-0.16388,0.10297,-0.61982,0.10258,-0.61989,0.38949,0.06445
5.26400,-0.98627,-0.16512,0.10375,-0.61969,0.10336,-0.61976,0.38941,0.06494
5.26600,-0.98607,-0.16636,0.10452,-0.61956,0.10414,-0.61963,0.38932,0.06543
5.26800,-0.98586,-0.16759,0.10530,-0.61943,0.10491,-0.61950,0.38924,0.06592
5.27000,-0.98564,-0.16883,0.10608,-0.61930,0.10569,-0.61937,0.38916,0.06641
5.27200,-0.98543,-0.17007,0.10686,-0.61916,0.10647,-0.61923,0.38907,0.06690
5.27400,-0.98522,-0.17131,0.10764,-0.61903,0.10725,-0.61910,0.38899,0.06739
5.27600,-0.98500,-0.17255,0.10842,-0.61889,0.10803,-0.61896,0.38891,0.06787
5.27800,-0.98478,-0.17379,0.10919,-0.61876,0.10880,-0.61883,0.38882,0.06836
5.28000,-0.98456,-0.17502,0.10997,-0.61862,0.10958,-0.61869,0.38873,0.06885
5.28200,-0.98434,-0.17626,0.11075,-0.61848,0.11036,-0.61855,0.38865,0.06934
5.28400,-0.98412,-0.17750,0.11152,-0.61834,0.11114,-0.61841,0.38856,0.06983
5.28600,-0.98390,-0.17873,0.11230,-0.61820,0.11191,-0.61827,0.38847,0.07032
5.28800,-0.98367,-0.17997,0.11308,-0.61806,0.11269,-0.61813,0.38838,0.07081
5.29000,-0.98345,-0.18121,0.11385,-0.61792,0.11347,-0.61799,0.38829,0.07129
5.29200,-0.98322,-0.18244,0.11463,-0.61777,0.11424,-0.61785,0.38820,0.07178
5.29400,-0.98299,-0.18368,0.11541,-0.61763,0.11502,-0.61770,0.38811,0.07227
5.29600,-0.98276,-0.18491,0.11618,-0.61748,0.11580,-0.61756,0.38802,0.07276
5.29800,-0.98252,-0.18615,0.11696,-0.61734,0.11657,-0.61741,0.38793,0.07324
5.30000,-0.98229,-0.18738,0.11774,-0.61719,0.11735,-0.61726,0.38784,0.07373
5.30200,-0.98205,-0.18862,0.11851,-0.61704,0.11812,-0.61712,0.38774,0.07422
5.30400,-0.98181,-0.18985,0.11929,-0.61689,0.11890,-0.61697,0.38765,0.07471
5.30600,-0.98157,-0.19108,0.12006,-0.61674,0.11967,-0.61682,0.38756,0.07519
5.30800,-0.98133,-0.19232,0.12084,-0.61659,0.12045,-0.61667,0.38746,0.07568
5.31000,-0.98109,-0.19355,0.12161,-0.61644,0.12122,-0.61651,0.38737,0.07617
5.31200,-0.98085,-0.19478,0.12239,-0.61628,0.12200,-0.61636,0.38727,0.07665
5.31400,-0.98060,-0.19601,0.12316,-0.61613,0.12277,-0.61621,0.38717,0.07714
5.31600,-0.98035,-0.19725,0.12393,-0.61597,0.12355,-0.61605,0.38708,0.07763
5.31800,-0.98011,-0.19848,0.12471,-0.61582,0.12432,-0.61590,0.38698,0.07811
5.32000,-0.97986,-0.19971,0.12548,-0.61566,0.12509,-0.61574,0.38688,0.07860
5.32200,-0.97960,-0.20094,0.12626,-0.61550,0.12587,-0.61558,0.38678,0.07909
5.32400,-0.97935,-0.20217,0.12703,-0.61534,0.12664,-0.61542,0.38668,0.07957
5.32600,-0.97910,-0.20340,0.12780,-0.61518,0.12742,-0.61526,0.38658,0.08006
5.32800,-0.97884,-0.20463,0.12857,-0.61502,0.12819,-0.61510,0.38648,0.08054
5.33000,-0.97858,-0.20586,0.12935,-0.61486,0.12896,-0.61494,0.38638,0.08103
5.33200,-0.97832,-0.20709,0.13012,-0.61470,0.12973,-0.61478,0.38628,0.08151
5.33400,-0.97806,-0.20832,0.13089,-0.61453,0.13051,-0.61462,0.38617,0.08200
5.33600,-0.97780,-0.20955,0.13166,-0.61437,0.13128,-0.61445,0.38607,0.08248
5.33800,-0.97753,-0.21078,0.13244,-0.61420,0.13205,-0.61429,0.38597,0.08297
5.34000,-0.97727,-0.21201,0.13321,-0.61404,0.13282,-0.61412,0.38586,0.08345
5.34200,-0.97700,-0.21324,0.13398,-0.61387,0.13359,-0.61395,0.38576,0.08394
5.34400,-0.97673,-0.21446,0.13475,-0.61370,0.13437,-0.61378,0.38565,0.08442
5.34600,-0.97646,-0.21569,0.13552,-0.61353,0.13514,-0.61361,0.38555,0.08491
5.34800,-0.97619,-0.21692,0.13629,-0.61336,0.13591,-0.61344,0.38544,0.08539
5.35000,-0.97592,-0.21814,0.13706,-0.61319,0.13668,-0.61327,0.38533,0.08588
5.35200,-0.97564,-0.21937,0.13783,-0.61301,0.13745,-0.61310,0.38522,0.08636
5.35400,-0.97537,-0.22060,0.13860,-0.61284,0.13822,-0.61293,0.38511,0.08685
5.35600,-0.97509,-0.22182,0.13937,-0.61267,0.13899,-0.61275,0.38500,0.08733
5.35800,-0.97481,-0.22305,0.14014,-0.61249,0.13976,-0.61258,0.38489,0.08781
5.36000,-0.97453,-0.22427,0.14091,-0.61231,0.14053,-0.61240,0.38478,0.08830
5.36200,-0.97424,-0.22550,0.14168,-0.61214,0.14130,-0.61222,0.38467,0.08878
5.36400,-0.97396,-0.22672,0.14245,-0.61196,0.14207,-0.61205,0.38456,0.08926
5.36600,-0.97367,-0.22794,0.14322,-0.61178,0.14284,-0.61187,0.38445,0.08975
5.36800,-0.97339,-0.22917,0.14399,-0.61160,0.14361,-0.61169,0.38433,0.09023
5.37000,-0.97310,-0.23039,0.14476,-0.61142,0.14437,-0.61151,0.38422,0.09071
5.37200,-0.97281,-0.23161,0.14553,-0.61123,0.14514,-0.61132,0.38411,0.09120
5.37400,-0.97252,-0.23283,0.14629,-0.61105,0.14591,-0.61114,0.38399,0.09168
5.37600,-0.97222,-0.23406,0.14706,-0.61087,0.14668,-0.61096,0.38388,0.09216
5.37800,-0.97193,-0.23528,0.14783,-0.61068,0.14745,-0.61077,0.38376,0.09264
5.38000,-0.97163,-0.23650,0.14860,-0.61049,0.14821,-0.61059,0.38364,0.09312
5.38200,-0.97133,-0.23772,0.14936,-0.61031,0.14898,-0.61040,0.38353,0.09361
5.38400,-0.97103,-0.23894,0.15013,-0.61012,0.14975,-0.61021,0.38341,0.09409
5.38600,-0.97073,-0.24016,0.15090,-0.60993,0.15051,-0.61002,0.38329,0.09457
5.38800,-0.97043,-0.24138,0.15166,-0.60974,0.15128,-0.60983,0.38317,0.09505
5.39000,-0.97013,-0.24260,0.15243,-0.60955,0.15205,-0.60964,0.38305,0.09553
5.39200,-0.96982,-0.24382,0.15320,-0.60936,0.15281,-0.60945,0.38293,0.09601
5.39400,-0.96951,-0.24504,0.15396,-0.60916,0.15358,-0.60926,0.38281,0.09650
5.39600,-0.96921,-0.24625,0.15473,-0.60897,0.15434,-0.60907,0.38269,0.09698
5.39800,-0.96889,-0.24747,0.15549,-0.60877,0.15511,-0.60887,0.38257,0.09746
5.40000,-0.96858,-0.24869,0.15626,-0.60858,0.15587,-0.60868,0.38244,0.09794
5.40200,-0.96827,-0.24991,0.15702,-0.60838,0.15664,-0.60848,0.38232,0.09842
5.40400,-0.96796,-0.25112,0.15779,-0.60818,0.15740,-0.60828,0.38220,0.09890
5.40600,-0.96764,-0.25234,0.15855,-0.60799,0.15817,-0.60808,0.38207,0.09938
5.40800,-0.96732,-0.25356,0.15931,-0.60779,0.15893,-0.60789,0.38195,0.09986
5.41000,-0.96700,-0.25477,0.16008,-0.60758,0.15970,-0.60769,0.38182,0.10034
5.41200,-0.96668,-0.25599,0.16084,-0.60738,0.16046,-0.60748,0.38169,0.10082
5.41400,-0.96636,-0.25720,0.16160,-0.60718,0.16122,-0.60728,0.38157,0.10130
5.41600,-0.96603,-0.25841,0.16237,-0.60698,0.16199,-0.60708,0.38144,0.10178
5.41800,-0.96571,-0.25963,0.16313,-0.60677,0.16275,-0.60687,0.38131,0.10226
5.42000,-0.96538,-0.26084,0.16389,-0.60657,0.16351,-0.60667,0.38118,0.10274
5.42200,-0.96505,-0.26205,0.16465,-0.60636,0.16427,-0.60646,0.38105,0.10322
5.42400,-0.96472,-0.26327,0.16542,-0.60615,0.16503,-0.60626,0.38092,0.10369
5.42600,-0.96439,-0.26448,0.16618,-0.60594,0.16580,-0.60605,0.38079,0.10417
5.42800,-0.96406,-0.26569,0.16694,-0.60574,0.16656,-0.60584,0.38066,0.10465
5.43000,-0.96372,-0.26690,0.16770,-0.60553,0.16732,-0.60563,0.38053,0.10513
5.43200,-0.96339,-0.26811,0.16846,-0.60531,0.16808,-0.60542,0.38040,0.10561
5.43400,-0.96305,-0.26932,0.16922,-0.60510,0.16884,-0.60521,0.38026,0.10609
5.43600,-0.96271,-0.27053,0.16998,-0.60489,0.16960,-0.60500,0.38013,0.10656
5.43800,-0.96237,-0.27174,0.17074,-0.60467,0.17036,-0.60478,0.38000,0.10704
5.44000,-0.96203,-0.27295,0.17150,-0.60446,0.17112,-0.60457,0.37986,0.10752
5.44200,-0.96168,-0.27416,0.17226,-0.60424,0.17188,-0.60435,0.37973,0.10800
5.44400,-0.96134,-0.27537,0.17302,-0.60403,0.17264,-0.60414,0.37959,0.10847
5.44600,-0.96099,-0.27658,0.17378,-0.60381,0.17340,-0.60392,0.37945,0.10895
5.44800,-0.96064,-0.27778,0.17454,-0.60359,0.17416,-0.60370,0.37932,0.10943
5.45000,-0.96029,-0.27899,0.17530,-0.60337,0.17492,-0.60348,0.37918,0.10990
5.45200,-0.95994,-0.28020,0.17605,-0.60315,0.17567,-0.60326,0.37904,0.11038
5.45400,-0.95959,-0.28140,0.17681,-0.60293,0.17643,-0.60304,0.37890,0.11086
5.45600,-0.95924,-0.28261,0.17757,-0.60271,0.17719,-0.60282,0.37876,0.11133
5.45800,-0.95888,-0.28381,0.17833,-0.60248,0.17795,-0.60259,0.37862,0.11181
5.46000,-0.95852,-0.28502,0.17908,-0.60226,0.17870,-0.60237,0.37848,0.11228
5.46200,-0.95816,-0.28622,0.17984,-0.60203,0.17946,-0.60214,0.37834,0.11276
5.46400,-0.95780,-0.28743,0.18060,-0.60180,0.18022,-0.60192,0.37820,0.11323
5.46600,-0.95744,-0.28863,0.18135,-0.60158,0.18097,-0.60169,0.37805,0.11371
5.46800,-0.95708,-0.28983,0.18211,-0.60135,0.18173,-0.60146,0.37791,0.11418
5.47000,-0.95671,-0.29104,0.18286,-0.60112,0.18249,-0.60123,0.37777,0.11466
5.47200,-0.95635,-0.29224,0.18362,-0.60089,0.18324,-0.60100,0.37762,0.11513
5.47400,-0.95598,-0.29344,0.18437,-0.60066,0.18400,-0.60077,0.37748,0.11561
5.47600,-0.95561,-0.29464,0.18513,-0.60043,0.18475,-0.60054,0.37733,0.11608
5.47800,-0.95524,-0.29584,0.18588,-0.60019,0.18551,-0.60031,0.37719,0.11656
5.48000,-0.95486,-0.29704,0.18664,-0.59996,0.18626,-0.60008,0.37704,0.11703
5.48200,-0.95449,-0.29824,0.18739,-0.59972,0.18701,-0.59984,0.37689,0.11750
5.48400,-0.95411,-0.29944,0.18814,-0.59949,0.18777,-0.59961,0.37674,0.11798
5.48600,-0.95374,-0.30064,0.18890,-0.59925,0.18852,-0.59937,0.37660,0.11845
5.48800,-0.95336,-0.30184,0.18965,-0.59901,0.18927,-0.59913,0.37645,0.11892
5.49000,-0.95298,-0.30304,0.19040,-0.59877,0.19003,-0.59889,0.37630,0.11940
5.49200,-0.95260,-0.30423,0.19115,-0.59853,0.19078,-0.59865,0.37615,0.11987
5.49400,-0.95221,-0.30543,0.19191,-0.59829,0.19153,-0.59841,0.37599,0.12034
5.49600,-0.95183,-0.30663,0.19266,-0.59805,0.19228,-0.59817,0.37584,0.12081
5.49800,-0.95144,-0.30782,0.19341,-0.59781,0.19303,-0.59793,0.37569,0.12129
5.50000,-0.95106,-0.30902,0.19416,-0.59757,0.19379,-0.59769,0.37554,0.12176
5.50200,-0.95067,-0.31021,0.19491,-0.59732,0.19454,-0.59744,0.37539,0.12223
5.50400,-0.95028,-0.31141,0.19566,-0.59708,0.19529,-0.59720,0.37523,0.12270
5.50600,-0.94988,-0.31260,0.19641,-0.59683,0.19604,-0.59695,0.37508,0.12317
5.50800,-0.94949,-0.31379,0.19716,-0.59658,0.19679,-0.59671,0.37492,0.12365
5.51000,-0.94910,-0.31499,0.19791,-0.59633,0.19754,-0.59646,0.37477,0.12412
5.51200,-0.94870,-0.31618,0.19866,-0.59609,0.19829,-0.59621,0.37461,0.12459
5.51400,-0.94830,-0.31737,0.19941,-0.59584,0.19904,-0.59596,0.37445,0.12506
5.51600,-0.94790,-0.31856,0.20016,-0.59558,0.19978,-0.59571,0.37430,0.12553
5.51800,-0.94750,-0.31975,0.20091,-0.59533,0.20053,-0.59546,0.37414,0.12600
5.52000,-0.94710,-0.32094,0.20165,-0.59508,0.20128,-0.59521,0.37398,0.12647
5.52200,-0.94669,-0.32213,0.20240,-0.59483,0.20203,-0.59495,0.37382,0.12694
5.52400,-0.94629,-0.32332,0.20315,-0.59457,0.20278,-0.59470,0.37366,0.12741
5.52600,-0.94588,-0.32451,0.20390,-0.59431,0.20352,-0.59444,0.37350,0.12788
5.52800,-0.94547,-0.32570,0.20464,-0.59406,0.20427,-0.59419,0.37334,0.12835
5.53000,-0.94506,-0.32689,0.20539,-0.59380,0.20502,-0.59393,0.37318,0.12882
5.53200,-0.94465,-0.32808,0.20614,-0.59354,0.20576,-0.59367,0.37301,0.12928
5.53400,-0.94424,-0.32926,0.20688,-0.59328,0.20651,-0.59341,0.37285,0.12975
5.53600,-0.94382,-0.33045,0.20763,-0.59302,0.20725,-0.59315,0.37269,0.13022
5.53800,-0.94341,-0.33163,0.20837,-0.59276,0.20800,-0.59289,0.37252,0.13069
5.54000,-0.94299,-0.33282,0.20912,-0.59250,0.20874,-0.59263,0.37236,0.13116
5.54200,-0.94257,-0.33400,0.20986,-0.59224,0.20949,-0.59237,0.37219,0.13163
5.54400,-0.94215,-0.33519,0.21061,-0.59197,0.21023,-0.59210,0.37203,0.13209
5.54600,-0.94173,-0.33637,0.21135,-0.59171,0.21098,-0.59184,0.37186,0.13256
5.54800,-0.94131,-0.33756,0.21209,-0.59144,0.21172,-0.59157,0.37170,0.13303
5.55000,-0.94088,-0.33874,0.21284,-0.59117,0.21246,-0.59131,0.37153,0.13349
5.55200,-0.94045,-0.33992,0.21358,-0.59090,0.21321,-0.59104,0.37136,0.13396
5.55400,-0.94003,-0.34110,0.21432,-0.59064,0.21395,-0.59077,0.37119,0.13443
5.55600,-0.93960,-0.34228,0.21506,-0.59037,0.21469,-0.59050,0.37102,0.13489
5.55800,-0.93917,-0.34346,0.21580,-0.59010,0.21543,-0.59023,0.37085,0.13536
5.56000,-0.93873,-0.34464,0.21655,-0.58982,0.21617,-0.58996,0.37068,0.13583
5.56200,-0.93830,-0.34582,0.21729,-0.58955,0.21692,-0.58969,0.37051,0.13629
5.56400,-0.93786,-0.34700,0.21803,-0.58928,0.21766,-0.58941,0.37034,0.13676
5.56600,-0.93743,-0.34818,0.21877,-0.58900,0.21840,-0.58914,0.37017,0.13722
5.56800,-0.93699,-0.34936,0.21951,-0.58873,0.21914,-0.58887,0.37000,0.13769
5.57000,-0.93655,-0.35053,0.22025,-0.58845,0.21988,-0.58859,0.36982,0.13815
5.57200,-0.93611,-0.35171,0.22099,-0.58817,0.22062,-0.58831,0.36965,0.13862
5.57400,-0.93567,-0.35289,0.22173,-0.58790,0.22136,-0.58804,0.36947,0.13908
5.57600,-0.93522,-0.35406,0.22246,-0.58762,0.22209,-0.58776,0.36930,0.13955
5.57800,-0.93478,-0.35524,0.22320,-0.58734,0.22283,-0.58748,0.36912,0.14001
5.58000,-0.93433,-0.35641,0.22394,-0.58706,0.22357,-0.58720,0.36895,0.14047
5.58200,-0.93388,-0.35759,0.22468,-0.58677,0.22431,-0.58692,0.36877,0.14094
5.58400,-0.93343,-0.35876,0.22541,-0.58649,0.22505,-0.58663,0.36859,0.14140
5.58600,-0.93298,-0.35993,0.22615,-0.58621,0.22578,-0.58635,0.36841,0.14186
5.58800,-0.93253,-0.36110,0.22689,-0.58592,0.22652,-0.58607,0.36824,0.14233
5.59000,-0.93207,-0.36228,0.22762,-0.58564,0.22726,-0.58578,0.36806,0.14279
5.59200,-0.93162,-0.36345,0.22836,-0.58535,0.22799,-0.58549,0.36788,0.14325
5.59400,-0.93116,-0.36462,0.22910,-0.58506,0.22873,-0.58521,0.36770,0.14371
5.59600,-0.93070,-0.36579,0.22983,-0.58478,0.22946,-0.58492,0.36752,0.14418
5.59800,-0.93024,-0.36696,0.23057,-0.58449,0.23020,-0.58463,0.36733,0.14464
5.60000,-0.92978,-0.36812,0.23130,-0.58420,0.23093,-0.58434,0.36715,0.14510
5.60200,-0.92931,-0.36929,0.23203,-0.58390,0.23167,-0.58405,0.36697,0.14556
5.60400,-0.92885,-0.37046,0.23277,-0.58361,0.23240,-0.58376,0.36679,0.14602
5.60600,-0.92838,-0.37163,0.23350,-0.58332,0.23313,-0.58347,0.36660,0.14648
5.60800,-0.92791,-0.37279,0.23423,-0.58303,0.23387,-0.58317,0.36642,0.14694
5.61000,-0.92745,-0.37396,0.23497,-0.58273,0.23460,-0.58288,0.36623,0.14740
5.61200,-0.92697,-0.37512,0.23570,-0.58244,0.23533,-0.58258,0.36605,0.14786
5.61400,-0.92650,-0.37629,0.23643,-0.58214,0.23606,-0.58229,0.36586,0.14832
5.61600,-0.92603,-0.37745,0.23716,-0.58184,0.23680,-0.58199,0.36567,0.14878
5.61800,-0.92555,-0.37862,0.23789,-0.58154,0.23753,-0.58169,0.36549,0.14924
5.62000,-0.92508,-0.37978,0.23862,-0.58124,0.23826,-0.58139,0.36530,0.14970
5.62200,-0.92460,-0.38094,0.23935,-0.58094,0.23899,-0.58109,0.36511,0.15016
5.62400,-0.92412,-0.38210,0.24008,-0.58064,0.23972,-0.58079,0.36492,0.15062
5.62600,-0.92364,-0.38326,0.24081,-0.58034,0.24045,-0.58049,0.36473,0.15108
5.62800,-0.92316,-0.38442,0.24154,-0.58004,0.24118,-0.58019,0.36454,0.15154
5.63000,-0.92267,-0.38558,0.24227,-0.57973,0.24191,-0.57988,0.36435,0.15199
5.63200,-0.92219,-0.38674,0.24300,-0.57943,0.24263,-0.57958,0.36416,0.15245
5.63400,-0.92170,-0.38790,0.24373,-0.57912,0.24336,-0.57927,0.36397,0.15291
5.63600,-0.92121,-0.38906,0.24445,-0.57881,0.24409,-0.57897,0.36378,0.15337
5.63800,-0.92072,-0.39022,0.24518,-0.57851,0.24482,-0.57866,0.36358,0.15382
5.64000,-0.92023,-0.39137,0.24591,-0.57820,0.24554,-0.57835,0.36339,0.15428
5.64200,-0.91974,-0.39253,0.24663,-0.57789,0.24627,-0.57804,0.36320,0.15474
5.64400,-0.91925,-0.39369,0.24736,-0.57758,0.24700,-0.57773,0.36300,0.15519
5.64600,-0.91875,-0.39484,0.24809,-0.57727,0.24772,-0.57742,0.36281,0.15565
5.64800,-0.91825,-0.39599,0.24881,-0.57696,0.24845,-0.57711,0.36261,0.15610
5.65000,-0.91775,-0.39715,0.24954,-0.57664,0.24917,-0.57680,0.36241,0.15656
5.65200,-0.91725,-0.39830,0.25026,-0.57633,0.24990,-0.57649,0.36222,0.15702
5.65400,-0.91675,-0.39945,0.25098,-0.57601,0.25062,-0.57617,0.36202,0.15747
5.65600,-0.91625,-0.40060,0.25171,-0.57570,0.25135,-0.57586,0.36182,0.15793
5.65800,-0.91575,-0.40176,0.25243,-0.57538,0.25207,-0.57554,0.36162,0.15838
5.66000,-0.91524,-0.40291,0.25315,-0.57506,0.25279,-0.57522,0.36142,0.15883
5.66200,-0.91473,-0.40406,0.25388,-0.57474,0.25351,-0.57490,0.36122,0.15929
5.66400,-0.91423,-0.40521,0.25460,-0.57442,0.25424,-0.57458,0.36102,0.15974
5.66600,-0.91372,-0.40635,0.25532,-0.57410,0.25496,-0.57426,0.36082,0.16020
5.66800,-0.91320,-0.40750,0.25604,-0.57378,0.25568,-0.57394,0.36062,0.16065
5.67000,-0.91269,-0.40865,0.25676,-0.57346,0.25640,-0.57362,0.36042,0.16110
5.67200,-0.91218,-0.40980,0.25748,-0.57314,0.25712,-0.57330,0.36021,0.16155
5.67400,-0.91166,-0.41094,0.25820,-0.57281,0.25784,-0.57298,0.36001,0.16201
5.67600,-0.91114,-0.41209,0.25892,-0.57249,0.25856,-0.57265,0.35981,0.16246
5.67800,-0.91063,-0.41323,0.25964,-0.57216,0.25928,-0.57233,0.35960,0.16291
5.68000,-0.91011,-0.41438,0.26036,-0.57184,0.26000,-0.57200,0.35940,0.16336
5.68200,-0.90958,-0.41552,0.26108,-0.57151,0.26072,-0.57167,0.35919,0.16381
5.68400,-0.90906,-0.41666,0.26180,-0.57118,0.26144,-0.57134,0.35899,0.16427
5.68600,-0.90854,-0.41780,0.26251,-0.57085,0.26216,-0.57102,0.35878,0.16472
5.68800,-0.90801,-0.41895,0.26323,-0.57052,0.26287,-0.57069,0.35857,0.16517
5.69000,-0.90748,-0.42009,0.26395,-0.57019,0.26359,-0.57035,0.35836,0.16562
5.69200,-0.90696,-0.42123,0.26466,-0.56986,0.26431,-0.57002,0.35816,0.16607
5.69400,-0.90643,-0.42237,0.26538,-0.56952,0.26502,-0.56969,0.35795,0.16652
5.69600,-0.90589,-0.42350,0.26610,-0.56919,0.26574,-0.56936,0.35774,0.16697
5.69800,-0.90536,-0.42464,0.26681,-0.56886,0.26645,-0.56902,0.35753,0.16742
5.70000,-0.90483,-0.42578,0.26752,-0.56852,0.26717,-0.56869,0.35732,0.16787
5.70200,-0.90429,-0.42692,0.26824,-0.56818,0.26788,-0.56835,0.35711,0.16832
5.70400,-0.90375,-0.42805,0.26895,-0.56785,0.26860,-0.56801,0.35689,0.16876
5.70600,-0.90322,-0.42919,0.26967,-0.56751,0.26931,-0.56768,0.35668,0.16921
5.70800,-0.90268,-0.43032,0.27038,-0.56717,0.27002,-0.56734,0.35647,0.16966
5.71000,-0.90213,-0.43146,0.27109,-0.56683,0.27074,-0.56700,0.35626,0.17011
5.71200,-0.90159,-0.43259,0.27180,-0.56649,0.27145,-0.56666,0.35604,0.17056
5.71400,-0.90105,-0.43372,0.27252,-0.56614,0.27216,-0.56632,0.35583,0.17100
5.71600,-0.90050,-0.43485,0.27323,-0.56580,0.27287,-0.56597,0.35561,0.17145
5.71800,-0.89995,-0.43599,0.27394,-0.56546,0.27358,-0.56563,0.35540,0.17190
5.72000,-0.89941,-0.43712,0.27465,-0.56511,0.27429,-0.56529,0.35518,0.17234
5.72200,-0.89886,-0.43825,0.27536,-0.56477,0.27500,-0.56494,0.35496,0.17279
5.72400,-0.89830,-0.43937,0.27607,-0.56442,0.27571,-0.56459,0.35474,0.17324
5.72600,-0.89775,-0.44050,0.27678,-0.56407,0.27642,-0.56425,0.35453,0.17368
5.72800,-0.89720,-0.44163,0.27748,-0.56373,0.27713,-0.56390,0.35431,0.17413
5.73000,-0.89664,-0.44276,0.27819,-0.56338,0.27784,-0.56355,0.35409,0.17457
5.73200,-0.89608,-0.44388,0.27890,-0.56303,0.27855,-0.56320,0.35387,0.17502
5.73400,-0.89553,-0.44501,0.27961,-0.56268,0.27925,-0.56285,0.35365,0.17546
5.73600,-0.89497,-0.44614,0.28032,-0.56232,0.27996,-0.56250,0.35343,0.17591
5.73800,-0.89440,-0.44726,0.28102,-0.56197,0.28067,-0.56215,0.35321,0.17635
5.74000,-0.89384,-0.44838,0.28173,-0.56162,0.28137,-0.56179,0.35299,0.17679
5.74200,-0.89328,-0.44951,0.28243,-0.56126,0.28208,-0.56144,0.35276,0.17724
5.74400,-0.89271,-0.45063,0.28314,-0.56091,0.28279,-0.56109,0.35254,0.17768
5.74600,-0.89214,-0.45175,0.28384,-0.56055,0.28349,-0.56073,0.35232,0.17812
5.74800,-0.89158,-0.45287,0.28455,-0.56019,0.28419,-0.56037,0.35209,0.17856
5.75000,-0.89101,-0.45399,0.28525,-0.55984,0.28490,-0.56001,0.35187,0.17901
5.75200,-0.89044,-0.45511,0.28595,-0.55948,0.28560,-0.55966,0.35164,0.17945
5.75400,-0.88986,-0.45623,0.28666,-0.55912,0.28631,-0.55930,0.35142,0.17989
5.75600,-0.88929,-0.45735,0.28736,-0.55876,0.28701,-0.55894,0.35119,0.18033
5.75800,-0.88871,-0.45846,0.28806,-0.55839,0.28771,-0.55858,0.35096,0.18077
5.76000,-0.88814,-0.45958,0.28876,-0.55803,0.28841,-0.55821,0.35074,0.18121
5.76200,-0.88756,-0.46070,0.28946,-0.55767,0.28911,-0.55785,0.35051,0.18166
5.76400,-0.88698,-0.46181,0.29016,-0.55730,0.28981,-0.55749,0.35028,0.18210
5.76600,-0.88640,-0.46292,0.29086,-0.55694,0.29051,-0.55712,0.35005,0.18254
5.76800,-0.88582,-0.46404,0.29156,-0.55657,0.29121,-0.55676,0.34982,0.18298
5.77000,-0.88523,-0.46515,0.29226,-0.55621,0.29191,-0.55639,0.34959,0.18341
5.77200,-0.88465,-0.46626,0.29296,-0.55584,0.29261,-0.55602,0.34936,0.18385
5.77400,-0.88406,-0.46737,0.29366,-0.55547,0.29331,-0.55566,0.34913,0.18429
5.77600,-0.88347,-0.46849,0.29436,-0.55510,0.29401,-0.55529,0.34890,0.18473
5.77800,-0.88288,-0.46959,0.29506,-0.55473,0.29471,-0.55492,0.34866,0.18517
5.78000,-0.88229,-0.47070,0.29575,-0.55436,0.29540,-0.55455,0.34843,0.18561
5.78200,-0.88170,-0.47181,0.29645,-0.55399,0.29610,-0.55417,0.34820,0.18605
5.78400,-0.88111,-0.47292,0.29714,-0.55361,0.29680,-0.55380,0.34796,0.18648
5.78600,-0.88051,-0.47403,0.29784,-0.55324,0.29749,-0.55343,0.34773,0.18692
5.78800,-0.87991,-0.47513,0.29853,-0.55287,0.29819,-0.55305,0.34749,0.18736
5.79000,-0.87932,-0.47624,0.29923,-0.55249,0.29888,-0.55268,0.34726,0.18779
5.79200,-0.87872,-0.47734,0.29992,-0.55211,0.29958,-0.55230,0.34702,0.18823
5.79400,-0.87812,-0.47845,0.30062,-0.55174,0.30027,-0.55193,0.34679,0.18867
5.79600,-0.87751,-0.47955,0.30131,-0.55136,0.30096,-0.55155,0.34655,0.18910
5.79800,-0.87691,-0.48065,0.30200,-0.55098,0.30166,-0.55117,0.34631,0.18954
5.80000,-0.87631,-0.48175,0.30269,-0.55060,0.30235,-0.55079,0.34607,0.18997
5.80200,-0.87570,-0.48285,0.30339,-0.55022,0.30304,-0.55041,0.34583,0.19041
5.80400,-0.87509,-0.48395,0.30408,-0.54984,0.30373,-0.55003,0.34559,0.19084
5.80600,-0.87448,-0.48505,0.30477,-0.54945,0.30442,-0.54965,0.34535,0.19127
5.80800,-0.87387,-0.48615,0.30546,-0.54907,0.30511,-0.54926,0.34511,0.19171
5.81000,-0.87326,-0.48725,0.30615,-0.54869,0.30580,-0.54888,0.34487,0.19214
5.81200,-0.87265,-0.48835,0.30684,-0.54830,0.30649,-0.54849,0.34463,0.19258
5.81400,-0.87204,-0.48944,0.30753,-0.54792,0.30718,-0.54811,0.34439,0.19301
5.81600,-0.87142,-0.49054,0.30821,-0.54753,0.30787,-0.54772,0.34414,0.19344
5.81800,-0.87080,-0.49163,0.30890,-0.54714,0.30856,-0.54734,0.34390,0.19387
5.82000,-0.87018,-0.49273,0.30959,-0.54675,0.30925,-0.54695,0.34366,0.19431
5.82200,-0.86956,-0.49382,0.31028,-0.54636,0.30993,-0.54656,0.34341,0.19474
5.82400,-0.86894,-0.49491,0.31096,-0.54597,0.31062,-0.54617,0.34317,0.19517
5.82600,-0.86832,-0.49600,0.31165,-0.54558,0.31131,-0.54578,0.34292,0.19560
5.82800,-0.86770,-0.49710,0.31233,-0.54519,0.31199,-0.54539,0.34268,0.19603
5.83000,-0.86707,-0.49819,0.31302,-0.54480,0.31268,-0.54499,0.34243,0.19646
5.83200,-0.86644,-0.49927,0.31370,-0.54440,0.31336,-0.54460,0.34218,0.19689
5.83400,-0.86582,-0.50036,0.31439,-0.54401,0.31405,-0.54421,0.34193,0.19732
5.83600,-0.86519,-0.50145,0.31507,-0.54361,0.31473,-0.54381,0.34169,0.19775
5.83800,-0.86456,-0.50254,0.31575,-0.54322,0.31541,-0.54341,0.34144,0.19818
5.84000,-0.86392,-0.50362,0.31644,-0.54282,0.31609,-0.54302,0.34119,0.19861
5.84200,-0.86329,-0.50471,0.31712,-0.54242,0.31678,-0.54262,0.34094,0.19904
5.84400,-0.86265,-0.50579,0.31780,-0.54202,0.31746,-0.54222,0.34069,0.19946
5.84600,-0.86202,-0.50688,0.31848,-0.54162,0.31814,-0.54182,0.34044,0.19989
5.84800,-0.86138,-0.50796,0.31916,-0.54122,0.31882,-0.54142,0.34019,0.20032
5.85000,-0.86074,-0.50904,0.31984,-0.54082,0.31950,-0.54102,0.33993,0.20075
5.85200,-0.86010,-0.51012,0.32052,-0.54042,0.32018,-0.54062,0.33968,0.20117
5.85400,-0.85946,-0.51120,0.32120,-0.54001,0.32086,-0.54022,0.33943,0.20160
5.85600,-0.85882,-0.51228,0.32188,-0.53961,0.32154,-0.53981,0.33917,0.20203
5.85800,-0.85817,-0.51336,0.32255,-0.53921,0.32222,-0.53941,0.33892,0.20245
5.86000,-0.85753,-0.51444,0.32323,-0.53880,0.32289,-0.53900,0.33867,0.20288
5.86200,-0.85688,-0.51552,0.32391,-0.53839,0.32357,-0.53860,0.33841,0.20331
5.86400,-0.85623,-0.51659,0.32458,-0.53799,0.32425,-0.53819,0.33815,0.20373
5.86600,-0.85558,-0.51767,0.32526,-0.53758,0.32492,-0.53778,0.33790,0.20416
5.86800,-0.85493,-0.51874,0.32594,-0.53717,0.32560,-0.53737,0.33764,0.20458
5.87000,-0.85428,-0.51982,0.32661,-0.53676,0.32627,-0.53696,0.33738,0.20500
5.87200,-0.85362,-0.52089,0.32729,-0.53635,0.32695,-0.53655,0.33713,0.20543
5.87400,-0.85297,-0.52196,0.32796,-0.53594,0.32762,-0.53614,0.33687,0.20585
5.87600,-0.85231,-0.52303,0.32863,-0.53552,0.32830,-0.53573,0.33661,0.20627
5.87800,-0.85165,-0.52410,0.32930,-0.53511,0.32897,-0.53532,0.33635,0.20670
5.88000,-0.85099,-0.52517,0.32998,-0.53470,0.32964,-0.53490,0.33609,0.20712
5.88200,-0.85033,-0.52624,0.33065,-0.53428,0.33031,-0.53449,0.33583,0.20754
5.88400,-0.84967,-0.52731,0.33132,-0.53386,0.33098,-0.53407,0.33557,0.20796
5.88600,-0.84901,-0.52838,0.33199,-0.53345,0.33166,-0.53366,0.33531,0.20838
5.88800,-0.84834,-0.52945,0.33266,-0.53303,0.33233,-0.53324,0.33504,0.20881
5.89000,-0.84768,-0.53051,0.33333,-0.53261,0.33300,-0.53282,0.33478,0.20923
5.89200,-0.84701,-0.53158,0.33400,-0.53219,0.33366,-0.53240,0.33452,0.20965
5.89400,-0.84634,-0.53264,0.33467,-0.53177,0.33433,-0.53198,0.33425,0.21007
5.89600,-0.84567,-0.53370,0.33534,-0.53135,0.33500,-0.53156,0.33399,0.21049
5.89800,-0.84500,-0.53477,0.33600,-0.53093,0.33567,-0.53114,0.33373,0.21091
5.90000,-0.84433,-0.53583,0.33667,-0.53051,0.33634,-0.53072,0.33346,0.21133
5.90200,-0.84365,-0.53689,0.33734,-0.53008,0.33700,-0.53030,0.33319,0.21175
5.90400,-0.84298,-0.53795,0.33800,-0.52966,0.33767,-0.52987,0.33293,0.21216
5.90600,-0.84230,-0.53901,0.33867,-0.52923,0.33833,-0.52945,0.33266,0.21258
5.90800,-0.84162,-0.54006,0.33933,-0.52881,0.33900,-0.52902,0.33239,0.21300
5.91000,-0.84094,-0.54112,0.34000,-0.52838,0.33966,-0.52859,0.33213,0.21342
5.91200,-0.84026,-0.54218,0.34066,-0.52795,0.34033,-0.52817,0.33186,0.21383
5.91400,-0.83958,-0.54323,0.34132,-0.52752,0.34099,-0.52774,0.33159,0.21425
5.91600,-0.83890,-0.54429,0.34199,-0.52710,0.34165,-0.52731,0.33132,0.21467
5.91800,-0.83821,-0.54534,0.34265,-0.52667,0.34232,-0.52688,0.33105,0.21508
5.92000,-0.83753,-0.54639,0.34331,-0.52623,0.34298,-0.52645,0.33078,0.21550
5.92200,-0.83684,-0.54745,0.34397,-0.52580,0.34364,-0.52602,0.33051,0.21592
5.92400,-0.83615,-0.54850,0.34463,-0.52537,0.34430,-0.52559,0.33024,0.21633
5.92600,-0.83546,-0.54955,0.34529,-0.52494,0.34496,-0.52515,0.32996,0.21675
5.92800,-0.83477,-0.55060,0.34595,-0.52450,0.34562,-0.52472,0.32969,0.21716
5.93000,-0.83408,-0.55165,0.34661,-0.52407,0.34628,-0.52428,0.32942,0.21757
5.93200,-0.83338,-0.55269,0.34727,-0.52363,0.34694,-0.52385,0.32914,0.21799
5.93400,-0.83269,-0.55374,0.34793,-0.52319,0.34760,-0.52341,0.32887,0.21840
5.93600,-0.83199,-0.55479,0.34858,-0.52276,0.34825,-0.52298,0.32860,0.21881
5.93800,-0.83130,-0.55583,0.34924,-0.52232,0.34891,-0.52254,0.32832,0.21923
5.94000,-0.83060,-0.55688,0.34990,-0.52188,0.34957,-0.52210,0.32804,0.21964
5.94200,-0.82990,-0.55792,0.35055,-0.52144,0.35022,-0.52166,0.32777,0.22005
5.94400,-0.82919,-0.55896,0.35121,-0.52100,0.35088,-0.52122,0.32749,0.22046
5.94600,-0.82849,-0.56000,0.35186,-0.52056,0.35153,-0.52078,0.32721,0.22087
5.94800,-0.82779,-0.56104,0.35251,-0.52011,0.35219,-0.52033,0.32694,0.22129
5.95000,-0.82708,-0.56208,0.35317,-0.51967,0.35284,-0.51989,0.32666,0.22170
5.95200,-0.82637,-0.56312,0.35382,-0.51923,0.35349,-0.51945,0.32638,0.22211
5.95400,-0.82567,-0.56416,0.35447,-0.51878,0.35415,-0.51900,0.32610,0.22252
5.95600,-0.82496,-0.56520,0.35512,-0.51833,0.35480,-0.51856,0.32582,0.22293
5.95800,-0.82424,-0.56623,0.35577,-0.51789,0.35545,-0.51811,0.32554,0.22334
5.96000,-0.82353,-0.56727,0.35643,-0.51744,0.35610,-0.51766,0.32526,0.22374
5.96200,-0.82282,-0.56830,0.35708,-0.51699,0.35675,-0.51722,0.32498,0.22415
5.96400,-0.82210,-0.56934,0.35772,-0.51654,0.35740,-0.51677,0.32469,0.22456
5.96600,-0.82139,-0.57037,0.35837,-0.51609,0.35805,-0.51632,0.32441,0.22497
5.96800,-0.82067,-0.57140,0.35902,-0.51564,0.35870,-0.51587,0.32413,0.22538
5.97000,-0.81995,-0.57243,0.35967,-0.51519,0.35935,-0.51542,0.32385,0.22578
5.97200,-0.81923,-0.57346,0.36032,-0.51474,0.35999,-0.51496,0.32356,0.22619
5.97400,-0.81851,-0.57449,0.36096,-0.51429,0.36064,-0.51451,0.32328,0.22660
5.97600,-0.81779,-0.57552,0.36161,-0.51383,0.36129,-0.51406,0.32299,0.22700
5.97800,-0.81706,-0.57655,0.36225,-0.51338,0.36193,-0.51360,0.32271,0.22741
5.98000,-0.81634,-0.57757,0.36290,-0.51292,0.36258,-0.51315,0.32242,0.22781
5.98200,-0.81561,-0.57860,0.36354,-0.51246,0.36322,-0.51269,0.32213,0.22822
5.98400,-0.81489,-0.57962,0.36419,-0.51201,0.36387,-0.51224,0.32185,0.22862
5.98600,-0.81416,-0.58065,0.36483,-0.51155,0.36451,-0.51178,0.32156,0.22903
5.98800,-0.81343,-0.58167,0.36547,-0.51109,0.36515,-0.51132,0.32127,0.22943
5.99000,-0.81269,-0.58269,0.36612,-0.51063,0.36579,-0.51086,0.32098,0.22984
5.99200,-0.81196,-0.58371,0.36676,-0.51017,0.36644,-0.51040,0.32069,0.23024
5.99400,-0.81123,-0.58473,0.36740,-0.50971,0.36708,-0.50994,0.32040,0.23064
5.99600,-0.81049,-0.58575,0.36804,-0.50925,0.36772,-0.50948,0.32011,0.23104
5.99800,-0.80975,-0.58677,0.36868,-0.50878,0.36836,-0.50902,0.31982,0.23145
6.00000,-0.80902,-0.58779,0.36932,-0.50832,0.36900,-0.50855,0.31953,0.23185
6.00200,-0.80828,-0.58880,0.36995,-0.50786,0.36964,-0.50809,0.31924,0.23225
6.00400,-0.80754,-0.58982,0.37059,-0.50739,0.37027,-0.50762,0.31895,0.23265
6.00600,-0.80680,-0.59083,0.37123,-0.50692,0.37091,-0.50716,0.31866,0.23305
6.00800,-0.80605,-0.59184,0.37187,-0.50646,0.37155,-0.50669,0.31836,0.23345
6.01000,-0.80531,-0.59286,0.37250,-0.50599,0.37218,-0.50622,0.31807,0.23385
6.01200,-0.80456,-0.59387,0.37314,-0.50552,0.37282,-0.50576,0.31778,0.23425
6.01400,-0.80382,-0.59488,0.37377,-0.50505,0.37346,-0.50529,0.31748,0.23465
6.01600,-0.80307,-0.59589,0.37441,-0.50458,0.37409,-0.50482,0.31719,0.23505
6.01800,-0.80232,-0.59690,0.37504,-0.50411,0.37472,-0.50435,0.31689,0.23545
6.02000,-0.80157,-0.59790,0.37567,-0.50364,0.37536,-0.50388,0.31659,0.23584
6.02200,-0.80082,-0.59891,0.37631,-0.50317,0.37599,-0.50340,0.31630,0.23624
6.02400,-0.80006,-0.59992,0.37694,-0.50269,0.37662,-0.50293,0.31600,0.23664
6.02600,-0.79931,-0.60092,0.37757,-0.50222,0.37726,-0.50246,0.31570,0.23704
6.02800,-0.79855,-0.60193,0.37820,-0.50174,0.37789,-0.50198,0.31540,0.23743
6.03000,-0.79779,-0.60293,0.37883,-0.50127,0.37852,-0.50151,0.31511,0.23783
6.03200,-0.79704,-0.60393,0.37946,-0.50079,0.37915,-0.50103,0.31481,0.23822
6.03400,-0.79628,-0.60493,0.38009,-0.50032,0.37978,-0.50055,0.31451,0.23862
6.03600,-0.79552,-0.60593,0.38072,-0.49984,0.38040,-0.50008,0.31421,0.23902
6.03800,-0.79475,-0.60693,0.38135,-0.49936,0.38103,-0.49960,0.31391,0.23941
6.04000,-0.79399,-0.60793,0.38197,-0.49888,0.38166,-0.49912,0.31361,0.23980
6.04200,-0.79323,-0.60893,0.38260,-0.49840,0.38229,-0.49864,0.31330,0.24020
6.04400,-0.79246,-0.60992,0.38323,-0.49792,0.38291,-0.49816,0.31300,0.24059
6.04600,-0.79169,-0.61092,0.38385,-0.49744,0.38354,-0.49768,0.31270,0.24098
6.04800,-0.79092,-0.61191,0.38448,-0.49695,0.38416,-0.49719,0.31240,0.24138
6.05000,-0.79016,-0.61291,0.38510,-0.49647,0.38479,-0.49671,0.31209,0.24177
6.05200,-0.78938,-0.61390,0.38572,-0.49598,0.38541,-0.49623,0.31179,0.24216
6.05400,-0.78861,-0.61489,0.38635,-0.49550,0.38604,-0.49574,0.31148,0.24255
6.05600,-0.78784,-0.61588,0.38697,-0.49501,0.38666,-0.49526,0.31118,0.24294
6.05800,-0.78706,-0.61687,0.38759,-0.49453,0.38728,-0.49477,0.31087,0.24334
6.06000,-0.78629,-0.61786,0.38821,-0.49404,0.38790,-0.49428,0.31057,0.24373
6.06200,-0.78551,-0.61885,0.38883,-0.49355,0.38852,-0.49380,0.31026,0.24412
6.06400,-0.78473,-0.61983,0.38945,-0.49306,0.38914,-0.49331,0.30995,0.24451
6.06600,-0.78395,-0.62082,0.39007,-0.49257,0.38976,-0.49282,0.30965,0.24490
6.06800,-0.78317,-0.62180,0.39069,-0.49208,0.39038,-0.49233,0.30934,0.24528
6.07000,-0.78239,-0.62279,0.39131,-0.49159,0.39100,-0.49184,0.30903,0.24567
6.07200,-0.78161,-0.62377,0.39193,-0.49110,0.39162,-0.49134,0.30872,0.24606
6.07400,-0.78082,-0.62475,0.39254,-0.49061,0.39224,-0.49085,0.30841,0.24645
6.07600,-0.78004,-0.62573,0.39316,-0.49011,0.39285,-0.49036,0.30810,0.24684
6.07800,-0.77925,-0.62671,0.39378,-0.48962,0.39347,-0.48986,0.30779,0.24722
6.08000,-0.77846,-0.62769,0.39439,-0.48912,0.39408,-0.48937,0.30748,0.24761
6.08200,-0.77767,-0.62867,0.39500,-0.48863,0.39470,-0.48887,0.30717,0.24800
6.08400,-0.77688,-0.62965,0.39562,-0.48813,0.39531,-0.48838,0.30686,0.24838
6.08600,-0.77609,-0.63062,0.39623,-0.48763,0.39592,-0.48788,0.30654,0.24877
6.08800,-0.77530,-0.63160,0.39684,-0.48713,0.39654,-0.48738,0.30623,0.24915
6.09000,-0.77450,-0.63257,0.39746,-0.48663,0.39715,-0.48688,0.30592,0.24954
6.09200,-0.77371,-0.63354,0.39807,-0.48613,0.39776,-0.48638,0.30560,0.24992
6.09400,-0.77291,-0.63451,0.39868,-0.48563,0.39837,-0.48588,0.30529,0.25030
6.09600,-0.77211,-0.63549,0.39929,-0.48513,0.39898,-0.48538,0.30498,0.25069
6.09800,-0.77131,-0.63646,0.39990,-0.48463,0.39959,-0.48488,0.30466,0.25107
6.10000,-0.77051,-0.63742,0.40051,-0.48413,0.40020,-0.48438,0.30434,0.25145
6.10200,-0.76971,-0.63839,0.40111,-0.48362,0.40081,-0.48388,0.30403,0.25184
6.10400,-0.76891,-0.63936,0.40172,-0.48312,0.40142,-0.48337,0.30371,0.25222
6.10600,-0.76810,-0.64032,0.40233,-0.48261,0.40202,-0.48287,0.30339,0.25260
6.10800,-0.76730,-0.64129,0.40293,-0.48211,0.40263,-0.48236,0.30308,0.25298
6.11000,-0.76649,-0.64225,0.40354,-0.48160,0.40324,-0.48186,0.30276,0.25336
6.11200,-0.76569,-0.64322,0.40414,-0.48109,0.40384,-0.48135,0.30244,0.25374
6.11400,-0.76488,-0.64418,0.40475,-0.48059,0.40445,-0.48084,0.30212,0.25412
6.11600,-0.76407,-0.64514,0.40535,-0.48008,0.40505,-0.48033,0.30180,0.25450
6.11800,-0.76326,-0.64610,0.40595,-0.47957,0.40565,-0.47982,0.30148,0.25488
6.12000,-0.76244,-0.64706,0.40656,-0.47906,0.40626,-0.47931,0.30116,0.25526
6.12200,-0.76163,-0.64801,0.40716,-0.47855,0.40686,-0.47880,0.30084,0.25564
6.12400,-0.76081,-0.64897,0.40776,-0.47803,0.40746,-0.47829,0.30052,0.25601
6.12600,-0.76000,-0.64993,0.40836,-0.47752,0.40806,-0.47778,0.30020,0.25639
6.12800,-0.75918,-0.65088,0.40896,-0.47701,0.40866,-0.47726,0.29987,0.25677
6.13000,-0.75836,-0.65183,0.40956,-0.47649,0.40926,-0.47675,0.29955,0.25715
6.13200,-0.75754,-0.65279,0.41016,-0.47598,0.40986,-0.47624,0.29923,0.25752
6.13400,-0.75672,-0.65374,0.41076,-0.47546,0.41046,-0.47572,0.29890,0.25790
6.13600,-0.75590,-0.65469,0.41135,-0.47495,0.41105,-0.47520,0.29858,0.25827
6.13800,-0.75508,-0.65564,0.41195,-0.47443,0.41165,-0.47469,0.29825,0.25865
6.14000,-0.75425,-0.65659,0.41254,-0.47391,0.41225,-0.47417,0.29793,0.25902
6.14200,-0.75343,-0.65753,0.41314,-0.47339,0.41284,-0.47365,0.29760,0.25940
6.14400,-0.75260,-0.65848,0.41373,-0.47287,0.41344,-0.47313,0.29728,0.25977
6.14600,-0.75177,-0.65942,0.41433,-0.47235,0.41403,-0.47261,0.29695,0.26014
6.14800,-0.75094,-0.66037,0.41492,-0.47183,0.41463,-0.47209,0.29662,0.26052
6.15000,-0.75011,-0.66131,0.41551,-0.47131,0.41522,-0.47157,0.29630,0.26089
6.15200,-0.74928,-0.66225,0.41611,-0.47079,0.41581,-0.47105,0.29597,0.26126
6.15400,-0.74845,-0.66320,0.41670,-0.47026,0.41640,-0.47052,0.29564,0.26163
6.15600,-0.74761,-0.66414,0.41729,-0.46974,0.41699,-0.47000,0.29531,0.26200
6.15800,-0.74678,-0.66507,0.41788,-0.46921,0.41758,-0.46948,0.29498,0.26238
6.16000,-0.74594,-0.66601,0.41847,-0.46869,0.41817,-0.46895,0.29465,0.26275
6.16200,-0.74510,-0.66695,0.41906,-0.46816,0.41876,-0.46843,0.29432,0.26312
6.16400,-0.74426,-0.66788,0.41964,-0.46764,0.41935,-0.46790,0.29399,0.26349
6.16600,-0.74343,-0.66882,0.42023,-0.46711,0.41994,-0.46737,0.29366,0.26385
6.16800,-0.74258,-0.66975,0.42082,-0.46658,0.42052,-0.46684,0.29333,0.26422
6.17000,-0.74174,-0.67069,0.42140,-0.46605,0.42111,-0.46631,0.29299,0.26459
6.17200,-0.74090,-0.67162,0.42199,-0.46552,0.42170,-0.46579,0.29266,0.26496
6.17400,-0.74005,-0.67255,0.42257,-0.46499,0.42228,-0.46525,0.29233,0.26533
6.17600,-0.73921,-0.67348,0.42316,-0.46446,0.42287,-0.46472,0.29199,0.26569
6.17800,-0.73836,-0.67441,0.42374,-0.46393,0.42345,-0.46419,0.29166,0.26606
6.18000,-0.73751,-0.67533,0.42432,-0.46339,0.42403,-0.46366,0.29133,0.26643
6.18200,-0.73666,-0.67626,0.42491,-0.46286,0.42462,-0.46313,0.29099,0.26679
6.18400,-0.73581,-0.67718,0.42549,-0.46233,0.42520,-0.46259,0.29066,0.26716
6.18600,-0.73496,-0.67811,0.42607,-0.46179,0.42578,-0.46206,0.29032,0.26752
6.18800,-0.73411,-0.67903,0.42665,-0.46125,0.42636,-0.46152,0.28998,0.26789
6.19000,-0.73326,-0.67995,0.42723,-0.46072,0.42694,-0.46099,0.28965,0.26825
6.19200,-0.73240,-0.68087,0.42781,-0.46018,0.42752,-0.46045,0.28931,0.26862
6.19400,-0.73154,-0.68179,0.42838,-0.45964,0.42809,-0.45991,0.28897,0.26898
6.19600,-0.73069,-0.68271,0.42896,-0.45910,0.42867,-0.45937,0.28863,0.26934
6.19800,-0.72983,-0.68363,0.42954,-0.45856,0.42925,-0.45883,0.28829,0.26971
6.20000,-0.72897,-0.68455,0.43011,-0.45802,0.42983,-0.45829,0.28795,0.27007
6.20200,-0.72811,-0.68546,0.43069,-0.45748,0.43040,-0.45775,0.28762,0.27043
6.20400,-0.72725,-0.68638,0.43126,-0.45694,0.43098,-0.45721,0.28728,0.27079
6.20600,-0.72638,-0.68729,0.43184,-0.45640,0.43155,-0.45667,0.28693,0.27115
6.20800,-0.72552,-0.68820,0.43241,-0.45586,0.43212,-0.45613,0.28659,0.27151
6.21000,-0.72465,-0.68911,0.43298,-0.45531,0.43270,-0.45558,0.28625,0.27187
6.21200,-0.72379,-0.69002,0.43355,-0.45477,0.43327,-0.45504,0.28591,0.27223
6.21400,-0.72292,-0.69093,0.43413,-0.45422,0.43384,-0.45450,0.28557,0.27259
6.21600,-0.72205,-0.69184,0.43470,-0.45368,0.43441,-0.45395,0.28523,0.27295
6.21800,-0.72118,-0.69275,0.43527,-0.45313,0.43498,-0.45340,0.28488,0.27331
6.22000,-0.72031,-0.69365,0.43584,-0.45258,0.43555,-0.45286,0.28454,0.27366
6.22200,-0.71944,-0.69456,0.43640,-0.45204,0.43612,-0.45231,0.28419,0.27402
6.22400,-0.71856,-0.69546,0.43697,-0.45149,0.43669,-0.45176,0.28385,0.27438
6.22600,-0.71769,-0.69636,0.43754,-0.45094,0.43725,-0.45121,0.28350,0.27474
6.22800,-0.71681,-0.69727,0.43810,-0.45039,0.43782,-0.45066,0.28316,0.27509
6.23000,-0.71594,-0.69817,0.43867,-0.44984,0.43839,-0.45011,0.28281,0.27545
6.23200,-0.71506,-0.69906,0.43924,-0.44928,0.43895,-0.44956,0.28247,0.27580
6.23400,-0.71418,-0.69996,0.43980,-0.44873,0.43952,-0.44901,0.28212,0.27616
6.23600,-0.71330,-0.70086,0.44036,-0.44818,0.44008,-0.44846,0.28177,0.27651
6.23800,-0.71242,-0.70176,0.44093,-0.44763,0.44064,-0.44790,0.28143,0.27687
6.24000,-0.71154,-0.70265,0.44149,-0.44707,0.44121,-0.44735,0.28108,0.27722
6.24200,-0.71065,-0.70354,0.44205,-0.44652,0.44177,-0.44679,0.28073,0.27757
6.24400,-0.70977,-0.70444,0.44261,-0.44596,0.44233,-0.44624,0.28038,0.27792
6.24600,-0.70888,-0.70533,0.44317,-0.44540,0.44289,-0.44568,0.28003,0.27828
6.24800,-0.70799,-0.70622,0.44373,-0.44485,0.44345,-0.44512,0.27968,0.27863
6.25000,-0.70711,-0.70711,0.44429,-0.44429,0.44401,-0.44457,0.27933,0.27898
6.25200,-0.70622,-0.70799,0.44485,-0.44373,0.44457,-0.44401,0.27898,0.27933
6.25400,-0.70533,-0.70888,0.44540,-0.44317,0.44512,-0.44345,0.27863,0.27968
6.25600,-0.70444,-0.70977,0.44596,-0.44261,0.44568,-0.44289,0.27828,0.28003
6.25800,-0.70354,-0.71065,0.44652,-0.44205,0.44624,-0.44233,0.27792,0.28038
6.26000,-0.70265,-0.71154,0.44707,-0.44149,0.44679,-0.44177,0.27757,0.28073
6.26200,-0.70176,-0.71242,0.44763,-0.44093,0.44735,-0.44121,0.27722,0.28108
6.26400,-0.70086,-0.71330,0.44818,-0.44036,0.44790,-0.44064,0.27687,0.28143
6.26600,-0.69996,-0.71418,0.44873,-0.43980,0.44846,-0.44008,0.27651,0.28177
6.26800,-0.69906,-0.71506,0.44928,-0.43924,0.44901,-0.43952,0.27616,0.28212
6.27000,-0.69817,-0.71594,0.44984,-0.43867,0.44956,-0.43895,0.27580,0.28247
6.27200,-0.69727,-0.71681,0.45039,-0.43810,0.45011,-0.43839,0.27545,0.28281
6.27400,-0.69636,-0.71769,0.45094,-0.43754,0.45066,-0.43782,0.27509,0.28316
6.27600,-0.69546,-0.71856,0.45149,-0.43697,0.45121,-0.43725,0.27474,0.28350
6.27800,-0.69456,-0.71944,0.45204,-0.43640,0.45176,-0.43669,0.27438,0.28385
6.28000,-0.69365,-0.72031,0.45258,-0.43584,0.45231,-0.43612,0.27402,0.28419
6.28200,-0.69275,-0.72118,0.45313,-0.43527,0.45286,-0.43555,0.27366,0.28454
6.28400,-0.69184,-0.72205,0.45368,-0.43470,0.45340,-0.43498,0.27331,0.28488
6.28600,-0.69093,-0.72292,0.45422,-0.43413,0.45395,-0.43441,0.27295,0.28523
6.28800,-0.69002,-0.72379,0.45477,-0.43355,0.45450,-0.43384,0.27259,0.28557
6.29000,-0.68911,-0.72465,0.45531,-0.43298,0.45504,-0.43327,0.27223,0.28591
6.29200,-0.68820,-0.72552,0.45586,-0.43241,0.45558,-0.43270,0.27187,0.28625
6.29400,-0.68729,-0.72638,0.45640,-0.43184,0.45613,-0.43212,0.27151,0.28659
6.29600,-0.68638,-0.72725,0.45694,-0.43126,0.45667,-0.43155,0.27115,0.28693
6.29800,-0.68546,-0.72811,0.45748,-0.43069,0.45721,-0.43098,0.27079,0.28728
6.30000,-0.68455,-0.72897,0.45802,-0.43011,0.45775,-0.43040,0.27043,0.28762
6.30200,-0.68363,-0.72983,0.45856,-0.42954,0.45829,-0.42983,0.27007,0.28795
6.30400,-0.68271,-0.73069,0.45910,-0.42896,0.45883,-0.42925,0.26971,0.28829
6.30600,-0.68179,-0.73154,0.45964,-0.42838,0.45937,-0.42867,0.26934,0.28863
6.30800,-0.68087,-0.73240,0.46018,-0.42781,0.45991,-0.42809,0.26898,0.28897
6.31000,-0.67995,-0.73326,0.46072,-0.42723,0.46045,-0.42752,0.26862,0.28931
6.31200,-0.67903,-0.73411,0.46125,-0.42665,0.46099,-0.42694,0.26825,0.28965
6.31400,-0.67811,-0.73496,0.46179,-0.42607,0.46152,-0.42636,0.26789,0.28998
6.31600,-0.67718,-0.73581,0.46233,-0.42549,0.46206,-0.42578,0.26752,0.29032
6.31800,-0.67626,-0.73666,0.46286,-0.42491,0.46259,-0.42520,0.26716,0.29066
6.32000,-0.67533,-0.73751,0.46339,-0.42432,0.46313,-0.42462,0.26679,0.29099
6.32200,-0.67441,-0.73836,0.46393,-0.42374,0.46366,-0.42403,0.26643,0.29133
6.32400,-0.67348,-0.73921,0.46446,-0.42316,0.46419,-0.42345,0.26606,0.29166
6.32600,-0.67255,-0.74005,0.46499,-0.42257,0.46472,-0.42287,0.26569,0.29199
6.32800,-0.67162,-0.74090,0.46552,-0.42199,0.46525,-0.42228,0.26533,0.29233
6.33000,-0.67069,-0.74174,0.46605,-0.42140,0.46579,-0.42170,0.26496,0.29266
6.33200,-0.66975,-0.74258,0.46658,-0.42082,0.46631,-0.42111,0.26459,0.29299
6.33400,-0.66882,-0.74343,0.46711,-0.42023,0.46684,-0.42052,0.26422,0.29333
6.33600,-0.66788,-0.74426,0.46764,-0.41964,0.46737,-0.41994,0.26385,0.29366
6.33800,-0.66695,-0.74510,0.46816,-0.41906,0.46790,-0.41935,0.26349,0.29399
6.34000,-0.66601,-0.74594,0.46869,-0.41847,0.46843,-0.41876,0.26312,0.29432
6.34200,-0.66507,-0.74678,0.46921,-0.41788,0.46895,-0.41817,0.26275,0.29465
6.34400,-0.66414,-0.74761,0.46974,-0.41729,0.46948,-0.41758,0.26238,0.29498
6.34600,-0.66320,-0.74845,0.47026,-0.41670,0.47000,-0.41699,0.26200,0.29531
6.34800,-0.66225,-0.74928,0.47079,-0.41611,0.47052,-0.41640,0.26163,0.29564
6.35000,-0.66131,-0.75011,0.47131,-0.41551,0.47105,-0.41581,0.26126,0.29597
6.35200,-0.66037,-0.75094,0.47183,-0.41492,0.47157,-0.41522,0.26089,0.29630
6.35400,-0.65942,-0.75177,0.47235,-0.41433,0.47209,-0.41463,0.26052,0.29662
6.35600,-0.65848,-0.75260,0.47287,-0.41373,0.47261,-0.41403,0.26014,0.29695
6.35800,-0.65753,-0.75343,0.47339,-0.41314,0.47313,-0.41344,0.25977,0.29728
6.36000,-0.65659,-0.75425,0.47391,-0.41254,0.47365,-0.41284,0.25940,0.29760
6.36200,-0.65564,-0.75508,0.47443,-0.41195,0.47417,-0.41225,0.25902,0.29793
6.36400,-0.65469,-0.75590,0.47495,-0.41135,0.47469,-0.41165,0.25865,0.29825
6.36600,-0.65374,-0.75672,0.47546,-0.41076,0.47520,-0.41105,0.25827,0.29858
6.36800,-0.65279,-0.75754,0.47598,-0.41016,0.47572,-0.41046,0.25790,0.29890
6.37000,-0.65183,-0.75836,0.47649,-0.40956,0.47624,-0.40986,0.25752,0.29923
6.37200,-0.65088,-0.75918,0.47701,-0.40896,0.47675,-0.40926,0.25715,0.29955
6.37400,-0.64993,-0.76000,0.47752,-0.40836,0.47726,-0.40866,0.25677,0.29987
6.37600,-0.64897,-0.76081,0.47803,-0.40776,0.47778,-0.40806,0.25639,0.30020
6.37800,-0.64801,-0.76163,0.47855,-0.40716,0.47829,-0.40746,0.25601,0.30052
6.38000,-0.64706,-0.76244,0.47906,-0.40656,0.47880,-0.40686,0.25564,0.30084
6.38200,-0.64610,-0.76326,0.47957,-0.40595,0.47931,-0.40626,0.25526,0.30116
6.38400,-0.64514,-0.76407,0.48008,-0.40535,0.47982,-0.40565,0.25488,0.30148
6.38600,-0.64418,-0.76488,0.48059,-0.40475,0.48033,-0.40505,0.25450,0.30180
6.38800,-0.64322,-0.76569,0.48109,-0.40414,0.48084,-0.40445,0.25412,0.30212
6.39000,-0.64225,-0.76649,0.48160,-0.40354,0.48135,-0.40384,0.25374,0.30244
6.39200,-0.64129,-0.76730,0.48211,-0.40293,0.48186,-0.40324,0.25336,0.30276
6.39400,-0.64032,-0.76810,0.48261,-0.40233,0.48236,-0.40263,0.25298,0.30308
6.39600,-0.63936,-0.76891,0.48312,-0.40172,0.48287,-0.40202,0.25260,0.30339
6.39800,-0.63839,-0.76971,0.48362,-0.40111,0.48337,-0.40142,0.25222,0.30371
6.40000,-0.63742,-0.77051,0.48413,-0.40051,0.48388,-0.40081,0.25184,0.30403
6.40200,-0.63646,-0.77131,0.48463,-0.39990,0.48438,-0.40020,0.25145,0.30434
6.40400,-0.63549,-0.77211,0.48513,-0.39929,0.48488,-0.39959,0.25107,0.30466
6.40600,-0.63451,-0.77291,0.48563,-0.39868,0.48538,-0.39898,0.25069,0.30498
6.40800,-0.63354,-0.77371,0.48613,-0.39807,0.48588,-0.39837,0.25030,0.30529
6.41000,-0.63257,-0.77450,0.48663,-0.39746,0.48638,-0.39776,0.24992,0.30560
6.41200,-0.63160,-0.77530,0.48713,-0.39684,0.48688,-0.39715,0.24954,0.30592
6.41400,-0.63062,-0.77609,0.48763,-0.39623,0.48738,-0.39654,0.24915,0.30623
6.41600,-0.62965,-0.77688,0.48813,-0.39562,0.48788,-0.39592,0.24877,0.30654
6.41800,-0.62867,-0.77767,0.48863,-0.39500,0.48838,-0.39531,0.24838,0.30686
6.42000,-0.62769,-0.77846,0.48912,-0.39439,0.48887,-0.39470,0.24800,0.30717
6.42200,-0.62671,-0.77925,0.48962,-0.39378,0.48937,-0.39408,0.24761,0.30748
6.42400,-0.62573,-0.78004,0.49011,-0.39316,0.48986,-0.39347,0.24722,0.30779
6.42600,-0.62475,-0.78082,0.49061,-0.39254,0.49036,-0.39285,0.24684,0.30810
6.42800,-0.62377,-0.78161,0.49110,-0.39193,0.49085,-0.39224,0.24645,0.30841
6.43000,-0.62279,-0.78239,0.49159,-0.39131,0.49134,-0.39162,0.24606,0.30872
6.43200,-0.62180,-0.78317,0.49208,-0.39069,0.49184,-0.39100,0.24567,0.30903
6.43400,-0.62082,-0.78395,0.49257,-0.39007,0.49233,-0.39038,0.24528,0.30934
6.43600,-0.61983,-0.78473,0.49306,-0.38945,0.49282,-0.38976,0.24490,0.30965
6.43800,-0.61885,-0.78551,0.49355,-0.38883,0.49331,-0.38914,0.24451,0.30995
6.44000,-0.61786,-0.78629,0.49404,-0.38821,0.49380,-0.38852,0.24412,0.31026
6.44200,-0.61687,-0.78706,0.49453,-0.38759,0.49428,-0.38790,0.24373,0.31057
6.44400,-0.61588,-0.78784,0.49501,-0.38697,0.49477,-0.38728,0.24334,0.31087
6.44600,-0.61489,-0.78861,0.49550,-0.38635,0.49526,-0.38666,0.24294,0.31118
6.44800,-0.61390,-0.78938,0.49598,-0.38572,0.49574,-0.38604,0.24255,0.31148
6.45000,-0.61291,-0.79016,0.49647,-0.38510,0.49623,-0.38541,0.24216,0.31179
6.45200,-0.61191,-0.79092,0.49695,-0.38448,0.49671,-0.38479,0.24177,0.31209
6.45400,-0.61092,-0.79169,0.49744,-0.38385,0.49719,-0.38416,0.24138,0.31240
6.45600,-0.60992,-0.79246,0.49792,-0.38323,0.49768,-0.38354,0.24098,0.31270
6.45800,-0.60893,-0.79323,0.49840,-0.38260,0.49816,-0.38291,0.24059,0.31300
6.46000,-0.60793,-0.79399,0.49888,-0.38197,0.49864,-0.38229,0.24020,0.31330
6.46200,-0.60693,-0.79475,0.49936,-0.38135,0.49912,-0.38166,0.23980,0.31361
6.46400,-0.60593,-0.79552,0.49984,-0.38072,0.49960,-0.38103,0.23941,0.31391
6.46600,-0.60493,-0.79628,0.50032,-0.38009,0.50008,-0.38040,0.23902,0.31421
6.46800,-0.60393,-0.79704,0.50079,-0.37946,0.50055,-0.37978,0.23862,0.31451
6.47000,-0.60293,-0.79779,0.50127,-0.37883,0.50103,-0.37915,0.23822,0.31481
6.47200,-0.60193,-0.79855,0.50174,-0.37820,0.50151,-0.37852,0.23783,0.31511
6.47400,-0.60092,-0.79931,0.50222,-0.37757,0.50198,-0.37789,0.23743,0.31540
6.47600,-0.59992,-0.80006,0.50269,-0.37694,0.50246,-0.37726,0.23704,0.31570
6.47800,-0.59891,-0.80082,0.50317,-0.37631,0.50293,-0.37662,0.23664,0.31600
6.48000,-0.59790,-0.80157,0.50364,-0.37567,0.50340,-0.37599,0.23624,0.31630
6.48200,-0.59690,-0.80232,0.50411,-0.37504,0.50388,-0.37536,0.23584,0.31659
6.48400,-0.59589,-0.80307,0.50458,-0.37441,0.50435,-0.37472,0.23545,0.31689
6.48600,-0.59488,-0.80382,0.50505,-0.37377,0.50482,-0.37409,0.23505,0.31719
6.48800,-0.59387,-0.80456,0.50552,-0.37314,0.50529,-0.37346,0.23465,0.31748
6.49000,-0.59286,-0.80531,0.50599,-0.37250,0.50576,-0.37282,0.23425,0.31778
6.49200,-0.59184,-0.80605,0.50646,-0.37187,0.50622,-0.37218,0.23385,0.31807
6.49400,-0.59083,-0.80680,0.50692,-0.37123,0.50669,-0.37155,0.23345,0.31836
6.49600,-0.58982,-0.80754,0.50739,-0.37059,0.50716,-0.37091,0.23305,0.31866
6.49800,-0.58880,-0.80828,0.50786,-0.36995,0.50762,-0.37027,0.23265,0.31895
6.50000,-0.58779,-0.80902,0.50832,-0.36932,0.50809,-0.36964,0.23225,0.31924
6.50200,-0.58677,-0.80975,0.50878,-0.36868,0.50855,-0.36900,0.23185,0.31953
6.50400,-0.58575,-0.81049,0.50925,-0.36804,0.50902,-0.36836,0.23145,0.31982
6.50600,-0.58473,-0.81123,0.50971,-0.36740,0.50948,-0.36772,0.23104,0.32011
6.50800,-0.58371,-0.81196,0.51017,-0.36676,0.50994,-0.36708,0.23064,0.32040
6.51000,-0.58269,-0.81269,0.51063,-0.36612,0.51040,-0.36644,0.23024,0.32069
6.51200,-0.58167,-0.81343,0.51109,-0.36547,0.51086,-0.36579,0.22984,0.32098
6.51400,-0.58065,-0.81416,0.51155,-0.36483,0.51132,-0.36515,0.22943,0.32127
6.51600,-0.57962,-0.81489,0.51201,-0.36419,0.51178,-0.36451,0.22903,0.32156
6.51800,-0.57860,-0.81561,0.51246,-0.36354,0.51224,-0.36387,0.22862,0.32185
6.52000,-0.57757,-0.81634,0.51292,-0.36290,0.51269,-0.36322,0.22822,0.32213
6.52200,-0.57655,-0.81706,0.51338,-0.36225,0.51315,-0.36258,0.22781,0.32242
6.52400,-0.57552,-0.81779,0.51383,-0.36161,0.51360,-0.36193,0.22741,0.32271
6.52600,-0.57449,-0.81851,0.51429,-0.36096,0.51406,-0.36129,0.22700,0.32299
6.52800,-0.57346,-0.81923,0.51474,-0.36032,0.51451,-0.36064,0.22660,0.32328
6.53000,-0.57243,-0.81995,0.51519,-0.35967,0.51496,-0.35999,0.22619,0.32356
6.53200,-0.57140,-0.82067,0.51564,-0.35902,0.51542,-0.35935,0.22578,0.32385
6.53400,-0.57037,-0.82139,0.51609,-0.35837,0.51587,-0.35870,0.22538,0.32413
6.53600,-0.56934,-0.82210,0.51654,-0.35772,0.51632,-0.35805,0.22497,0.32441
6.53800,-0.56830,-0.82282,0.51699,-0.35708,0.51677,-0.35740,0.22456,0.32469
6.54000,-0.56727,-0.82353,0.51744,-0.35643,0.51722,-0.35675,0.22415,0.32498
6.54200,-0.56623,-0.82424,0.51789,-0.35577,0.51766,-0.35610,0.22374,0.32526
6.54400,-0.56520,-0.82496,0.51833,-0.35512,0.51811,-0.35545,0.22334,0.32554
6.54600,-0.56416,-0.82567,0.51878,-0.35447,0.51856,-0.35480,0.22293,0.32582
6.54800,-0.56312,-0.82637,0.51923,-0.35382,0.51900,-0.35415,0.22252,0.32610
6.55000,-0.56208,-0.82708,0.51967,-0.35317,0.51945,-0.35349,0.22211,0.32638
6.55200,-0.56104,-0.82779,0.52011,-0.35251,0.51989,-0.35284,0.22170,0.32666
6.55400,-0.56000,-0.82849,0.52056,-0.35186,0.52033,-0.35219,0.22129,0.32694
6.55600,-0.55896,-0.82919,0.52100,-0.35121,0.52078,-0.35153,0.22087,0.32721
6.55800,-0.55792,-0.82990,0.52144,-0.35055,0.52122,-0.35088,0.22046,0.32749
6.56000,-0.55688,-0.83060,0.52188,-0.34990,0.52166,-0.35022,0.22005,0.32777
6.56200,-0.55583,-0.83130,0.52232,-0.34924,0.52210,-0.34957,0.21964,0.32804
6.56400,-0.55479,-0.83199,0.52276,-0.34858,0.52254,-0.34891,0.21923,0.32832
6.56600,-0.55374,-0.83269,0.52319,-0.34793,0.52298,-0.34825,0.21881,0.32860
6.56800,-0.55269,-0.83338,0.52363,-0.34727,0.52341,-0.34760,0.21840,0.32887
6.57000,-0.55165,-0.83408,0.52407,-0.34661,0.52385,-0.34694,0.21799,0.32914
6.57200,-0.55060,-0.83477,0.52450,-0.34595,0.52428,-0.34628,0.21757,0.32942
6.57400,-0.54955,-0.83546,0.52494,-0.34529,0.52472,-0.34562,0.21716,0.32969
6.57600,-0.54850,-0.83615,0.52537,-0.34463,0.52515,-0.34496,0.21675,0.32996
6.57800,-0.54745,-0.83684,0.52580,-0.34397,0.52559,-0.34430,0.21633,0.33024
6.58000,-0.54639,-0.83753,0.52623,-0.34331,0.52602,-0.34364,0.21592,0.33051
6.58200,-0.54534,-0.83821,0.52667,-0.34265,0.52645,-0.34298,0.21550,0.33078
6.58400,-0.54429,-0.83890,0.52710,-0.34199,0.52688,-0.34232,0.21508,0.33105
6.58600,-0.54323,-0.83958,0.52752,-0.34132,0.52731,-0.34165,0.21467,0.33132
6.58800,-0.54218,-0.84026,0.52795,-0.34066,0.52774,-0.34099,0.21425,0.33159
6.59000,-0.54112,-0.84094,0.52838,-0.34000,0.52817,-0.34033,0.21383,0.33186
6.59200,-0.54006,-0.84162,0.52881,-0.33933,0.52859,-0.33966,0.21342,0.33213
6.59400,-0.53901,-0.84230,0.52923,-0.33867,0.52902,-0.33900,0.21300,0.33239
6.59600,-0.53795,-0.84298,0.52966,-0.33800,0.52945,-0.33833,0.21258,0.33266
6.59800,-0.53689,-0.84365,0.53008,-0.33734,0.52987,-0.33767,0.21216,0.33293
6.60000,-0.53583,-0.84433,0.53051,-0.33667,0.53030,-0.33700,0.21175,0.33319
6.60200,-0.53477,-0.84500,0.53093,-0.33600,0.53072,-0.33634,0.21133,0.33346
6.60400,-0.53370,-0.84567,0.53135,-0.33534,0.53114,-0.33567,0.21091,0.33373
6.60600,-0.53264,-0.84634,0.53177,-0.33467,0.53156,-0.33500,0.21049,0.33399
6.60800,-0.53158,-0.84701,0.53219,-0.33400,0.53198,-0.33433,0.21007,0.33425
6.61000,-0.53051,-0.84768,0.53261,-0.33333,0.53240,-0.33366,0.20965,0.33452
6.61200,-0.52945,-0.84834,0.53303,-0.33266,0.53282,-0.33300,0.20923,0.33478
6.61400,-0.52838,-0.84901,0.53345,-0.33199,0.53324,-0.33233,0.20881,0.33504
6.61600,-0.52731,-0.84967,0.53386,-0.33132,0.53366,-0.33166,0.20838,0.33531
6.61800,-0.52624,-0.85033,0.53428,-0.33065,0.53407,-0.33098,0.20796,0.33557
6.62000,-0.52517,-0.85099,0.53470,-0.32998,0.53449,-0.33031,0.20754,0.33583
6.62200,-0.52410,-0.85165,0.53511,-0.32930,0.53490,-0.32964,0.20712,0.33609
6.62400,-0.52303,-0.85231,0.53552,-0.32863,0.53532,-0.32897,0.20670,0.33635
6.62600,-0.52196,-0.85297,0.53594,-0.32796,0.53573,-0.32830,0.20627,0.33661
6.62800,-0.52089,-0.85362,0.53635,-0.32729,0.53614,-0.32762,0.20585,0.33687
6.63000,-0.51982,-0.85428,0.53676,-0.32661,0.53655,-0.32695,0.20543,0.33713
6.63200,-0.51874,-0.85493,0.53717,-0.32594,0.53696,-0.32627,0.20500,0.33738
6.63400,-0.51767,-0.85558,0.53758,-0.32526,0.53737,-0.32560,0.20458,0.33764
6.63600,-0.51659,-0.85623,0.53799,-0.32458,0.53778,-0.32492,0.20416,0.33790
6.63800,-0.51552,-0.85688,0.53839,-0.32391,0.53819,-0.32425,0.20373,0.33815
6.64000,-0.51444,-0.85753,0.53880,-0.32323,0.53860,-0.32357,0.20331,0.33841
6.64200,-0.51336,-0.85817,0.53921,-0.32255,0.53900,-0.32289,0.20288,0.33867
6.64400,-0.51228,-0.85882,0.53961,-0.32188,0.53941,-0.32222,0.20245,0.33892
6.64600,-0.51120,-0.85946,0.54001,-0.32120,0.53981,-0.32154,0.20203,0.33917
6.64800,-0.51012,-0.86010,0.54042,-0.32052,0.54022,-0.32086,0.20160,0.33943
6.65000,-0.50904,-0.86074,0.54082,-0.31984,0.54062,-0.32018,0.20117,0.33968
6.65200,-0.50796,-0.86138,0.54122,-0.31916,0.54102,-0.31950,0.20075,0.33993
6.65400,-0.50688,-0.86202,0.54162,-0.31848,0.54142,-0.31882,0.20032,0.34019
6.65600,-0.50579,-0.86265,0.54202,-0.31780,0.54182,-0.31814,0.19989,0.34044
6.65800,-0.50471,-0.86329,0.54242,-0.31712,0.54222,-0.31746,0.19946,0.34069
6.66000,-0.50362,-0.86392,0.54282,-0.31644,0.54262,-0.31678,0.19904,0.34094
6.66200,-0.50254,-0.86456,0.54322,-0.31575,0.54302,-0.31609,0.19861,0.34119
6.66400,-0.50145,-0.86519,0.54361,-0.31507,0.54341,-0.31541,0.19818,0.34144
6.66600,-0.50036,-0.86582,0.54401,-0.31439,0.54381,-0.31473,0.19775,0.34169
6.66800,-0.49927,-0.86644,0.54440,-0.31370,0.54421,-0.31405,0.19732,0.34193
6.67000,-0.49819,-0.86707,0.54480,-0.31302,0.54460,-0.31336,0.19689,0.34218
6.67200,-0.49710,-0.86770,0.54519,-0.31233,0.54499,-0.31268,0.19646,0.34243
6.67400,-0.49600,-0.86832,0.54558,-0.31165,0.54539,-0.31199,0.19603,0.34268
6.67600,-0.49491,-0.86894,0.54597,-0.31096,0.54578,-0.31131,0.19560,0.34292
6.67800,-0.49382,-0.86956,0.54636,-0.31028,0.54617,-0.31062,0.19517,0.34317
6.68000,-0.49273,-0.87018,0.54675,-0.30959,0.54656,-0.30993,0.19474,0.34341
6.68200,-0.49163,-0.87080,0.54714,-0.30890,0.54695,-0.30925,0.19431,0.34366
6.68400,-0.49054,-0.87142,0.54753,-0.30821,0.54734,-0.30856,0.19387,0.34390
6.68600,-0.48944,-0.87204,0.54792,-0.30753,0.54772,-0.30787,0.19344,0.34414
6.68800,-0.48835,-0.87265,0.54830,-0.30684,0.54811,-0.30718,0.19301,0.34439
6.69000,-0.48725,-0.87326,0.54869,-0.30615,0.54849,-0.30649,0.19258,0.34463
6.69200,-0.48615,-0.87387,0.54907,-0.30546,0.54888,-0.30580,0.19214,0.34487
6.69400,-0.48505,-0.87448,0.54945,-0.30477,0.54926,-0.30511,0.19171,0.34511
6.69600,-0.48395,-0.87509,0.54984,-0.30408,0.54965,-0.30442,0.19127,0.34535
6.69800,-0.48285,-0.87570,0.55022,-0.30339,0.55003,-0.30373,0.19084,0.34559
6.70000,-0.48175,-0.87631,0.55060,-0.30269,0.55041,-0.30304,0.19041,0.34583
6.70200,-0.48065,-0.87691,0.55098,-0.30200,0.55079,-0.30235,0.18997,0.34607
6.70400,-0.47955,-0.87751,0.55136,-0.30131,0.55117,-0.30166,0.18954,0.34631
6.70600,-0.47845,-0.87812,0.55174,-0.30062,0.55155,-0.30096,0.18910,0.34655
6.70800,-0.47734,-0.87872,0.55211,-0.29992,0.55193,-0.30027,0.18867,0.34679
6.71000,-0.47624,-0.87932,0.55249,-0.29923,0.55230,-0.29958,0.18823,0.34702
6.71200,-0.47513,-0.87991,0.55287,-0.29853,0.55268,-0.29888,0.18779,0.34726
6.71400,-0.47403,-0.88051,0.55324,-0.29784,0.55305,-0.29819,0.18736,0.34749
6.71600,-0.47292,-0.88111,0.55361,-0.29714,0.55343,-0.29749,0.18692,0.34773
6.71800,-0.47181,-0.88170,0.55399,-0.29645,0.55380,-0.29680,0.18648,0.34796
6.72000,-0.47070,-0.88229,0.55436,-0.29575,0.55417,-0.29610,0.18605,0.34820
6.72200,-0.46959,-0.88288,0.55473,-0.29506,0.55455,-0.29540,0.18561,0.34843
6.72400,-0.46849,-0.88347,0.55510,-0.29436,0.55492,-0.29471,0.18517,0.34866
6.72600,-0.46737,-0.88406,0.55547,-0.29366,0.55529,-0.29401,0.18473,0.34890
6.72800,-0.46626,-0.88465,0.55584,-0.29296,0.55566,-0.29331,0.18429,0.34913
6.73000,-0.46515,-0.88523,0.55621,-0.29226,0.55602,-0.29261,0.18385,0.34936
6.73200,-0.46404,-0.88582,0.55657,-0.29156,0.55639,-0.29191,0.18341,0.34959
6.73400,-0.46292,-0.88640,0.55694,-0.29086,0.55676,-0.29121,0.18298,0.34982
6.73600,-0.46181,-0.88698,0.55730,-0.29016,0.55712,-0.29051,0.18254,0.35005
6.73800,-0.46070,-0.88756,0.55767,-0.28946,0.55749,-0.28981,0.18210,0.35028
6.74000,-0.45958,-0.88814,0.55803,-0.28876,0.55785,-0.28911,0.18166,0.35051
6.74200,-0.45846,-0.88871,0.55839,-0.28806,0.55821,-0.28841,0.18121,0.35074
6.74400,-0.45735,-0.88929,0.55876,-0.28736,0.55858,-0.28771,0.18077,0.35096
6.74600,-0.45623,-0.88986,0.55912,-0.28666,0.55894,-0.28701,0.18033,0.35119
6.74800,-0.45511,-0.89044,0.55948,-0.28595,0.55930,-0.28631,0.17989,0.35142
6.75000,-0.45399,-0.89101,0.55984,-0.28525,0.55966,-0.28560,0.17945,0.35164
6.75200,-0.45287,-0.89158,0.56019,-0.28455,0.56001,-0.28490,0.17901,0.35187
6.75400,-0.45175,-0.89214,0.56055,-0.28384,0.56037,-0.28419,0.17856,0.35209
6.75600,-0.45063,-0.89271,0.56091,-0.28314,0.56073,-0.28349,0.17812,0.35232
6.75800,-0.44951,-0.89328,0.56126,-0.28243,0.56109,-0.28279,0.17768,0.35254
6.76000,-0.44838,-0.89384,0.56162,-0.28173,0.56144,-0.28208,0.17724,0.35276
6.76200,-0.44726,-0.89440,0.56197,-0.28102,0.56179,-0.28137,0.17679,0.35299
6.76400,-0.44614,-0.89497,0.56232,-0.28032,0.56215,-0.28067,0.17635,0.35321
6.76600,-0.44501,-0.89553,0.56268,-0.27961,0.56250,-0.27996,0.17591,0.35343
6.76800,-0.44388,-0.89608,0.56303,-0.27890,0.56285,-0.27925,0.17546,0.35365
6.77000,-0.44276,-0.89664,0.56338,-0.27819,0.56320,-0.27855,0.17502,0.35387
6.77200,-0.44163,-0.89720,0.56373,-0.27748,0.56355,-0.27784,0.17457,0.35409
6.77400,-0.44050,-0.89775,0.56407,-0.27678,0.56390,-0.27713,0.17413,0.35431
6.77600,-0.43937,-0.89830,0.56442,-0.27607,0.56425,-0.27642,0.17368,0.35453
6.77800,-0.43825,-0.89886,0.56477,-0.27536,0.56459,-0.27571,0.17324,0.35474
6.78000,-0.43712,-0.89941,0.56511,-0.27465,0.56494,-0.27500,0.17279,0.35496
6.78200,-0.43599,-0.89995,0.56546,-0.27394,0.56529,-0.27429,0.17234,0.35518
6.78400,-0.43485,-0.90050,0.56580,-0.27323,0.56563,-0.27358,0.17190,0.35540
6.78600,-0.43372,-0.90105,0.56614,-0.27252,0.56597,-0.27287,0.17145,0.35561
6.78800,-0.43259,-0.90159,0.56649,-0.27180,0.56632,-0.27216,0.17100,0.35583
6.79000,-0.43146,-0.90213,0.56683,-0.27109,0.56666,-0.27145,0.17056,0.35604
6.79200,-0.43032,-0.90268,0.56717,-0.27038,0.56700,-0.27074,0.17011,0.35626
6.79400,-0.42919,-0.90322,0.56751,-0.26967,0.56734,-0.27002,0.16966,0.35647
6.79600,-0.42805,-0.90375,0.56785,-0.26895,0.56768,-0.26931,0.16921,0.35668
6.79800,-0.42692,-0.90429,0.56818,-0.26824,0.56801,-0.26860,0.16876,0.35689
6.80000,-0.42578,-0.90483,0.56852,-0.26752,0.56835,-0.26788,0.16832,0.35711
6.80200,-0.42464,-0.90536,0.56886,-0.26681,0.56869,-0.26717,0.16787,0.35732
6.80400,-0.42350,-0.90589,0.56919,-0.26610,0.56902,-0.26645,0.16742,0.35753
6.80600,-0.42237,-0.90643,0.56952,-0.26538,0.56936,-0.26574,0.16697,0.35774
6.80800,-0.42123,-0.90696,0.56986,-0.26466,0.56969,-0.26502,0.16652,0.35795
6.81000,-0.42009,-0.90748,0.57019,-0.26395,0.57002,-0.26431,0.16607,0.35816
6.81200,-0.41895,-0.90801,0.57052,-0.26323,0.57035,-0.26359,0.16562,0.35836
6.81400,-0.41780,-0.90854,0.57085,-0.26251,0.57069,-0.26287,0.16517,0.35857
6.81600,-0.41666,-0.90906,0.57118,-0.26180,0.57102,-0.26216,0.16472,0.35878
6.81800,-0.41552,-0.90958,0.57151,-0.26108,0.57134,-0.26144,0.16427,0.35899
6.82000,-0.41438,-0.91011,0.57184,-0.26036,0.57167,-0.26072,0.16381,0.35919
6.82200,-0.41323,-0.91063,0.57216,-0.25964,0.57200,-0.26000,0.16336,0.35940
6.82400,-0.41209,-0.91114,0.57249,-0.25892,0.57233,-0.25928,0.16291,0.35960
6.82600,-0.41094,-0.91166,0.57281,-0.25820,0.57265,-0.25856,0.16246,0.35981
6.82800,-0.40980,-0.91218,0.57314,-0.25748,0.57298,-0.25784,0.16201,0.36001
6.83000,-0.40865,-0.91269,0.57346,-0.25676,0.57330,-0.25712,0.16155,0.36021
6.83200,-0.40750,-0.91320,0.57378,-0.25604,0.57362,-0.25640,0.16110,0.36042
6.83400,-0.40635,-0.91372,0.57410,-0.25532,0.57394,-0.25568,0.16065,0.36062
6.83600,-0.40521,-0.91423,0.57442,-0.25460,0.57426,-0.25496,0.16020,0.36082
6.83800,-0.40406,-0.91473,0.57474,-0.25388,0.57458,-0.25424,0.15974,0.36102
6.84000,-0.40291,-0.91524,0.57506,-0.25315,0.57490,-0.25351,0.15929,0.36122
6.84200,-0.40176,-0.91575,0.57538,-0.25243,0.57522,-0.25279,0.15883,0.36142
6.84400,-0.40060,-0.91625,0.57570,-0.25171,0.57554,-0.25207,0.15838,0.36162
6.84600,-0.39945,-0.91675,0.57601,-0.25098,0.57586,-0.25135,0.15793,0.36182
6.84800,-0.39830,-0.91725,0.57633,-0.25026,0.57617,-0.25062,0.15747,0.36202
6.85000,-0.39715,-0.91775,0.57664,-0.24954,0.57649,-0.24990,0.15702,0.36222
6.85200,-0.39599,-0.91825,0.57696,-0.24881,0.57680,-0.24917,0.15656,0.36241
6.85400,-0.39484,-0.91875,0.57727,-0.24809,0.57711,-0.24845,0.15610,0.36261
6.85600,-0.39369,-0.91925,0.57758,-0.24736,0.57742,-0.24772,0.15565,0.36281
6.85800,-0.39253,-0.91974,0.57789,-0.24663,0.57773,-0.24700,0.15519,0.36300
6.86000,-0.39137,-0.92023,0.57820,-0.24591,0.57804,-0.24627,0.15474,0.36320
6.86200,-0.39022,-0.92072,0.57851,-0.24518,0.57835,-0.24554,0.15428,0.36339
6.86400,-0.38906,-0.92121,0.57881,-0.24445,0.57866,-0.24482,0.15382,0.36358
6.86600,-0.38790,-0.92170,0.57912,-0.24373,0.57897,-0.24409,0.15337,0.36378
6.86800,-0.38674,-0.92219,0.57943,-0.24300,0.57927,-0.24336,0.15291,0.36397
6.87000,-0.38558,-0.92267,0.57973,-0.24227,0.57958,-0.24263,0.15245,0.36416
6.87200,-0.38442,-0.92316,0.58004,-0.24154,0.57988,-0.24191,0.15199,0.36435
6.87400,-0.38326,-0.92364,0.58034,-0.24081,0.58019,-0.24118,0.15154,0.36454
6.87600,-0.38210,-0.92412,0.58064,-0.24008,0.58049,-0.24045,0.15108,0.36473
6.87800,-0.38094,-0.92460,0.58094,-0.23935,0.58079,-0.23972,0.15062,0.36492
6.88000,-0.37978,-0.92508,0.58124,-0.23862,0.58109,-0.23899,0.15016,0.36511
6.88200,-0.37862,-0.92555,0.58154,-0.23789,0.58139,-0.23826,0.14970,0.36530
6.88400,-0.37745,-0.92603,0.58184,-0.23716,0.58169,-0.23753,0.14924,0.36549
6.88600,-0.37629,-0.92650,0.58214,-0.23643,0.58199,-0.23680,0.14878,0.36567
6.88800,-0.37512,-0.92697,0.58244,-0.23570,0.58229,-0.23606,0.14832,0.36586
6.89000,-0.37396,-0.92745,0.58273,-0.23497,0.58258,-0.23533,0.14786,0.36605
6.89200,-0.37279,-0.92791,0.58303,-0.23423,0.58288,-0.23460,0.14740,0.36623
6.89400,-0.37163,-0.92838,0.58332,-0.23350,0.58317,-0.23387,0.14694,0.36642
6.89600,-0.37046,-0.92885,0.58361,-0.23277,0.58347,-0.23313,0.14648,0.36660
6.89800,-0.36929,-0.92931,0.58390,-0.23203,0.58376,-0.23240,0.14602,0.36679
6.90000,-0.36812,-0.92978,0.58420,-0.23130,0.58405,-0.23167,0.14556,0.36697
6.90200,-0.36696,-0.93024,0.58449,-0.23057,0.58434,-0.23093,0.14510,0.36715
6.90400,-0.36579,-0.93070,0.58478,-0.22983,0.58463,-0.23020,0.14464,0.36733
6.90600,-0.36462,-0.93116,0.58506,-0.22910,0.58492,-0.22946,0.14418,0.36752
6.90800,-0.36345,-0.93162,0.58535,-0.22836,0.58521,-0.22873,0.14371,0.36770
6.91000,-0.36228,-0.93207,0.58564,-0.22762,0.58549,-0.22799,0.14325,0.36788
6.91200,-0.36110,-0.93253,0.58592,-0.22689,0.58578,-0.22726,0.14279,0.36806
6.91400,-0.35993,-0.93298,0.58621,-0.22615,0.58607,-0.22652,0.14233,0.36824
6.91600,-0.35876,-0.93343,0.58649,-0.22541,0.58635,-0.22578,0.14186,0.36841
6.91800,-0.35759,-0.93388,0.58677,-0.22468,0.58663,-0.22505,0.14140,0.36859
6.92000,-0.35641,-0.93433,0.58706,-0.22394,0.58692,-0.22431,0.14094,0.36877
6.92200,-0.35524,-0.93478,0.58734,-0.22320,0.58720,-0.22357,0.14047,0.36895
6.92400,-0.35406,-0.93522,0.58762,-0.22246,0.58748,-0.22283,0.14001,0.36912
6.92600,-0.35289,-0.93567,0.58790,-0.22173,0.58776,-0.22209,0.13955,0.36930
6.92800,-0.35171,-0.93611,0.58817,-0.22099,0.58804,-0.22136,0.13908,0.36947
6.93000,-0.35053,-0.93655,0.58845,-0.22025,0.58831,-0.22062,0.13862,0.36965
6.93200,-0.34936,-0.93699,0.58873,-0.21951,0.58859,-0.21988,0.13815,0.36982
6.93400,-0.34818,-0.93743,0.58900,-0.21877,0.58887,-0.21914,0.13769,0.37000
6.93600,-0.34700,-0.93786,0.58928,-0.21803,0.58914,-0.21840,0.13722,0.37017
6.93800,-0.34582,-0.93830,0.58955,-0.21729,0.58941,-0.21766,0.13676,0.37034
6.94000,-0.34464,-0.93873,0.58982,-0.21655,0.58969,-0.21692,0.13629,0.37051
6.94200,-0.34346,-0.93917,0.59010,-0.21580,0.58996,-0.21617,0.13583,0.37068
6.94400,-0.34228,-0.93960,0.59037,-0.21506,0.59023,-0.21543,0.13536,0.37085
6.94600,-0.34110,-0.94003,0.59064,-0.21432,0.59050,-0.21469,0.13489,0.37102
6.94800,-0.33992,-0.94045,0.59090,-0.21358,0.59077,-0.21395,0.13443,0.37119
6.95000,-0.33874,-0.94088,0.59117,-0.21284,0.59104,-0.21321,0.13396,0.37136
6.95200,-0.33756,-0.94131,0.59144,-0.21209,0.59131,-0.21246,0.13349,0.37153
6.95400,-0.33637,-0.94173,0.59171,-0.21135,0.59157,-0.21172,0.13303,0.37170
6.95600,-0.33519,-0.94215,0.59197,-0.21061,0.59184,-0.21098,0.13256,0.37186
6.95800,-0.33400,-0.94257,0.59224,-0.20986,0.59210,-0.21023,0.13209,0.37203
6.96000,-0.33282,-0.94299,0.59250,-0.20912,0.59237,-0.20949,0.13163,0.37219
6.96200,-0.33163,-0.94341,0.59276,-0.20837,0.59263,-0.20874,0.13116,0.37236
6.96400,-0.33045,-0.94382,0.59302,-0.20763,0.59289,-0.20800,0.13069,0.37252
6.96600,-0.32926,-0.94424,0.59328,-0.20688,0.59315,-0.20725,0.13022,0.37269
6.96800,-0.32808,-0.94465,0.59354,-0.20614,0.59341,-0.20651,0.12975,0.37285
6.97000,-0.32689,-0.94506,0.59380,-0.20539,0.59367,-0.20576,0.12928,0.37301
6.97200,-0.32570,-0.94547,0.59406,-0.20464,0.59393,-0.20502,0.12882,0.37318
6.97400,-0.32451,-0.94588,0.59431,-0.20390,0.59419,-0.20427,0.12835,0.37334
6.97600,-0.32332,-0.94629,0.59457,-0.20315,0.59444,-0.20352,0.12788,0.37350
6.97800,-0.32213,-0.94669,0.59483,-0.20240,0.59470,-0.20278,0.12741,0.37366
6.98000,-0.32094,-0.94710,0.59508,-0.20165,0.59495,-0.20203,0.12694,0.37382
6.98200,-0.31975,-0.94750,0.59533,-0.20091,0.59521,-0.20128,0.12647,0.37398
6.98400,-0.31856,-0.94790,0.59558,-0.20016,0.59546,-0.20053,0.12600,0.37414
6.98600,-0.31737,-0.94830,0.59584,-0.19941,0.59571,-0.19978,0.12553,0.37430
6.98800,-0.31618,-0.94870,0.59609,-0.19866,0.59596,-0.19904,0.12506,0.37445
6.99000,-0.31499,-0.94910,0.59633,-0.19791,0.59621,-0.19829,0.12459,0.37461
6.99200,-0.31379,-0.94949,0.59658,-0.19716,0.59646,-0.19754,0.12412,0.37477
6.99400,-0.31260,-0.94988,0.59683,-0.19641,0.59671,-0.19679,0.12365,0.37492
6.99600,-0.31141,-0.95028,0.59708,-0.19566,0.59695,-0.19604,0.12317,0.37508
6.99800,-0.31021,-0.95067,0.59732,-0.19491,0.59720,-0.19529,0.12270,0.37523
7.00000,-0.30902,-0.95106,0.59757,-0.19416,0.59744,-0.19454,0.12223,0.37539
7.00200,-0.30782,-0.95144,0.59781,-0.19341,0.59769,-0.19379,0.12176,0.37554
7.00400,-0.30663,-0.95183,0.59805,-0.19266,0.59793,-0.19303,0.12129,0.37569
7.00600,-0.30543,-0.95221,0.59829,-0.19191,0.59817,-0.19228,0.12081,0.37584
7.00800,-0.30423,-0.95260,0.59853,-0.19115,0.59841,-0.19153,0.12034,0.37599
7.01000,-0.30304,-0.95298,0.59877,-0.19040,0.59865,-0.19078,0.11987,0.37615
7.01200,-0.30184,-0.95336,0.59901,-0.18965,0.59889,-0.19003,0.11940,0.37630
7.01400,-0.30064,-0.95374,0.59925,-0.18890,0.59913,-0.18927,0.11892,0.37645
7.01600,-0.29944,-0.95411,0.59949,-0.18814,0.59937,-0.18852,0.11845,0.37660
7.01800,-0.29824,-0.95449,0.59972,-0.18739,0.59961,-0.18777,0.11798,0.37674
7.02000,-0.29704,-0.95486,0.59996,-0.18664,0.59984,-0.18701,0.11750,0.37689
7.02200,-0.29584,-0.95524,0.60019,-0.18588,0.60008,-0.18626,0.11703,0.37704
7.02400,-0.29464,-0.95561,0.60043,-0.18513,0.60031,-0.18551,0.11656,0.37719
7.02600,-0.29344,-0.95598,0.60066,-0.18437,0.60054,-0.18475,0.11608,0.37733
7.02800,-0.29224,-0.95635,0.60089,-0.18362,0.60077,-0.18400,0.11561,0.37748
7.03000,-0.29104,-0.95671,0.60112,-0.18286,0.60100,-0.18324,0.11513,0.37762
7.03200,-0.28983,-0.95708,0.60135,-0.18211,0.60123,-0.18249,0.11466,0.37777
7.03400,-0.28863,-0.95744,0.60158,-0.18135,0.60146,-0.18173,0.11418,0.37791
7.03600,-0.28743,-0.95780,0.60180,-0.18060,0.60169,-0.18097,0.11371,0.37805
7.03800,-0.28622,-0.95816,0.60203,-0.17984,0.60192,-0.18022,0.11323,0.37820
7.04000,-0.28502,-0.95852,0.60226,-0.17908,0.60214,-0.17946,0.11276,0.37834
7.04200,-0.28381,-0.95888,0.60248,-0.17833,0.60237,-0.17870,0.11228,0.37848
7.04400,-0.28261,-0.95924,0.60271,-0.17757,0.60259,-0.17795,0.11181,0.37862
7.04600,-0.28140,-0.95959,0.60293,-0.17681,0.60282,-0.17719,0.11133,0.37876
7.04800,-0.28020,-0.95994,0.60315,-0.17605,0.60304,-0.17643,0.11086,0.37890
7.05000,-0.27899,-0.96029,0.60337,-0.17530,0.60326,-0.17567,0.11038,0.37904
7.05200,-0.27778,-0.96064,0.60359,-0.17454,0.60348,-0.17492,0.10990,0.37918
7.05400,-0.27658,-0.96099,0.60381,-0.17378,0.60370,-0.17416,0.10943,0.37932
7.05600,-0.27537,-0.96134,0.60403,-0.17302,0.60392,-0.17340,0.10895,0.37945
7.05800,-0.27416,-0.96168,0.60424,-0.17226,0.60414,-0.17264,0.10847,0.37959
7.06000,-0.27295,-0.96203,0.60446,-0.17150,0.60435,-0.17188,0.10800,0.37973
7.06200,-0.27174,-0.96237,0.60467,-0.17074,0.60457,-0.17112,0.10752,0.37986
7.06400,-0.27053,-0.96271,0.60489,-0.16998,0.60478,-0.17036,0.10704,0.38000
7.06600,-0.26932,-0.96305,0.60510,-0.16922,0.60500,-0.16960,0.10656,0.38013
7.06800,-0.26811,-0.96339,0.60531,-0.16846,0.60521,-0.16884,0.10609,0.38026
7.07000,-0.26690,-0.96372,0.60553,-0.16770,0.60542,-0.16808,0.10561,0.38040
7.07200,-0.26569,-0.96406,0.60574,-0.16694,0.60563,-0.16732,0.10513,0.38053
7.07400,-0.26448,-0.96439,0.60594,-0.16618,0.60584,-0.16656,0.10465,0.38066
7.07600,-0.26327,-0.96472,0.60615,-0.16542,0.60605,-0.16580,0.10417,0.38079
7.07800,-0.26205,-0.96505,0.60636,-0.16465,0.60626,-0.16503,0.10369,0.38092
7.08000,-0.26084,-0.96538,0.60657,-0.16389,0.60646,-0.16427,0.10322,0.38105
7.08200,-0.25963,-0.96571,0.60677,-0.16313,0.60667,-0.16351,0.10274,0.38118
7.08400,-0.25841,-0.96603,0.60698,-0.16237,0.60687,-0.16275,0.10226,0.38131
7.08600,-0.25720,-0.96636,0.60718,-0.16160,0.60708,-0.16199,0.10178,0.38144
7.08800,-0.25599,-0.96668,0.60738,-0.16084,0.60728,-0.16122,0.10130,0.38157
7.09000,-0.25477,-0.96700,0.60758,-0.16008,0.60748,-0.16046,0.10082,0.38169
7.09200,-0.25356,-0.96732,0.60779,-0.15931,0.60769,-0.15970,0.10034,0.38182
7.09400,-0.25234,-0.96764,0.60799,-0.15855,0.60789,-0.15893,0.09986,0.38195
7.09600,-0.25112,-0.96796,0.60818,-0.15779,0.60808,-0.15817,0.09938,0.38207
7.09800,-0.24991,-0.96827,0.60838,-0.15702,0.60828,-0.15740,0.09890,0.38220
7.10000,-0.24869,-0.96858,0.60858,-0.15626,0.60848,-0.15664,0.09842,0.38232
7.10200,-0.24747,-0.96889,0.60877,-0.15549,0.60868,-0.15587,0.09794,0.38244
7.10400,-0.24625,-0.96921,0.60897,-0.15473,0.60887,-0.15511,0.09746,0.38257
7.10600,-0.24504,-0.96951,0.60916,-0.15396,0.60907,-0.15434,0.09698,0.38269
7.10800,-0.24382,-0.96982,0.60936,-0.15320,0.60926,-0.15358,0.09650,0.38281
7.11000,-0.24260,-0.97013,0.60955,-0.15243,0.60945,-0.15281,0.09601,0.38293
7.11200,-0.24138,-0.97043,0.60974,-0.15166,0.60964,-0.15205,0.09553,0.38305
7.11400,-0.24016,-0.97073,0.60993,-0.15090,0.60983,-0.15128,0.09505,0.38317
7.11600,-0.23894,-0.97103,0.61012,-0.15013,0.61002,-0.15051,0.09457,0.38329
7.11800,-0.23772,-0.97133,0.61031,-0.14936,0.61021,-0.14975,0.09409,0.38341
7.12000,-0.23650,-0.97163,0.61049,-0.14860,0.61040,-0.14898,0.09361,0.38353
7.12200,-0.23528,-0.97193,0.61068,-0.14783,0.61059,-0.14821,0.09312,0.38364
7.12400,-0.23406,-0.97222,0.61087,-0.14706,0.61077,-0.14745,0.09264,0.38376
7.12600,-0.23283,-0.97252,0.61105,-0.14629,0.61096,-0.14668,0.09216,0.38388
7.12800,-0.23161,-0.97281,0.61123,-0.14553,0.61114,-0.14591,0.09168,0.38399
7.13000,-0.23039,-0.97310,0.61142,-0.14476,0.61132,-0.14514,0.09120,0.38411
7.13200,-0.22917,-0.97339,0.61160,-0.14399,0.61151,-0.14437,0.09071,0.38422
7.13400,-0.22794,-0.97367,0.61178,-0.14322,0.61169,-0.14361,0.09023,0.38433
7.13600,-0.22672,-0.97396,0.61196,-0.14245,0.61187,-0.14284,0.08975,0.38445
7.13800,-0.22550,-0.97424,0.61214,-0.14168,0.61205,-0.14207,0.08926,0.38456
7.14000,-0.22427,-0.97453,0.61231,-0.14091,0.61222,-0.14130,0.08878,0.38467
7.14200,-0.22305,-0.97481,0.61249,-0.14014,0.61240,-0.14053,0.08830,0.38478
7.14400,-0.22182,-0.97509,0.61267,-0.13937,0.61258,-0.13976,0.08781,0.38489
7.14600,-0.22060,-0.97537,0.61284,-0.13860,0.61275,-0.13899,0.08733,0.38500
7.14800,-0.21937,-0.97564,0.61301,-0.13783,0.61293,-0.13822,0.08685,0.38511
7.15000,-0.21814,-0.97592,0.61319,-0.13706,0.61310,-0.13745,0.08636,0.38522
7.15200,-0.21692,-0.97619,0.61336,-0.13629,0.61327,-0.13668,0.08588,0.38533
7.15400,-0.21569,-0.97646,0.61353,-0.13552,0.61344,-0.13591,0.08539,0.38544
7.15600,-0.21446,-0.97673,0.61370,-0.13475,0.61361,-0.13514,0.08491,0.38555
7.15800,-0.21324,-0.97700,0.61387,-0.13398,0.61378,-0.13437,0.08442,0.38565
7.16000,-0.21201,-0.97727,0.61404,-0.13321,0.61395,-0.13359,0.08394,0.38576
7.16200,-0.21078,-0.97753,0.61420,-0.13244,0.61412,-0.13282,0.08345,0.38586
7.16400,-0.20955,-0.97780,0.61437,-0.13166,0.61429,-0.13205,0.08297,0.38597
7.16600,-0.20832,-0.97806,0.61453,-0.13089,0.61445,-0.13128,0.08248,0.38607
7.16800,-0.20709,-0.97832,0.61470,-0.13012,0.61462,-0.13051,0.08200,0.38617
7.17000,-0.20586,-0.97858,0.61486,-0.12935,0.61478,-0.12973,0.08151,0.38628
7.17200,-0.20463,-0.97884,0.61502,-0.12857,0.61494,-0.12896,0.08103,0.38638
7.17400,-0.20340,-0.97910,0.61518,-0.12780,0.61510,-0.12819,0.08054,0.38648
7.17600,-0.20217,-0.97935,0.61534,-0.12703,0.61526,-0.12742,0.08006,0.38658
7.17800,-0.20094,-0.97960,0.61550,-0.12626,0.61542,-0.12664,0.07957,0.38668
7.18000,-0.19971,-0.97986,0.61566,-0.12548,0.61558,-0.12587,0.07909,0.38678
7.18200,-0.19848,-0.98011,0.61582,-0.12471,0.61574,-0.12509,0.07860,0.38688
7.18400,-0.19725,-0.98035,0.61597,-0.12393,0.61590,-0.12432,0.07811,0.38698
7.18600,-0.19601,-0.98060,0.61613,-0.12316,0.61605,-0.12355,0.07763,0.38708
7.18800,-0.19478,-0.98085,0.61628,-0.12239,0.61621,-0.12277,0.07714,0.38717
7.19000,-0.19355,-0.98109,0.61644,-0.12161,0.61636,-0.12200,0.07665,0.38727
7.19200,-0.19232,-0.98133,0.61659,-0.12084,0.61651,-0.12122,0.07617,0.38737
7.19400,-0.19108,-0.98157,0.61674,-0.12006,0.61667,-0.12045,0.07568,0.38746
7.19600,-0.18985,-0.98181,0.61689,-0.11929,0.61682,-0.11967,0.07519,0.38756
7.19800,-0.18862,-0.98205,0.61704,-0.11851,0.61697,-0.11890,0.07471,0.38765
7.20000,-0.18738,-0.98229,0.61719,-0.11774,0.61712,-0.11812,0.07422,0.38774
7.20200,-0.18615,-0.98252,0.61734,-0.11696,0.61726,-0.11735,0.07373,0.38784
7.20400,-0.18491,-0.98276,0.61748,-0.11618,0.61741,-0.11657,0.07324,0.38793
7.20600,-0.18368,-0.98299,0.61763,-0.11541,0.61756,-0.11580,0.07276,0.38802
7.20800,-0.18244,-0.98322,0.61777,-0.11463,0.61770,-0.11502,0.07227,0.38811
7.21000,-0.18121,-0.98345,0.61792,-0.11385,0.61785,-0.11424,0.07178,0.38820
7.21200,-0.17997,-0.98367,0.61806,-0.11308,0.61799,-0.11347,0.07129,0.38829
7.21400,-0.17873,-0.98390,0.61820,-0.11230,0.61813,-0.11269,0.07081,0.38838
7.21600,-0.17750,-0.98412,0.61834,-0.11152,0.61827,-0.11191,0.07032,0.38847
7.21800,-0.17626,-0.98434,0.61848,-0.11075,0.61841,-0.11114,0.06983,0.38856
7.22000,-0.17502,-0.98456,0.61862,-0.10997,0.61855,-0.11036,0.06934,0.38865
7.22200,-0.17379,-0.98478,0.61876,-0.10919,0.61869,-0.10958,0.06885,0.38873
7.22400,-0.17255,-0.98500,0.61889,-0.10842,0.61883,-0.10880,0.06836,0.38882
7.22600,-0.17131,-0.98522,0.61903,-0.10764,0.61896,-0.10803,0.06787,0.38891
7.22800,-0.17007,-0.98543,0.61916,-0.10686,0.61910,-0.10725,0.06739,0.38899
7.23000,-0.16883,-0.98564,0.61930,-0.10608,0.61923,-0.10647,0.06690,0.38907
7.23200,-0.16759,-0.98586,0.61943,-0.10530,0.61937,-0.10569,0.06641,0.38916
7.23400,-0.16636,-0.98607,0.61956,-0.10452,0.61950,-0.10491,0.06592,0.38924
7.23600,-0.16512,-0.98627,0.61969,-0.10375,0.61963,-0.10414,0.06543,0.38932
7.23800,-0.16388,-0.98648,0.61982,-0.10297,0.61976,-0.10336,0.06494,0.38941
7.24000,-0.16264,-0.98669,0.61995,-0.10219,0.61989,-0.10258,0.06445,0.38949
7.24200,-0.16140,-0.98689,0.62008,-0.10141,0.62002,-0.10180,0.06396,0.38957
7.24400,-0.16016,-0.98709,0.62021,-0.10063,0.62014,-0.10102,0.06347,0.38965
7.24600,-0.15892,-0.98729,0.62033,-0.09985,0.62027,-0.10024,0.06298,0.38973
7.24800,-0.15768,-0.98749,0.62046,-0.09907,0.62040,-0.09946,0.06249,0.38981
7.25000,-0.15643,-0.98769,0.62058,-0.09829,0.62052,-0.09868,0.06200,0.38988
7.25200,-0.15519,-0.98788,0.62071,-0.09751,0.62064,-0.09790,0.06151,0.38996
7.25400,-0.15395,-0.98808,0.62083,-0.09673,0.62077,-0.09712,0.06102,0.39004
7.25600,-0.15271,-0.98827,0.62095,-0.09595,0.62089,-0.09634,0.06053,0.39012
7.25800,-0.15147,-0.98846,0.62107,-0.09517,0.62101,-0.09556,0.06004,0.39019
7.26000,-0.15023,-0.98865,0.62119,-0.09439,0.62113,-0.09478,0.05955,0.39027
7.26200,-0.14898,-0.98884,0.62131,-0.09361,0.62125,-0.09400,0.05906,0.39034
7.26400,-0.14774,-0.98903,0.62142,-0.09283,0.62136,-0.09322,0.05857,0.39042
7.26600,-0.14650,-0.98921,0.62154,-0.09205,0.62148,-0.09244,0.05808,0.39049
7.26800,-0.14525,-0.98939,0.62165,-0.09127,0.62160,-0.09166,0.05759,0.39056
7.27000,-0.14401,-0.98958,0.62177,-0.09048,0.62171,-0.09088,0.05710,0.39063
7.27200,-0.14277,-0.98976,0.62188,-0.08970,0.62183,-0.09009,0.05661,0.39070
7.27400,-0.14152,-0.98993,0.62199,-0.08892,0.62194,-0.08931,0.05612,0.39078
7.27600,-0.14028,-0.99011,0.62211,-0.08814,0.62205,-0.08853,0.05563,0.39085
7.27800,-0.13903,-0.99029,0.62222,-0.08736,0.62216,-0.08775,0.05513,0.39092
7.28000,-0.13779,-0.99046,0.62233,-0.08658,0.62227,-0.08697,0.05464,0.39098
7.28200,-0.13655,-0.99063,0.62243,-0.08579,0.62238,-0.08619,0.05415,0.39105
7.28400,-0.13530,-0.99080,0.62254,-0.08501,0.62249,-0.08540,0.05366,0.39112
7.28600,-0.13406,-0.99097,0.62265,-0.08423,0.62259,-0.08462,0.05317,0.39119
7.28800,-0.13281,-0.99114,0.62275,-0.08345,0.62270,-0.08384,0.05268,0.39125
7.29000,-0.13156,-0.99131,0.62286,-0.08266,0.62280,-0.08306,0.05219,0.39132
7.29200,-0.13032,-0.99147,0.62296,-0.08188,0.62291,-0.08227,0.05169,0.39138
7.29400,-0.12907,-0.99164,0.62306,-0.08110,0.62301,-0.08149,0.05120,0.39145
7.29600,-0.12783,-0.99180,0.62316,-0.08032,0.62311,-0.08071,0.05071,0.39151
7.29800,-0.12658,-0.99196,0.62326,-0.07953,0.62321,-0.07992,0.05022,0.39158
7.30000,-0.12533,-0.99211,0.62336,-0.07875,0.62331,-0.07914,0.04973,0.39164
7.30200,-0.12409,-0.99227,0.62346,-0.07797,0.62341,-0.07836,0.04923,0.39170
7.30400,-0.12284,-0.99243,0.62356,-0.07718,0.62351,-0.07757,0.04874,0.39176
7.30600,-0.12159,-0.99258,0.62366,-0.07640,0.62361,-0.07679,0.04825,0.39182
7.30800,-0.12034,-0.99273,0.62375,-0.07561,0.62370,-0.07601,0.04776,0.39188
7.31000,-0.11910,-0.99288,0.62385,-0.07483,0.62380,-0.07522,0.04726,0.39194
7.31200,-0.11785,-0.99303,0.62394,-0.07405,0.62389,-0.07444,0.04677,0.39200
7.31400,-0.11660,-0.99318,0.62403,-0.07326,0.62399,-0.07365,0.04628,0.39206
7.31600,-0.11535,-0.99332,0.62412,-0.07248,0.62408,-0.07287,0.04579,0.39212
7.31800,-0.11410,-0.99347,0.62421,-0.07169,0.62417,-0.07209,0.04529,0.39218
7.32000,-0.11286,-0.99361,0.62430,-0.07091,0.62426,-0.07130,0.04480,0.39223
7.32200,-0.11161,-0.99375,0.62439,-0.07013,0.62435,-0.07052,0.04431,0.39229
7.32400,-0.11036,-0.99389,0.62448,-0.06934,0.62444,-0.06973,0.04381,0.39235
7.32600,-0.10911,-0.99403,0.62457,-0.06856,0.62452,-0.06895,0.04332,0.39240
7.32800,-0.10786,-0.99417,0.62465,-0.06777,0.62461,-0.06816,0.04283,0.39245
7.33000,-0.10661,-0.99430,0.62474,-0.06699,0.62470,-0.06738,0.04234,0.39251
7.33200,-0.10536,-0.99443,0.62482,-0.06620,0.62478,-0.06659,0.04184,0.39256
7.33400,-0.10411,-0.99457,0.62490,-0.06542,0.62486,-0.06581,0.04135,0.39261
7.33600,-0.10286,-0.99470,0.62499,-0.06463,0.62494,-0.06502,0.04085,0.39266
7.33800,-0.10161,-0.99482,0.62507,-0.06384,0.62503,-0.06424,0.04036,0.39272
7.34000,-0.10036,-0.99495,0.62515,-0.06306,0.62511,-0.06345,0.03987,0.39277
7.34200,-0.09911,-0.99508,0.62522,-0.06227,0.62519,-0.06267,0.03937,0.39282
7.34400,-0.09786,-0.99520,0.62530,-0.06149,0.62526,-0.06188,0.03888,0.39286
7.34600,-0.09661,-0.99532,0.62538,-0.06070,0.62534,-0.06109,0.03839,0.39291
7.34800,-0.09536,-0.99544,0.62546,-0.05992,0.62542,-0.06031,0.03789,0.39296
7.35000,-0.09411,-0.99556,0.62553,-0.05913,0.62549,-0.05952,0.03740,0.39301
7.35200,-0.09286,-0.99568,0.62560,-0.05834,0.62557,-0.05874,0.03691,0.39306
7.35400,-0.09161,-0.99580,0.62568,-0.05756,0.62564,-0.05795,0.03641,0.39310
7.35600,-0.09035,-0.99591,0.62575,-0.05677,0.62571,-0.05716,0.03592,0.39315
7.35800,-0.08910,-0.99602,0.62582,-0.05598,0.62578,-0.05638,0.03542,0.39319
7.36000,-0.08785,-0.99613,0.62589,-0.05520,0.62585,-0.05559,0.03493,0.39324
7.36200,-0.08660,-0.99624,0.62596,-0.05441,0.62592,-0.05481,0.03444,0.39328
7.36400,-0.08535,-0.99635,0.62603,-0.05363,0.62599,-0.05402,0.03394,0.39332
7.36600,-0.08410,-0.99646,0.62609,-0.05284,0.62606,-0.05323,0.03345,0.39336
7.36800,-0.08284,-0.99656,0.62616,-0.05205,0.62613,-0.05245,0.03295,0.39341
7.37000,-0.08159,-0.99667,0.62622,-0.05126,0.62619,-0.05166,0.03246,0.39345
7.37200,-0.08034,-0.99677,0.62629,-0.05048,0.62626,-0.05087,0.03196,0.39349
7.37400,-0.07909,-0.99687,0.62635,-0.04969,0.62632,-0.05008,0.03147,0.39353
7.37600,-0.07783,-0.99697,0.62641,-0.04890,0.62638,-0.04930,0.03097,0.39357
7.37800,-0.07658,-0.99706,0.62647,-0.04812,0.62644,-0.04851,0.03048,0.39361
7.38000,-0.07533,-0.99716,0.62653,-0.04733,0.62650,-0.04772,0.02999,0.39364
7.38200,-0.07407,-0.99725,0.62659,-0.04654,0.62656,-0.04694,0.02949,0.39368
7.38400,-0.07282,-0.99735,0.62665,-0.04575,0.62662,-0.04615,0.02900,0.39372
7.38600,-0.07157,-0.99744,0.62671,-0.04497,0.62668,-0.04536,0.02850,0.39375
7.38800,-0.07031,-0.99752,0.62676,-0.04418,0.62674,-0.04457,0.02801,0.39379
7.39000,-0.06906,-0.99761,0.62682,-0.04339,0.62679,-0.04379,0.02751,0.39382
7.39200,-0.06781,-0.99770,0.62687,-0.04260,0.62685,-0.04300,0.02702,0.39386
7.39400,-0.06655,-0.99778,0.62693,-0.04182,0.62690,-0.04221,0.02652,0.39389
7.39600,-0.06530,-0.99787,0.62698,-0.04103,0.62695,-0.04142,0.02603,0.39393
7.39800,-0.06404,-0.99795,0.62703,-0.04024,0.62700,-0.04063,0.02553,0.39396
7.40000,-0.06279,-0.99803,0.62708,-0.03945,0.62705,-0.03985,0.02504,0.39399
7.40200,-0.06154,-0.99810,0.62713,-0.03866,0.62710,-0.03906,0.02454,0.39402
7.40400,-0.06028,-0.99818,0.62718,-0.03788,0.62715,-0.03827,0.02405,0.39405
7.40600,-0.05903,-0.99826,0.62722,-0.03709,0.62720,-0.03748,0.02355,0.39408
7.40800,-0.05777,-0.99833,0.62727,-0.03630,0.62725,-0.03669,0.02306,0.39411
7.41000,-0.05652,-0.99840,0.62731,-0.03551,0.62729,-0.03591,0.02256,0.39414
7.41200,-0.05526,-0.99847,0.62736,-0.03472,0.62734,-0.03512,0.02206,0.39417
7.41400,-0.05401,-0.99854,0.62740,-0.03393,0.62738,-0.03433,0.02157,0.39419
7.41600,-0.05275,-0.99861,0.62744,-0.03315,0.62742,-0.03354,0.02107,0.39422
7.41800,-0.05150,-0.99867,0.62748,-0.03236,0.62746,-0.03275,0.02058,0.39425
7.42000,-0.05024,-0.99874,0.62752,-0.03157,0.62750,-0.03196,0.02008,0.39427
7.42200,-0.04899,-0.99880,0.62756,-0.03078,0.62754,-0.03118,0.01959,0.39430
7.42400,-0.04773,-0.99886,0.62760,-0.02999,0.62758,-0.03039,0.01909,0.39432
7.42600,-0.04648,-0.99892,0.62764,-0.02920,0.62762,-0.02960,0.01860,0.39435
7.42800,-0.04522,-0.99898,0.62768,-0.02841,0.62766,-0.02881,0.01810,0.39437
7.43000,-0.04397,-0.99903,0.62771,-0.02763,0.62769,-0.02802,0.01761,0.39439
7.43200,-0.04271,-0.99909,0.62774,-0.02684,0.62773,-0.02723,0.01711,0.39441
7.43400,-0.04146,-0.99914,0.62778,-0.02605,0.62776,-0.02644,0.01661,0.39443
7.43600,-0.04020,-0.99919,0.62781,-0.02526,0.62779,-0.02565,0.01612,0.39445
7.43800,-0.03895,-0.99924,0.62784,-0.02447,0.62783,-0.02486,0.01562,0.39447
7.44000,-0.03769,-0.99929,0.62787,-0.02368,0.62786,-0.02408,0.01513,0.39449
7.44200,-0.03643,-0.99934,0.62790,-0.02289,0.62789,-0.02329,0.01463,0.39451
7.44400,-0.03518,-0.99938,0.62793,-0.02210,0.62792,-0.02250,0.01414,0.39453
7.44600,-0.03392,-0.99942,0.62796,-0.02131,0.62794,-0.02171,0.01364,0.39455
7.44800,-0.03267,-0.99947,0.62798,-0.02053,0.62797,-0.02092,0.01314,0.39457
7.45000,-0.03141,-0.99951,0.62801,-0.01974,0.62800,-0.02013,0.01265,0.39458
7.45200,-0.03015,-0.99955,0.62803,-0.01895,0.62802,-0.01934,0.01215,0.39460
7.45400,-0.02890,-0.99958,0.62806,-0.01816,0.62804,-0.01855,0.01166,0.39461
7.45600,-0.02764,-0.99962,0.62808,-0.01737,0.62807,-0.01776,0.01116,0.39463
7.45800,-0.02639,-0.99965,0.62810,-0.01658,0.62809,-0.01697,0.01066,0.39464
7.46000,-0.02513,-0.99968,0.62812,-0.01579,0.62811,-0.01618,0.01017,0.39465
7.46200,-0.02387,-0.99971,0.62814,-0.01500,0.62813,-0.01540,0.00967,0.39467
7.46400,-0.02262,-0.99974,0.62816,-0.01421,0.62815,-0.01461,0.00918,0.39468
7.46600,-0.02136,-0.99977,0.62817,-0.01342,0.62817,-0.01382,0.00868,0.39469
7.46800,-0.02010,-0.99980,0.62819,-0.01263,0.62818,-0.01303,0.00819,0.39470
7.47000,-0.01885,-0.99982,0.62821,-0.01184,0.62820,-0.01224,0.00769,0.39471
7.47200,-0.01759,-0.99985,0.62822,-0.01105,0.62821,-0.01145,0.00719,0.39472
7.47400,-0.01634,-0.99987,0.62823,-0.01026,0.62823,-0.01066,0.00670,0.39473
7.47600,-0.01508,-0.99989,0.62825,-0.00947,0.62824,-0.00987,0.00620,0.39474
7.47800,-0.01382,-0.99990,0.62826,-0.00868,0.62825,-0.00908,0.00570,0.39474
7.48000,-0.01257,-0.99992,0.62827,-0.00790,0.62826,-0.00829,0.00521,0.39475
7.48200,-0.01131,-0.99994,0.62828,-0.00711,0.62827,-0.00750,0.00471,0.39476
7.48400,-0.01005,-0.99995,0.62829,-0.00632,0.62828,-0.00671,0.00422,0.39476
7.48600,-0.00880,-0.99996,0.62829,-0.00553,0.62829,-0.00592,0.00372,0.39477
7.48800,-0.00754,-0.99997,0.62830,-0.00474,0.62830,-0.00513,0.00322,0.39477
7.49000,-0.00628,-0.99998,0.62831,-0.00395,0.62830,-0.00434,0.00273,0.39477
7.49200,-0.00503,-0.99999,0.62831,-0.00316,0.62831,-0.00355,0.00223,0.39478
7.49400,-0.00377,-0.99999,0.62831,-0.00237,0.62831,-0.00276,0.00174,0.39478
7.49600,-0.00251,-1.00000,0.62832,-0.00158,0.62832,-0.00197,0.00124,0.39478
7.49800,-0.00126,-1.00000,0.62832,-0.00079,0.62832,-0.00118,0.00074,0.39478
7.50000,-0.00000,-1.00000,0.62832,0.00000,0.62832,-0.00039,0.00025,0.39478
7.50200,0.00126,-1.00000,0.62832,0.00079,0.62832,0.00039,-0.00025,0.39478
7.50400,0.00251,-1.00000,0.62832,0.00158,0.62832,0.00118,-0.00074,0.39478
7.50600,0.00377,-0.99999,0.62831,0.00237,0.62832,0.00197,-0.00124,0.39478
7.50800,0.00503,-0.99999,0.62831,0.00316,0.62831,0.00276,-0.00174,0.39478
7.51000,0.00628,-0.99998,0.62831,0.00395,0.62831,0.00355,-0.00223,0.39478
7.51200,0.00754,-0.99997,0.62830,0.00474,0.62830,0.00434,-0.00273,0.39477
7.51400,0.00880,-0.99996,0.62829,0.00553,0.62830,0.00513,-0.00322,0.39477
7.51600,0.01005,-0.99995,0.62829,0.00632,0.62829,0.00592,-0.00372,0.39477
7.51800,0.01131,-0.99994,0.62828,0.00711,0.62828,0.00671,-0.00422,0.39476
7.52000,0.01257,-0.99992,0.62827,0.00790,0.62827,0.00750,-0.00471,0.39476
7.52200,0.01382,-0.99990,0.62826,0.00868,0.62826,0.00829,-0.00521,0.39475
7.52400,0.01508,-0.99989,0.62825,0.00947,0.62825,0.00908,-0.00570,0.39474
7.52600,0.01634,-0.99987,0.62823,0.01026,0.62824,0.00987,-0.00620,0.39474
7.52800,0.01759,-0.99985,0.62822,0.01105,0.62823,0.01066,-0.00670,0.39473
7.53000,0.01885,-0.99982,0.62821,0.01184,0.62821,0.01145,-0.00719,0.39472
7.53200,0.02010,-0.99980,0.62819,0.01263,0.62820,0.01224,-0.00769,0.39471
7.53400,0.02136,-0.99977,0.62817,0.01342,0.62818,0.01303,-0.00819,0.39470
7.53600,0.02262,-0.99974,0.62816,0.01421,0.62817,0.01382,-0.00868,0.39469
7.53800,0.02387,-0.99971,0.62814,0.01500,0.62815,0.01461,-0.00918,0.39468
7.54000,0.02513,-0.99968,0.62812,0.01579,0.62813,0.01540,-0.00967,0.39467
7.54200,0.02639,-0.99965,0.62810,0.01658,0.62811,0.01618,-0.01017,0.39465
7.54400,0.02764,-0.99962,0.62808,0.01737,0.62809,0.01697,-0.01066,0.39464
7.54600,0.02890,-0.99958,0.62806,0.01816,0.62807,0.01776,-0.01116,0.39463
7.54800,0.03015,-0.99955,0.62803,0.01895,0.62804,0.01855,-0.01166,0.39461
7.55000,0.03141,-0.99951,0.62801,0.01974,0.62802,0.01934,-0.01215,0.39460
7.55200,0.03267,-0.99947,0.62798,0.02053,0.62800,0.02013,-0.01265,0.39458
7.55400,0.03392,-0.99942,0.62796,0.02131,0.62797,0.02092,-0.01314,0.39457
7.55600,0.03518,-0.99938,0.62793,0.02210,0.62794,0.02171,-0.01364,0.39455
7.55800,0.03643,-0.99934,0.62790,0.02289,0.62792,0.02250,-0.01414,0.39453
7.56000,0.03769,-0.99929,0.62787,0.02368,0.62789,0.02329,-0.01463,0.39451
7.56200,0.03895,-0.99924,0.62784,0.02447,0.62786,0.02408,-0.01513,0.39449
7.56400,0.04020,-0.99919,0.62781,0.02526,0.62783,0.02486,-0.01562,0.39447
7.56600,0.04146,-0.99914,0.62778,0.02605,0.62779,0.02565,-0.01612,0.39445
7.56800,0.04271,-0.99909,0.62774,0.02684,0.62776,0.02644,-0.01661,0.39443
7.57000,0.04397,-0.99903,0.62771,0.02763,0.62773,0.02723,-0.01711,0.39441
7.57200,0.04522,-0.99898,0.62768,0.02841,0.62769,0.02802,-0.01761,0.39439
7.57400,0.04648,-0.99892,0.62764,0.02920,0.62766,0.02881,-0.01810,0.39437
7.57600,0.04773,-0.99886,0.62760,0.02999,0.62762,0.02960,-0.01860,0.39435
7.57800,0.04899,-0.99880,0.62756,0.03078,0.62758,0.03039,-0.01909,0.39432
7.58000,0.05024,-0.99874,0.62752,0.03157,0.62754,0.03118,-0.01959,0.39430
7.58200,0.05150,-0.99867,0.62748,0.03236,0.62750,0.03196,-0.02008,0.39427
7.58400,0.05275,-0.99861,0.62744,0.03315,0.62746,0.03275,-0.02058,0.39425
7.58600,0.05401,-0.99854,0.62740,0.03393,0.62742,0.03354,-0.02107,0.39422
7.58800,0.05526,-0.99847,0.62736,0.03472,0.62738,0.03433,-0.02157,0.39419
7.59000,0.05652,-0.99840,0.62731,0.03551,0.62734,0.03512,-0.02206,0.39417
7.59200,0.05777,-0.99833,0.62727,0.03630,0.62729,0.03591,-0.02256,0.39414
7.59400,0.05903,-0.99826,0.62722,0.03709,0.62725,0.03669,-0.02306,0.39411
7.59600,0.06028,-0.99818,0.62718,0.03788,0.62720,0.03748,-0.02355,0.39408
7.59800,0.06154,-0.99810,0.62713,0.03866,0.62715,0.03827,-0.02405,0.39405
7.60000,0.06279,-0.99803,0.62708,0.03945,0.62710,0.03906,-0.02454,0.39402
7.60200,0.06404,-0.99795,0.62703,0.04024,0.62705,0.03985,-0.02504,0.39399
7.60400,0.06530,-0.99787,0.62698,0.04103,0.62700,0.04063,-0.02553,0.39396
7.60600,0.06655,-0.99778,0.62693,0.04182,0.62695,0.04142,-0.02603,0.39393
7.60800,0.06781,-0.99770,0.62687,0.04260,0.62690,0.04221,-0.02652,0.39389
7.61000,0.06906,-0.99761,0.62682,0.04339,0.62685,0.04300,-0.02702,0.39386
7.61200,0.07031,-0.99752,0.62676,0.04418,0.62679,0.04379,-0.02751,0.39382
7.61400,0.07157,-0.99744,0.62671,0.04497,0.62674,0.04457,-0.02801,0.39379
7.61600,0.07282,-0.99735,0.62665,0.04575,0.62668,0.04536,-0.02850,0.39375
7.61800,0.07407,-0.99725,0.62659,0.04654,0.62662,0.04615,-0.02900,0.39372
7.62000,0.07533,-0.99716,0.62653,0.04733,0.62656,0.04694,-0.02949,0.39368
7.62200,0.07658,-0.99706,0.62647,0.04812,0.62650,0.04772,-0.02999,0.39364
7.62400,0.07783,-0.99697,0.62641,0.04890,0.62644,0.04851,-0.03048,0.39361
7.62600,0.07909,-0.99687,0.62635,0.04969,0.62638,0.04930,-0.03097,0.39357
7.62800,0.08034,-0.99677,0.62629,0.05048,0.62632,0.05008,-0.03147,0.39353
7.63000,0.08159,-0.99667,0.62622,0.05126,0.62626,0.05087,-0.03196,0.39349
7.63200,0.08284,-0.99656,0.62616,0.05205,0.62619,0.05166,-0.03246,0.39345
7.63400,0.08410,-0.99646,0.62609,0.05284,0.62613,0.05245,-0.03295,0.39341
7.63600,0.08535,-0.99635,0.62603,0.05363,0.62606,0.05323,-0.03345,0.39336
7.63800,0.08660,-0.99624,0.62596,0.05441,0.62599,0.05402,-0.03394,0.39332
7.64000,0.08785,-0.99613,0.62589,0.05520,0.62592,0.05481,-0.03444,0.39328
7.64200,0.08910,-0.99602,0.62582,0.05598,0.62585,0.05559,-0.03493,0.39324
7.64400,0.09035,-0.99591,0.62575,0.05677,0.62578,0.05638,-0.03542,0.39319
7.64600,0.09161,-0.99580,0.62568,0.05756,0.62571,0.05716,-0.03592,0.39315
7.64800,0.09286,-0.99568,0.62560,0.05834,0.62564,0.05795,-0.03641,0.39310
7.65000,0.09411,-0.99556,0.62553,0.05913,0.62557,0.05874,-0.03691,0.39306
7.65200,0.09536,-0.99544,0.62546,0.05992,0.62549,0.05952,-0.03740,0.39301
7.65400,0.09661,-0.99532,0.62538,0.06070,0.62542,0.06031,-0.03789,0.39296
7.65600,0.09786,-0.99520,0.62530,0.06149,0.62534,0.06109,-0.03839,0.39291
7.65800,0.09911,-0.99508,0.62522,0.06227,0.62526,0.06188,-0.03888,0.39286
7.66000,0.10036,-0.99495,0.62515,0.06306,0.62519,0.06267,-0.03937,0.39282
7.66200,0.10161,-0.99482,0.62507,0.06384,0.62511,0.06345,-0.03987,0.39277
7.66400,0.10286,-0.99470,0.62499,0.06463,0.62503,0.06424,-0.04036,0.39272
7.66600,0.10411,-0.99457,0.62490,0.06542,0.62494,0.06502,-0.04085,0.39266
7.66800,0.10536,-0.99443,0.62482,0.06620,0.62486,0.06581,-0.04135,0.39261
7.67000,0.10661,-0.99430,0.62474,0.06699,0.62478,0.06659,-0.04184,0.39256
7.67200,0.10786,-0.99417,0.62465,0.06777,0.62470,0.06738,-0.04234,0.39251
7.67400,0.10911,-0.99403,0.62457,0.06856,0.62461,0.06816,-0.04283,0.39245
7.67600,0.11036,-0.99389,0.62448,0.06934,0.62452,0.06895,-0.04332,0.39240
7.67800,0.11161,-0.99375,0.62439,0.07013,0.62444,0.06973,-0.04381,0.39235
7.68000,0.11286,-0.99361,0.62430,0.07091,0.62435,0.07052,-0.04431,0.39229
7.68200,0.11410,-0.99347,0.62421,0.07169,0.62426,0.07130,-0.04480,0.39223
7.68400,0.11535,-0.99332,0.62412,0.07248,0.62417,0.07209,-0.04529,0.39218
7.68600,0.11660,-0.99318,0.62403,0.07326,0.62408,0.07287,-0.04579,0.39212
7.68800,0.11785,-0.99303,0.62394,0.07405,0.62399,0.07365,-0.04628,0.39206
7.69000,0.11910,-0.99288,0.62385,0.07483,0.62389,0.07444,-0.04677,0.39200
7.69200,0.12034,-0.99273,0.62375,0.07561,0.62380,0.07522,-0.04726,0.39194
7.69400,0.12159,-0.99258,0.62366,0.07640,0.62370,0.07601,-0.04776,0.39188
7.69600,0.12284,-0.99243,0.62356,0.07718,0.62361,0.07679,-0.04825,0.39182
7.69800,0.12409,-0.99227,0.62346,0.07797,0.62351,0.07757,-0.04874,0.39176
7.70000,0.12533,-0.99211,0.62336,0.07875,0.62341,0.07836,-0.04923,0.39170
7.70200,0.12658,-0.99196,0.62326,0.07953,0.62331,0.07914,-0.04973,0.39164
7.70400,0.12783,-0.99180,0.62316,0.08032,0.62321,0.07992,-0.05022,0.39158
7.70600,0.12907,-0.99164,0.62306,0.08110,0.62311,0.08071,-0.05071,0.39151
7.70800,0.13032,-0.99147,0.62296,0.08188,0.62301,0.08149,-0.05120,0.39145
7.71000,0.13156,-0.99131,0.62286,0.08266,0.62291,0.08227,-0.05169,0.39138
7.71200,0.13281,-0.99114,0.62275,0.08345,0.62280,0.08306,-0.05219,0.39132
7.71400,0.13406,-0.99097,0.62265,0.08423,0.62270,0.08384,-0.05268,0.39125
7.71600,0.13530,-0.99080,0.62254,0.08501,0.62259,0.08462,-0.05317,0.39119
7.71800,0.13655,-0.99063,0.62243,0.08579,0.62249,0.08540,-0.05366,0.39112
7.72000,0.13779,-0.99046,0.62233,0.08658,0.62238,0.08619,-0.05415,0.39105
7.72200,0.13903,-0.99029,0.62222,0.08736,0.62227,0.08697,-0.05464,0.39098
7.72400,0.14028,-0.99011,0.62211,0.08814,0.62216,0.08775,-0.05513,0.39092
7.72600,0.14152,-0.98993,0.62199,0.08892,0.62205,0.08853,-0.05563,0.39085
7.72800,0.14277,-0.98976,0.62188,0.08970,0.62194,0.08931,-0.05612,0.39078
7.73000,0.14401,-0.98958,0.62177,0.09048,0.62183,0.09009,-0.05661,0.39070
7.73200,0.14525,-0.98939,0.62165,0.09127,0.62171,0.09088,-0.05710,0.39063
7.73400,0.14650,-0.98921,0.62154,0.09205,0.62160,0.09166,-0.05759,0.39056
7.73600,0.14774,-0.98903,0.62142,0.09283,0.62148,0.09244,-0.05808,0.39049
7.73800,0.14898,-0.98884,0.62131,0.09361,0.62136,0.09322,-0.05857,0.39042
7.74000,0.15023,-0.98865,0.62119,0.09439,0.62125,0.09400,-0.05906,0.39034
7.74200,0.15147,-0.98846,0.62107,0.09517,0.62113,0.09478,-0.05955,0.39027
7.74400,0.15271,-0.98827,0.62095,0.09595,0.62101,0.09556,-0.06004,0.39019
7.74600,0.15395,-0.98808,0.62083,0.09673,0.62089,0.09634,-0.06053,0.39012
7.74800,0.15519,-0.98788,0.62071,0.09751,0.62077,0.09712,-0.06102,0.39004
7.75000,0.15643,-0.98769,0.62058,0.09829,0.62064,0.09790,-0.06151,0.38996
7.75200,0.15768,-0.98749,0.62046,0.09907,0.62052,0.09868,-0.06200,0.38988
7.75400,0.15892,-0.98729,0.62033,0.09985,0.62040,0.09946,-0.06249,0.38981
7.75600,0.16016,-0.98709,0.62021,0.10063,0.62027,0.10024,-0.06298,0.38973
7.75800,0.16140,-0.98689,0.62008,0.10141,0.62014,0.10102,-0.06347,0.38965
7.76000,0.16264,-0.98669,0.61995,0.10219,0.62002,0.10180,-0.06396,0.38957
7.76200,0.16388,-0.98648,0.61982,0.10297,0.61989,0.10258,-0.06445,0.38949
7.76400,0.16512,-0.98627,0.61969,0.10375,0.61976,0.10336,-0.06494,0.38941
7.76600,0.16636,-0.98607,0.61956,0.10452,0.61963,0.10414,-0.06543,0.38932
7.76800,0.16759,-0.98586,0.61943,0.10530,0.61950,0.10491,-0.06592,0.38924
7.77000,0.16883,-0.98564,0.61930,0.10608,0.61937,0.10569,-0.06641,0.38916
7.77200,0.17007,-0.98543,0.61916,0.10686,0.61923,0.10647,-0.06690,0.38907
7.77400,0.17131,-0.98522,0.61903,0.10764,0.61910,0.10725,-0.06739,0.38899
7.77600,0.17255,-0.98500,0.61889,0.10842,0.61896,0.10803,-0.06787,0.38891
7.77800,0.17379,-0.98478,0.61876,0.10919,0.61883,0.10880,-0.06836,0.38882
7.78000,0.17502,-0.98456,0.61862,0.10997,0.61869,0.10958,-0.06885,0.38873
7.78200,0.17626,-0.98434,0.61848,0.11075,0.61855,0.11036,-0.06934,0.38865
7.78400,0.17750,-0.98412,0.61834,0.11152,0.61841,0.11114,-0.06983,0.38856
7.78600,0.17873,-0.98390,0.61820,0.11230,0.61827,0.11191,-0.07032,0.38847
7.78800,0.17997,-0.98367,0.61806,0.11308,0.61813,0.11269,-0.07081,0.38838
7.79000,0.18121,-0.98345,0.61792,0.11385,0.61799,0.11347,-0.07129,0.38829
7.79200,0.18244,-0.98322,0.61777,0.11463,0.61785,0.11424,-0.07178,0.38820
7.79400,0.18368,-0.98299,0.61763,0.11541,0.61770,0.11502,-0.07227,0.38811
7.79600,0.18491,-0.98276,0.61748,0.11618,0.61756,0.11580,-0.07276,0.38802
7.79800,0.18615,-0.98252,0.61734,0.11696,0.61741,0.11657,-0.07324,0.38793
7.80000,0.18738,-0.98229,0.61719,0.11774,0.61726,0.11735,-0.07373,0.38784
7.80200,0.18862,-0.98205,0.61704,0.11851,0.61712,0.11812,-0.07422,0.38774
7.80400,0.18985,-0.98181,0.61689,0.11929,0.61697,0.11890,-0.07471,0.38765
7.80600,0.19108,-0.98157,0.61674,0.12006,0.61682,0.11967,-0.07519,0.38756
7.80800,0.19232,-0.98133,0.61659,0.12084,0.61667,0.12045,-0.07568,0.38746
7.81000,0.19355,-0.98109,0.61644,0.12161,0.61651,0.12122,-0.07617,0.38737
7.81200,0.19478,-0.98085,0.61628,0.12239,0.61636,0.12200,-0.07665,0.38727
7.81400,0.19601,-0.98060,0.61613,0.12316,0.61621,0.12277,-0.07714,0.38717
7.81600,0.19725,-0.98035,0.61597,0.12393,0.61605,0.12355,-0.07763,0.38708
7.81800,0.19848,-0.98011,0.61582,0.12471,0.61590,0.12432,-0.07811,0.38698
7.82000,0.19971,-0.97986,0.61566,0.12548,0.61574,0.12509,-0.07860,0.38688
7.82200,0.20094,-0.97960,0.61550,0.12626,0.61558,0.12587,-0.07909,0.38678
7.82400,0.20217,-0.97935,0.61534,0.12703,0.61542,0.12664,-0.07957,0.38668
7.82600,0.20340,-0.97910,0.61518,0.12780,0.61526,0.12742,-0.08006,0.38658
7.82800,0.20463,-0.97884,0.61502,0.12857,0.61510,0.12819,-0.08054,0.38648
7.83000,0.20586,-0.97858,0.61486,0.12935,0.61494,0.12896,-0.08103,0.38638
7.83200,0.20709,-0.97832,0.61470,0.13012,0.61478,0.12973,-0.08151,0.38628
7.83400,0.20832,-0.97806,0.61453,0.13089,0.61462,0.13051,-0.08200,0.38617
7.83600,0.20955,-0.97780,0.61437,0.13166,0.61445,0.13128,-0.08248,0.38607
7.83800,0.21078,-0.97753,0.61420,0.13244,0.61429,0.13205,-0.08297,0.38597
7.84000,0.21201,-0.97727,0.61404,0.13321,0.61412,0.13282,-0.08345,0.38586
7.84200,0.21324,-0.97700,0.61387,0.13398,0.61395,0.13359,-0.08394,0.38576
7.84400,0.21446,-0.97673,0.61370,0.13475,0.61378,0.13437,-0.08442,0.38565
7.84600,0.21569,-0.97646,0.61353,0.13552,0.61361,0.13514,-0.08491,0.38555
7.84800,0.21692,-0.97619,0.61336,0.13629,0.61344,0.13591,-0.08539,0.38544
7.85000,0.21814,-0.97592,0.61319,0.13706,0.61327,0.13668,-0.08588,0.38533
7.85200,0.21937,-0.97564,0.61301,0.13783,0.61310,0.13745,-0.08636,0.38522
7.85400,0.22060,-0.97537,0.61284,0.13860,0.61293,0.13822,-0.08685,0.38511
7.85600,0.22182,-0.97509,0.61267,0.13937,0.61275,0.13899,-0.08733,0.38500
7.85800,0.22305,-0.97481,0.61249,0.14014,0.61258,0.13976,-0.08781,0.38489
7.86000,0.22427,-0.97453,0.61231,0.14091,0.61240,0.14053,-0.08830,0.38478
7.86200,0.22550,-0.97424,0.61214,0.14168,0.61222,0.14130,-0.08878,0.38467
7.86400,0.22672,-0.97396,0.61196,0.14245,0.61205,0.14207,-0.08926,0.38456
7.86600,0.22794,-0.97367,0.61178,0.14322,0.61187,0.14284,-0.08975,0.38445
7.86800,0.22917,-0.97339,0.61160,0.14399,0.61169,0.14361,-0.09023,0.38433
7.87000,0.23039,-0.97310,0.61142,0.14476,0.61151,0.14437,-0.09071,0.38422
7.87200,0.23161,-0.97281,0.61123,0.14553,0.61132,0.14514,-0.09120,0.38411
7.87400,0.23283,-0.97252,0.61105,0.14629,0.61114,0.14591,-0.09168,0.38399
7.87600,0.23406,-0.97222,0.61087,0.14706,0.61096,0.14668,-0.09216,0.38388
7.87800,0.23528,-0.97193,0.61068,0.14783,0.61077,0.14745,-0.09264,0.38376
7.88000,0.23650,-0.97163,0.61049,0.14860,0.61059,0.14821,-0.09312,0.38364
7.88200,0.23772,-0.97133,0.61031,0.14936,0.61040,0.14898,-0.09361,0.38353
7.88400,0.23894,-0.97103,0.61012,0.15013,0.61021,0.14975,-0.09409,0.38341
7.88600,0.24016,-0.97073,0.60993,0.15090,0.61002,0.15051,-0.09457,0.38329
7.88800,0.24138,-0.97043,0.60974,0.15166,0.60983,0.15128,-0.09505,0.38317
7.89000,0.24260,-0.97013,0.60955,0.15243,0.60964,0.15205,-0.09553,0.38305
7.89200,0.24382,-0.96982,0.60936,0.15320,0.60945,0.15281,-0.09601,0.38293
7.89400,0.24504,-0.96951,0.60916,0.15396,0.60926,0.15358,-0.09650,0.38281
7.89600,0.24625,-0.96921,0.60897,0.15473,0.60907,0.15434,-0.09698,0.38269
7.89800,0.24747,-0.96889,0.60877,0.15549,0.60887,0.15511,-0.09746,0.38257
7.90000,0.24869,-0.96858,0.60858,0.15626,0.60868,0.15587,-0.09794,0.38244
7.90200,0.24991,-0.96827,0.60838,0.15702,0.60848,0.15664,-0.09842,0.38232
7.90400,0.25112,-0.96796,0.60818,0.15779,0.60828,0.15740,-0.09890,0.38220
7.90600,0.25234,-0.96764,0.60799,0.15855,0.60808,0.15817,-0.09938,0.38207
7.90800,0.25356,-0.96732,0.60779,0.15931,0.60789,0.15893,-0.09986,0.38195
7.91000,0.25477,-0.96700,0.60758,0.16008,0.60769,0.15970,-0.10034,0.38182
7.91200,0.25599,-0.96668,0.60738,0.16084,0.60748,0.16046,-0.10082,0.38169
7.91400,0.25720,-0.96636,0.60718,0.16160,0.60728,0.16122,-0.10130,0.38157
7.91600,0.25841,-0.96603,0.60698,0.16237,0.60708,0.16199,-0.10178,0.38144
7.91800,0.25963,-0.96571,0.60677,0.16313,0.60687,0.16275,-0.10226,0.38131
7.92000,0.26084,-0.96538,0.60657,0.16389,0.60667,0.16351,-0.10274,0.38118
7.92200,0.26205,-0.96505,0.60636,0.16465,0.60646,0.16427,-0.10322,0.38105
7.92400,0.26327,-0.96472,0.60615,0.16542,0.60626,0.16503,-0.10369,0.38092
7.92600,0.26448,-0.96439,0.60594,0.16618,0.60605,0.16580,-0.10417,0.38079
7.92800,0.26569,-0.96406,0.60574,0.16694,0.60584,0.16656,-0.10465,0.38066
7.93000,0.26690,-0.96372,0.60553,0.16770,0.60563,0.16732,-0.10513,0.38053
7.93200,0.26811,-0.96339,0.60531,0.16846,0.60542,0.16808,-0.10561,0.38040
7.93400,0.26932,-0.96305,0.60510,0.16922,0.60521,0.16884,-0.10609,0.38026
7.93600,0.27053,-0.96271,0.60489,0.16998,0.60500,0.16960,-0.10656,0.38013
7.93800,0.27174,-0.96237,0.60467,0.17074,0.60478,0.17036,-0.10704,0.38000
7.94000,0.27295,-0.96203,0.60446,0.17150,0.60457,0.17112,-0.10752,0.37986
7.94200,0.27416,-0.96168,0.60424,0.17226,0.60435,0.17188,-0.10800,0.37973
7.94400,0.27537,-0.96134,0.60403,0.17302,0.60414,0.17264,-0.10847,0.37959
7.94600,0.27658,-0.96099,0.60381,0.17378,0.60392,0.17340,-0.10895,0.37945
7.94800,0.27778,-0.96064,0.60359,0.17454,0.60370,0.17416,-0.10943,0.37932
7.95000,0.27899,-0.96029,0.60337,0.17530,0.60348,0.17492,-0.10990,0.37918
7.95200,0.28020,-0.95994,0.60315,0.17605,0.60326,0.17567,-0.11038,0.37904
7.95400,0.28140,-0.95959,0.60293,0.17681,0.60304,0.17643,-0.11086,0.37890
7.95600,0.28261,-0.95924,0.60271,0.17757,0.60282,0.17719,-0.11133,0.37876
7.95800,0.28381,-0.95888,0.60248,0.17833,0.60259,0.17795,-0.11181,0.37862
7.96000,0.28502,-0.95852,0.60226,0.17908,0.60237,0.17870,-0.11228,0.37848
7.96200,0.28622,-0.95816,0.60203,0.17984,0.60214,0.17946,-0.11276,0.37834
7.96400,0.28743,-0.95780,0.60180,0.18060,0.60192,0.18022,-0.11323,0.37820
7.96600,0.28863,-0.95744,0.60158,0.18135,0.60169,0.18097,-0.11371,0.37805
7.96800,0.28983,-0.95708,0.60135,0.18211,0.60146,0.18173,-0.11418,0.37791
7.97000,0.29104,-0.95671,0.60112,0.18286,0.60123,0.18249,-0.11466,0.37777
7.97200,0.29224,-0.95635,0.60089,0.18362,0.60100,0.18324,-0.11513,0.37762
7.97400,0.29344,-0.95598,0.60066,0.18437,0.60077,0.18400,-0.11561,0.37748
7.97600,0.29464,-0.95561,0.60043,0.18513,0.60054,0.18475,-0.11608,0.37733
7.97800,0.29584,-0.95524,0.60019,0.18588,0.60031,0.18551,-0.11656,0.37719
7.98000,0.29704,-0.95486,0.59996,0.18664,0.60008,0.18626,-0.11703,0.37704
7.98200,0.29824,-0.95449,0.59972,0.18739,0.59984,0.18701,-0.11750,0.37689
7.98400,0.29944,-0.95411,0.59949,0.18814,0.59961,0.18777,-0.11798,0.37674
7.98600,0.30064,-0.95374,0.59925,0.18890,0.59937,0.18852,-0.11845,0.37660
7.98800,0.30184,-0.95336,0.59901,0.18965,0.59913,0.18927,-0.11892,0.37645
7.99000,0.30304,-0.95298,0.59877,0.19040,0.59889,0.19003,-0.11940,0.37630
7.99200,0.30423,-0.95260,0.59853,0.19115,0.59865,0.19078,-0.11987,0.37615
7.99400,0.30543,-0.95221,0.59829,0.19191,0.59841,0.19153,-0.12034,0.37599
7.99600,0.30663,-0.95183,0.59805,0.19266,0.59817,0.19228,-0.12081,0.37584
7.99800,0.30782,-0.95144,0.59781,0.19341,0.59793,0.19303,-0.12129,0.37569
8.00000,0.30902,-0.95106,0.59757,0.19416,0.59769,0.19379,-0.12176,0.37554
8.00200,0.31021,-0.95067,0.59732,0.19491,0.59744,0.19454,-0.12223,0.37539
8.00400,0.31141,-0.95028,0.59708,0.19566,0.59720,0.19529,-0.12270,0.37523
8.00600,0.31260,-0.94988,0.59683,0.19641,0.59695,0.19604,-0.12317,0.37508
8.00800,0.31379,-0.94949,0.59658,0.19716,0.59671,0.19679,-0.12365,0.37492
8.01000,0.31499,-0.94910,0.59633,0.19791,0.59646,0.19754,-0.12412,0.37477
8.01200,0.31618,-0.94870,0.59609,0.19866,0.59621,0.19829,-0.12459,0.37461
8.01400,0.31737,-0.94830,0.59584,0.19941,0.59596,0.19904,-0.12506,0.37445
8.01600,0.31856,-0.94790,0.59558,0.20016,0.59571,0.19978,-0.12553,0.37430
8.01800,0.31975,-0.94750,0.59533,0.20091,0.59546,0.20053,-0.12600,0.37414
8.02000,0.32094,-0.94710,0.59508,0.20165,0.59521,0.20128,-0.12647,0.37398
8.02200,0.32213,-0.94669,0.59483,0.20240,0.59495,0.20203,-0.12694,0.37382
8.02400,0.32332,-0.94629,0.59457,0.20315,0.59470,0.20278,-0.12741,0.37366
8.02600,0.32451,-0.94588,0.59431,0.20390,0.59444,0.20352,-0.12788,0.37350
8.02800,0.32570,-0.94547,0.59406,0.20464,0.59419,0.20427,-0.12835,0.37334
8.03000,0.32689,-0.94506,0.59380,0.20539,0.59393,0.20502,-0.12882,0.37318
8.03200,0.32808,-0.94465,0.59354,0.20614,0.59367,0.20576,-0.12928,0.37301
8.03400,0.32926,-0.94424,0.59328,0.20688,0.59341,0.20651,-0.12975,0.37285
8.03600,0.33045,-0.94382,0.59302,0.20763,0.59315,0.20725,-0.13022,0.37269
8.03800,0.33163,-0.94341,0.59276,0.20837,0.59289,0.20800,-0.13069,0.37252
8.04000,0.33282,-0.94299,0.59250,0.20912,0.59263,0.20874,-0.13116,0.37236
8.04200,0.33400,-0.94257,0.59224,0.20986,0.59237,0.20949,-0.13163,0.37219
8.04400,0.33519,-0.94215,0.59197,0.21061,0.59210,0.21023,-0.13209,0.37203
8.04600,0.33637,-0.94173,0.59171,0.21135,0.59184,0.21098,-0.13256,0.37186
8.04800,0.33756,-0.94131,0.59144,0.21209,0.59157,0.21172,-0.13303,0.37170
8.05000,0.33874,-0.94088,0.59117,0.21284,0.59131,0.21246,-0.13349,0.37153
8.05200,0.33992,-0.94045,0.59090,0.21358,0.59104,0.21321,-0.13396,0.37136
8.05400,0.34110,-0.94003,0.59064,0.21432,0.59077,0.21395,-0.13443,0.37119
8.05600,0.34228,-0.93960,0.59037,0.21506,0.59050,0.21469,-0.13489,0.37102
8.05800,0.34346,-0.93917,0.59010,0.21580,0.59023,0.21543,-0.13536,0.37085
8.06000,0.34464,-0.93873,0.58982,0.21655,0.58996,0.21617,-0.13583,0.37068
8.06200,0.34582,-0.93830,0.58955,0.21729,0.58969,0.21692,-0.13629,0.37051
8.06400,0.34700,-0.93786,0.58928,0.21803,0.58941,0.21766,-0.13676,0.37034
8.06600,0.34818,-0.93743,0.58900,0.21877,0.58914,0.21840,-0.13722,0.37017
8.06800,0.34936,-0.93699,0.58873,0.21951,0.58887,0.21914,-0.13769,0.37000
8.07000,0.35053,-0.93655,0.58845,0.22025,0.58859,0.21988,-0.13815,0.36982
8.07200,0.35171,-0.93611,0.58817,0.22099,0.58831,0.22062,-0.13862,0.36965
8.07400,0.35289,-0.93567,0.58790,0.22173,0.58804,0.22136,-0.13908,0.36947
8.07600,0.35406,-0.93522,0.58762,0.22246,0.58776,0.22209,-0.13955,0.36930
8.07800,0.35524,-0.93478,0.58734,0.22320,0.58748,0.22283,-0.14001,0.36912
8.08000,0.35641,-0.93433,0.58706,0.22394,0.58720,0.22357,-0.14047,0.36895
8.08200,0.35759,-0.93388,0.58677,0.22468,0.58692,0.22431,-0.14094,0.36877
8.08400,0.35876,-0.93343,0.58649,0.22541,0.58663,0.22505,-0.14140,0.36859
8.08600,0.35993,-0.93298,0.58621,0.22615,0.58635,0.22578,-0.14186,0.36841
8.08800,0.36110,-0.93253,0.58592,0.22689,0.58607,0.22652,-0.14233,0.36824
8.09000,0.36228,-0.93207,0.58564,0.22762,0.58578,0.22726,-0.14279,0.36806
8.09200,0.36345,-0.93162,0.58535,0.22836,0.58549,0.22799,-0.14325,0.36788
8.09400,0.36462,-0.93116,0.58506,0.22910,0.58521,0.22873,-0.14371,0.36770
8.09600,0.36579,-0.93070,0.58478,0.22983,0.58492,0.22946,-0.14418,0.36752
8.09800,0.36696,-0.93024,0.58449,0.23057,0.58463,0.23020,-0.14464,0.36733
8.10000,0.36812,-0.92978,0.58420,0.23130,0.58434,0.23093,-0.14510,0.36715
8.10200,0.36929,-0.92931,0.58390,0.23203,0.58405,0.23167,-0.14556,0.36697
8.10400,0.37046,-0.92885,0.58361,0.23277,0.58376,0.23240,-0.14602,0.36679
8.10600,0.37163,-0.92838,0.58332,0.23350,0.58347,0.23313,-0.14648,0.36660
8.10800,0.37279,-0.92791,0.58303,0.23423,0.58317,0.23387,-0.14694,0.36642
8.11000,0.37396,-0.92745,0.58273,0.23497,0.58288,0.23460,-0.14740,0.36623
8.11200,0.37512,-0.92697,0.58244,0.23570,0.58258,0.23533,-0.14786,0.36605
8.11400,0.37629,-0.92650,0.58214,0.23643,0.58229,0.23606,-0.14832,0.36586
8.11600,0.37745,-0.92603,0.58184,0.23716,0.58199,0.23680,-0.14878,0.36567
8.11800,0.37862,-0.92555,0.58154,0.23789,0.58169,0.23753,-0.14924,0.36549
8.12000,0.37978,-0.92508,0.58124,0.23862,0.58139,0.23826,-0.14970,0.36530
8.12200,0.38094,-0.92460,0.58094,0.23935,0.58109,0.23899,-0.15016,0.36511
8.12400,0.38210,-0.92412,0.58064,0.24008,0.58079,0.23972,-0.15062,0.36492
8.12600,0.38326,-0.92364,0.58034,0.24081,0.58049,0.24045,-0.15108,0.36473
8.12800,0.38442,-0.92316,0.58004,0.24154,0.58019,0.24118,-0.15154,0.36454
8.13000,0.38558,-0.92267,0.57973,0.24227,0.57988,0.24191,-0.15199,0.36435
8.13200,0.38674,-0.92219,0.57943,0.24300,0.57958,0.24263,-0.15245,0.36416
8.13400,0.38790,-0.92170,0.57912,0.24373,0.57927,0.24336,-0.15291,0.36397
8.13600,0.38906,-0.92121,0.57881,0.24445,0.57897,0.24409,-0.15337,0.36378
8.13800,0.39022,-0.92072,0.57851,0.24518,0.57866,0.24482,-0.15382,0.36358
8.14000,0.39137,-0.92023,0.57820,0.24591,0.57835,0.24554,-0.15428,0.36339
8.14200,0.39253,-0.91974,0.57789,0.24663,0.57804,0.24627,-0.15474,0.36320
8.14400,0.39369,-0.91925,0.57758,0.24736,0.57773,0.24700,-0.15519,0.36300
8.14600,0.39484,-0.91875,0.57727,0.24809,0.57742,0.24772,-0.15565,0.36281
8.14800,0.39599,-0.91825,0.57696,0.24881,0.57711,0.24845,-0.15610,0.36261
8.15000,0.39715,-0.91775,0.57664,0.24954,0.57680,0.24917,-0.15656,0.36241
8.15200,0.39830,-0.91725,0.57633,0.25026,0.57649,0.24990,-0.15702,0.36222
8.15400,0.39945,-0.91675,0.57601,0.25098,0.57617,0.25062,-0.15747,0.36202
8.15600,0.40060,-0.91625,0.57570,0.25171,0.57586,0.25135,-0.15793,0.36182
8.15800,0.40176,-0.91575,0.57538,0.25243,0.57554,0.25207,-0.15838,0.36162
8.16000,0.40291,-0.91524,0.57506,0.25315,0.57522,0.25279,-0.15883,0.36142
8.16200,0.40406,-0.91473,0.57474,0.25388,0.57490,0.25351,-0.15929,0.36122
8.16400,0.40521,-0.91423,0.57442,0.25460,0.57458,0.25424,-0.15974,0.36102
8.16600,0.40635,-0.91372,0.57410,0.25532,0.57426,0.25496,-0.16020,0.36082
8.16800,0.40750,-0.91320,0.57378,0.25604,0.57394,0.25568,-0.16065,0.36062
8.17000,0.40865,-0.91269,0.57346,0.25676,0.57362,0.25640,-0.16110,0.36042
8.17200,0.40980,-0.91218,0.57314,0.25748,0.57330,0.25712,-0.16155,0.36021
8.17400,0.41094,-0.91166,0.57281,0.25820,0.57298,0.25784,-0.16201,0.36001
8.17600,0.41209,-0.91114,0.57249,0.25892,0.57265,0.25856,-0.16246,0.35981
8.17800,0.41323,-0.91063,0.57216,0.25964,0.57233,0.25928,-0.16291,0.35960
8.18000,0.41438,-0.91011,0.57184,0.26036,0.57200,0.26000,-0.16336,0.35940
8.18200,0.41552,-0.90958,0.57151,0.26108,0.57167,0.26072,-0.16381,0.35919
8.18400,0.41666,-0.90906,0.57118,0.26180,0.57134,0.26144,-0.16427,0.35899
8.18600,0.41780,-0.90854,0.57085,0.26251,0.57102,0.26216,-0.16472,0.35878
8.18800,0.41895,-0.90801,0.57052,0.26323,0.57069,0.26287,-0.16517,0.35857
8.19000,0.42009,-0.90748,0.57019,0.26395,0.57035,0.26359,-0.16562,0.35836
8.19200,0.42123,-0.90696,0.56986,0.26466,0.57002,0.26431,-0.16607,0.35816
8.19400,0.42237,-0.90643,0.56952,0.26538,0.56969,0.26502,-0.16652,0.35795
8.19600,0.42350,-0.90589,0.56919,0.26610,0.56936,0.26574,-0.16697,0.35774
8.19800,0.42464,-0.90536,0.56886,0.26681,0.56902,0.26645,-0.16742,0.35753
8.20000,0.42578,-0.90483,0.56852,0.26752,0.56869,0.26717,-0.16787,0.35732
8.20200,0.42692,-0.90429,0.56818,0.26824,0.56835,0.26788,-0.16832,0.35711
8.20400,0.42805,-0.90375,0.56785,0.26895,0.56801,0.26860,-0.16876,0.35689
8.20600,0.42919,-0.90322,0.56751,0.26967,0.56768,0.26931,-0.16921,0.35668
8.20800,0.43032,-0.90268,0.56717,0.27038,0.56734,0.27002,-0.16966,0.35647
8.21000,0.43146,-0.90213,0.56683,0.27109,0.56700,0.27074,-0.17011,0.35626
8.21200,0.43259,-0.90159,0.56649,0.27180,0.56666,0.27145,-0.17056,0.35604
8.21400,0.43372,-0.90105,0.56614,0.27252,0.56632,0.27216,-0.17100,0.35583
8.21600,0.43485,-0.90050,0.56580,0.27323,0.56597,0.27287,-0.17145,0.35561
8.21800,0.43599,-0.89995,0.56546,0.27394,0.56563,0.27358,-0.17190,0.35540
8.22000,0.43712,-0.89941,0.56511,0.27465,0.56529,0.27429,-0.17234,0.35518
8.22200,0.43825,-0.89886,0.56477,0.27536,0.56494,0.27500,-0.17279,0.35496
8.22400,0.43937,-0.89830,0.56442,0.27607,0.56459,0.27571,-0.17324,0.35474
8.22600,0.44050,-0.89775,0.56407,0.27678,0.56425,0.27642,-0.17368,0.35453
8.22800,0.44163,-0.89720,0.56373,0.27748,0.56390,0.27713,-0.17413,0.35431
8.23000,0.44276,-0.89664,0.56338,0.27819,0.56355,0.27784,-0.17457,0.35409
8.23200,0.44388,-0.89608,0.56303,0.27890,0.56320,0.27855,-0.17502,0.35387
8.23400,0.44501,-0.89553,0.56268,0.27961,0.56285,0.27925,-0.17546,0.35365
8.23600,0.44614,-0.89497,0.56232,0.28032,0.56250,0.27996,-0.17591,0.35343
8.23800,0.44726,-0.89440,0.56197,0.28102,0.56215,0.28067,-0.17635,0.35321
8.24000,0.44838,-0.89384,0.56162,0.28173,0.56179,0.28137,-0.17679,0.35299
8.24200,0.44951,-0.89328,0.56126,0.28243,0.56144,0.28208,-0.17724,0.35276
8.24400,0.45063,-0.89271,0.56091,0.28314,0.56109,0.28279,-0.17768,0.35254
8.24600,0.45175,-0.89214,0.56055,0.28384,0.56073,0.28349,-0.17812,0.35232
8.24800,0.45287,-0.89158,0.56019,0.28455,0.56037,0.28419,-0.17856,0.35209
8.25000,0.45399,-0.89101,0.55984,0.28525,0.56001,0.28490,-0.17901,0.35187
8.25200,0.45511,-0.89044,0.55948,0.28595,0.55966,0.28560,-0.17945,0.35164
8.25400,0.45623,-0.88986,0.55912,0.28666,0.55930,0.28631,-0.17989,0.35142
8.25600,0.45735,-0.88929,0.55876,0.28736,0.55894,0.28701,-0.18033,0.35119
8.25800,0.45846,-0.88871,0.55839,0.28806,0.55858,0.28771,-0.18077,0.35096
8.26000,0.45958,-0.88814,0.55803,0.28876,0.55821,0.28841,-0.18121,0.35074
8.26200,0.46070,-0.88756,0.55767,0.28946,0.55785,0.28911,-0.18166,0.35051
8.26400,0.46181,-0.88698,0.55730,0.29016,0.55749,0.28981,-0.18210,0.35028
8.26600,0.46292,-0.88640,0.55694,0.29086,0.55712,0.29051,-0.18254,0.35005
8.26800,0.46404,-0.88582,0.55657,0.29156,0.55676,0.29121,-0.18298,0.34982
8.27000,0.46515,-0.88523,0.55621,0.29226,0.55639,0.29191,-0.18341,0.34959
8.27200,0.46626,-0.88465,0.55584,0.29296,0.55602,0.29261,-0.18385,0.34936
8.27400,0.46737,-0.88406,0.55547,0.29366,0.55566,0.29331,-0.18429,0.34913
8.27600,0.46849,-0.88347,0.55510,0.29436,0.55529,0.29401,-0.18473,0.34890
8.27800,0.46959,-0.88288,0.55473,0.29506,0.55492,0.29471,-0.18517,0.34866
8.28000,0.47070,-0.88229,0.55436,0.29575,0.55455,0.29540,-0.18561,0.34843
8.28200,0.47181,-0.88170,0.55399,0.29645,0.55417,0.29610,-0.18605,0.34820
8.28400,0.47292,-0.88111,0.55361,0.29714,0.55380,0.29680,-0.18648,0.34796
8.28600,0.47403,-0.88051,0.55324,0.29784,0.55343,0.29749,-0.18692,0.34773
8.28800,0.47513,-0.87991,0.55287,0.29853,0.55305,0.29819,-0.18736,0.34749
8.29000,0.47624,-0.87932,0.55249,0.29923,0.55268,0.29888,-0.18779,0.34726
8.29200,0.47734,-0.87872,0.55211,0.29992,0.55230,0.29958,-0.18823,0.34702
8.29400,0.47845,-0.87812,0.55174,0.30062,0.55193,0.30027,-0.18867,0.34679
8.29600,0.47955,-0.87751,0.55136,0.30131,0.55155,0.30096,-0.18910,0.34655
8.29800,0.48065,-0.87691,0.55098,0.30200,0.55117,0.30166,-0.18954,0.34631
8.30000,0.48175,-0.87631,0.55060,0.30269,0.55079,0.30235,-0.18997,0.34607
8.30200,0.48285,-0.87570,0.55022,0.30339,0.55041,0.30304,-0.19041,0.34583
8.30400,0.48395,-0.87509,0.54984,0.30408,0.55003,0.30373,-0.19084,0.34559
8.30600,0.48505,-0.87448,0.54945,0.30477,0.54965,0.30442,-0.19127,0.34535
8.30800,0.48615,-0.87387,0.54907,0.30546,0.54926,0.30511,-0.19171,0.34511
8.31000,0.48725,-0.87326,0.54869,0.30615,0.54888,0.30580,-0.19214,0.34487
8.31200,0.48835,-0.87265,0.54830,0.30684,0.54849,0.30649,-0.19258,0.34463
8.31400,0.48944,-0.87204,0.54792,0.30753,0.54811,0.30718,-0.19301,0.34439
8.31600,0.49054,-0.87142,0.54753,0.30821,0.54772,0.30787,-0.19344,0.34414
8.31800,0.49163,-0.87080,0.54714,0.30890,0.54734,0.30856,-0.19387,0.34390
8.32000,0.49273,-0.87018,0.54675,0.30959,0.54695,0.30925,-0.19431,0.34366
8.32200,0.49382,-0.86956,0.54636,0.31028,0.54656,0.30993,-0.19474,0.34341
8.32400,0.49491,-0.86894,0.54597,0.31096,0.54617,0.31062,-0.19517,0.34317
8.32600,0.49600,-0.86832,0.54558,0.31165,0.54578,0.31131,-0.19560,0.34292
8.32800,0.49710,-0.86770,0.54519,0.31233,0.54539,0.31199,-0.19603,0.34268
8.33000,0.49819,-0.86707,0.54480,0.31302,0.54499,0.31268,-0.19646,0.34243
8.33200,0.49927,-0.86644,0.54440,0.31370,0.54460,0.31336,-0.19689,0.34218
8.33400,0.50036,-0.86582,0.54401,0.31439,0.54421,0.31405,-0.19732,0.34193
8.33600,0.50145,-0.86519,0.54361,0.31507,0.54381,0.31473,-0.19775,0.34169
8.33800,0.50254,-0.86456,0.54322,0.31575,0.54341,0.31541,-0.19818,0.34144
8.34000,0.50362,-0.86392,0.54282,0.31644,0.54302,0.31609,-0.19861,0.34119
8.34200,0.50471,-0.86329,0.54242,0.31712,0.54262,0.31678,-0.19904,0.34094
8.34400,0.50579,-0.86265,0.54202,0.31780,0.54222,0.31746,-0.19946,0.34069
8.34600,0.50688,-0.86202,0.54162,0.31848,0.54182,0.31814,-0.19989,0.34044
8.34800,0.50796,-0.86138,0.54122,0.31916,0.54142,0.31882,-0.20032,0.34019
8.35000,0.50904,-0.86074,0.54082,0.31984,0.54102,0.31950,-0.20075,0.33993
8.35200,0.51012,-0.86010,0.54042,0.32052,0.54062,0.32018,-0.20117,0.33968
8.35400,0.51120,-0.85946,0.54001,0.32120,0.54022,0.32086,-0.20160,0.33943
8.35600,0.51228,-0.85882,0.53961,0.32188,0.53981,0.32154,-0.20203,0.33917
8.35800,0.51336,-0.85817,0.53921,0.32255,0.53941,0.32222,-0.20245,0.33892
8.36000,0.51444,-0.85753,0.53880,0.32323,0.53900,0.32289,-0.20288,0.33867
8.36200,0.51552,-0.85688,0.53839,0.32391,0.53860,0.32357,-0.20331,0.33841
8.36400,0.51659,-0.85623,0.53799,0.32458,0.53819,0.32425,-0.20373,0.33815
8.36600,0.51767,-0.85558,0.53758,0.32526,0.53778,0.32492,-0.20416,0.33790
8.36800,0.51874,-0.85493,0.53717,0.32594,0.53737,0.32560,-0.20458,0.33764
8.37000,0.51982,-0.85428,0.53676,0.32661,0.53696,0.32627,-0.20500,0.33738
8.37200,0.52089,-0.85362,0.53635,0.32729,0.53655,0.32695,-0.20543,0.33713
8.37400,0.52196,-0.85297,0.53594,0.32796,0.53614,0.32762,-0.20585,0.33687
8.37600,0.52303,-0.85231,0.53552,0.32863,0.53573,0.32830,-0.20627,0.33661
8.37800,0.52410,-0.85165,0.53511,0.32930,0.53532,0.32897,-0.20670,0.33635
8.38000,0.52517,-0.85099,0.53470,0.32998,0.53490,0.32964,-0.20712,0.33609
8.38200,0.52624,-0.85033,0.53428,0.33065,0.53449,0.33031,-0.20754,0.33583
8.38400,0.52731,-0.84967,0.53386,0.33132,0.53407,0.33098,-0.20796,0.33557
8.38600,0.52838,-0.84901,0.53345,0.33199,0.53366,0.33166,-0.20838,0.33531
8.38800,0.52945,-0.84834,0.53303,0.33266,0.53324,0.33233,-0.20881,0.33504
8.39000,0.53051,-0.84768,0.53261,0.33333,0.53282,0.33300,-0.20923,0.33478
8.39200,0.53158,-0.84701,0.53219,0.33400,0.53240,0.33366,-0.20965,0.33452
8.39400,0.53264,-0.84634,0.53177,0.33467,0.53198,0.33433,-0.21007,0.33425
8.39600,0.53370,-0.84567,0.53135,0.33534,0.53156,0.33500,-0.21049,0.33399
8.39800,0.53477,-0.84500,0.53093,0.33600,0.53114,0.33567,-0.21091,0.33373
8.40000,0.53583,-0.84433,0.53051,0.33667,0.53072,0.33634,-0.21133,0.33346
8.40200,0.53689,-0.84365,0.53008,0.33734,0.53030,0.33700,-0.21175,0.33319
8.40400,0.53795,-0.84298,0.52966,0.33800,0.52987,0.33767,-0.21216,0.33293
8.40600,0.53901,-0.84230,0.52923,0.33867,0.52945,0.33833,-0.21258,0.33266
8.40800,0.54006,-0.84162,0.52881,0.33933,0.52902,0.33900,-0.21300,0.33239
8.41000,0.54112,-0.84094,0.52838,0.34000,0.52859,0.33966,-0.21342,0.33213
8.41200,0.54218,-0.84026,0.52795,0.34066,0.52817,0.34033,-0.21383,0.33186
8.41400,0.54323,-0.83958,0.52752,0.34132,0.52774,0.34099,-0.21425,0.33159
8.41600,0.54429,-0.83890,0.52710,0.34199,0.52731,0.34165,-0.21467,0.33132
8.41800,0.54534,-0.83821,0.52667,0.34265,0.52688,0.34232,-0.21508,0.33105
8.42000,0.54639,-0.83753,0.52623,0.34331,0.52645,0.34298,-0.21550,0.33078
8.42200,0.54745,-0.83684,0.52580,0.34397,0.52602,0.34364,-0.21592,0.33051
8.42400,0.54850,-0.83615,0.52537,0.34463,0.52559,0.34430,-0.21633,0.33024
8.42600,0.54955,-0.83546,0.52494,0.34529,0.52515,0.34496,-0.21675,0.32996
8.42800,0.55060,-0.83477,0.52450,0.34595,0.52472,0.34562,-0.21716,0.32969
8.43000,0.55165,-0.83408,0.52407,0.34661,0.52428,0.34628,-0.21757,0.32942
8.43200,0.55269,-0.83338,0.52363,0.34727,0.52385,0.34694,-0.21799,0.32914
8.43400,0.55374,-0.83269,0.52319,0.34793,0.52341,0.34760,-0.21840,0.32887
8.43600,0.55479,-0.83199,0.52276,0.34858,0.52298,0.34825,-0.21881,0.32860
8.43800,0.55583,-0.83130,0.52232,0.34924,0.52254,0.34891,-0.21923,0.32832
8.44000,0.55688,-0.83060,0.52188,0.34990,0.52210,0.34957,-0.21964,0.32804
8.44200,0.55792,-0.82990,0.52144,0.35055,0.52166,0.35022,-0.22005,0.32777
8.44400,0.55896,-0.82919,0.52100,0.35121,0.52122,0.35088,-0.22046,0.32749
8.44600,0.56000,-0.82849,0.52056,0.35186,0.52078,0.35153,-0.22087,0.32721
8.44800,0.56104,-0.82779,0.52011,0.35251,0.52033,0.35219,-0.22129,0.32694
8.45000,0.56208,-0.82708,0.51967,0.35317,0.51989,0.35284,-0.22170,0.32666
8.45200,0.56312,-0.82637,0.51923,0.35382,0.51945,0.35349,-0.22211,0.32638
8.45400,0.56416,-0.82567,0.51878,0.35447,0.51900,0.35415,-0.22252,0.32610
8.45600,0.56520,-0.82496,0.51833,0.35512,0.51856,0.35480,-0.22293,0.32582
8.45800,0.56623,-0.82424,0.51789,0.35577,0.51811,0.35545,-0.22334,0.32554
8.46000,0.56727,-0.82353,0.51744,0.35643,0.51766,0.35610,-0.22374,0.32526
8.46200,0.56830,-0.82282,0.51699,0.35708,0.51722,0.35675,-0.22415,0.32498
8.46400,0.56934,-0.82210,0.51654,0.35772,0.51677,0.35740,-0.22456,0.32469
8.46600,0.57037,-0.82139,0.51609,0.35837,0.51632,0.35805,-0.22497,0.32441
8.46800,0.57140,-0.82067,0.51564,0.35902,0.51587,0.35870,-0.22538,0.32413
8.47000,0.57243,-0.81995,0.51519,0.35967,0.51542,0.35935,-0.22578,0.32385
8.47200,0.57346,-0.81923,0.51474,0.36032,0.51496,0.35999,-0.22619,0.32356
8.47400,0.57449,-0.81851,0.51429,0.36096,0.51451,0.36064,-0.22660,0.32328
8.47600,0.57552,-0.81779,0.51383,0.36161,0.51406,0.36129,-0.22700,0.32299
8.47800,0.57655,-0.81706,0.51338,0.36225,0.51360,0.36193,-0.22741,0.32271
8.48000,0.57757,-0.81634,0.51292,0.36290,0.51315,0.36258,-0.22781,0.32242
8.48200,0.57860,-0.81561,0.51246,0.36354,0.51269,0.36322,-0.22822,0.32213
8.48400,0.57962,-0.81489,0.51201,0.36419,0.51224,0.36387,-0.22862,0.32185
8.48600,0.58065,-0.81416,0.51155,0.36483,0.51178,0.36451,-0.22903,0.32156
8.48800,0.58167,-0.81343,0.51109,0.36547,0.51132,0.36515,-0.22943,0.32127
8.49000,0.58269,-0.81269,0.51063,0.36612,0.51086,0.36579,-0.22984,0.32098
8.49200,0.58371,-0.81196,0.51017,0.36676,0.51040,0.36644,-0.23024,0.32069
8.49400,0.58473,-0.81123,0.50971,0.36740,0.50994,0.36708,-0.23064,0.32040
8.49600,0.58575,-0.81049,0.50925,0.36804,0.50948,0.36772,-0.23104,0.32011
8.49800,0.58677,-0.80975,0.50878,0.36868,0.50902,0.36836,-0.23145,0.31982
8.50000,0.58779,-0.80902,0.50832,0.36932,0.50855,0.36900,-0.23185,0.31953
8.50200,0.58880,-0.80828,0.50786,0.36995,0.50809,0.36964,-0.23225,0.31924
8.50400,0.58982,-0.80754,0.50739,0.37059,0.50762,0.37027,-0.23265,0.31895
8.50600,0.59083,-0.80680,0.50692,0.37123,0.50716,0.37091,-0.23305,0.31866
8.50800,0.59184,-0.80605,0.50646,0.37187,0.50669,0.37155,-0.23345,0.31836
8.51000,0.59286,-0.80531,0.50599,0.37250,0.50622,0.37218,-0.23385,0.31807
8.51200,0.59387,-0.80456,0.50552,0.37314,0.50576,0.37282,-0.23425,0.31778
8.51400,0.59488,-0.80382,0.50505,0.37377,0.50529,0.37346,-0.23465,0.31748
8.51600,0.59589,-0.80307,0.50458,0.37441,0.50482,0.37409,-0.23505,0.31719
8.51800,0.59690,-0.80232,0.50411,0.37504,0.50435,0.37472,-0.23545,0.31689
8.52000,0.59790,-0.80157,0.50364,0.37567,0.50388,0.37536,-0.23584,0.31659
8.52200,0.59891,-0.80082,0.50317,0.37631,0.50340,0.37599,-0.23624,0.31630
8.52400,0.59992,-0.80006,0.50269,0.37694,0.50293,0.37662,-0.23664,0.31600
8.52600,0.60092,-0.79931,0.50222,0.37757,0.50246,0.37726,-0.23704,0.31570
8.52800,0.60193,-0.79855,0.50174,0.37820,0.50198,0.37789,-0.23743,0.31540
8.53000,0.60293,-0.79779,0.50127,0.37883,0.50151,0.37852,-0.23783,0.31511
8.53200,0.60393,-0.79704,0.50079,0.37946,0.50103,0.37915,-0.23822,0.31481
8.53400,0.60493,-0.79628,0.50032,0.38009,0.50055,0.37978,-0.23862,0.31451
8.53600,0.60593,-0.79552,0.49984,0.38072,0.50008,0.38040,-0.23902,0.31421
8.53800,0.60693,-0.79475,0.49936,0.38135,0.49960,0.38103,-0.23941,0.31391
8.54000,0.60793,-0.79399,0.49888,0.38197,0.49912,0.38166,-0.23980,0.31361
8.54200,0.60893,-0.79323,0.49840,0.38260,0.49864,0.38229,-0.24020,0.31330
8.54400,0.60992,-0.79246,0.49792,0.38323,0.49816,0.38291,-0.24059,0.31300
8.54600,0.61092,-0.79169,0.49744,0.38385,0.49768,0.38354,-0.24098,0.31270
8.54800,0.61191,-0.79092,0.49695,0.38448,0.49719,0.38416,-0.24138,0.31240
8.55000,0.61291,-0.79016,0.49647,0.38510,0.49671,0.38479,-0.24177,0.31209
8.55200,0.61390,-0.78938,0.49598,0.38572,0.49623,0.38541,-0.24216,0.31179
8.55400,0.61489,-0.78861,0.49550,0.38635,0.49574,0.38604,-0.24255,0.31148
8.55600,0.61588,-0.78784,0.49501,0.38697,0.49526,0.38666,-0.24294,0.31118
8.55800,0.61687,-0.78706,0.49453,0.38759,0.49477,0.38728,-0.24334,0.31087
8.56000,0.61786,-0.78629,0.49404,0.38821,0.49428,0.38790,-0.24373,0.31057
8.56200,0.61885,-0.78551,0.49355,0.38883,0.49380,0.38852,-0.24412,0.31026
8.56400,0.61983,-0.78473,0.49306,0.38945,0.49331,0.38914,-0.24451,0.30995
8.56600,0.62082,-0.78395,0.49257,0.39007,0.49282,0.38976,-0.24490,0.30965
8.56800,0.62180,-0.78317,0.49208,0.39069,0.49233,0.39038,-0.24528,0.30934
8.57000,0.62279,-0.78239,0.49159,0.39131,0.49184,0.39100,-0.24567,0.30903
8.57200,0.62377,-0.78161,0.49110,0.39193,0.49134,0.39162,-0.24606,0.30872
8.57400,0.62475,-0.78082,0.49061,0.39254,0.49085,0.39224,-0.24645,0.30841
8.57600,0.62573,-0.78004,0.49011,0.39316,0.49036,0.39285,-0.24684,0.30810
8.57800,0.62671,-0.77925,0.48962,0.39378,0.48986,0.39347,-0.24722,0.30779
8.58000,0.62769,-0.77846,0.48912,0.39439,0.48937,0.39408,-0.24761,0.30748
8.58200,0.62867,-0.77767,0.48863,0.39500,0.48887,0.39470,-0.24800,0.30717
8.58400,0.62965,-0.77688,0.48813,0.39562,0.48838,0.39531,-0.24838,0.30686
8.58600,0.63062,-0.77609,0.48763,0.39623,0.48788,0.39592,-0.24877,0.30654
8.58800,0.63160,-0.77530,0.48713,0.39684,0.48738,0.39654,-0.24915,0.30623
8.59000,0.63257,-0.77450,0.48663,0.39746,0.48688,0.39715,-0.24954,0.30592
8.59200,0.63354,-0.77371,0.48613,0.39807,0.48638,0.39776,-0.24992,0.30560
8.59400,0.63451,-0.77291,0.48563,0.39868,0.48588,0.39837,-0.25030,0.30529
8.59600,0.63549,-0.77211,0.48513,0.39929,0.48538,0.39898,-0.25069,0.30498
8.59800,0.63646,-0.77131,0.48463,0.39990,0.48488,0.39959,-0.25107,0.30466
8.60000,0.63742,-0.77051,0.48413,0.40051,0.48438,0.40020,-0.25145,0.30434
8.60200,0.63839,-0.76971,0.48362,0.40111,0.48388,0.40081,-0.25184,0.30403
8.60400,0.63936,-0.76891,0.48312,0.40172,0.48337,0.40142,-0.25222,0.30371
8.60600,0.64032,-0.76810,0.48261,0.40233,0.48287,0.40202,-0.25260,0.30339
8.60800,0.64129,-0.76730,0.48211,0.40293,0.48236,0.40263,-0.25298,0.30308
8.61000,0.64225,-0.76649,0.48160,0.40354,0.48186,0.40324,-0.25336,0.30276
8.61200,0.64322,-0.76569,0.48109,0.40414,0.48135,0.40384,-0.25374,0.30244
8.61400,0.64418,-0.76488,0.48059,0.40475,0.48084,0.40445,-0.25412,0.30212
8.61600,0.64514,-0.76407,0.48008,0.40535,0.48033,0.40505,-0.25450,0.30180
8.61800,0.64610,-0.76326,0.47957,0.40595,0.47982,0.40565,-0.25488,0.30148
8.62000,0.64706,-0.76244,0.47906,0.40656,0.47931,0.40626,-0.25526,0.30116
8.62200,0.64801,-0.76163,0.47855,0.40716,0.47880,0.40686,-0.25564,0.30084
8.62400,0.64897,-0.76081,0.47803,0.40776,0.47829,0.40746,-0.25601,0.30052
8.62600,0.64993,-0.76000,0.47752,0.40836,0.47778,0.40806,-0.25639,0.30020
8.62800,0.65088,-0.75918,0.47701,0.40896,0.47726,0.40866,-0.25677,0.29987
8.63000,0.65183,-0.75836,0.47649,0.40956,0.47675,0.40926,-0.25715,0.29955
8.63200,0.65279,-0.75754,0.47598,0.41016,0.47624,0.40986,-0.25752,0.29923
8.63400,0.65374,-0.75672,0.47546,0.41076,0.47572,0.41046,-0.25790,0.29890
8.63600,0.65469,-0.75590,0.47495,0.41135,0.47520,0.41105,-0.25827,0.29858
8.63800,0.65564,-0.75508,0.47443,0.41195,0.47469,0.41165,-0.25865,0.29825
8.64000,0.65659,-0.75425,0.47391,0.41254,0.47417,0.41225,-0.25902,0.29793
8.64200,0.65753,-0.75343,0.47339,0.41314,0.47365,0.41284,-0.25940,0.29760
8.64400,0.65848,-0.75260,0.47287,0.41373,0.47313,0.41344,-0.25977,0.29728
8.64600,0.65942,-0.75177,0.47235,0.41433,0.47261,0.41403,-0.26014,0.29695
8.64800,0.66037,-0.75094,0.47183,0.41492,0.47209,0.41463,-0.26052,0.29662
8.65000,0.66131,-0.75011,0.47131,0.41551,0.47157,0.41522,-0.26089,0.29630
8.65200,0.66225,-0.74928,0.47079,0.41611,0.47105,0.41581,-0.26126,0.29597
8.65400,0.66320,-0.74845,0.47026,0.41670,0.47052,0.41640,-0.26163,0.29564
8.65600,0.66414,-0.74761,0.46974,0.41729,0.47000,0.41699,-0.26200,0.29531
8.65800,0.66507,-0.74678,0.46921,0.41788,0.46948,0.41758,-0.26238,0.29498
8.66000,0.66601,-0.74594,0.46869,0.41847,0.46895,0.41817,-0.26275,0.29465
8.66200,0.66695,-0.74510,0.46816,0.41906,0.46843,0.41876,-0.26312,0.29432
8.66400,0.66788,-0.74426,0.46764,0.41964,0.46790,0.41935,-0.26349,0.29399
8.66600,0.66882,-0.74343,0.46711,0.42023,0.46737,0.41994,-0.26385,0.29366
8.66800,0.66975,-0.74258,0.46658,0.42082,0.46684,0.42052,-0.26422,0.29333
8.67000,0.67069,-0.74174,0.46605,0.42140,0.46631,0.42111,-0.26459,0.29299
8.67200,0.67162,-0.74090,0.46552,0.42199,0.46579,0.42170,-0.26496,0.29266
8.67400,0.67255,-0.74005,0.46499,0.42257,0.46525,0.42228,-0.26533,0.29233
8.67600,0.67348,-0.73921,0.46446,0.42316,0.46472,0.42287,-0.26569,0.29199
8.67800,0.67441,-0.73836,0.46393,0.42374,0.46419,0.42345,-0.26606,0.29166
8.68000,0.67533,-0.73751,0.46339,0.42432,0.46366,0.42403,-0.26643,0.29133
8.68200,0.67626,-0.73666,0.46286,0.42491,0.46313,0.42462,-0.26679,0.29099
8.68400,0.67718,-0.73581,0.46233,0.42549,0.46259,0.42520,-0.26716,0.29066
8.68600,0.67811,-0.73496,0.46179,0.42607,0.46206,0.42578,-0.26752,0.29032
8.68800,0.67903,-0.73411,0.46125,0.42665,0.46152,0.42636,-0.26789,0.28998
8.69000,0.67995,-0.73326,0.46072,0.42723,0.46099,0.42694,-0.26825,0.28965
8.69200,0.68087,-0.73240,0.46018,0.42781,0.46045,0.42752,-0.26862,0.28931
8.69400,0.68179,-0.73154,0.45964,0.42838,0.45991,0.42809,-0.26898,0.28897
8.69600,0.68271,-0.73069,0.45910,0.42896,0.45937,0.42867,-0.26934,0.28863
8.69800,0.68363,-0.72983,0.45856,0.42954,0.45883,0.42925,-0.26971,0.28829
8.70000,0.68455,-0.72897,0.45802,0.43011,0.45829,0.42983,-0.27007,0.28795
8.70200,0.68546,-0.72811,0.45748,0.43069,0.45775,0.43040,-0.27043,0.28762
8.70400,0.68638,-0.72725,0.45694,0.43126,0.45721,0.43098,-0.27079,0.28728
8.70600,0.68729,-0.72638,0.45640,0.43184,0.45667,0.43155,-0.27115,0.28693
8.70800,0.68820,-0.72552,0.45586,0.43241,0.45613,0.43212,-0.27151,0.28659
8.71000,0.68911,-0.72465,0.45531,0.43298,0.45558,0.43270,-0.27187,0.28625
8.71200,0.69002,-0.72379,0.45477,0.43355,0.45504,0.43327,-0.27223,0.28591
8.71400,0.69093,-0.72292,0.45422,0.43413,0.45450,0.43384,-0.27259,0.28557
8.71600,0.69184,-0.72205,0.45368,0.43470,0.45395,0.43441,-0.27295,0.28523
8.71800,0.69275,-0.72118,0.45313,0.43527,0.45340,0.43498,-0.27331,0.28488
8.72000,0.69365,-0.72031,0.45258,0.43584,0.45286,0.43555,-0.27366,0.28454
8.72200,0.69456,-0.71944,0.45204,0.43640,0.45231,0.43612,-0.27402,0.28419
8.72400,0.69546,-0.71856,0.45149,0.43697,0.45176,0.43669,-0.27438,0.28385
8.72600,0.69636,-0.71769,0.45094,0.43754,0.45121,0.43725,-0.27474,0.28350
8.72800,0.69727,-0.71681,0.45039,0.43810,0.45066,0.43782,-0.27509,0.28316
8.73000,0.69817,-0.71594,0.44984,0.43867,0.45011,0.43839,-0.27545,0.28281
8.73200,0.69906,-0.71506,0.44928,0.43924,0.44956,0.43895,-0.27580,0.28247
8.73400,0.69996,-0.71418,0.44873,0.43980,0.44901,0.43952,-0.27616,0.28212
8.73600,0.70086,-0.71330,0.44818,0.44036,0.44846,0.44008,-0.27651,0.28177
8.73800,0.70176,-0.71242,0.44763,0.44093,0.44790,0.44064,-0.27687,0.28143
8.74000,0.70265,-0.71154,0.44707,0.44149,0.44735,0.44121,-0.27722,0.28108
8.74200,0.70354,-0.71065,0.44652,0.44205,0.44679,0.44177,-0.27757,0.28073
8.74400,0.70444,-0.70977,0.44596,0.44261,0.44624,0.44233,-0.27792,0.28038
8.74600,0.70533,-0.70888,0.44540,0.44317,0.44568,0.44289,-0.27828,0.28003
8.74800,0.70622,-0.70799,0.44485,0.44373,0.44512,0.44345,-0.27863,0.27968
8.75000,0.70711,-0.70711,0.44429,0.44429,0.44457,0.44401,-0.27898,0.27933
8.75200,0.70799,-0.70622,0.44373,0.44485,0.44401,0.44457,-0.27933,0.27898
8.75400,0.70888,-0.70533,0.44317,0.44540,0.44345,0.44512,-0.27968,0.27863
8.75600,0.70977,-0.70444,0.44261,0.44596,0.44289,0.44568,-0.28003,0.27828
8.75800,0.71065,-0.70354,0.44205,0.44652,0.44233,0.44624,-0.28038,0.27792
8.76000,0.71154,-0.70265,0.44149,0.44707,0.44177,0.44679,-0.28073,0.27757
8.76200,0.71242,-0.70176,0.44093,0.44763,0.44121,0.44735,-0.28108,0.27722
8.76400,0.71330,-0.70086,0.44036,0.44818,0.44064,0.44790,-0.28143,0.27687
8.76600,0.71418,-0.69996,0.43980,0.44873,0.44008,0.44846,-0.28177,0.27651
8.76800,0.71506,-0.69906,0.43924,0.44928,0.43952,0.44901,-0.28212,0.27616
8.77000,0.71594,-0.69817,0.43867,0.44984,0.43895,0.44956,-0.28247,0.27580
8.77200,0.71681,-0.69727,0.43810,0.45039,0.43839,0.45011,-0.28281,0.27545
8.77400,0.71769,-0.69636,0.43754,0.45094,0.43782,0.45066,-0.28316,0.27509
8.77600,0.71856,-0.69546,0.43697,0.45149,0.43725,0.45121,-0.28350,0.27474
8.77800,0.71944,-0.69456,0.43640,0.45204,0.43669,0.45176,-0.28385,0.27438
8.78000,0.72031,-0.69365,0.43584,0.45258,0.43612,0.45231,-0.28419,0.27402
8.78200,0.72118,-0.69275,0.43527,0.45313,0.43555,0.45286,-0.28454,0.27366
8.78400,0.72205,-0.69184,0.43470,0.45368,0.43498,0.45340,-0.28488,0.27331
8.78600,0.72292,-0.69093,0.43413,0.45422,0.43441,0.45395,-0.28523,0.27295
8.78800,0.72379,-0.69002,0.43355,0.45477,0.43384,0.45450,-0.28557,0.27259
8.79000,0.72465,-0.68911,0.43298,0.45531,0.43327,0.45504,-0.28591,0.27223
8.79200,0.72552,-0.68820,0.43241,0.45586,0.43270,0.45558,-0.28625,0.27187
8.79400,0.72638,-0.68729,0.43184,0.45640,0.43212,0.45613,-0.28659,0.27151
8.79600,0.72725,-0.68638,0.43126,0.45694,0.43155,0.45667,-0.28693,0.27115
8.79800,0.72811,-0.68546,0.43069,0.45748,0.43098,0.45721,-0.28728,0.27079
8.80000,0.72897,-0.68455,0.43011,0.45802,0.43040,0.45775,-0.28762,0.27043
8.80200,0.72983,-0.68363,0.42954,0.45856,0.42983,0.45829,-0.28795,0.27007
8.80400,0.73069,-0.68271,0.42896,0.45910,0.42925,0.45883,-0.28829,0.26971
8.80600,0.73154,-0.68179,0.42838,0.45964,0.42867,0.45937,-0.28863,0.26934
8.80800,0.73240,-0.68087,0.42781,0.46018,0.42809,0.45991,-0.28897,0.26898
8.81000,0.73326,-0.67995,0.42723,0.46072,0.42752,0.46045,-0.28931,0.26862
8.81200,0.73411,-0.67903,0.42665,0.46125,0.42694,0.46099,-0.28965,0.26825
8.81400,0.73496,-0.67811,0.42607,0.46179,0.42636,0.46152,-0.28998,0.26789
8.81600,0.73581,-0.67718,0.42549,0.46233,0.42578,0.46206,-0.29032,0.26752
8.81800,0.73666,-0.67626,0.42491,0.46286,0.42520,0.46259,-0.29066,0.26716
8.82000,0.73751,-0.67533,0.42432,0.46339,0.42462,0.46313,-0.29099,0.26679
8.82200,0.73836,-0.67441,0.42374,0.46393,0.42403,0.46366,-0.29133,0.26643
8.82400,0.73921,-0.67348,0.42316,0.46446,0.42345,0.46419,-0.29166,0.26606
8.82600,0.74005,-0.67255,0.42257,0.46499,0.42287,0.46472,-0.29199,0.26569
8.82800,0.74090,-0.67162,0.42199,0.46552,0.42228,0.46525,-0.29233,0.26533
8.83000,0.74174,-0.67069,0.42140,0.46605,0.42170,0.46579,-0.29266,0.26496
8.83200,0.74258,-0.66975,0.42082,0.46658,0.42111,0.46631,-0.29299,0.26459
8.83400,0.74343,-0.66882,0.42023,0.46711,0.42052,0.46684,-0.29333,0.26422
8.83600,0.74426,-0.66788,0.41964,0.46764,0.41994,0.46737,-0.29366,0.26385
8.83800,0.74510,-0.66695,0.41906,0.46816,0.41935,0.46790,-0.29399,0.26349
8.84000,0.74594,-0.66601,0.41847,0.46869,0.41876,0.46843,-0.29432,0.26312
8.84200,0.74678,-0.66507,0.41788,0.46921,0.41817,0.46895,-0.29465,0.26275
8.84400,0.74761,-0.66414,0.41729,0.46974,0.41758,0.46948,-0.29498,0.26238
8.84600,0.74845,-0.66320,0.41670,0.47026,0.41699,0.47000,-0.29531,0.26200
8.84800,0.74928,-0.66225,0.41611,0.47079,0.41640,0.47052,-0.29564,0.26163
8.85000,0.75011,-0.66131,0.41551,0.47131,0.41581,0.47105,-0.29597,0.26126
8.85200,0.75094,-0.66037,0.41492,0.47183,0.41522,0.47157,-0.29630,0.26089
8.85400,0.75177,-0.65942,0.41433,0.47235,0.41463,0.47209,-0.29662,0.26052
8.85600,0.75260,-0.65848,0.41373,0.47287,0.41403,0.47261,-0.29695,0.26014
8.85800,0.75343,-0.65753,0.41314,0.47339,0.41344,0.47313,-0.29728,0.25977
8.86000,0.75425,-0.65659,0.41254,0.47391,0.41284,0.47365,-0.29760,0.25940
8.86200,0.75508,-0.65564,0.41195,0.47443,0.41225,0.47417,-0.29793,0.25902
8.86400,0.75590,-0.65469,0.41135,0.47495,0.41165,0.47469,-0.29825,0.25865
8.86600,0.75672,-0.65374,0.41076,0.47546,0.41105,0.47520,-0.29858,0.25827
8.86800,0.75754,-0.65279,0.41016,0.47598,0.41046,0.47572,-0.29890,0.25790
8.87000,0.75836,-0.65183,0.40956,0.47649,0.40986,0.47624,-0.29923,0.25752
8.87200,0.75918,-0.65088,0.40896,0.47701,0.40926,0.47675,-0.29955,0.25715
8.87400,0.76000,-0.64993,0.40836,0.47752,0.40866,0.47726,-0.29987,0.25677
8.87600,0.76081,-0.64897,0.40776,0.47803,0.40806,0.47778,-0.30020,0.25639
8.87800,0.76163,-0.64801,0.40716,0.47855,0.40746,0.47829,-0.30052,0.25601
8.88000,0.76244,-0.64706,0.40656,0.47906,0.40686,0.47880,-0.30084,0.25564
8.88200,0.76326,-0.64610,0.40595,0.47957,0.40626,0.47931,-0.30116,0.25526
8.88400,0.76407,-0.64514,0.40535,0.48008,0.40565,0.47982,-0.30148,0.25488
8.88600,0.76488,-0.64418,0.40475,0.48059,0.40505,0.48033,-0.30180,0.25450
8.88800,0.76569,-0.64322,0.40414,0.48109,0.40445,0.48084,-0.30212,0.25412
8.89000,0.76649,-0.64225,0.40354,0.48160,0.40384,0.48135,-0.30244,0.25374
8.89200,0.76730,-0.64129,0.40293,0.48211,0.40324,0.48186,-0.30276,0.25336
8.89400,0.76810,-0.64032,0.40233,0.48261,0.40263,0.48236,-0.30308,0.25298
8.89600,0.76891,-0.63936,0.40172,0.48312,0.40202,0.48287,-0.30339,0.25260
8.89800,0.76971,-0.63839,0.40111,0.48362,0.40142,0.48337,-0.30371,0.25222
8.90000,0.77051,-0.63742,0.40051,0.48413,0.40081,0.48388,-0.30403,0.25184
8.90200,0.77131,-0.63646,0.39990,0.48463,0.40020,0.48438,-0.30434,0.25145
8.90400,0.77211,-0.63549,0.39929,0.48513,0.39959,0.48488,-0.30466,0.25107
8.90600,0.77291,-0.63451,0.39868,0.48563,0.39898,0.48538,-0.30498,0.25069
8.90800,0.77371,-0.63354,0.39807,0.48613,0.39837,0.48588,-0.30529,0.25030
8.91000,0.77450,-0.63257,0.39746,0.48663,0.39776,0.48638,-0.30560,0.24992
8.91200,0.77530,-0.63160,0.39684,0.48713,0.39715,0.48688,-0.30592,0.24954
8.91400,0.77609,-0.63062,0.39623,0.48763,0.39654,0.48738,-0.30623,0.24915
8.91600,0.77688,-0.62965,0.39562,0.48813,0.39592,0.48788,-0.30654,0.24877
8.91800,0.77767,-0.62867,0.39500,0.48863,0.39531,0.48838,-0.30686,0.24838
8.92000,0.77846,-0.62769,0.39439,0.48912,0.39470,0.48887,-0.30717,0.24800
8.92200,0.77925,-0.62671,0.39378,0.48962,0.39408,0.48937,-0.30748,0.24761
8.92400,0.78004,-0.62573,0.39316,0.49011,0.39347,0.48986,-0.30779,0.24722
8.92600,0.78082,-0.62475,0.39254,0.49061,0.39285,0.49036,-0.30810,0.24684
8.92800,0.78161,-0.62377,0.39193,0.49110,0.39224,0.49085,-0.30841,0.24645
8.93000,0.78239,-0.62279,0.39131,0.49159,0.39162,0.49134,-0.30872,0.24606
8.93200,0.78317,-0.62180,0.39069,0.49208,0.39100,0.49184,-0.30903,0.24567
8.93400,0.78395,-0.62082,0.39007,0.49257,0.39038,0.49233,-0.30934,0.24528
8.93600,0.78473,-0.61983,0.38945,0.49306,0.38976,0.49282,-0.30965,0.24490
8.93800,0.78551,-0.61885,0.38883,0.49355,0.38914,0.49331,-0.30995,0.24451
8.94000,0.78629,-0.61786,0.38821,0.49404,0.38852,0.49380,-0.31026,0.24412
8.94200,0.78706,-0.61687,0.38759,0.49453,0.38790,0.49428,-0.31057,0.24373
8.94400,0.78784,-0.61588,0.38697,0.49501,0.38728,0.49477,-0.31087,0.24334
8.94600,0.78861,-0.61489,0.38635,0.49550,0.38666,0.49526,-0.31118,0.24294
8.94800,0.78938,-0.61390,0.38572,0.49598,0.38604,0.49574,-0.31148,0.24255
8.95000,0.79016,-0.61291,0.38510,0.49647,0.38541,0.49623,-0.31179,0.24216
8.95200,0.79092,-0.61191,0.38448,0.49695,0.38479,0.49671,-0.31209,0.24177
8.95400,0.79169,-0.61092,0.38385,0.49744,0.38416,0.49719,-0.31240,0.24138
8.95600,0.79246,-0.60992,0.38323,0.49792,0.38354,0.49768,-0.31270,0.24098
8.95800,0.79323,-0.60893,0.38260,0.49840,0.38291,0.49816,-0.31300,0.24059
8.96000,0.79399,-0.60793,0.38197,0.49888,0.38229,0.49864,-0.31330,0.24020
8.96200,0.79475,-0.60693,0.38135,0.49936,0.38166,0.49912,-0.31361,0.23980
8.96400,0.79552,-0.60593,0.38072,0.49984,0.38103,0.49960,-0.31391,0.23941
8.96600,0.79628,-0.60493,0.38009,0.50032,0.38040,0.50008,-0.31421,0.23902
8.96800,0.79704,-0.60393,0.37946,0.50079,0.37978,0.50055,-0.31451,0.23862
8.97000,0.79779,-0.60293,0.37883,0.50127,0.37915,0.50103,-0.31481,0.23822
8.97200,0.79855,-0.60193,0.37820,0.50174,0.37852,0.50151,-0.31511,0.23783
8.97400,0.79931,-0.60092,0.37757,0.50222,0.37789,0.50198,-0.31540,0.23743
8.97600,0.80006,-0.59992,0.37694,0.50269,0.37726,0.50246,-0.31570,0.23704
8.97800,0.80082,-0.59891,0.37631,0.50317,0.37662,0.50293,-0.31600,0.23664
8.98000,0.80157,-0.59790,0.37567,0.50364,0.37599,0.50340,-0.31630,0.23624
8.98200,0.80232,-0.59690,0.37504,0.50411,0.37536,0.50388,-0.31659,0.23584
8.98400,0.80307,-0.59589,0.37441,0.50458,0.37472,0.50435,-0.31689,0.23545
8.98600,0.80382,-0.59488,0.37377,0.50505,0.37409,0.50482,-0.31719,0.23505
8.98800,0.80456,-0.59387,0.37314,0.50552,0.37346,0.50529,-0.31748,0.23465
8.99000,0.80531,-0.59286,0.37250,0.50599,0.37282,0.50576,-0.31778,0.23425
8.99200,0.80605,-0.59184,0.37187,0.50646,0.37218,0.50622,-0.31807,0.23385
8.99400,0.80680,-0.59083,0.37123,0.50692,0.37155,0.50669,-0.31836,0.23345
8.99600,0.80754,-0.58982,0.37059,0.50739,0.37091,0.50716,-0.31866,0.23305
8.99800,0.80828,-0.58880,0.36995,0.50786,0.37027,0.50762,-0.31895,0.23265
9.00000,0.80902,-0.58779,0.36932,0.50832,0.36964,0.50809,-0.31924,0.23225
9.00200,0.80975,-0.58677,0.36868,0.50878,0.36900,0.50855,-0.31953,0.23185
9.00400,0.81049,-0.58575,0.36804,0.50925,0.36836,0.50902,-0.31982,0.23145
9.00600,0.81123,-0.58473,0.36740,0.50971,0.36772,0.50948,-0.32011,0.23104
9.00800,0.81196,-0.58371,0.36676,0.51017,0.36708,0.50994,-0.32040,0.23064
9.01000,0.81269,-0.58269,0.36612,0.51063,0.36644,0.51040,-0.32069,0.23024
9.01200,0.81343,-0.58167,0.36547,0.51109,0.36579,0.51086,-0.32098,0.22984
9.01400,0.81416,-0.58065,0.36483,0.51155,0.36515,0.51132,-0.32127,0.22943
9.01600,0.81489,-0.57962,0.36419,0.51201,0.36451,0.51178,-0.32156,0.22903
9.01800,0.81561,-0.57860,0.36354,0.51246,0.36387,0.51224,-0.32185,0.22862
9.02000,0.81634,-0.57757,0.36290,0.51292,0.36322,0.51269,-0.32213,0.22822
9.02200,0.81706,-0.57655,0.36225,0.51338,0.36258,0.51315,-0.32242,0.22781
9.02400,0.81779,-0.57552,0.36161,0.51383,0.36193,0.51360,-0.32271,0.22741
9.02600,0.81851,-0.57449,0.36096,0.51429,0.36129,0.51406,-0.32299,0.22700
9.02800,0.81923,-0.57346,0.36032,0.51474,0.36064,0.51451,-0.32328,0.22660
9.03000,0.81995,-0.57243,0.35967,0.51519,0.35999,0.51496,-0.32356,0.22619
9.03200,0.82067,-0.57140,0.35902,0.51564,0.35935,0.51542,-0.32385,0.22578
9.03400,0.82139,-0.57037,0.35837,0.51609,0.35870,0.51587,-0.32413,0.22538
9.03600,0.82210,-0.56934,0.35772,0.51654,0.35805,0.51632,-0.32441,0.22497
9.03800,0.82282,-0.56830,0.35708,0.51699,0.35740,0.51677,-0.32469,0.22456
9.04000,0.82353,-0.56727,0.35643,0.51744,0.35675,0.51722,-0.32498,0.22415
9.04200,0.82424,-0.56623,0.35577,0.51789,0.35610,0.51766,-0.32526,0.22374
9.04400,0.82496,-0.56520,0.35512,0.51833,0.35545,0.51811,-0.32554,0.22334
9.04600,0.82567,-0.56416,0.35447,0.51878,0.35480,0.51856,-0.32582,0.22293
9.04800,0.82637,-0.56312,0.35382,0.51923,0.35415,0.51900,-0.32610,0.22252
9.05000,0.82708,-0.56208,0.35317,0.51967,0.35349,0.51945,-0.32638,0.22211
9.05200,0.82779,-0.56104,0.35251,0.52011,0.35284,0.51989,-0.32666,0.22170
9.05400,0.82849,-0.56000,0.35186,0.52056,0.35219,0.52033,-0.32694,0.22129
9.05600,0.82919,-0.55896,0.35121,0.52100,0.35153,0.52078,-0.32721,0.22087
9.05800,0.82990,-0.55792,0.35055,0.52144,0.35088,0.52122,-0.32749,0.22046
9.06000,0.83060,-0.55688,0.34990,0.52188,0.35022,0.52166,-0.32777,0.22005
9.06200,0.83130,-0.55583,0.34924,0.52232,0.34957,0.52210,-0.32804,0.21964
9.06400,0.83199,-0.55479,0.34858,0.52276,0.34891,0.52254,-0.32832,0.21923
9.06600,0.83269,-0.55374,0.34793,0.52319,0.34825,0.52298,-0.32860,0.21881
9.06800,0.83338,-0.55269,0.34727,0.52363,0.34760,0.52341,-0.32887,0.21840
9.07000,0.83408,-0.55165,0.34661,0.52407,0.34694,0.52385,-0.32914,0.21799
9.07200,0.83477,-0.55060,0.34595,0.52450,0.34628,0.52428,-0.32942,0.21757
9.07400,0.83546,-0.54955,0.34529,0.52494,0.34562,0.52472,-0.32969,0.21716
9.07600,0.83615,-0.54850,0.34463,0.52537,0.34496,0.52515,-0.32996,0.21675
9.07800,0.83684,-0.54745,0.34397,0.52580,0.34430,0.52559,-0.33024,0.21633
9.08000,0.83753,-0.54639,0.34331,0.52623,0.34364,0.52602,-0.33051,0.21592
9.08200,0.83821,-0.54534,0.34265,0.52667,0.34298,0.52645,-0.33078,0.21550
9.08400,0.83890,-0.54429,0.34199,0.52710,0.34232,0.52688,-0.33105,0.21508
9.08600,0.83958,-0.54323,0.34132,0.52752,0.34165,0.52731,-0.33132,0.21467
9.08800,0.84026,-0.54218,0.34066,0.52795,0.34099,0.52774,-0.33159,0.21425
9.09000,0.84094,-0.54112,0.34000,0.52838,0.34033,0.52817,-0.33186,0.21383
9.09200,0.84162,-0.54006,0.33933,0.52881,0.33966,0.52859,-0.33213,0.21342
9.09400,0.84230,-0.53901,0.33867,0.52923,0.33900,0.52902,-0.33239,0.21300
9.09600,0.84298,-0.53795,0.33800,0.52966,0.33833,0.52945,-0.33266,0.21258
9.09800,0.84365,-0.53689,0.33734,0.53008,0.33767,0.52987,-0.33293,0.21216
9.10000,0.84433,-0.53583,0.33667,0.53051,0.33700,0.53030,-0.33319,0.21175
9.10200,0.84500,-0.53477,0.33600,0.53093,0.33634,0.53072,-0.33346,0.21133
9.10400,0.84567,-0.53370,0.33534,0.53135,0.33567,0.53114,-0.33373,0.21091
9.10600,0.84634,-0.53264,0.33467,0.53177,0.33500,0.53156,-0.33399,0.21049
9.10800,0.84701,-0.53158,0.33400,0.53219,0.33433,0.53198,-0.33425,0.21007
9.11000,0.84768,-0.53051,0.33333,0.53261,0.33366,0.53240,-0.33452,0.20965
9.11200,0.84834,-0.52945,0.33266,0.53303,0.33300,0.53282,-0.33478,0.20923
9.11400,0.84901,-0.52838,0.33199,0.53345,0.33233,0.53324,-0.33504,0.20881
9.11600,0.84967,-0.52731,0.33132,0.53386,0.33166,0.53366,-0.33531,0.20838
9.11800,0.85033,-0.52624,0.33065,0.53428,0.33098,0.53407,-0.33557,0.20796
9.12000,0.85099,-0.52517,0.32998,0.53470,0.33031,0.53449,-0.33583,0.20754
9.12200,0.85165,-0.52410,0.32930,0.53511,0.32964,0.53490,-0.33609,0.20712
9.12400,0.85231,-0.52303,0.32863,0.53552,0.32897,0.53532,-0.33635,0.20670
9.12600,0.85297,-0.52196,0.32796,0.53594,0.32830,0.53573,-0.33661,0.20627
9.12800,0.85362,-0.52089,0.32729,0.53635,0.32762,0.53614,-0.33687,0.20585
9.13000,0.85428,-0.51982,0.32661,0.53676,0.32695,0.53655,-0.33713,0.20543
9.13200,0.85493,-0.51874,0.32594,0.53717,0.32627,0.53696,-0.33738,0.20500
9.13400,0.85558,-0.51767,0.32526,0.53758,0.32560,0.53737,-0.33764,0.20458
9.13600,0.85623,-0.51659,0.32458,0.53799,0.32492,0.53778,-0.33790,0.20416
9.13800,0.85688,-0.51552,0.32391,0.53839,0.32425,0.53819,-0.33815,0.20373
9.14000,0.85753,-0.51444,0.32323,0.53880,0.32357,0.53860,-0.33841,0.20331
9.14200,0.85817,-0.51336,0.32255,0.53921,0.32289,0.53900,-0.33867,0.20288
9.14400,0.85882,-0.51228,0.32188,0.53961,0.32222,0.53941,-0.33892,0.20245
9.14600,0.85946,-0.51120,0.32120,0.54001,0.32154,0.53981,-0.33917,0.20203
9.14800,0.86010,-0.51012,0.32052,0.54042,0.32086,0.54022,-0.33943,0.20160
9.15000,0.86074,-0.50904,0.31984,0.54082,0.32018,0.54062,-0.33968,0.20117
9.15200,0.86138,-0.50796,0.31916,0.54122,0.31950,0.54102,-0.33993,0.20075
9.15400,0.86202,-0.50688,0.31848,0.54162,0.31882,0.54142,-0.34019,0.20032
9.15600,0.86265,-0.50579,0.31780,0.54202,0.31814,0.54182,-0.34044,0.19989
9.15800,0.86329,-0.50471,0.31712,0.54242,0.31746,0.54222,-0.34069,0.19946
9.16000,0.86392,-0.50362,0.31644,0.54282,0.31678,0.54262,-0.34094,0.19904
9.16200,0.86456,-0.50254,0.31575,0.54322,0.31609,0.54302,-0.34119,0.19861
9.16400,0.86519,-0.50145,0.31507,0.54361,0.31541,0.54341,-0.34144,0.19818
9.16600,0.86582,-0.50036,0.31439,0.54401,0.31473,0.54381,-0.34169,0.19775
9.16800,0.86644,-0.49927,0.31370,0.54440,0.31405,0.54421,-0.34193,0.19732
9.17000,0.86707,-0.49819,0.31302,0.54480,0.31336,0.54460,-0.34218,0.19689
9.17200,0.86770,-0.49710,0.31233,0.54519,0.31268,0.54499,-0.34243,0.19646
9.17400,0.86832,-0.49600,0.31165,0.54558,0.31199,0.54539,-0.34268,0.19603
9.17600,0.86894,-0.49491,0.31096,0.54597,0.31131,0.54578,-0.34292,0.19560
9.17800,0.86956,-0.49382,0.31028,0.54636,0.31062,0.54617,-0.34317,0.19517
9.18000,0.87018,-0.49273,0.30959,0.54675,0.30993,0.54656,-0.34341,0.19474
9.18200,0.87080,-0.49163,0.30890,0.54714,0.30925,0.54695,-0.34366,0.19431
9.18400,0.87142,-0.49054,0.30821,0.54753,0.30856,0.54734,-0.34390,0.19387
9.18600,0.87204,-0.48944,0.30753,0.54792,0.30787,0.54772,-0.34414,0.19344
9.18800,0.87265,-0.48835,0.30684,0.54830,0.30718,0.54811,-0.34439,0.19301
9.19000,0.87326,-0.48725,0.30615,0.54869,0.30649,0.54849,-0.34463,0.19258
9.19200,0.87387,-0.48615,0.30546,0.54907,0.30580,0.54888,-0.34487,0.19214
9.19400,0.87448,-0.48505,0.30477,0.54945,0.30511,0.54926,-0.34511,0.19171
9.19600,0.87509,-0.48395,0.30408,0.54984,0.30442,0.54965,-0.34535,0.19127
9.19800,0.87570,-0.48285,0.30339,0.55022,0.30373,0.55003,-0.34559,0.19084
9.20000,0.87631,-0.48175,0.30269,0.55060,0.30304,0.55041,-0.34583,0.19041
9.20200,0.87691,-0.48065,0.30200,0.55098,0.30235,0.55079,-0.34607,0.18997
9.20400,0.87751,-0.47955,0.30131,0.55136,0.30166,0.55117,-0.34631,0.18954
9.20600,0.87812,-0.47845,0.30062,0.55174,0.30096,0.55155,-0.34655,0.18910
9.20800,0.87872,-0.47734,0.29992,0.55211,0.30027,0.55193,-0.34679,0.18867
9.21000,0.87932,-0.47624,0.29923,0.55249,0.29958,0.55230,-0.34702,0.18823
9.21200,0.87991,-0.47513,0.29853,0.55287,0.29888,0.55268,-0.34726,0.18779
9.21400,0.88051,-0.47403,0.29784,0.55324,0.29819,0.55305,-0.34749,0.18736
9.21600,0.88111,-0.47292,0.29714,0.55361,0.29749,0.55343,-0.34773,0.18692
9.21800,0.88170,-0.47181,0.29645,0.55399,0.29680,0.55380,-0.34796,0.18648
9.22000,0.88229,-0.47070,0.29575,0.55436,0.29610,0.55417,-0.34820,0.18605
9.22200,0.88288,-0.46959,0.29506,0.55473,0.29540,0.55455,-0.34843,0.18561
9.22400,0.88347,-0.46849,0.29436,0.55510,0.29471,0.55492,-0.34866,0.18517
9.22600,0.88406,-0.46737,0.29366,0.55547,0.29401,0.55529,-0.34890,0.18473
9.22800,0.88465,-0.46626,0.29296,0.55584,0.29331,0.55566,-0.34913,0.18429
9.23000,0.88523,-0.46515,0.29226,0.55621,0.29261,0.55602,-0.34936,0.18385
9.23200,0.88582,-0.46404,0.29156,0.55657,0.29191,0.55639,-0.34959,0.18341
9.23400,0.88640,-0.46292,0.29086,0.55694,0.29121,0.55676,-0.34982,0.18298
9.23600,0.88698,-0.46181,0.29016,0.55730,0.29051,0.55712,-0.35005,0.18254
9.23800,0.88756,-0.46070,0.28946,0.55767,0.28981,0.55749,-0.35028,0.18210
9.24000,0.88814,-0.45958,0.28876,0.55803,0.28911,0.55785,-0.35051,0.18166
9.24200,0.88871,-0.45846,0.28806,0.55839,0.28841,0.55821,-0.35074,0.18121
9.24400,0.88929,-0.45735,0.28736,0.55876,0.28771,0.55858,-0.35096,0.18077
9.24600,0.88986,-0.45623,0.28666,0.55912,0.28701,0.55894,-0.35119,0.18033
9.24800,0.89044,-0.45511,0.28595,0.55948,0.28631,0.55930,-0.35142,0.17989
9.25000,0.89101,-0.45399,0.28525,0.55984,0.28560,0.55966,-0.35164,0.17945
9.25200,0.89158,-0.45287,0.28455,0.56019,0.28490,0.56001,-0.35187,0.17901
9.25400,0.89214,-0.45175,0.28384,0.56055,0.28419,0.56037,-0.35209,0.17856
9.25600,0.89271,-0.45063,0.28314,0.56091,0.28349,0.56073,-0.35232,0.17812
9.25800,0.89328,-0.44951,0.28243,0.56126,0.28279,0.56109,-0.35254,0.17768
9.26000,0.89384,-0.44838,0.28173,0.56162,0.28208,0.56144,-0.35276,0.17724
9.26200,0.89440,-0.44726,0.28102,0.56197,0.28137,0.56179,-0.35299,0.17679
9.26400,0.89497,-0.44614,0.28032,0.56232,0.28067,0.56215,-0.35321,0.17635
9.26600,0.89553,-0.44501,0.27961,0.56268,0.27996,0.56250,-0.35343,0.17591
9.26800,0.89608,-0.44388,0.27890,0.56303,0.27925,0.56285,-0.35365,0.17546
9.27000,0.89664,-0.44276,0.27819,0.56338,0.27855,0.56320,-0.35387,0.17502
9.27200,0.89720,-0.44163,0.27748,0.56373,0.27784,0.56355,-0.35409,0.17457
9.27400,0.89775,-0.44050,0.27678,0.56407,0.27713,0.56390,-0.35431,0.17413
9.27600,0.89830,-0.43937,0.27607,0.56442,0.27642,0.56425,-0.35453,0.17368
9.27800,0.89886,-0.43825,0.27536,0.56477,0.27571,0.56459,-0.35474,0.17324
9.28000,0.89941,-0.43712,0.27465,0.56511,0.27500,0.56494,-0.35496,0.17279
9.28200,0.89995,-0.43599,0.27394,0.56546,0.27429,0.56529,-0.35518,0.17234
9.28400,0.90050,-0.43485,0.27323,0.56580,0.27358,0.56563,-0.35540,0.17190
9.28600,0.90105,-0.43372,0.27252,0.56614,0.27287,0.56597,-0.35561,0.17145
9.28800,0.90159,-0.43259,0.27180,0.56649,0.27216,0.56632,-0.35583,0.17100
9.29000,0.90213,-0.43146,0.27109,0.56683,0.27145,0.56666,-0.35604,0.17056
9.29200,0.90268,-0.43032,0.27038,0.56717,0.27074,0.56700,-0.35626,0.17011
9.29400,0.90322,-0.42919,0.26967,0.56751,0.27002,0.56734,-0.35647,0.16966
9.29600,0.90375,-0.42805,0.26895,0.56785,0.26931,0.56768,-0.35668,0.16921
9.29800,0.90429,-0.42692,0.26824,0.56818,0.26860,0.56801,-0.35689,0.16876
9.30000,0.90483,-0.42578,0.26752,0.56852,0.26788,0.56835,-0.35711,0.16832
9.30200,0.90536,-0.42464,0.26681,0.56886,0.26717,0.56869,-0.35732,0.16787
9.30400,0.90589,-0.42350,0.26610,0.56919,0.26645,0.56902,-0.35753,0.16742
9.30600,0.90643,-0.42237,0.26538,0.56952,0.26574,0.56936,-0.35774,0.16697
9.30800,0.90696,-0.42123,0.26466,0.56986,0.26502,0.56969,-0.35795,0.16652
9.31000,0.90748,-0.42009,0.26395,0.57019,0.26431,0.57002,-0.35816,0.16607
9.31200,0.90801,-0.41895,0.26323,0.57052,0.26359,0.57035,-0.35836,0.16562
9.31400,0.90854,-0.41780,0.26251,0.57085,0.26287,0.57069,-0.35857,0.16517
9.31600,0.90906,-0.41666,0.26180,0.57118,0.26216,0.57102,-0.35878,0.16472
9.31800,0.90958,-0.41552,0.26108,0.57151,0.26144,0.57134,-0.35899,0.16427
9.32000,0.91011,-0.41438,0.26036,0.57184,0.26072,0.57167,-0.35919,0.16381
9.32200,0.91063,-0.41323,0.25964,0.57216,0.26000,0.57200,-0.35940,0.16336
9.32400,0.91114,-0.41209,0.25892,0.57249,0.25928,0.57233,-0.35960,0.16291
9.32600,0.91166,-0.41094,0.25820,0.57281,0.25856,0.57265,-0.35981,0.16246
9.32800,0.91218,-0.40980,0.25748,0.57314,0.25784,0.57298,-0.36001,0.16201
9.33000,0.91269,-0.40865,0.25676,0.57346,0.25712,0.57330,-0.36021,0.16155
9.33200,0.91320,-0.40750,0.25604,0.57378,0.25640,0.57362,-0.36042,0.16110
9.33400,0.91372,-0.40635,0.25532,0.57410,0.25568,0.57394,-0.36062,0.16065
9.33600,0.91423,-0.40521,0.25460,0.57442,0.25496,0.57426,-0.36082,0.16020
9.33800,0.91473,-0.40406,0.25388,0.57474,0.25424,0.57458,-0.36102,0.15974
9.34000,0.91524,-0.40291,0.25315,0.57506,0.25351,0.57490,-0.36122,0.15929
9.34200,0.91575,-0.40176,0.25243,0.57538,0.25279,0.57522,-0.36142,0.15883
9.34400,0.91625,-0.40060,0.25171,0.57570,0.25207,0.57554,-0.36162,0.15838
9.34600,0.91675,-0.39945,0.25098,0.57601,0.25135,0.57586,-0.36182,0.15793
9.34800,0.91725,-0.39830,0.25026,0.57633,0.25062,0.57617,-0.36202,0.15747
9.35000,0.91775,-0.39715,0.24954,0.57664,0.24990,0.57649,-0.36222,0.15702
9.35200,0.91825,-0.39599,0.24881,0.57696,0.24917,0.57680,-0.36241,0.15656
9.35400,0.91875,-0.39484,0.24809,0.57727,0.24845,0.57711,-0.36261,0.15610
9.35600,0.91925,-0.39369,0.24736,0.57758,0.24772,0.57742,-0.36281,0.15565
9.35800,0.91974,-0.39253,0.24663,0.57789,0.24700,0.57773,-0.36300,0.15519
9.36000,0.92023,-0.39137,0.24591,0.57820,0.24627,0.57804,-0.36320,0.15474
9.36200,0.92072,-0.39022,0.24518,0.57851,0.24554,0.57835,-0.36339,0.15428
9.36400,0.92121,-0.38906,0.24445,0.57881,0.24482,0.57866,-0.36358,0.15382
9.36600,0.92170,-0.38790,0.24373,0.57912,0.24409,0.57897,-0.36378,0.15337
9.36800,0.92219,-0.38674,0.24300,0.57943,0.24336,0.57927,-0.36397,0.15291
9.37000,0.92267,-0.38558,0.24227,0.57973,0.24263,0.57958,-0.36416,0.15245
9.37200,0.92316,-0.38442,0.24154,0.58004,0.24191,0.57988,-0.36435,0.15199
9.37400,0.92364,-0.38326,0.24081,0.58034,0.24118,0.58019,-0.36454,0.15154
9.37600,0.92412,-0.38210,0.24008,0.58064,0.24045,0.58049,-0.36473,0.15108
9.37800,0.92460,-0.38094,0.23935,0.58094,0.23972,0.58079,-0.36492,0.15062
9.38000,0.92508,-0.37978,0.23862,0.58124,0.23899,0.58109,-0.36511,0.15016
9.38200,0.92555,-0.37862,0.23789,0.58154,0.23826,0.58139,-0.36530,0.14970
9.38400,0.92603,-0.37745,0.23716,0.58184,0.23753,0.58169,-0.36549,0.14924
9.38600,0.92650,-0.37629,0.23643,0.58214,0.23680,0.58199,-0.36567,0.14878
9.38800,0.92697,-0.37512,0.23570,0.58244,0.23606,0.58229,-0.36586,0.14832
9.39000,0.92745,-0.37396,0.23497,0.58273,0.23533,0.58258,-0.36605,0.14786
9.39200,0.92791,-0.37279,0.23423,0.58303,0.23460,0.58288,-0.36623,0.14740
9.39400,0.92838,-0.37163,0.23350,0.58332,0.23387,0.58317,-0.36642,0.14694
9.39600,0.92885,-0.37046,0.23277,0.58361,0.23313,0.58347,-0.36660,0.14648
9.39800,0.92931,-0.36929,0.23203,0.58390,0.23240,0.58376,-0.36679,0.14602
9.40000,0.92978,-0.36812,0.23130,0.58420,0.23167,0.58405,-0.36697,0.14556
9.40200,0.93024,-0.36696,0.23057,0.58449,0.23093,0.58434,-0.36715,0.14510
9.40400,0.93070,-0.36579,0.22983,0.58478,0.23020,0.58463,-0.36733,0.14464
9.40600,0.93116,-0.36462,0.22910,0.58506,0.22946,0.58492,-0.36752,0.14418
9.40800,0.93162,-0.36345,0.22836,0.58535,0.22873,0.58521,-0.36770,0.14371
9.41000,0.93207,-0.36228,0.22762,0.58564,0.22799,0.58549,-0.36788,0.14325
9.41200,0.93253,-0.36110,0.22689,0.58592,0.22726,0.58578,-0.36806,0.14279
9.41400,0.93298,-0.35993,0.22615,0.58621,0.22652,0.58607,-0.36824,0.14233
9.41600,0.93343,-0.35876,0.22541,0.58649,0.22578,0.58635,-0.36841,0.14186
9.41800,0.93388,-0.35759,0.22468,0.58677,0.22505,0.58663,-0.36859,0.14140
9.42000,0.93433,-0.35641,0.22394,0.58706,0.22431,0.58692,-0.36877,0.14094
9.42200,0.93478,-0.35524,0.22320,0.58734,0.22357,0.58720,-0.36895,0.14047
9.42400,0.93522,-0.35406,0.22246,0.58762,0.22283,0.58748,-0.36912,0.14001
9.42600,0.93567,-0.35289,0.22173,0.58790,0.22209,0.58776,-0.36930,0.13955
9.42800,0.93611,-0.35171,0.22099,0.58817,0.22136,0.58804,-0.36947,0.13908
9.43000,0.93655,-0.35053,0.22025,0.58845,0.22062,0.58831,-0.36965,0.13862
9.43200,0.93699,-0.34936,0.21951,0.58873,0.21988,0.58859,-0.36982,0.13815
9.43400,0.93743,-0.34818,0.21877,0.58900,0.21914,0.58887,-0.37000,0.13769
9.43600,0.93786,-0.34700,0.21803,0.58928,0.21840,0.58914,-0.37017,0.13722
9.43800,0.93830,-0.34582,0.21729,0.58955,0.21766,0.58941,-0.37034,0.13676
9.44000,0.93873,-0.34464,0.21655,0.58982,0.21692,0.58969,-0.37051,0.13629
9.44200,0.93917,-0.34346,0.21580,0.59010,0.21617,0.58996,-0.37068,0.13583
9.44400,0.93960,-0.34228,0.21506,0.59037,0.21543,0.59023,-0.37085,0.13536
9.44600,0.94003,-0.34110,0.21432,0.59064,0.21469,0.59050,-0.37102,0.13489
9.44800,0.94045,-0.33992,0.21358,0.59090,0.21395,0.59077,-0.37119,0.13443
9.45000,0.94088,-0.33874,0.21284,0.59117,0.21321,0.59104,-0.37136,0.13396
9.45200,0.94131,-0.33756,0.21209,0.59144,0.21246,0.59131,-0.37153,0.13349
9.45400,0.94173,-0.33637,0.21135,0.59171,0.21172,0.59157,-0.37170,0.13303
9.45600,0.94215,-0.33519,0.21061,0.59197,0.21098,0.59184,-0.37186,0.13256
9.45800,0.94257,-0.33400,0.20986,0.59224,0.21023,0.59210,-0.37203,0.13209
9.46000,0.94299,-0.33282,0.20912,0.59250,0.20949,0.59237,-0.37219,0.13163
9.46200,0.94341,-0.33163,0.20837,0.59276,0.20874,0.59263,-0.37236,0.13116
9.46400,0.94382,-0.33045,0.20763,0.59302,0.20800,0.59289,-0.37252,0.13069
9.46600,0.94424,-0.32926,0.20688,0.59328,0.20725,0.59315,-0.37269,0.13022
9.46800,0.94465,-0.32808,0.20614,0.59354,0.20651,0.59341,-0.37285,0.12975
9.47000,0.94506,-0.32689,0.20539,0.59380,0.20576,0.59367,-0.37301,0.12928
9.47200,0.94547,-0.32570,0.20464,0.59406,0.20502,0.59393,-0.37318,0.12882
9.47400,0.94588,-0.32451,0.20390,0.59431,0.20427,0.59419,-0.37334,0.12835
9.47600,0.94629,-0.32332,0.20315,0.59457,0.20352,0.59444,-0.37350,0.12788
9.47800,0.94669,-0.32213,0.20240,0.59483,0.20278,0.59470,-0.37366,0.12741
9.48000,0.94710,-0.32094,0.20165,0.59508,0.20203,0.59495,-0.37382,0.12694
9.48200,0.94750,-0.31975,0.20091,0.59533,0.20128,0.59521,-0.37398,0.12647
9.48400,0.94790,-0.31856,0.20016,0.59558,0.20053,0.59546,-0.37414,0.12600
9.48600,0.94830,-0.31737,0.19941,0.59584,0.19978,0.59571,-0.37430,0.12553
9.48800,0.94870,-0.31618,0.19866,0.59609,0.19904,0.59596,-0.37445,0.12506
9.49000,0.94910,-0.31499,0.19791,0.59633,0.19829,0.59621,-0.37461,0.12459
9.49200,0.94949,-0.31379,0.19716,0.59658,0.19754,0.59646,-0.37477,0.12412
9.49400,0.94988,-0.31260,0.19641,0.59683,0.19679,0.59671,-0.37492,0.12365
9.49600,0.95028,-0.31141,0.19566,0.59708,0.19604,0.59695,-0.37508,0.12317
9.49800,0.95067,-0.31021,0.19491,0.59732,0.19529,0.59720,-0.37523,0.12270
9.50000,0.95106,-0.30902,0.19416,0.59757,0.19454,0.59744,-0.37539,0.12223
9.50200,0.95144,-0.30782,0.19341,0.59781,0.19379,0.59769,-0.37554,0.12176
9.50400,0.95183,-0.30663,0.19266,0.59805,0.19303,0.59793,-0.37569,0.12129
9.50600,0.95221,-0.30543,0.19191,0.59829,0.19228,0.59817,-0.37584,0.12081
9.50800,0.95260,-0.30423,0.19115,0.59853,0.19153,0.59841,-0.37599,0.12034
9.51000,0.95298,-0.30304,0.19040,0.59877,0.19078,0.59865,-0.37615,0.11987
9.51200,0.95336,-0.30184,0.18965,0.59901,0.19003,0.59889,-0.37630,0.11940
9.51400,0.95374,-0.30064,0.18890,0.59925,0.18927,0.59913,-0.37645,0.11892
9.51600,0.95411,-0.29944,0.18814,0.59949,0.18852,0.59937,-0.37660,0.11845
9.51800,0.95449,-0.29824,0.18739,0.59972,0.18777,0.59961,-0.37674,0.11798
9.52000,0.95486,-0.29704,0.18664,0.59996,0.18701,0.59984,-0.37689,0.11750
9.52200,0.95524,-0.29584,0.18588,0.60019,0.18626,0.60008,-0.37704,0.11703
9.52400,0.95561,-0.29464,0.18513,0.60043,0.18551,0.60031,-0.37719,0.11656
9.52600,0.95598,-0.29344,0.18437,0.60066,0.18475,0.60054,-0.37733,0.11608
9.52800,0.95635,-0.29224,0.18362,0.60089,0.18400,0.60077,-0.37748,0.11561
9.53000,0.95671,-0.29104,0.18286,0.60112,0.18324,0.60100,-0.37762,0.11513
9.53200,0.95708,-0.28983,0.18211,0.60135,0.18249,0.60123,-0.37777,0.11466
9.53400,0.95744,-0.28863,0.18135,0.60158,0.18173,0.60146,-0.37791,0.11418
9.53600,0.95780,-0.28743,0.18060,0.60180,0.18097,0.60169,-0.37805,0.11371
9.53800,0.95816,-0.28622,0.17984,0.60203,0.18022,0.60192,-0.37820,0.11323
9.54000,0.95852,-0.28502,0.17908,0.60226,0.17946,0.60214,-0.37834,0.11276
9.54200,0.95888,-0.28381,0.17833,0.60248,0.17870,0.60237,-0.37848,0.11228
9.54400,0.95924,-0.28261,0.17757,0.60271,0.17795,0.60259,-0.37862,0.11181
9.54600,0.95959,-0.28140,0.17681,0.60293,0.17719,0.60282,-0.37876,0.11133
9.54800,0.95994,-0.28020,0.17605,0.60315,0.17643,0.60304,-0.37890,0.11086
9.55000,0.96029,-0.27899,0.17530,0.60337,0.17567,0.60326,-0.37904,0.11038
9.55200,0.96064,-0.27778,0.17454,0.60359,0.17492,0.60348,-0.37918,0.10990
9.55400,0.96099,-0.27658,0.17378,0.60381,0.17416,0.60370,-0.37932,0.10943
9.55600,0.96134,-0.27537,0.17302,0.60403,0.17340,0.60392,-0.37945,0.10895
9.55800,0.96168,-0.27416,0.17226,0.60424,0.17264,0.60414,-0.37959,0.10847
9.56000,0.96203,-0.27295,0.17150,0.60446,0.17188,0.60435,-0.37973,0.10800
9.56200,0.96237,-0.27174,0.17074,0.60467,0.17112,0.60457,-0.37986,0.10752
9.56400,0.96271,-0.27053,0.16998,0.60489,0.17036,0.60478,-0.38000,0.10704
9.56600,0.96305,-0.26932,0.16922,0.60510,0.16960,0.60500,-0.38013,0.10656
9.56800,0.96339,-0.26811,0.16846,0.60531,0.16884,0.60521,-0.38026,0.10609
9.57000,0.96372,-0.26690,0.16770,0.60553,0.16808,0.60542,-0.38040,0.10561
9.57200,0.96406,-0.26569,0.16694,0.60574,0.16732,0.60563,-0.38053,0.10513
9.57400,0.96439,-0.26448,0.16618,0.60594,0.16656,0.60584,-0.38066,0.10465
9.57600,0.96472,-0.26327,0.16542,0.60615,0.16580,0.60605,-0.38079,0.10417
9.57800,0.96505,-0.26205,0.16465,0.60636,0.16503,0.60626,-0.38092,0.10369
9.58000,0.96538,-0.26084,0.16389,0.60657,0.16427,0.60646,-0.38105,0.10322
9.58200,0.96571,-0.25963,0.16313,0.60677,0.16351,0.60667,-0.38118,0.10274
9.58400,0.96603,-0.25841,0.16237,0.60698,0.16275,0.60687,-0.38131,0.10226
9.58600,0.96636,-0.25720,0.16160,0.60718,0.16199,0.60708,-0.38144,0.10178
9.58800,0.96668,-0.25599,0.16084,0.60738,0.16122,0.60728,-0.38157,0.10130
9.59000,0.96700,-0.25477,0.16008,0.60758,0.16046,0.60748,-0.38169,0.10082
9.59200,0.96732,-0.25356,0.15931,0.60779,0.15970,0.60769,-0.38182,0.10034
9.59400,0.96764,-0.25234,0.15855,0.60799,0.15893,0.60789,-0.38195,0.09986
9.59600,0.96796,-0.25112,0.15779,0.60818,0.15817,0.60808,-0.38207,0.09938
9.59800,0.96827,-0.24991,0.15702,0.60838,0.15740,0.60828,-0.38220,0.09890
9.60000,0.96858,-0.24869,0.15626,0.60858,0.15664,0.60848,-0.38232,0.09842
9.60200,0.96889,-0.24747,0.15549,0.60877,0.15587,0.60868,-0.38244,0.09794
9.60400,0.96921,-0.24625,0.15473,0.60897,0.15511,0.60887,-0.38257,0.09746
9.60600,0.96951,-0.24504,0.15396,0.60916,0.15434,0.60907,-0.38269,0.09698
9.60800,0.96982,-0.24382,0.15320,0.60936,0.15358,0.60926,-0.38281,0.09650
9.61000,0.97013,-0.24260,0.15243,0.60955,0.15281,0.60945,-0.38293,0.09601
9.61200,0.97043,-0.24138,0.15166,0.60974,0.15205,0.60964,-0.38305,0.09553
9.61400,0.97073,-0.24016,0.15090,0.60993,0.15128,0.60983,-0.38317,0.09505
9.61600,0.97103,-0.23894,0.15013,0.61012,0.15051,0.61002,-0.38329,0.09457
9.61800,0.97133,-0.23772,0.14936,0.61031,0.14975,0.61021,-0.38341,0.09409
9.62000,0.97163,-0.23650,0.14860,0.61049,0.14898,0.61040,-0.38353,0.09361
9.62200,0.97193,-0.23528,0.14783,0.61068,0.14821,0.61059,-0.38364,0.09312
9.62400,0.97222,-0.23406,0.14706,0.61087,0.14745,0.61077,-0.38376,0.09264
9.62600,0.97252,-0.23283,0.14629,0.61105,0.14668,0.61096,-0.38388,0.09216
9.62800,0.97281,-0.23161,0.14553,0.61123,0.14591,0.61114,-0.38399,0.09168
9.63000,0.97310,-0.23039,0.14476,0.61142,0.14514,0.61132,-0.38411,0.09120
9.63200,0.97339,-0.22917,0.14399,0.61160,0.14437,0.61151,-0.38422,0.09071
9.63400,0.97367,-0.22794,0.14322,0.61178,0.14361,0.61169,-0.38433,0.09023
9.63600,0.97396,-0.22672,0.14245,0.61196,0.14284,0.61187,-0.38445,0.08975
9.63800,0.97424,-0.22550,0.14168,0.61214,0.14207,0.61205,-0.38456,0.08926
9.64000,0.97453,-0.22427,0.14091,0.61231,0.14130,0.61222,-0.38467,0.08878
9.64200,0.97481,-0.22305,0.14014,0.61249,0.14053,0.61240,-0.38478,0.08830
9.64400,0.97509,-0.22182,0.13937,0.61267,0.13976,0.61258,-0.38489,0.08781
9.64600,0.97537,-0.22060,0.13860,0.61284,0.13899,0.61275,-0.38500,0.08733
9.64800,0.97564,-0.21937,0.13783,0.61301,0.13822,0.61293,-0.38511,0.08685
9.65000,0.97592,-0.21814,0.13706,0.61319,0.13745,0.61310,-0.38522,0.08636
9.65200,0.97619,-0.21692,0.13629,0.61336,0.13668,0.61327,-0.38533,0.08588
9.65400,0.97646,-0.21569,0.13552,0.61353,0.13591,0.61344,-0.38544,0.08539
9.65600,0.97673,-0.21446,0.13475,0.61370,0.13514,0.61361,-0.38555,0.08491
9.65800,0.97700,-0.21324,0.13398,0.61387,0.13437,0.61378,-0.38565,0.08442
9.66000,0.97727,-0.21201,0.13321,0.61404,0.13359,0.61395,-0.38576,0.08394
9.66200,0.97753,-0.21078,0.13244,0.61420,0.13282,0.61412,-0.38586,0.08345
9.66400,0.97780,-0.20955,0.13166,0.61437,0.13205,0.61429,-0.38597,0.08297
9.66600,0.97806,-0.20832,0.13089,0.61453,0.13128,0.61445,-0.38607,0.08248
9.66800,0.97832,-0.20709,0.13012,0.61470,0.13051,0.61462,-0.38617,0.08200
9.67000,0.97858,-0.20586,0.12935,0.61486,0.12973,0.61478,-0.38628,0.08151
9.67200,0.97884,-0.20463,0.12857,0.61502,0.12896,0.61494,-0.38638,0.08103
9.67400,0.97910,-0.20340,0.12780,0.61518,0.12819,0.61510,-0.38648,0.08054
9.67600,0.97935,-0.20217,0.12703,0.61534,0.12742,0.61526,-0.38658,0.08006
9.67800,0.97960,-0.20094,0.12626,0.61550,0.12664,0.61542,-0.38668,0.07957
9.68000,0.97986,-0.19971,0.12548,0.61566,0.12587,0.61558,-0.38678,0.07909
9.68200,0.98011,-0.19848,0.12471,0.61582,0.12509,0.61574,-0.38688,0.07860
9.68400,0.98035,-0.19725,0.12393,0.61597,0.12432,0.61590,-0.38698,0.07811
9.68600,0.98060,-0.19601,0.12316,0.61613,0.12355,0.61605,-0.38708,0.07763
9.68800,0.98085,-0.19478,0.12239,0.61628,0.12277,0.61621,-0.38717,0.07714
9.69000,0.98109,-0.19355,0.12161,0.61644,0.12200,0.61636,-0.38727,0.07665
9.69200,0.98133,-0.19232,0.12084,0.61659,0.12122,0.61651,-0.38737,0.07617
9.69400,0.98157,-0.19108,0.12006,0.61674,0.12045,0.61667,-0.38746,0.07568
9.69600,0.98181,-0.18985,0.11929,0.61689,0.11967,0.61682,-0.38756,0.07519
9.69800,0.98205,-0.18862,0.11851,0.61704,0.11890,0.61697,-0.38765,0.07471
9.70000,0.98229,-0.18738,0.11774,0.61719,0.11812,0.61712,-0.38774,0.07422
9.70200,0.98252,-0.18615,0.11696,0.61734,0.11735,0.61726,-0.38784,0.07373
9.70400,0.98276,-0.18491,0.11618,0.61748,0.11657,0.61741,-0.38793,0.07324
9.70600,0.98299,-0.18368,0.11541,0.61763,0.11580,0.61756,-0.38802,0.07276
9.70800,0.98322,-0.18244,0.11463,0.61777,0.11502,0.61770,-0.38811,0.07227
9.71000,0.98345,-0.18121,0.11385,0.61792,0.11424,0.61785,-0.38820,0.07178
9.71200,0.98367,-0.17997,0.11308,0.61806,0.11347,0.61799,-0.38829,0.07129
9.71400,0.98390,-0.17873,0.11230,0.61820,0.11269,0.61813,-0.38838,0.07081
9.71600,0.98412,-0.17750,0.11152,0.61834,0.11191,0.61827,-0.38847,0.07032
9.71800,0.98434,-0.17626,0.11075,0.61848,0.11114,0.61841,-0.38856,0.06983
9.72000,0.98456,-0.17502,0.10997,0.61862,0.11036,0.61855,-0.38865,0.06934
9.72200,0.98478,-0.17379,0.10919,0.61876,0.10958,0.61869,-0.38873,0.06885
9.72400,0.98500,-0.17255,0.10842,0.61889,0.10880,0.61883,-0.38882,0.06836
9.72600,0.98522,-0.17131,0.10764,0.61903,0.10803,0.61896,-0.38891,0.06787
9.72800,0.98543,-0.17007,0.10686,0.61916,0.10725,0.61910,-0.38899,0.06739
9.73000,0.98564,-0.16883,0.10608,0.61930,0.10647,0.61923,-0.38907,0.06690
9.73200,0.98586,-0.16759,0.10530,0.61943,0.10569,0.61937,-0.38916,0.06641
9.73400,0.98607,-0.16636,0.10452,0.61956,0.10491,0.61950,-0.38924,0.06592
9.73600,0.98627,-0.16512,0.10375,0.61969,0.10414,0.61963,-0.38932,0.06543
9.73800,0.98648,-0.16388,0.10297,0.61982,0.10336,0.61976,-0.38941,0.06494
9.74000,0.98669,-0.16264,0.10219,0.61995,0.10258,0.61989,-0.38949,0.06445
9.74200,0.98689,-0.16140,0.10141,0.62008,0.10180,0.62002,-0.38957,0.06396
9.74400,0.98709,-0.16016,0.10063,0.62021,0.10102,0.62014,-0.38965,0.06347
9.74600,0.98729,-0.15892,0.09985,0.62033,0.10024,0.62027,-0.38973,0.06298
9.74800,0.98749,-0.15768,0.09907,0.62046,0.09946,0.62040,-0.38981,0.06249
9.75000,0.98769,-0.15643,0.09829,0.62058,0.09868,0.62052,-0.38988,0.06200
9.75200,0.98788,-0.15519,0.09751,0.62071,0.09790,0.62064,-0.38996,0.06151
9.75400,0.98808,-0.15395,0.09673,0.62083,0.09712,0.62077,-0.39004,0.06102
9.75600,0.98827,-0.15271,0.09595,0.62095,0.09634,0.62089,-0.39012,0.06053
9.75800,0.98846,-0.15147,0.09517,0.62107,0.09556,0.62101,-0.39019,0.06004
9.76000,0.98865,-0.15023,0.09439,0.62119,0.09478,0.62113,-0.39027,0.05955
9.76200,0.98884,-0.14898,0.09361,0.62131,0.09400,0.62125,-0.39034,0.05906
9.76400,0.98903,-0.14774,0.09283,0.62142,0.09322,0.62136,-0.39042,0.05857
9.76600,0.98921,-0.14650,0.09205,0.62154,0.09244,0.62148,-0.39049,0.05808
9.76800,0.98939,-0.14525,0.09127,0.62165,0.09166,0.62160,-0.39056,0.05759
9.77000,0.98958,-0.14401,0.09048,0.62177,0.09088,0.62171,-0.39063,0.05710
9.77200,0.98976,-0.14277,0.08970,0.62188,0.09009,0.62183,-0.39070,0.05661
9.77400,0.98993,-0.14152,0.08892,0.62199,0.08931,0.62194,-0.39078,0.05612
9.77600,0.99011,-0.14028,0.08814,0.62211,0.08853,0.62205,-0.39085,0.05563
9.77800,0.99029,-0.13903,0.08736,0.62222,0.08775,0.62216,-0.39092,0.05513
9.78000,0.99046,-0.13779,0.08658,0.62233,0.08697,0.62227,-0.39098,0.05464
9.78200,0.99063,-0.13655,0.08579,0.62243,0.08619,0.62238,-0.39105,0.05415
9.78400,0.99080,-0.13530,0.08501,0.62254,0.08540,0.62249,-0.39112,0.05366
9.78600,0.99097,-0.13406,0.08423,0.62265,0.08462,0.62259,-0.39119,0.05317
9.78800,0.99114,-0.13281,0.08345,0.62275,0.08384,0.62270,-0.39125,0.05268
9.79000,0.99131,-0.13156,0.08266,0.62286,0.08306,0.62280,-0.39132,0.05219
9.79200,0.99147,-0.13032,0.08188,0.62296,0.08227,0.62291,-0.39138,0.05169
9.79400,0.99164,-0.12907,0.08110,0.62306,0.08149,0.62301,-0.39145,0.05120
9.79600,0.99180,-0.12783,0.08032,0.62316,0.08071,0.62311,-0.39151,0.05071
9.79800,0.99196,-0.12658,0.07953,0.62326,0.07992,0.62321,-0.39158,0.05022
9.80000,0.99211,-0.12533,0.07875,0.62336,0.07914,0.62331,-0.39164,0.04973
9.80200,0.99227,-0.12409,0.07797,0.62346,0.07836,0.62341,-0.39170,0.04923
9.80400,0.99243,-0.12284,0.07718,0.62356,0.07757,0.62351,-0.39176,0.04874
9.80600,0.99258,-0.12159,0.07640,0.62366,0.07679,0.62361,-0.39182,0.04825
9.80800,0.99273,-0.12034,0.07561,0.62375,0.07601,0.62370,-0.39188,0.04776
9.81000,0.99288,-0.11910,0.07483,0.62385,0.07522,0.62380,-0.39194,0.04726
9.81200,0.99303,-0.11785,0.07405,0.62394,0.07444,0.62389,-0.39200,0.04677
9.81400,0.99318,-0.11660,0.07326,0.62403,0.07365,0.62399,-0.39206,0.04628
9.81600,0.99332,-0.11535,0.07248,0.62412,0.07287,0.62408,-0.39212,0.04579
9.81800,0.99347,-0.11410,0.07169,0.62421,0.07209,0.62417,-0.39218,0.04529
9.82000,0.99361,-0.11286,0.07091,0.62430,0.07130,0.62426,-0.39223,0.04480
9.82200,0.99375,-0.11161,0.07013,0.62439,0.07052,0.62435,-0.39229,0.04431
9.82400,0.99389,-0.11036,0.06934,0.62448,0.06973,0.62444,-0.39235,0.04381
9.82600,0.99403,-0.10911,0.06856,0.62457,0.06895,0.62452,-0.39240,0.04332
9.82800,0.99417,-0.10786,0.06777,0.62465,0.06816,0.62461,-0.39245,0.04283
9.83000,0.99430,-0.10661,0.06699,0.62474,0.06738,0.62470,-0.39251,0.04234
9.83200,0.99443,-0.10536,0.06620,0.62482,0.06659,0.62478,-0.39256,0.04184
9.83400,0.99457,-0.10411,0.06542,0.62490,0.06581,0.62486,-0.39261,0.04135
9.83600,0.99470,-0.10286,0.06463,0.62499,0.06502,0.62494,-0.39266,0.04085
9.83800,0.99482,-0.10161,0.06384,0.62507,0.06424,0.62503,-0.39272,0.04036
9.84000,0.99495,-0.10036,0.06306,0.62515,0.06345,0.62511,-0.39277,0.03987
9.84200,0.99508,-0.09911,0.06227,0.62522,0.06267,0.62519,-0.39282,0.03937
9.84400,0.99520,-0.09786,0.06149,0.62530,0.06188,0.62526,-0.39286,0.03888
9.84600,0.99532,-0.09661,0.06070,0.62538,0.06109,0.62534,-0.39291,0.03839
9.84800,0.99544,-0.09536,0.05992,0.62546,0.06031,0.62542,-0.39296,0.03789
9.85000,0.99556,-0.09411,0.05913,0.62553,0.05952,0.62549,-0.39301,0.03740
9.85200,0.99568,-0.09286,0.05834,0.62560,0.05874,0.62557,-0.39306,0.03691
9.85400,0.99580,-0.09161,0.05756,0.62568,0.05795,0.62564,-0.39310,0.03641
9.85600,0.99591,-0.09035,0.05677,0.62575,0.05716,0.62571,-0.39315,0.03592
9.85800,0.99602,-0.08910,0.05598,0.62582,0.05638,0.62578,-0.39319,0.03542
9.86000,0.99613,-0.08785,0.05520,0.62589,0.05559,0.62585,-0.39324,0.03493
9.86200,0.99624,-0.08660,0.05441,0.62596,0.05481,0.62592,-0.39328,0.03444
9.86400,0.99635,-0.08535,0.05363,0.62603,0.05402,0.62599,-0.39332,0.03394
9.86600,0.99646,-0.08410,0.05284,0.62609,0.05323,0.62606,-0.39336,0.03345
9.86800,0.99656,-0.08284,0.05205,0.62616,0.05245,0.62613,-0.39341,0.03295
9.87000,0.99667,-0.08159,0.05126,0.62622,0.05166,0.62619,-0.39345,0.03246
9.87200,0.99677,-0.08034,0.05048,0.62629,0.05087,0.62626,-0.39349,0.03196
9.87400,0.99687,-0.07909,0.04969,0.62635,0.05008,0.62632,-0.39353,0.03147
9.87600,0.99697,-0.07783,0.04890,0.62641,0.04930,0.62638,-0.39357,0.03097
9.87800,0.99706,-0.07658,0.04812,0.62647,0.04851,0.62644,-0.39361,0.03048
9.88000,0.99716,-0.07533,0.04733,0.62653,0.04772,0.62650,-0.39364,0.02999
9.88200,0.99725,-0.07407,0.04654,0.62659,0.04694,0.62656,-0.39368,0.02949
9.88400,0.99735,-0.07282,0.04575,0.62665,0.04615,0.62662,-0.39372,0.02900
9.88600,0.99744,-0.07157,0.04497,0.62671,0.04536,0.62668,-0.39375,0.02850
9.88800,0.99752,-0.07031,0.04418,0.62676,0.04457,0.62674,-0.39379,0.02801
9.89000,0.99761,-0.06906,0.04339,0.62682,0.04379,0.62679,-0.39382,0.02751
9.89200,0.99770,-0.06781,0.04260,0.62687,0.04300,0.62685,-0.39386,0.02702
9.89400,0.99778,-0.06655,0.04182,0.62693,0.04221,0.62690,-0.39389,0.02652
9.89600,0.99787,-0.06530,0.04103,0.62698,0.04142,0.62695,-0.39393,0.02603
9.89800,0.99795,-0.06404,0.04024,0.62703,0.04063,0.62700,-0.39396,0.02553
9.90000,0.99803,-0.06279,0.03945,0.62708,0.03985,0.62705,-0.39399,0.02504
9.90200,0.99810,-0.06154,0.03866,0.62713,0.03906,0.62710,-0.39402,0.02454
9.90400,0.99818,-0.06028,0.03788,0.62718,0.03827,0.62715,-0.39405,0.02405
9.90600,0.99826,-0.05903,0.03709,0.62722,0.03748,0.62720,-0.39408,0.02355
9.90800,0.99833,-0.05777,0.03630,0.62727,0.03669,0.62725,-0.39411,0.02306
9.91000,0.99840,-0.05652,0.03551,0.62731,0.03591,0.62729,-0.39414,0.02256
9.91200,0.99847,-0.05526,0.03472,0.62736,0.03512,0.62734,-0.39417,0.02206
9.91400,0.99854,-0.05401,0.03393,0.62740,0.03433,0.62738,-0.39419,0.02157
9.91600,0.99861,-0.05275,0.03315,0.62744,0.03354,0.62742,-0.39422,0.02107
9.91800,0.99867,-0.05150,0.03236,0.62748,0.03275,0.62746,-0.39425,0.02058
9.92000,0.99874,-0.05024,0.03157,0.62752,0.03196,0.62750,-0.39427,0.02008
9.92200,0.99880,-0.04899,0.03078,0.62756,0.03118,0.62754,-0.39430,0.01959
9.92400,0.99886,-0.04773,0.02999,0.62760,0.03039,0.62758,-0.39432,0.01909
9.92600,0.99892,-0.04648,0.02920,0.62764,0.02960,0.62762,-0.39435,0.01860
9.92800,0.99898,-0.04522,0.02841,0.62768,0.02881,0.62766,-0.39437,0.01810
9.93000,0.99903,-0.04397,0.02763,0.62771,0.02802,0.62769,-0.39439,0.01761
9.93200,0.99909,-0.04271,0.02684,0.62774,0.02723,0.62773,-0.39441,0.01711
9.93400,0.99914,-0.04146,0.02605,0.62778,0.02644,0.62776,-0.39443,0.01661
9.93600,0.99919,-0.04020,0.02526,0.62781,0.02565,0.62779,-0.39445,0.01612
9.93800,0.99924,-0.03895,0.02447,0.62784,0.02486,0.62783,-0.39447,0.01562
9.94000,0.99929,-0.03769,0.02368,0.62787,0.02408,0.62786,-0.39449,0.01513
9.94200,0.99934,-0.03643,0.02289,0.62790,0.02329,0.62789,-0.39451,0.01463
9.94400,0.99938,-0.03518,0.02210,0.62793,0.02250,0.62792,-0.39453,0.01414
9.94600,0.99942,-0.03392,0.02131,0.62796,0.02171,0.62794,-0.39455,0.01364
9.94800,0.99947,-0.03267,0.02053,0.62798,0.02092,0.62797,-0.39457,0.01314
9.95000,0.99951,-0.03141,0.01974,0.62801,0.02013,0.62800,-0.39458,0.01265
9.95200,0.99955,-0.03015,0.01895,0.62803,0.01934,0.62802,-0.39460,0.01215
9.95400,0.99958,-0.02890,0.01816,0.62806,0.01855,0.62804,-0.39461,0.01166
9.95600,0.99962,-0.02764,0.01737,0.62808,0.01776,0.62807,-0.39463,0.01116
9.95800,0.99965,-0.02639,0.01658,0.62810,0.01697,0.62809,-0.39464,0.01066
9.96000,0.99968,-0.02513,0.01579,0.62812,0.01618,0.62811,-0.39465,0.01017
9.96200,0.99971,-0.02387,0.01500,0.62814,0.01540,0.62813,-0.39467,0.00967
9.96400,0.99974,-0.02262,0.01421,0.62816,0.01461,0.62815,-0.39468,0.00918
9.96600,0.99977,-0.02136,0.01342,0.62817,0.01382,0.62817,-0.39469,0.00868
9.96800,0.99980,-0.02010,0.01263,0.62819,0.01303,0.62818,-0.39470,0.00819
9.97000,0.99982,-0.01885,0.01184,0.62821,0.01224,0.62820,-0.39471,0.00769
9.97200,0.99985,-0.01759,0.01105,0.62822,0.01145,0.62821,-0.39472,0.00719
9.97400,0.99987,-0.01634,0.01026,0.62823,0.01066,0.62823,-0.39473,0.00670
9.97600,0.99989,-0.01508,0.00947,0.62825,0.00987,0.62824,-0.39474,0.00620
9.97800,0.99990,-0.01382,0.00868,0.62826,0.00908,0.62825,-0.39474,0.00570
9.98000,0.99992,-0.01257,0.00790,0.62827,0.00829,0.62826,-0.39475,0.00521
9.98200,0.99994,-0.01131,0.00711,0.62828,0.00750,0.62827,-0.39476,0.00471
9.98400,0.99995,-0.01005,0.00632,0.62829,0.00671,0.62828,-0.39476,0.00422
9.98600,0.99996,-0.00880,0.00553,0.62829,0.00592,0.62829,-0.39477,0.00372
9.98800,0.99997,-0.00754,0.00474,0.62830,0.00513,0.62830,-0.39477,0.00322
9.99000,0.99998,-0.00628,0.00395,0.62831,0.00434,0.62830,-0.39477,0.00273
9.99200,0.99999,-0.00503,0.00316,0.62831,0.00355,0.62831,-0.39478,0.00223
9.99400,0.99999,-0.00377,0.00237,0.62831,0.00276,0.62831,-0.39478,0.00174
9.99600,1.00000,-0.00251,0.00158,0.62832,0.00197,0.62832,-0.39478,0.00124
9.99800,1.00000,-0.00126,0.00118,0.62832,0.00118,0.62832,-0.39478,0.00099
