0.00000,0.40000,0.00000,0.60000
0.00010,0.40000,0.00000,0.60000
0.00020,0.40000,0.00000,0.60000
0.00030,0.40000,0.00000,0.60000
0.00040,0.40000,0.00000,0.60000
0.00050,0.40000,0.00000,0.60000
0.00060,0.40000,0.00000,0.60000
0.00070,0.40000,0.00000,0.60000
0.00080,0.39999,0.00000,0.60000
0.00090,0.39999,0.00000,0.60000
0.00100,0.39999,0.00000,0.60000
0.00110,0.39999,0.00000,0.60000
0.00120,0.39999,0.00000,0.60000
0.00130,0.39999,0.00000,0.60000
0.00140,0.39998,0.00000,0.60000
0.00150,0.39998,0.00000,0.60000
0.00160,0.39998,0.00000,0.60000
0.00170,0.39998,0.00000,0.60000
0.00180,0.39997,0.00000,0.60000
0.00190,0.39997,0.00000,0.60000
0.00200,0.39997,0.00000,0.60000
0.00210,0.39997,0.00000,0.60000
0.00220,0.39996,0.00000,0.60000
0.00230,0.39996,0.00000,0.60000
0.00240,0.39995,0.00000,0.60000
0.00250,0.39995,0.00000,0.60000
0.00260,0.39995,0.00000,0.60000
0.00270,0.39994,0.00000,0.60000
0.00280,0.39994,0.00000,0.60000
0.00290,0.39993,0.00000,0.60000
0.00300,0.39993,0.00000,0.60000
0.00310,0.39992,0.00000,0.60000
0.00320,0.39992,0.00000,0.60000
0.00330,0.39991,0.00000,0.60000
0.00340,0.39991,0.00000,0.60000
0.00350,0.39990,0.00000,0.60000
0.00360,0.39990,0.00000,0.60000
0.00370,0.39989,0.00000,0.60000
0.00380,0.39989,0.00000,0.60000
0.00390,0.39988,0.00000,0.60000
0.00400,0.39987,0.00000,0.60000
0.00410,0.39987,0.00000,0.60000
0.00420,0.39986,0.00000,0.60000
0.00430,0.39985,0.00000,0.60000
0.00440,0.39985,0.00000,0.60000
0.00450,0.39984,0.00000,0.60000
0.00460,0.39983,0.00000,0.60000
0.00470,0.39983,0.00000,0.60000
0.00480,0.39982,0.00000,0.60000
0.00490,0.39981,0.00000,0.60000
0.00500,0.39980,0.00000,0.60000
0.00510,0.39979,0.00000,0.60000
0.00520,0.39979,0.00000,0.60000
0.00530,0.39978,0.00000,0.60000
0.00540,0.39977,0.00000,0.60000
0.00550,0.39976,0.00000,0.60000
0.00560,0.39975,0.00000,0.60000
0.00570,0.39974,0.00000,0.60000
0.00580,0.39973,0.00000,0.60000
0.00590,0.39973,0.00000,0.60000
0.00600,0.39972,0.00000,0.60000
0.00610,0.39971,0.00000,0.60000
0.00620,0.39970,0.00000,0.60000
0.00630,0.39969,0.00000,0.60000
0.00640,0.39968,0.00000,0.60000
0.00650,0.39967,0.00000,0.60000
0.00660,0.39966,0.00000,0.60000
0.00670,0.39965,0.00000,0.60000
0.00680,0.39963,0.00000,0.60000
0.00690,0.39962,0.00000,0.60000
0.00700,0.39961,0.00000,0.60000
0.00710,0.39960,0.00000,0.60000
0.00720,0.39959,0.00000,0.60000
0.00730,0.39958,0.00000,0.60000
0.00740,0.39957,0.00000,0.60000
0.00750,0.39956,0.00000,0.60000
0.00760,0.39954,0.00000,0.60000
0.00770,0.39953,0.00000,0.60000
0.00780,0.39952,0.00000,0.60000
0.00790,0.39951,0.00000,0.60000
0.00800,0.39949,0.00000,0.60000
0.00810,0.39948,0.00000,0.60000
0.00820,0.39947,0.00000,0.60000
0.00830,0.39946,0.00000,0.60000
0.00840,0.39944,0.00000,0.60000
0.00850,0.39943,0.00000,0.60000
0.00860,0.39942,0.00000,0.60000
0.00870,0.39940,0.00000,0.60000
0.00880,0.39939,0.00000,0.60000
0.00890,0.39937,0.00000,0.60000
0.00900,0.39936,0.00000,0.60000
0.00910,0.39935,0.00000,0.60000
0.00920,0.39933,0.00000,0.60000
0.00930,0.39932,0.00000,0.60000
0.00940,0.39930,0.00000,0.60000
0.00950,0.39929,0.00000,0.60000
0.00960,0.39927,0.00000,0.60000
0.00970,0.39926,0.00000,0.60000
0.00980,0.39924,0.00000,0.60000
0.00990,0.39923,0.00000,0.60000
0.01000,0.39921,0.00000,0.60000
0.01010,0.39919,0.00000,0.60000
0.01020,0.39918,0.00000,0.60000
0.01030,0.39916,0.00000,0.60000
0.01040,0.39915,0.00000,0.60000
0.01050,0.39913,0.00000,0.60000
0.01060,0.39911,0.00000,0.60000
0.01070,0.39910,0.00000,0.60000
0.01080,0.39908,0.00000,0.60000
0.01090,0.39906,0.00000,0.60000
0.01100,0.39905,0.00000,0.60000
0.01110,0.39903,0.00000,0.60000
0.01120,0.39901,0.00000,0.60000
0.01130,0.39899,0.00000,0.60000
0.01140,0.39897,0.00000,0.60000
0.01150,0.39896,0.00000,0.60000
0.01160,0.39894,0.00000,0.60000
0.01170,0.39892,0.00000,0.60000
0.01180,0.39890,0.00000,0.60000
0.01190,0.39888,0.00000,0.60000
0.01200,0.39886,0.00000,0.60000
0.01210,0.39884,0.00000,0.60000
0.01220,0.39883,0.00000,0.60000
0.01230,0.39881,0.00000,0.60000
0.01240,0.39879,0.00000,0.60000
0.01250,0.39877,0.00000,0.60000
0.01260,0.39875,0.00000,0.60000
0.01270,0.39873,0.00000,0.60000
0.01280,0.39871,0.00000,0.60000
0.01290,0.39869,0.00000,0.60000
0.01300,0.39867,0.00000,0.60000
0.01310,0.39865,0.00000,0.60000
0.01320,0.39863,0.00000,0.60000
0.01330,0.39860,0.00000,0.60000
0.01340,0.39858,0.00000,0.60000
0.01350,0.39856,0.00000,0.60000
0.01360,0.39854,0.00000,0.60000
0.01370,0.39852,0.00000,0.60000
0.01380,0.39850,0.00000,0.60000
0.01390,0.39848,0.00000,0.60000
0.01400,0.39845,0.00000,0.60000
0.01410,0.39843,0.00000,0.60000
0.01420,0.39841,0.00000,0.60000
0.01430,0.39839,0.00000,0.60000
0.01440,0.39836,0.00000,0.60000
0.01450,0.39834,0.00000,0.60000
0.01460,0.39832,0.00000,0.60000
0.01470,0.39830,0.00000,0.60000
0.01480,0.39827,0.00000,0.60000
0.01490,0.39825,0.00000,0.60000
0.01500,0.39822,0.00000,0.60000
0.01510,0.39820,0.00000,0.60000
0.01520,0.39818,0.00000,0.60000
0.01530,0.39815,0.00000,0.60000
0.01540,0.39813,0.00000,0.60000
0.01550,0.39810,0.00000,0.60000
0.01560,0.39808,0.00000,0.60000
0.01570,0.39806,0.00000,0.60000
0.01580,0.39803,0.00000,0.60000
0.01590,0.39801,0.00000,0.60000
0.01600,0.39798,0.00000,0.60000
0.01610,0.39796,0.00000,0.60000
0.01620,0.39793,0.00000,0.60000
0.01630,0.39790,0.00000,0.60000
0.01640,0.39788,0.00000,0.60000
0.01650,0.39785,0.00000,0.60000
0.01660,0.39783,0.00000,0.60000
0.01670,0.39780,0.00000,0.60000
0.01680,0.39777,0.00000,0.60000
0.01690,0.39775,0.00000,0.60000
0.01700,0.39772,0.00000,0.60000
0.01710,0.39769,0.00000,0.60000
0.01720,0.39767,0.00000,0.60000
0.01730,0.39764,0.00000,0.60000
0.01740,0.39761,0.00000,0.60000
0.01750,0.39758,0.00000,0.60000
0.01760,0.39756,0.00000,0.60000
0.01770,0.39753,0.00000,0.60000
0.01780,0.39750,0.00000,0.60000
0.01790,0.39747,0.00000,0.60000
0.01800,0.39744,0.00000,0.60000
0.01810,0.39742,0.00000,0.60000
0.01820,0.39739,0.00000,0.60000
0.01830,0.39736,0.00000,0.60000
0.01840,0.39733,0.00000,0.60000
0.01850,0.39730,0.00000,0.60000
0.01860,0.39727,0.00000,0.60000
0.01870,0.39724,0.00000,0.60000
0.01880,0.39721,0.00000,0.60000
0.01890,0.39718,0.00000,0.60000
0.01900,0.39715,0.00000,0.60000
0.01910,0.39712,0.00000,0.60000
0.01920,0.39709,0.00000,0.60000
0.01930,0.39706,0.00000,0.60000
0.01940,0.39703,0.00000,0.60000
0.01950,0.39700,0.00000,0.60000
0.01960,0.39697,0.00000,0.60000
0.01970,0.39694,0.00000,0.60000
0.01980,0.39691,0.00000,0.60000
0.01990,0.39688,0.00000,0.60000
0.02000,0.39685,0.00000,0.60000
0.02010,0.39681,0.00000,0.60000
0.02020,0.39678,0.00000,0.60000
0.02030,0.39675,0.00000,0.60000
0.02040,0.39672,0.00000,0.60000
0.02050,0.39669,0.00000,0.60000
0.02060,0.39665,0.00000,0.60000
0.02070,0.39662,0.00000,0.60000
0.02080,0.39659,0.00000,0.60000
0.02090,0.39656,0.00000,0.60000
0.02100,0.39652,0.00000,0.60000
0.02110,0.39649,0.00000,0.60000
0.02120,0.39646,0.00000,0.60000
0.02130,0.39642,0.00000,0.60000
0.02140,0.39639,0.00000,0.60000
0.02150,0.39636,0.00000,0.60000
0.02160,0.39632,0.00000,0.60000
0.02170,0.39629,0.00000,0.60000
0.02180,0.39625,0.00000,0.60000
0.02190,0.39622,0.00000,0.60000
0.02200,0.39618,0.00000,0.60000
0.02210,0.39615,0.00000,0.60000
0.02220,0.39611,0.00000,0.60000
0.02230,0.39608,0.00000,0.60000
0.02240,0.39604,0.00000,0.60000
0.02250,0.39601,0.00000,0.60000
0.02260,0.39597,0.00000,0.60000
0.02270,0.39594,0.00000,0.60000
0.02280,0.39590,0.00000,0.60000
0.02290,0.39587,0.00000,0.60000
0.02300,0.39583,0.00000,0.60000
0.02310,0.39579,0.00000,0.60000
0.02320,0.39576,0.00000,0.60000
0.02330,0.39572,0.00000,0.60000
0.02340,0.39568,0.00000,0.60000
0.02350,0.39565,0.00000,0.60000
0.02360,0.39561,0.00000,0.60000
0.02370,0.39557,0.00000,0.60000
0.02380,0.39554,0.00000,0.60000
0.02390,0.39550,0.00000,0.60000
0.02400,0.39546,0.00000,0.60000
0.02410,0.39542,0.00000,0.60000
0.02420,0.39538,0.00000,0.60000
0.02430,0.39535,0.00000,0.60000
0.02440,0.39531,0.00000,0.60000
0.02450,0.39527,0.00000,0.60000
0.02460,0.39523,0.00000,0.60000
0.02470,0.39519,0.00000,0.60000
0.02480,0.39515,0.00000,0.60000
0.02490,0.39511,0.00000,0.60000
0.02500,0.39508,0.00000,0.60000
0.02510,0.39504,0.00000,0.60000
0.02520,0.39500,0.00000,0.60000
0.02530,0.39496,0.00000,0.60000
0.02540,0.39492,0.00000,0.60000
0.02550,0.39488,0.00000,0.60000
0.02560,0.39484,0.00000,0.60000
0.02570,0.39480,0.00000,0.60000
0.02580,0.39476,0.00000,0.60000
0.02590,0.39472,0.00000,0.60000
0.02600,0.39467,0.00000,0.60000
0.02610,0.39463,0.00000,0.60000
0.02620,0.39459,0.00000,0.60000
0.02630,0.39455,0.00000,0.60000
0.02640,0.39451,0.00000,0.60000
0.02650,0.39447,0.00000,0.60000
0.02660,0.39443,0.00000,0.60000
0.02670,0.39438,0.00000,0.60000
0.02680,0.39434,0.00000,0.60000
0.02690,0.39430,0.00000,0.60000
0.02700,0.39426,0.00000,0.60000
0.02710,0.39422,0.00000,0.60000
0.02720,0.39417,0.00000,0.60000
0.02730,0.39413,0.00000,0.60000
0.02740,0.39409,0.00000,0.60000
0.02750,0.39404,0.00000,0.60000
0.02760,0.39400,0.00000,0.60000
0.02770,0.39396,0.00000,0.60000
0.02780,0.39391,0.00000,0.60000
0.02790,0.39387,0.00000,0.60000
0.02800,0.39383,0.00000,0.60000
0.02810,0.39378,0.00000,0.60000
0.02820,0.39374,0.00000,0.60000
0.02830,0.39369,0.00000,0.60000
0.02840,0.39365,0.00000,0.60000
0.02850,0.39360,0.00000,0.60000
0.02860,0.39356,0.00000,0.60000
0.02870,0.39351,0.00000,0.60000
0.02880,0.39347,0.00000,0.60000
0.02890,0.39342,0.00000,0.60000
0.02900,0.39338,0.00000,0.60000
0.02910,0.39333,0.00000,0.60000
0.02920,0.39329,0.00000,0.60000
0.02930,0.39324,0.00000,0.60000
0.02940,0.39319,0.00000,0.60000
0.02950,0.39315,0.00000,0.60000
0.02960,0.39310,0.00000,0.60000
0.02970,0.39306,0.00000,0.60000
0.02980,0.39301,0.00000,0.60000
0.02990,0.39296,0.00000,0.60000
0.03000,0.39291,0.00000,0.60000
0.03010,0.39287,0.00000,0.60000
0.03020,0.39282,0.00000,0.60000
0.03030,0.39277,0.00000,0.60000
0.03040,0.39273,0.00000,0.60000
0.03050,0.39268,0.00000,0.60000
0.03060,0.39263,0.00000,0.60000
0.03070,0.39258,0.00000,0.60000
0.03080,0.39253,0.00000,0.60000
0.03090,0.39248,0.00000,0.60000
0.03100,0.39244,0.00000,0.60000
0.03110,0.39239,0.00000,0.60000
0.03120,0.39234,0.00000,0.60000
0.03130,0.39229,0.00000,0.60000
0.03140,0.39224,0.00000,0.60000
0.03150,0.39219,0.00000,0.60000
0.03160,0.39214,0.00000,0.60000
0.03170,0.39209,0.00000,0.60000
0.03180,0.39204,0.00000,0.60000
0.03190,0.39199,0.00000,0.60000
0.03200,0.39194,0.00000,0.60000
0.03210,0.39189,0.00000,0.60000
0.03220,0.39184,0.00000,0.60000
0.03230,0.39179,0.00000,0.60000
0.03240,0.39174,0.00000,0.60000
0.03250,0.39169,0.00000,0.60000
0.03260,0.39164,0.00000,0.60000
0.03270,0.39159,0.00000,0.60000
0.03280,0.39154,0.00000,0.60000
0.03290,0.39148,0.00000,0.60000
0.03300,0.39143,0.00000,0.60000
0.03310,0.39138,0.00000,0.60000
0.03320,0.39133,0.00000,0.60000
0.03330,0.39128,0.00000,0.60000
0.03340,0.39122,0.00000,0.60000
0.03350,0.39117,0.00000,0.60000
0.03360,0.39112,0.00000,0.60000
0.03370,0.39107,0.00000,0.60000
0.03380,0.39101,0.00000,0.60000
0.03390,0.39096,0.00000,0.60000
0.03400,0.39091,0.00000,0.60000
0.03410,0.39085,0.00000,0.60000
0.03420,0.39080,0.00000,0.60000
0.03430,0.39075,0.00000,0.60000
0.03440,0.39069,0.00000,0.60000
0.03450,0.39064,0.00000,0.60000
0.03460,0.39058,0.00000,0.60000
0.03470,0.39053,0.00000,0.60000
0.03480,0.39048,0.00000,0.60000
0.03490,0.39042,0.00000,0.60000
0.03500,0.39037,0.00000,0.60000
0.03510,0.39031,0.00000,0.60000
0.03520,0.39026,0.00000,0.60000
0.03530,0.39020,0.00000,0.60000
0.03540,0.39015,0.00000,0.60000
0.03550,0.39009,0.00000,0.60000
0.03560,0.39003,0.00000,0.60000
0.03570,0.38998,0.00000,0.60000
0.03580,0.38992,0.00000,0.60000
0.03590,0.38987,0.00000,0.60000
0.03600,0.38981,0.00000,0.60000
0.03610,0.38975,0.00000,0.60000
0.03620,0.38970,0.00000,0.60000
0.03630,0.38964,0.00000,0.60000
0.03640,0.38958,0.00000,0.60000
0.03650,0.38953,0.00000,0.60000
0.03660,0.38947,0.00000,0.60000
0.03670,0.38941,0.00000,0.60000
0.03680,0.38935,0.00000,0.60000
0.03690,0.38930,0.00000,0.60000
0.03700,0.38924,0.00000,0.60000
0.03710,0.38918,0.00000,0.60000
0.03720,0.38912,0.00000,0.60000
0.03730,0.38907,0.00000,0.60000
0.03740,0.38901,0.00000,0.60000
0.03750,0.38895,0.00000,0.60000
0.03760,0.38889,0.00000,0.60000
0.03770,0.38883,0.00000,0.60000
0.03780,0.38877,0.00000,0.60000
0.03790,0.38871,0.00000,0.60000
0.03800,0.38865,0.00000,0.60000
0.03810,0.38859,0.00000,0.60000
0.03820,0.38853,0.00000,0.60000
0.03830,0.38847,0.00000,0.60000
0.03840,0.38841,0.00000,0.60000
0.03850,0.38835,0.00000,0.60000
0.03860,0.38829,0.00000,0.60000
0.03870,0.38823,0.00000,0.60000
0.03880,0.38817,0.00000,0.60000
0.03890,0.38811,0.00000,0.60000
0.03900,0.38805,0.00000,0.60000
0.03910,0.38799,0.00000,0.60000
0.03920,0.38793,0.00000,0.60000
0.03930,0.38787,0.00000,0.60000
0.03940,0.38781,0.00000,0.60000
0.03950,0.38774,0.00000,0.60000
0.03960,0.38768,0.00000,0.60000
0.03970,0.38762,0.00000,0.60000
0.03980,0.38756,0.00000,0.60000
0.03990,0.38750,0.00000,0.60000
0.04000,0.38743,0.00000,0.60000
0.04010,0.38737,0.00000,0.60000
0.04020,0.38731,0.00000,0.60000
0.04030,0.38725,0.00000,0.60000
0.04040,0.38718,0.00000,0.60000
0.04050,0.38712,0.00000,0.60000
0.04060,0.38706,0.00000,0.60000
0.04070,0.38699,0.00000,0.60000
0.04080,0.38693,0.00000,0.60000
0.04090,0.38686,0.00000,0.60000
0.04100,0.38680,0.00000,0.60000
0.04110,0.38674,0.00000,0.60000
0.04120,0.38667,0.00000,0.60000
0.04130,0.38661,0.00000,0.60000
0.04140,0.38654,0.00000,0.60000
0.04150,0.38648,0.00000,0.60000
0.04160,0.38641,0.00000,0.60000
0.04170,0.38635,0.00000,0.60000
0.04180,0.38628,0.00000,0.60000
0.04190,0.38622,0.00000,0.60000
0.04200,0.38615,0.00000,0.60000
0.04210,0.38609,0.00000,0.60000
0.04220,0.38602,0.00000,0.60000
0.04230,0.38596,0.00000,0.60000
0.04240,0.38589,0.00000,0.60000
0.04250,0.38582,0.00000,0.60000
0.04260,0.38576,0.00000,0.60000
0.04270,0.38569,0.00000,0.60000
0.04280,0.38562,0.00000,0.60000
0.04290,0.38556,0.00000,0.60000
0.04300,0.38549,0.00000,0.60000
0.04310,0.38542,0.00000,0.60000
0.04320,0.38536,0.00000,0.60000
0.04330,0.38529,0.00000,0.60000
0.04340,0.38522,0.00000,0.60000
0.04350,0.38515,0.00000,0.60000
0.04360,0.38508,0.00000,0.60000
0.04370,0.38502,0.00000,0.60000
0.04380,0.38495,0.00000,0.60000
0.04390,0.38488,0.00000,0.60000
0.04400,0.38481,0.00000,0.60000
0.04410,0.38474,0.00000,0.60000
0.04420,0.38467,0.00000,0.60000
0.04430,0.38460,0.00000,0.60000
0.04440,0.38454,0.00000,0.60000
0.04450,0.38447,0.00000,0.60000
0.04460,0.38440,0.00000,0.60000
0.04470,0.38433,0.00000,0.60000
0.04480,0.38426,0.00000,0.60000
0.04490,0.38419,0.00000,0.60000
0.04500,0.38412,0.00000,0.60000
0.04510,0.38405,0.00000,0.60000
0.04520,0.38398,0.00000,0.60000
0.04530,0.38391,0.00000,0.60000
0.04540,0.38384,0.00000,0.60000
0.04550,0.38376,0.00000,0.60000
0.04560,0.38369,0.00000,0.60000
0.04570,0.38362,0.00000,0.60000
0.04580,0.38355,0.00000,0.60000
0.04590,0.38348,0.00000,0.60000
0.04600,0.38341,0.00000,0.60000
0.04610,0.38334,0.00000,0.60000
0.04620,0.38327,0.00000,0.60000
0.04630,0.38319,0.00000,0.60000
0.04640,0.38312,0.00000,0.60000
0.04650,0.38305,0.00000,0.60000
0.04660,0.38298,0.00000,0.60000
0.04670,0.38290,0.00000,0.60000
0.04680,0.38283,0.00000,0.60000
0.04690,0.38276,0.00000,0.60000
0.04700,0.38268,0.00000,0.60000
0.04710,0.38261,0.00000,0.60000
0.04720,0.38254,0.00000,0.60000
0.04730,0.38246,0.00000,0.60000
0.04740,0.38239,0.00000,0.60000
0.04750,0.38232,0.00000,0.60000
0.04760,0.38224,0.00000,0.60000
0.04770,0.38217,0.00000,0.60000
0.04780,0.38209,0.00000,0.60000
0.04790,0.38202,0.00000,0.60000
0.04800,0.38195,0.00000,0.60000
0.04810,0.38187,0.00000,0.60000
0.04820,0.38180,0.00000,0.60000
0.04830,0.38172,0.00000,0.60000
0.04840,0.38165,0.00000,0.60000
0.04850,0.38157,0.00000,0.60000
0.04860,0.38150,0.00000,0.60000
0.04870,0.38142,0.00000,0.60000
0.04880,0.38134,0.00000,0.60000
0.04890,0.38127,0.00000,0.60000
0.04900,0.38119,0.00000,0.60000
0.04910,0.38112,0.00000,0.60000
0.04920,0.38104,0.00000,0.60000
0.04930,0.38096,0.00000,0.60000
0.04940,0.38089,0.00000,0.60000
0.04950,0.38081,0.00000,0.60000
0.04960,0.38073,0.00000,0.60000
0.04970,0.38065,0.00000,0.60000
0.04980,0.38058,0.00000,0.60000
0.04990,0.38050,0.00000,0.60000
0.05000,0.38042,0.00000,0.60000
0.05010,0.38034,0.00000,0.60000
0.05020,0.38027,0.00000,0.60000
0.05030,0.38019,0.00000,0.60000
0.05040,0.38011,0.00000,0.60000
0.05050,0.38003,0.00000,0.60000
0.05060,0.37995,0.00000,0.60000
0.05070,0.37988,0.00000,0.60000
0.05080,0.37980,0.00000,0.60000
0.05090,0.37972,0.00000,0.60000
0.05100,0.37964,0.00000,0.60000
0.05110,0.37956,0.00000,0.60000
0.05120,0.37948,0.00000,0.60000
0.05130,0.37940,0.00000,0.60000
0.05140,0.37932,0.00000,0.60000
0.05150,0.37924,0.00000,0.60000
0.05160,0.37916,0.00000,0.60000
0.05170,0.37908,0.00000,0.60000
0.05180,0.37900,0.00000,0.60000
0.05190,0.37892,0.00000,0.60000
0.05200,0.37884,0.00000,0.60000
0.05210,0.37876,0.00000,0.60000
0.05220,0.37868,0.00000,0.60000
0.05230,0.37860,0.00000,0.60000
0.05240,0.37852,0.00000,0.60000
0.05250,0.37843,0.00000,0.60000
0.05260,0.37835,0.00000,0.60000
0.05270,0.37827,0.00000,0.60000
0.05280,0.37819,0.00000,0.60000
0.05290,0.37811,0.00000,0.60000
0.05300,0.37803,0.00000,0.60000
0.05310,0.37794,0.00000,0.60000
0.05320,0.37786,0.00000,0.60000
0.05330,0.37778,0.00000,0.60000
0.05340,0.37770,0.00000,0.60000
0.05350,0.37761,0.00000,0.60000
0.05360,0.37753,0.00000,0.60000
0.05370,0.37745,0.00000,0.60000
0.05380,0.37736,0.00000,0.60000
0.05390,0.37728,0.00000,0.60000
0.05400,0.37720,0.00000,0.60000
0.05410,0.37711,0.00000,0.60000
0.05420,0.37703,0.00000,0.60000
0.05430,0.37694,0.00000,0.60000
0.05440,0.37686,0.00000,0.60000
0.05450,0.37678,0.00000,0.60000
0.05460,0.37669,0.00000,0.60000
0.05470,0.37661,0.00000,0.60000
0.05480,0.37652,0.00000,0.60000
0.05490,0.37644,0.00000,0.60000
0.05500,0.37635,0.00000,0.60000
0.05510,0.37627,0.00000,0.60000
0.05520,0.37618,0.00000,0.60000
0.05530,0.37610,0.00000,0.60000
0.05540,0.37601,0.00000,0.60000
0.05550,0.37592,0.00000,0.60000
0.05560,0.37584,0.00000,0.60000
0.05570,0.37575,0.00000,0.60000
0.05580,0.37567,0.00000,0.60000
0.05590,0.37558,0.00000,0.60000
0.05600,0.37549,0.00000,0.60000
0.05610,0.37541,0.00000,0.60000
0.05620,0.37532,0.00000,0.60000
0.05630,0.37523,0.00000,0.60000
0.05640,0.37515,0.00000,0.60000
0.05650,0.37506,0.00000,0.60000
0.05660,0.37497,0.00000,0.60000
0.05670,0.37488,0.00000,0.60000
0.05680,0.37480,0.00000,0.60000
0.05690,0.37471,0.00000,0.60000
0.05700,0.37462,0.00000,0.60000
0.05710,0.37453,0.00000,0.60000
0.05720,0.37444,0.00000,0.60000
0.05730,0.37435,0.00000,0.60000
0.05740,0.37427,0.00000,0.60000
0.05750,0.37418,0.00000,0.60000
0.05760,0.37409,0.00000,0.60000
0.05770,0.37400,0.00000,0.60000
0.05780,0.37391,0.00000,0.60000
0.05790,0.37382,0.00000,0.60000
0.05800,0.37373,0.00000,0.60000
0.05810,0.37364,0.00000,0.60000
0.05820,0.37355,0.00000,0.60000
0.05830,0.37346,0.00000,0.60000
0.05840,0.37337,0.00000,0.60000
0.05850,0.37328,0.00000,0.60000
0.05860,0.37319,0.00000,0.60000
0.05870,0.37310,0.00000,0.60000
0.05880,0.37301,0.00000,0.60000
0.05890,0.37292,0.00000,0.60000
0.05900,0.37283,0.00000,0.60000
0.05910,0.37274,0.00000,0.60000
0.05920,0.37265,0.00000,0.60000
0.05930,0.37255,0.00000,0.60000
0.05940,0.37246,0.00000,0.60000
0.05950,0.37237,0.00000,0.60000
0.05960,0.37228,0.00000,0.60000
0.05970,0.37219,0.00000,0.60000
0.05980,0.37210,0.00000,0.60000
0.05990,0.37200,0.00000,0.60000
0.06000,0.37191,0.00000,0.60000
0.06010,0.37182,0.00000,0.60000
0.06020,0.37173,0.00000,0.60000
0.06030,0.37163,0.00000,0.60000
0.06040,0.37154,0.00000,0.60000
0.06050,0.37145,0.00000,0.60000
0.06060,0.37135,0.00000,0.60000
0.06070,0.37126,0.00000,0.60000
0.06080,0.37117,0.00000,0.60000
0.06090,0.37107,0.00000,0.60000
0.06100,0.37098,0.00000,0.60000
0.06110,0.37088,0.00000,0.60000
0.06120,0.37079,0.00000,0.60000
0.06130,0.37070,0.00000,0.60000
0.06140,0.37060,0.00000,0.60000
0.06150,0.37051,0.00000,0.60000
0.06160,0.37041,0.00000,0.60000
0.06170,0.37032,0.00000,0.60000
0.06180,0.37022,0.00000,0.60000
0.06190,0.37013,0.00000,0.60000
0.06200,0.37003,0.00000,0.60000
0.06210,0.36994,0.00000,0.60000
0.06220,0.36984,0.00000,0.60000
0.06230,0.36974,0.00000,0.60000
0.06240,0.36965,0.00000,0.60000
0.06250,0.36955,0.00000,0.60000
0.06260,0.36946,0.00000,0.60000
0.06270,0.36936,0.00000,0.60000
0.06280,0.36926,0.00000,0.60000
0.06290,0.36917,0.00000,0.60000
0.06300,0.36907,0.00000,0.60000
0.06310,0.36897,0.00000,0.60000
0.06320,0.36887,0.00000,0.60000
0.06330,0.36878,0.00000,0.60000
0.06340,0.36868,0.00000,0.60000
0.06350,0.36858,0.00000,0.60000
0.06360,0.36849,0.00000,0.60000
0.06370,0.36839,0.00000,0.60000
0.06380,0.36829,0.00000,0.60000
0.06390,0.36819,0.00000,0.60000
0.06400,0.36809,0.00000,0.60000
0.06410,0.36799,0.00000,0.60000
0.06420,0.36790,0.00000,0.60000
0.06430,0.36780,0.00000,0.60000
0.06440,0.36770,0.00000,0.60000
0.06450,0.36760,0.00000,0.60000
0.06460,0.36750,0.00000,0.60000
0.06470,0.36740,0.00000,0.60000
0.06480,0.36730,0.00000,0.60000
0.06490,0.36720,0.00000,0.60000
0.06500,0.36710,0.00000,0.60000
0.06510,0.36700,0.00000,0.60000
0.06520,0.36690,0.00000,0.60000
0.06530,0.36680,0.00000,0.60000
0.06540,0.36670,0.00000,0.60000
0.06550,0.36660,0.00000,0.60000
0.06560,0.36650,0.00000,0.60000
0.06570,0.36640,0.00000,0.60000
0.06580,0.36630,0.00000,0.60000
0.06590,0.36620,0.00000,0.60000
0.06600,0.36610,0.00000,0.60000
0.06610,0.36600,0.00000,0.60000
0.06620,0.36589,0.00000,0.60000
0.06630,0.36579,0.00000,0.60000
0.06640,0.36569,0.00000,0.60000
0.06650,0.36559,0.00000,0.60000
0.06660,0.36549,0.00000,0.60000
0.06670,0.36538,0.00000,0.60000
0.06680,0.36528,0.00000,0.60000
0.06690,0.36518,0.00000,0.60000
0.06700,0.36508,0.00000,0.60000
0.06710,0.36497,0.00000,0.60000
0.06720,0.36487,0.00000,0.60000
0.06730,0.36477,0.00000,0.60000
0.06740,0.36466,0.00000,0.60000
0.06750,0.36456,0.00000,0.60000
0.06760,0.36446,0.00000,0.60000
0.06770,0.36435,0.00000,0.60000
0.06780,0.36425,0.00000,0.60000
0.06790,0.36415,0.00000,0.60000
0.06800,0.36404,0.00000,0.60000
0.06810,0.36394,0.00000,0.60000
0.06820,0.36383,0.00000,0.60000
0.06830,0.36373,0.00000,0.60000
0.06840,0.36362,0.00000,0.60000
0.06850,0.36352,0.00000,0.60000
0.06860,0.36341,0.00000,0.60000
0.06870,0.36331,0.00000,0.60000
0.06880,0.36320,0.00000,0.60000
0.06890,0.36310,0.00000,0.60000
0.06900,0.36299,0.00000,0.60000
0.06910,0.36289,0.00000,0.60000
0.06920,0.36278,0.00000,0.60000
0.06930,0.36268,0.00000,0.60000
0.06940,0.36257,0.00000,0.60000
0.06950,0.36246,0.00000,0.60000
0.06960,0.36236,0.00000,0.60000
0.06970,0.36225,0.00000,0.60000
0.06980,0.36214,0.00000,0.60000
0.06990,0.36204,0.00000,0.60000
0.07000,0.36193,0.00000,0.60000
0.07010,0.36182,0.00000,0.60000
0.07020,0.36172,0.00000,0.60000
0.07030,0.36161,0.00000,0.60000
0.07040,0.36150,0.00000,0.60000
0.07050,0.36139,0.00000,0.60000
0.07060,0.36129,0.00000,0.60000
0.07070,0.36118,0.00000,0.60000
0.07080,0.36107,0.00000,0.60000
0.07090,0.36096,0.00000,0.60000
0.07100,0.36085,0.00000,0.60000
0.07110,0.36075,0.00000,0.60000
0.07120,0.36064,0.00000,0.60000
0.07130,0.36053,0.00000,0.60000
0.07140,0.36042,0.00000,0.60000
0.07150,0.36031,0.00000,0.60000
0.07160,0.36020,0.00000,0.60000
0.07170,0.36009,0.00000,0.60000
0.07180,0.35998,0.00000,0.60000
0.07190,0.35987,0.00000,0.60000
0.07200,0.35976,0.00000,0.60000
0.07210,0.35965,0.00000,0.60000
0.07220,0.35954,0.00000,0.60000
0.07230,0.35943,0.00000,0.60000
0.07240,0.35932,0.00000,0.60000
0.07250,0.35921,0.00000,0.60000
0.07260,0.35910,0.00000,0.60000
0.07270,0.35899,0.00000,0.60000
0.07280,0.35888,0.00000,0.60000
0.07290,0.35877,0.00000,0.60000
0.07300,0.35866,0.00000,0.60000
0.07310,0.35855,0.00000,0.60000
0.07320,0.35843,0.00000,0.60000
0.07330,0.35832,0.00000,0.60000
0.07340,0.35821,0.00000,0.60000
0.07350,0.35810,0.00000,0.60000
0.07360,0.35799,0.00000,0.60000
0.07370,0.35787,0.00000,0.60000
0.07380,0.35776,0.00000,0.60000
0.07390,0.35765,0.00000,0.60000
0.07400,0.35754,0.00000,0.60000
0.07410,0.35742,0.00000,0.60000
0.07420,0.35731,0.00000,0.60000
0.07430,0.35720,0.00000,0.60000
0.07440,0.35708,0.00000,0.60000
0.07450,0.35697,0.00000,0.60000
0.07460,0.35686,0.00000,0.60000
0.07470,0.35674,0.00000,0.60000
0.07480,0.35663,0.00000,0.60000
0.07490,0.35652,0.00000,0.60000
0.07500,0.35640,0.00000,0.60000
0.07510,0.35629,0.00000,0.60000
0.07520,0.35617,0.00000,0.60000
0.07530,0.35606,0.00000,0.60000
0.07540,0.35595,0.00000,0.60000
0.07550,0.35583,0.00000,0.60000
0.07560,0.35572,0.00000,0.60000
0.07570,0.35560,0.00000,0.60000
0.07580,0.35549,0.00000,0.60000
0.07590,0.35537,0.00000,0.60000
0.07600,0.35525,0.00000,0.60000
0.07610,0.35514,0.00000,0.60000
0.07620,0.35502,0.00000,0.60000
0.07630,0.35491,0.00000,0.60000
0.07640,0.35479,0.00000,0.60000
0.07650,0.35468,0.00000,0.60000
0.07660,0.35456,0.00000,0.60000
0.07670,0.35444,0.00000,0.60000
0.07680,0.35433,0.00000,0.60000
0.07690,0.35421,0.00000,0.60000
0.07700,0.35409,0.00000,0.60000
0.07710,0.35398,0.00000,0.60000
0.07720,0.35386,0.00000,0.60000
0.07730,0.35374,0.00000,0.60000
0.07740,0.35362,0.00000,0.60000
0.07750,0.35351,0.00000,0.60000
0.07760,0.35339,0.00000,0.60000
0.07770,0.35327,0.00000,0.60000
0.07780,0.35315,0.00000,0.60000
0.07790,0.35303,0.00000,0.60000
0.07800,0.35292,0.00000,0.60000
0.07810,0.35280,0.00000,0.60000
0.07820,0.35268,0.00000,0.60000
0.07830,0.35256,0.00000,0.60000
0.07840,0.35244,0.00000,0.60000
0.07850,0.35232,0.00000,0.60000
0.07860,0.35220,0.00000,0.60000
0.07870,0.35208,0.00000,0.60000
0.07880,0.35197,0.00000,0.60000
0.07890,0.35185,0.00000,0.60000
0.07900,0.35173,0.00000,0.60000
0.07910,0.35161,0.00000,0.60000
0.07920,0.35149,0.00000,0.60000
0.07930,0.35137,0.00000,0.60000
0.07940,0.35125,0.00000,0.60000
0.07950,0.35113,0.00000,0.60000
0.07960,0.35101,0.00000,0.60000
0.07970,0.35089,0.00000,0.60000
0.07980,0.35076,0.00000,0.60000
0.07990,0.35064,0.00000,0.60000
0.08000,0.35052,0.00000,0.60000
0.08010,0.35040,0.00000,0.60000
0.08020,0.35028,0.00000,0.60000
0.08030,0.35016,0.00000,0.60000
0.08040,0.35004,0.00000,0.60000
0.08050,0.34992,0.00000,0.60000
0.08060,0.34979,0.00000,0.60000
0.08070,0.34967,0.00000,0.60000
0.08080,0.34955,0.00000,0.60000
0.08090,0.34943,0.00000,0.60000
0.08100,0.34930,0.00000,0.60000
0.08110,0.34918,0.00000,0.60000
0.08120,0.34906,0.00000,0.60000
0.08130,0.34894,0.00000,0.60000
0.08140,0.34881,0.00000,0.60000
0.08150,0.34869,0.00000,0.60000
0.08160,0.34857,0.00000,0.60000
0.08170,0.34844,0.00000,0.60000
0.08180,0.34832,0.00000,0.60000
0.08190,0.34820,0.00000,0.60000
0.08200,0.34807,0.00000,0.60000
0.08210,0.34795,0.00000,0.60000
0.08220,0.34783,0.00000,0.60000
0.08230,0.34770,0.00000,0.60000
0.08240,0.34758,0.00000,0.60000
0.08250,0.34745,0.00000,0.60000
0.08260,0.34733,0.00000,0.60000
0.08270,0.34720,0.00000,0.60000
0.08280,0.34708,0.00000,0.60000
0.08290,0.34695,0.00000,0.60000
0.08300,0.34683,0.00000,0.60000
0.08310,0.34670,0.00000,0.60000
0.08320,0.34658,0.00000,0.60000
0.08330,0.34645,0.00000,0.60000
0.08340,0.34633,0.00000,0.60000
0.08350,0.34620,0.00000,0.60000
0.08360,0.34607,0.00000,0.60000
0.08370,0.34595,0.00000,0.60000
0.08380,0.34582,0.00000,0.60000
0.08390,0.34570,0.00000,0.60000
0.08400,0.34557,0.00000,0.60000
0.08410,0.34544,0.00000,0.60000
0.08420,0.34532,0.00000,0.60000
0.08430,0.34519,0.00000,0.60000
0.08440,0.34506,0.00000,0.60000
0.08450,0.34493,0.00000,0.60000
0.08460,0.34481,0.00000,0.60000
0.08470,0.34468,0.00000,0.60000
0.08480,0.34455,0.00000,0.60000
0.08490,0.34442,0.00000,0.60000
0.08500,0.34430,0.00000,0.60000
0.08510,0.34417,0.00000,0.60000
0.08520,0.34404,0.00000,0.60000
0.08530,0.34391,0.00000,0.60000
0.08540,0.34378,0.00000,0.60000
0.08550,0.34366,0.00000,0.60000
0.08560,0.34353,0.00000,0.60000
0.08570,0.34340,0.00000,0.60000
0.08580,0.34327,0.00000,0.60000
0.08590,0.34314,0.00000,0.60000
0.08600,0.34301,0.00000,0.60000
0.08610,0.34288,0.00000,0.60000
0.08620,0.34275,0.00000,0.60000
0.08630,0.34262,0.00000,0.60000
0.08640,0.34249,0.00000,0.60000
0.08650,0.34236,0.00000,0.60000
0.08660,0.34223,0.00000,0.60000
0.08670,0.34210,0.00000,0.60000
0.08680,0.34197,0.00000,0.60000
0.08690,0.34184,0.00000,0.60000
0.08700,0.34171,0.00000,0.60000
0.08710,0.34158,0.00000,0.60000
0.08720,0.34145,0.00000,0.60000
0.08730,0.34132,0.00000,0.60000
0.08740,0.34119,0.00000,0.60000
0.08750,0.34106,0.00000,0.60000
0.08760,0.34092,0.00000,0.60000
0.08770,0.34079,0.00000,0.60000
0.08780,0.34066,0.00000,0.60000
0.08790,0.34053,0.00000,0.60000
0.08800,0.34040,0.00000,0.60000
0.08810,0.34027,0.00000,0.60000
0.08820,0.34013,0.00000,0.60000
0.08830,0.34000,0.00000,0.60000
0.08840,0.33987,0.00000,0.60000
0.08850,0.33974,0.00000,0.60000
0.08860,0.33960,0.00000,0.60000
0.08870,0.33947,0.00000,0.60000
0.08880,0.33934,0.00000,0.60000
0.08890,0.33920,0.00000,0.60000
0.08900,0.33907,0.00000,0.60000
0.08910,0.33894,0.00000,0.60000
0.08920,0.33880,0.00000,0.60000
0.08930,0.33867,0.00000,0.60000
0.08940,0.33854,0.00000,0.60000
0.08950,0.33840,0.00000,0.60000
0.08960,0.33827,0.00000,0.60000
0.08970,0.33813,0.00000,0.60000
0.08980,0.33800,0.00000,0.60000
0.08990,0.33787,0.00000,0.60000
0.09000,0.33773,0.00000,0.60000
0.09010,0.33760,0.00000,0.60000
0.09020,0.33746,0.00000,0.60000
0.09030,0.33733,0.00000,0.60000
0.09040,0.33719,0.00000,0.60000
0.09050,0.33706,0.00000,0.60000
0.09060,0.33692,0.00000,0.60000
0.09070,0.33679,0.00000,0.60000
0.09080,0.33665,0.00000,0.60000
0.09090,0.33651,0.00000,0.60000
0.09100,0.33638,0.00000,0.60000
0.09110,0.33624,0.00000,0.60000
0.09120,0.33611,0.00000,0.60000
0.09130,0.33597,0.00000,0.60000
0.09140,0.33583,0.00000,0.60000
0.09150,0.33570,0.00000,0.60000
0.09160,0.33556,0.00000,0.60000
0.09170,0.33542,0.00000,0.60000
0.09180,0.33529,0.00000,0.60000
0.09190,0.33515,0.00000,0.60000
0.09200,0.33501,0.00000,0.60000
0.09210,0.33487,0.00000,0.60000
0.09220,0.33474,0.00000,0.60000
0.09230,0.33460,0.00000,0.60000
0.09240,0.33446,0.00000,0.60000
0.09250,0.33432,0.00000,0.60000
0.09260,0.33418,0.00000,0.60000
0.09270,0.33405,0.00000,0.60000
0.09280,0.33391,0.00000,0.60000
0.09290,0.33377,0.00000,0.60000
0.09300,0.33363,0.00000,0.60000
0.09310,0.33349,0.00000,0.60000
0.09320,0.33335,0.00000,0.60000
0.09330,0.33321,0.00000,0.60000
0.09340,0.33308,0.00000,0.60000
0.09350,0.33294,0.00000,0.60000
0.09360,0.33280,0.00000,0.60000
0.09370,0.33266,0.00000,0.60000
0.09380,0.33252,0.00000,0.60000
0.09390,0.33238,0.00000,0.60000
0.09400,0.33224,0.00000,0.60000
0.09410,0.33210,0.00000,0.60000
0.09420,0.33196,0.00000,0.60000
0.09430,0.33182,0.00000,0.60000
0.09440,0.33168,0.00000,0.60000
0.09450,0.33154,0.00000,0.60000
0.09460,0.33140,0.00000,0.60000
0.09470,0.33126,0.00000,0.60000
0.09480,0.33111,0.00000,0.60000
0.09490,0.33097,0.00000,0.60000
0.09500,0.33083,0.00000,0.60000
0.09510,0.33069,0.00000,0.60000
0.09520,0.33055,0.00000,0.60000
0.09530,0.33041,0.00000,0.60000
0.09540,0.33027,0.00000,0.60000
0.09550,0.33012,0.00000,0.60000
0.09560,0.32998,0.00000,0.60000
0.09570,0.32984,0.00000,0.60000
0.09580,0.32970,0.00000,0.60000
0.09590,0.32956,0.00000,0.60000
0.09600,0.32941,0.00000,0.60000
0.09610,0.32927,0.00000,0.60000
0.09620,0.32913,0.00000,0.60000
0.09630,0.32898,0.00000,0.60000
0.09640,0.32884,0.00000,0.60000
0.09650,0.32870,0.00000,0.60000
0.09660,0.32856,0.00000,0.60000
0.09670,0.32841,0.00000,0.60000
0.09680,0.32827,0.00000,0.60000
0.09690,0.32812,0.00000,0.60000
0.09700,0.32798,0.00000,0.60000
0.09710,0.32784,0.00000,0.60000
0.09720,0.32769,0.00000,0.60000
0.09730,0.32755,0.00000,0.60000
0.09740,0.32740,0.00000,0.60000
0.09750,0.32726,0.00000,0.60000
0.09760,0.32712,0.00000,0.60000
0.09770,0.32697,0.00000,0.60000
0.09780,0.32683,0.00000,0.60000
0.09790,0.32668,0.00000,0.60000
0.09800,0.32654,0.00000,0.60000
0.09810,0.32639,0.00000,0.60000
0.09820,0.32625,0.00000,0.60000
0.09830,0.32610,0.00000,0.60000
0.09840,0.32595,0.00000,0.60000
0.09850,0.32581,0.00000,0.60000
0.09860,0.32566,0.00000,0.60000
0.09870,0.32552,0.00000,0.60000
0.09880,0.32537,0.00000,0.60000
0.09890,0.32522,0.00000,0.60000
0.09900,0.32508,0.00000,0.60000
0.09910,0.32493,0.00000,0.60000
0.09920,0.32478,0.00000,0.60000
0.09930,0.32464,0.00000,0.60000
0.09940,0.32449,0.00000,0.60000
0.09950,0.32434,0.00000,0.60000
0.09960,0.32420,0.00000,0.60000
0.09970,0.32405,0.00000,0.60000
0.09980,0.32390,0.00000,0.60000
0.09990,0.32375,0.00000,0.60000
0.10000,0.32361,0.00000,0.60000
0.10010,0.32346,0.00000,0.60000
0.10020,0.32331,0.00000,0.60000
0.10030,0.32316,0.00000,0.60000
0.10040,0.32301,0.00000,0.60000
0.10050,0.32287,0.00000,0.60000
0.10060,0.32272,0.00000,0.60000
0.10070,0.32257,0.00000,0.60000
0.10080,0.32242,0.00000,0.60000
0.10090,0.32227,0.00000,0.60000
0.10100,0.32212,0.00000,0.60000
0.10110,0.32197,0.00000,0.60000
0.10120,0.32182,0.00000,0.60000
0.10130,0.32168,0.00000,0.60000
0.10140,0.32153,0.00000,0.60000
0.10150,0.32138,0.00000,0.60000
0.10160,0.32123,0.00000,0.60000
0.10170,0.32108,0.00000,0.60000
0.10180,0.32093,0.00000,0.60000
0.10190,0.32078,0.00000,0.60000
0.10200,0.32063,0.00000,0.60000
0.10210,0.32048,0.00000,0.60000
0.10220,0.32033,0.00000,0.60000
0.10230,0.32018,0.00000,0.60000
0.10240,0.32002,0.00000,0.60000
0.10250,0.31987,0.00000,0.60000
0.10260,0.31972,0.00000,0.60000
0.10270,0.31957,0.00000,0.60000
0.10280,0.31942,0.00000,0.60000
0.10290,0.31927,0.00000,0.60000
0.10300,0.31912,0.00000,0.60000
0.10310,0.31897,0.00000,0.60000
0.10320,0.31881,0.00000,0.60000
0.10330,0.31866,0.00000,0.60000
0.10340,0.31851,0.00000,0.60000
0.10350,0.31836,0.00000,0.60000
0.10360,0.31821,0.00000,0.60000
0.10370,0.31805,0.00000,0.60000
0.10380,0.31790,0.00000,0.60000
0.10390,0.31775,0.00000,0.60000
0.10400,0.31760,0.00000,0.60000
0.10410,0.31744,0.00000,0.60000
0.10420,0.31729,0.00000,0.60000
0.10430,0.31714,0.00000,0.60000
0.10440,0.31698,0.00000,0.60000
0.10450,0.31683,0.00000,0.60000
0.10460,0.31668,0.00000,0.60000
0.10470,0.31652,0.00000,0.60000
0.10480,0.31637,0.00000,0.60000
0.10490,0.31622,0.00000,0.60000
0.10500,0.31606,0.00000,0.60000
0.10510,0.31591,0.00000,0.60000
0.10520,0.31575,0.00000,0.60000
0.10530,0.31560,0.00000,0.60000
0.10540,0.31544,0.00000,0.60000
0.10550,0.31529,0.00000,0.60000
0.10560,0.31514,0.00000,0.60000
0.10570,0.31498,0.00000,0.60000
0.10580,0.31483,0.00000,0.60000
0.10590,0.31467,0.00000,0.60000
0.10600,0.31452,0.00000,0.60000
0.10610,0.31436,0.00000,0.60000
0.10620,0.31420,0.00000,0.60000
0.10630,0.31405,0.00000,0.60000
0.10640,0.31389,0.00000,0.60000
0.10650,0.31374,0.00000,0.60000
0.10660,0.31358,0.00000,0.60000
0.10670,0.31343,0.00000,0.60000
0.10680,0.31327,0.00000,0.60000
0.10690,0.31311,0.00000,0.60000
0.10700,0.31296,0.00000,0.60000
0.10710,0.31280,0.00000,0.60000
0.10720,0.31264,0.00000,0.60000
0.10730,0.31249,0.00000,0.60000
0.10740,0.31233,0.00000,0.60000
0.10750,0.31217,0.00000,0.60000
0.10760,0.31201,0.00000,0.60000
0.10770,0.31186,0.00000,0.60000
0.10780,0.31170,0.00000,0.60000
0.10790,0.31154,0.00000,0.60000
0.10800,0.31138,0.00000,0.60000
0.10810,0.31123,0.00000,0.60000
0.10820,0.31107,0.00000,0.60000
0.10830,0.31091,0.00000,0.60000
0.10840,0.31075,0.00000,0.60000
0.10850,0.31059,0.00000,0.60000
0.10860,0.31044,0.00000,0.60000
0.10870,0.31028,0.00000,0.60000
0.10880,0.31012,0.00000,0.60000
0.10890,0.30996,0.00000,0.60000
0.10900,0.30980,0.00000,0.60000
0.10910,0.30964,0.00000,0.60000
0.10920,0.30948,0.00000,0.60000
0.10930,0.30932,0.00000,0.60000
0.10940,0.30916,0.00000,0.60000
0.10950,0.30900,0.00000,0.60000
0.10960,0.30885,0.00000,0.60000
0.10970,0.30869,0.00000,0.60000
0.10980,0.30853,0.00000,0.60000
0.10990,0.30837,0.00000,0.60000
0.11000,0.30821,0.00000,0.60000
0.11010,0.30805,0.00000,0.60000
0.11020,0.30788,0.00000,0.60000
0.11030,0.30772,0.00000,0.60000
0.11040,0.30756,0.00000,0.60000
0.11050,0.30740,0.00000,0.60000
0.11060,0.30724,0.00000,0.60000
0.11070,0.30708,0.00000,0.60000
0.11080,0.30692,0.00000,0.60000
0.11090,0.30676,0.00000,0.60000
0.11100,0.30660,0.00000,0.60000
0.11110,0.30644,0.00000,0.60000
0.11120,0.30627,0.00000,0.60000
0.11130,0.30611,0.00000,0.60000
0.11140,0.30595,0.00000,0.60000
0.11150,0.30579,0.00000,0.60000
0.11160,0.30563,0.00000,0.60000
0.11170,0.30546,0.00000,0.60000
0.11180,0.30530,0.00000,0.60000
0.11190,0.30514,0.00000,0.60000
0.11200,0.30498,0.00000,0.60000
0.11210,0.30481,0.00000,0.60000
0.11220,0.30465,0.00000,0.60000
0.11230,0.30449,0.00000,0.60000
0.11240,0.30433,0.00000,0.60000
0.11250,0.30416,0.00000,0.60000
0.11260,0.30400,0.00000,0.60000
0.11270,0.30384,0.00000,0.60000
0.11280,0.30367,0.00000,0.60000
0.11290,0.30351,0.00000,0.60000
0.11300,0.30334,0.00000,0.60000
0.11310,0.30318,0.00000,0.60000
0.11320,0.30302,0.00000,0.60000
0.11330,0.30285,0.00000,0.60000
0.11340,0.30269,0.00000,0.60000
0.11350,0.30252,0.00000,0.60000
0.11360,0.30236,0.00000,0.60000
0.11370,0.30220,0.00000,0.60000
0.11380,0.30203,0.00000,0.60000
0.11390,0.30187,0.00000,0.60000
0.11400,0.30170,0.00000,0.60000
0.11410,0.30154,0.00000,0.60000
0.11420,0.30137,0.00000,0.60000
0.11430,0.30120,0.00000,0.60000
0.11440,0.30104,0.00000,0.60000
0.11450,0.30087,0.00000,0.60000
0.11460,0.30071,0.00000,0.60000
0.11470,0.30054,0.00000,0.60000
0.11480,0.30038,0.00000,0.60000
0.11490,0.30021,0.00000,0.60000
0.11500,0.30004,0.00000,0.60000
0.11510,0.29988,0.00000,0.60000
0.11520,0.29971,0.00000,0.60000
0.11530,0.29955,0.00000,0.60000
0.11540,0.29938,0.00000,0.60000
0.11550,0.29921,0.00000,0.60000
0.11560,0.29905,0.00000,0.60000
0.11570,0.29888,0.00000,0.60000
0.11580,0.29871,0.00000,0.60000
0.11590,0.29854,0.00000,0.60000
0.11600,0.29838,0.00000,0.60000
0.11610,0.29821,0.00000,0.60000
0.11620,0.29804,0.00000,0.60000
0.11630,0.29787,0.00000,0.60000
0.11640,0.29771,0.00000,0.60000
0.11650,0.29754,0.00000,0.60000
0.11660,0.29737,0.00000,0.60000
0.11670,0.29720,0.00000,0.60000
0.11680,0.29703,0.00000,0.60000
0.11690,0.29687,0.00000,0.60000
0.11700,0.29670,0.00000,0.60000
0.11710,0.29653,0.00000,0.60000
0.11720,0.29636,0.00000,0.60000
0.11730,0.29619,0.00000,0.60000
0.11740,0.29602,0.00000,0.60000
0.11750,0.29585,0.00000,0.60000
0.11760,0.29568,0.00000,0.60000
0.11770,0.29551,0.00000,0.60000
0.11780,0.29534,0.00000,0.60000
0.11790,0.29517,0.00000,0.60000
0.11800,0.29501,0.00000,0.60000
0.11810,0.29484,0.00000,0.60000
0.11820,0.29467,0.00000,0.60000
0.11830,0.29450,0.00000,0.60000
0.11840,0.29433,0.00000,0.60000
0.11850,0.29416,0.00000,0.60000
0.11860,0.29398,0.00000,0.60000
0.11870,0.29381,0.00000,0.60000
0.11880,0.29364,0.00000,0.60000
0.11890,0.29347,0.00000,0.60000
0.11900,0.29330,0.00000,0.60000
0.11910,0.29313,0.00000,0.60000
0.11920,0.29296,0.00000,0.60000
0.11930,0.29279,0.00000,0.60000
0.11940,0.29262,0.00000,0.60000
0.11950,0.29245,0.00000,0.60000
0.11960,0.29227,0.00000,0.60000
0.11970,0.29210,0.00000,0.60000
0.11980,0.29193,0.00000,0.60000
0.11990,0.29176,0.00000,0.60000
0.12000,0.29159,0.00000,0.60000
0.12010,0.29142,0.00000,0.60000
0.12020,0.29124,0.00000,0.60000
0.12030,0.29107,0.00000,0.60000
0.12040,0.29090,0.00000,0.60000
0.12050,0.29073,0.00000,0.60000
0.12060,0.29055,0.00000,0.60000
0.12070,0.29038,0.00000,0.60000
0.12080,0.29021,0.00000,0.60000
0.12090,0.29003,0.00000,0.60000
0.12100,0.28986,0.00000,0.60000
0.12110,0.28969,0.00000,0.60000
0.12120,0.28951,0.00000,0.60000
0.12130,0.28934,0.00000,0.60000
0.12140,0.28917,0.00000,0.60000
0.12150,0.28899,0.00000,0.60000
0.12160,0.28882,0.00000,0.60000
0.12170,0.28865,0.00000,0.60000
0.12180,0.28847,0.00000,0.60000
0.12190,0.28830,0.00000,0.60000
0.12200,0.28812,0.00000,0.60000
0.12210,0.28795,0.00000,0.60000
0.12220,0.28777,0.00000,0.60000
0.12230,0.28760,0.00000,0.60000
0.12240,0.28743,0.00000,0.60000
0.12250,0.28725,0.00000,0.60000
0.12260,0.28708,0.00000,0.60000
0.12270,0.28690,0.00000,0.60000
0.12280,0.28673,0.00000,0.60000
0.12290,0.28655,0.00000,0.60000
0.12300,0.28637,0.00000,0.60000
0.12310,0.28620,0.00000,0.60000
0.12320,0.28602,0.00000,0.60000
0.12330,0.28585,0.00000,0.60000
0.12340,0.28567,0.00000,0.60000
0.12350,0.28550,0.00000,0.60000
0.12360,0.28532,0.00000,0.60000
0.12370,0.28514,0.00000,0.60000
0.12380,0.28497,0.00000,0.60000
0.12390,0.28479,0.00000,0.60000
0.12400,0.28461,0.00000,0.60000
0.12410,0.28444,0.00000,0.60000
0.12420,0.28426,0.00000,0.60000
0.12430,0.28408,0.00000,0.60000
0.12440,0.28391,0.00000,0.60000
0.12450,0.28373,0.00000,0.60000
0.12460,0.28355,0.00000,0.60000
0.12470,0.28338,0.00000,0.60000
0.12480,0.28320,0.00000,0.60000
0.12490,0.28302,0.00000,0.60000
0.12500,0.28284,0.00000,0.60000
0.12510,0.28266,0.00000,0.60000
0.12520,0.28249,0.00000,0.60000
0.12530,0.28231,0.00000,0.60000
0.12540,0.28213,0.00000,0.60000
0.12550,0.28195,0.00000,0.60000
0.12560,0.28177,0.00000,0.60000
0.12570,0.28160,0.00000,0.60000
0.12580,0.28142,0.00000,0.60000
0.12590,0.28124,0.00000,0.60000
0.12600,0.28106,0.00000,0.60000
0.12610,0.28088,0.00000,0.60000
0.12620,0.28070,0.00000,0.60000
0.12630,0.28052,0.00000,0.60000
0.12640,0.28034,0.00000,0.60000
0.12650,0.28016,0.00000,0.60000
0.12660,0.27999,0.00000,0.60000
0.12670,0.27981,0.00000,0.60000
0.12680,0.27963,0.00000,0.60000
0.12690,0.27945,0.00000,0.60000
0.12700,0.27927,0.00000,0.60000
0.12710,0.27909,0.00000,0.60000
0.12720,0.27891,0.00000,0.60000
0.12730,0.27873,0.00000,0.60000
0.12740,0.27855,0.00000,0.60000
0.12750,0.27837,0.00000,0.60000
0.12760,0.27818,0.00000,0.60000
0.12770,0.27800,0.00000,0.60000
0.12780,0.27782,0.00000,0.60000
0.12790,0.27764,0.00000,0.60000
0.12800,0.27746,0.00000,0.60000
0.12810,0.27728,0.00000,0.60000
0.12820,0.27710,0.00000,0.60000
0.12830,0.27692,0.00000,0.60000
0.12840,0.27674,0.00000,0.60000
0.12850,0.27655,0.00000,0.60000
0.12860,0.27637,0.00000,0.60000
0.12870,0.27619,0.00000,0.60000
0.12880,0.27601,0.00000,0.60000
0.12890,0.27583,0.00000,0.60000
0.12900,0.27565,0.00000,0.60000
0.12910,0.27546,0.00000,0.60000
0.12920,0.27528,0.00000,0.60000
0.12930,0.27510,0.00000,0.60000
0.12940,0.27492,0.00000,0.60000
0.12950,0.27473,0.00000,0.60000
0.12960,0.27455,0.00000,0.60000
0.12970,0.27437,0.00000,0.60000
0.12980,0.27419,0.00000,0.60000
0.12990,0.27400,0.00000,0.60000
0.13000,0.27382,0.00000,0.60000
0.13010,0.27364,0.00000,0.60000
0.13020,0.27345,0.00000,0.60000
0.13030,0.27327,0.00000,0.60000
0.13040,0.27309,0.00000,0.60000
0.13050,0.27290,0.00000,0.60000
0.13060,0.27272,0.00000,0.60000
0.13070,0.27253,0.00000,0.60000
0.13080,0.27235,0.00000,0.60000
0.13090,0.27217,0.00000,0.60000
0.13100,0.27198,0.00000,0.60000
0.13110,0.27180,0.00000,0.60000
0.13120,0.27161,0.00000,0.60000
0.13130,0.27143,0.00000,0.60000
0.13140,0.27124,0.00000,0.60000
0.13150,0.27106,0.00000,0.60000
0.13160,0.27087,0.00000,0.60000
0.13170,0.27069,0.00000,0.60000
0.13180,0.27050,0.00000,0.60000
0.13190,0.27032,0.00000,0.60000
0.13200,0.27013,0.00000,0.60000
0.13210,0.26995,0.00000,0.60000
0.13220,0.26976,0.00000,0.60000
0.13230,0.26958,0.00000,0.60000
0.13240,0.26939,0.00000,0.60000
0.13250,0.26921,0.00000,0.60000
0.13260,0.26902,0.00000,0.60000
0.13270,0.26883,0.00000,0.60000
0.13280,0.26865,0.00000,0.60000
0.13290,0.26846,0.00000,0.60000
0.13300,0.26827,0.00000,0.60000
0.13310,0.26809,0.00000,0.60000
0.13320,0.26790,0.00000,0.60000
0.13330,0.26771,0.00000,0.60000
0.13340,0.26753,0.00000,0.60000
0.13350,0.26734,0.00000,0.60000
0.13360,0.26715,0.00000,0.60000
0.13370,0.26697,0.00000,0.60000
0.13380,0.26678,0.00000,0.60000
0.13390,0.26659,0.00000,0.60000
0.13400,0.26640,0.00000,0.60000
0.13410,0.26622,0.00000,0.60000
0.13420,0.26603,0.00000,0.60000
0.13430,0.26584,0.00000,0.60000
0.13440,0.26565,0.00000,0.60000
0.13450,0.26547,0.00000,0.60000
0.13460,0.26528,0.00000,0.60000
0.13470,0.26509,0.00000,0.60000
0.13480,0.26490,0.00000,0.60000
0.13490,0.26471,0.00000,0.60000
0.13500,0.26452,0.00000,0.60000
0.13510,0.26434,0.00000,0.60000
0.13520,0.26415,0.00000,0.60000
0.13530,0.26396,0.00000,0.60000
0.13540,0.26377,0.00000,0.60000
0.13550,0.26358,0.00000,0.60000
0.13560,0.26339,0.00000,0.60000
0.13570,0.26320,0.00000,0.60000
0.13580,0.26301,0.00000,0.60000
0.13590,0.26282,0.00000,0.60000
0.13600,0.26263,0.00000,0.60000
0.13610,0.26244,0.00000,0.60000
0.13620,0.26225,0.00000,0.60000
0.13630,0.26207,0.00000,0.60000
0.13640,0.26188,0.00000,0.60000
0.13650,0.26169,0.00000,0.60000
0.13660,0.26150,0.00000,0.60000
0.13670,0.26130,0.00000,0.60000
0.13680,0.26111,0.00000,0.60000
0.13690,0.26092,0.00000,0.60000
0.13700,0.26073,0.00000,0.60000
0.13710,0.26054,0.00000,0.60000
0.13720,0.26035,0.00000,0.60000
0.13730,0.26016,0.00000,0.60000
0.13740,0.25997,0.00000,0.60000
0.13750,0.25978,0.00000,0.60000
0.13760,0.25959,0.00000,0.60000
0.13770,0.25940,0.00000,0.60000
0.13780,0.25921,0.00000,0.60000
0.13790,0.25901,0.00000,0.60000
0.13800,0.25882,0.00000,0.60000
0.13810,0.25863,0.00000,0.60000
0.13820,0.25844,0.00000,0.60000
0.13830,0.25825,0.00000,0.60000
0.13840,0.25806,0.00000,0.60000
0.13850,0.25786,0.00000,0.60000
0.13860,0.25767,0.00000,0.60000
0.13870,0.25748,0.00000,0.60000
0.13880,0.25729,0.00000,0.60000
0.13890,0.25709,0.00000,0.60000
0.13900,0.25690,0.00000,0.60000
0.13910,0.25671,0.00000,0.60000
0.13920,0.25652,0.00000,0.60000
0.13930,0.25632,0.00000,0.60000
0.13940,0.25613,0.00000,0.60000
0.13950,0.25594,0.00000,0.60000
0.13960,0.25574,0.00000,0.60000
0.13970,0.25555,0.00000,0.60000
0.13980,0.25536,0.00000,0.60000
0.13990,0.25516,0.00000,0.60000
0.14000,0.25497,0.00000,0.60000
0.14010,0.25478,0.00000,0.60000
0.14020,0.25458,0.00000,0.60000
0.14030,0.25439,0.00000,0.60000
0.14040,0.25419,0.00000,0.60000
0.14050,0.25400,0.00000,0.60000
0.14060,0.25381,0.00000,0.60000
0.14070,0.25361,0.00000,0.60000
0.14080,0.25342,0.00000,0.60000
0.14090,0.25322,0.00000,0.60000
0.14100,0.25303,0.00000,0.60000
0.14110,0.25283,0.00000,0.60000
0.14120,0.25264,0.00000,0.60000
0.14130,0.25244,0.00000,0.60000
0.14140,0.25225,0.00000,0.60000
0.14150,0.25205,0.00000,0.60000
0.14160,0.25186,0.00000,0.60000
0.14170,0.25166,0.00000,0.60000
0.14180,0.25147,0.00000,0.60000
0.14190,0.25127,0.00000,0.60000
0.14200,0.25108,0.00000,0.60000
0.14210,0.25088,0.00000,0.60000
0.14220,0.25069,0.00000,0.60000
0.14230,0.25049,0.00000,0.60000
0.14240,0.25029,0.00000,0.60000
0.14250,0.25010,0.00000,0.60000
0.14260,0.24990,0.00000,0.60000
0.14270,0.24970,0.00000,0.60000
0.14280,0.24951,0.00000,0.60000
0.14290,0.24931,0.00000,0.60000
0.14300,0.24912,0.00000,0.60000
0.14310,0.24892,0.00000,0.60000
0.14320,0.24872,0.00000,0.60000
0.14330,0.24852,0.00000,0.60000
0.14340,0.24833,0.00000,0.60000
0.14350,0.24813,0.00000,0.60000
0.14360,0.24793,0.00000,0.60000
0.14370,0.24774,0.00000,0.60000
0.14380,0.24754,0.00000,0.60000
0.14390,0.24734,0.00000,0.60000
0.14400,0.24714,0.00000,0.60000
0.14410,0.24695,0.00000,0.60000
0.14420,0.24675,0.00000,0.60000
0.14430,0.24655,0.00000,0.60000
0.14440,0.24635,0.00000,0.60000
0.14450,0.24615,0.00000,0.60000
0.14460,0.24596,0.00000,0.60000
0.14470,0.24576,0.00000,0.60000
0.14480,0.24556,0.00000,0.60000
0.14490,0.24536,0.00000,0.60000
0.14500,0.24516,0.00000,0.60000
0.14510,0.24496,0.00000,0.60000
0.14520,0.24477,0.00000,0.60000
0.14530,0.24457,0.00000,0.60000
0.14540,0.24437,0.00000,0.60000
0.14550,0.24417,0.00000,0.60000
0.14560,0.24397,0.00000,0.60000
0.14570,0.24377,0.00000,0.60000
0.14580,0.24357,0.00000,0.60000
0.14590,0.24337,0.00000,0.60000
0.14600,0.24317,0.00000,0.60000
0.14610,0.24297,0.00000,0.60000
0.14620,0.24277,0.00000,0.60000
0.14630,0.24257,0.00000,0.60000
0.14640,0.24237,0.00000,0.60000
0.14650,0.24217,0.00000,0.60000
0.14660,0.24197,0.00000,0.60000
0.14670,0.24177,0.00000,0.60000
0.14680,0.24157,0.00000,0.60000
0.14690,0.24137,0.00000,0.60000
0.14700,0.24117,0.00000,0.60000
0.14710,0.24097,0.00000,0.60000
0.14720,0.24077,0.00000,0.60000
0.14730,0.24057,0.00000,0.60000
0.14740,0.24037,0.00000,0.60000
0.14750,0.24017,0.00000,0.60000
0.14760,0.23997,0.00000,0.60000
0.14770,0.23977,0.00000,0.60000
0.14780,0.23956,0.00000,0.60000
0.14790,0.23936,0.00000,0.60000
0.14800,0.23916,0.00000,0.60000
0.14810,0.23896,0.00000,0.60000
0.14820,0.23876,0.00000,0.60000
0.14830,0.23856,0.00000,0.60000
0.14840,0.23836,0.00000,0.60000
0.14850,0.23815,0.00000,0.60000
0.14860,0.23795,0.00000,0.60000
0.14870,0.23775,0.00000,0.60000
0.14880,0.23755,0.00000,0.60000
0.14890,0.23735,0.00000,0.60000
0.14900,0.23714,0.00000,0.60000
0.14910,0.23694,0.00000,0.60000
0.14920,0.23674,0.00000,0.60000
0.14930,0.23654,0.00000,0.60000
0.14940,0.23633,0.00000,0.60000
0.14950,0.23613,0.00000,0.60000
0.14960,0.23593,0.00000,0.60000
0.14970,0.23572,0.00000,0.60000
0.14980,0.23552,0.00000,0.60000
0.14990,0.23532,0.00000,0.60000
0.15000,0.23511,0.00000,0.60000
0.15010,0.23491,0.00000,0.60000
0.15020,0.23471,0.00000,0.60000
0.15030,0.23450,0.00000,0.60000
0.15040,0.23430,0.00000,0.60000
0.15050,0.23410,0.00000,0.60000
0.15060,0.23389,0.00000,0.60000
0.15070,0.23369,0.00000,0.60000
0.15080,0.23348,0.00000,0.60000
0.15090,0.23328,0.00000,0.60000
0.15100,0.23308,0.00000,0.60000
0.15110,0.23287,0.00000,0.60000
0.15120,0.23267,0.00000,0.60000
0.15130,0.23246,0.00000,0.60000
0.15140,0.23226,0.00000,0.60000
0.15150,0.23205,0.00000,0.60000
0.15160,0.23185,0.00000,0.60000
0.15170,0.23164,0.00000,0.60000
0.15180,0.23144,0.00000,0.60000
0.15190,0.23123,0.00000,0.60000
0.15200,0.23103,0.00000,0.60000
0.15210,0.23082,0.00000,0.60000
0.15220,0.23062,0.00000,0.60000
0.15230,0.23041,0.00000,0.60000
0.15240,0.23021,0.00000,0.60000
0.15250,0.23000,0.00000,0.60000
0.15260,0.22980,0.00000,0.60000
0.15270,0.22959,0.00000,0.60000
0.15280,0.22938,0.00000,0.60000
0.15290,0.22918,0.00000,0.60000
0.15300,0.22897,0.00000,0.60000
0.15310,0.22877,0.00000,0.60000
0.15320,0.22856,0.00000,0.60000
0.15330,0.22835,0.00000,0.60000
0.15340,0.22815,0.00000,0.60000
0.15350,0.22794,0.00000,0.60000
0.15360,0.22773,0.00000,0.60000
0.15370,0.22753,0.00000,0.60000
0.15380,0.22732,0.00000,0.60000
0.15390,0.22711,0.00000,0.60000
0.15400,0.22691,0.00000,0.60000
0.15410,0.22670,0.00000,0.60000
0.15420,0.22649,0.00000,0.60000
0.15430,0.22629,0.00000,0.60000
0.15440,0.22608,0.00000,0.60000
0.15450,0.22587,0.00000,0.60000
0.15460,0.22566,0.00000,0.60000
0.15470,0.22546,0.00000,0.60000
0.15480,0.22525,0.00000,0.60000
0.15490,0.22504,0.00000,0.60000
0.15500,0.22483,0.00000,0.60000
0.15510,0.22463,0.00000,0.60000
0.15520,0.22442,0.00000,0.60000
0.15530,0.22421,0.00000,0.60000
0.15540,0.22400,0.00000,0.60000
0.15550,0.22379,0.00000,0.60000
0.15560,0.22358,0.00000,0.60000
0.15570,0.22338,0.00000,0.60000
0.15580,0.22317,0.00000,0.60000
0.15590,0.22296,0.00000,0.60000
0.15600,0.22275,0.00000,0.60000
0.15610,0.22254,0.00000,0.60000
0.15620,0.22233,0.00000,0.60000
0.15630,0.22212,0.00000,0.60000
0.15640,0.22191,0.00000,0.60000
0.15650,0.22171,0.00000,0.60000
0.15660,0.22150,0.00000,0.60000
0.15670,0.22129,0.00000,0.60000
0.15680,0.22108,0.00000,0.60000
0.15690,0.22087,0.00000,0.60000
0.15700,0.22066,0.00000,0.60000
0.15710,0.22045,0.00000,0.60000
0.15720,0.22024,0.00000,0.60000
0.15730,0.22003,0.00000,0.60000
0.15740,0.21982,0.00000,0.60000
0.15750,0.21961,0.00000,0.60000
0.15760,0.21940,0.00000,0.60000
0.15770,0.21919,0.00000,0.60000
0.15780,0.21898,0.00000,0.60000
0.15790,0.21877,0.00000,0.60000
0.15800,0.21856,0.00000,0.60000
0.15810,0.21835,0.00000,0.60000
0.15820,0.21814,0.00000,0.60000
0.15830,0.21793,0.00000,0.60000
0.15840,0.21772,0.00000,0.60000
0.15850,0.21750,0.00000,0.60000
0.15860,0.21729,0.00000,0.60000
0.15870,0.21708,0.00000,0.60000
0.15880,0.21687,0.00000,0.60000
0.15890,0.21666,0.00000,0.60000
0.15900,0.21645,0.00000,0.60000
0.15910,0.21624,0.00000,0.60000
0.15920,0.21603,0.00000,0.60000
0.15930,0.21581,0.00000,0.60000
0.15940,0.21560,0.00000,0.60000
0.15950,0.21539,0.00000,0.60000
0.15960,0.21518,0.00000,0.60000
0.15970,0.21497,0.00000,0.60000
0.15980,0.21475,0.00000,0.60000
0.15990,0.21454,0.00000,0.60000
0.16000,0.21433,0.00000,0.60000
0.16010,0.21412,0.00000,0.60000
0.16020,0.21391,0.00000,0.60000
0.16030,0.21369,0.00000,0.60000
0.16040,0.21348,0.00000,0.60000
0.16050,0.21327,0.00000,0.60000
0.16060,0.21306,0.00000,0.60000
0.16070,0.21284,0.00000,0.60000
0.16080,0.21263,0.00000,0.60000
0.16090,0.21242,0.00000,0.60000
0.16100,0.21220,0.00000,0.60000
0.16110,0.21199,0.00000,0.60000
0.16120,0.21178,0.00000,0.60000
0.16130,0.21156,0.00000,0.60000
0.16140,0.21135,0.00000,0.60000
0.16150,0.21114,0.00000,0.60000
0.16160,0.21092,0.00000,0.60000
0.16170,0.21071,0.00000,0.60000
0.16180,0.21050,0.00000,0.60000
0.16190,0.21028,0.00000,0.60000
0.16200,0.21007,0.00000,0.60000
0.16210,0.20986,0.00000,0.60000
0.16220,0.20964,0.00000,0.60000
0.16230,0.20943,0.00000,0.60000
0.16240,0.20921,0.00000,0.60000
0.16250,0.20900,0.00000,0.60000
0.16260,0.20879,0.00000,0.60000
0.16270,0.20857,0.00000,0.60000
0.16280,0.20836,0.00000,0.60000
0.16290,0.20814,0.00000,0.60000
0.16300,0.20793,0.00000,0.60000
0.16310,0.20771,0.00000,0.60000
0.16320,0.20750,0.00000,0.60000
0.16330,0.20728,0.00000,0.60000
0.16340,0.20707,0.00000,0.60000
0.16350,0.20685,0.00000,0.60000
0.16360,0.20664,0.00000,0.60000
0.16370,0.20642,0.00000,0.60000
0.16380,0.20621,0.00000,0.60000
0.16390,0.20599,0.00000,0.60000
0.16400,0.20578,0.00000,0.60000
0.16410,0.20556,0.00000,0.60000
0.16420,0.20534,0.00000,0.60000
0.16430,0.20513,0.00000,0.60000
0.16440,0.20491,0.00000,0.60000
0.16450,0.20470,0.00000,0.60000
0.16460,0.20448,0.00000,0.60000
0.16470,0.20427,0.00000,0.60000
0.16480,0.20405,0.00000,0.60000
0.16490,0.20383,0.00000,0.60000
0.16500,0.20362,0.00000,0.60000
0.16510,0.20340,0.00000,0.60000
0.16520,0.20318,0.00000,0.60000
0.16530,0.20297,0.00000,0.60000
0.16540,0.20275,0.00000,0.60000
0.16550,0.20253,0.00000,0.60000
0.16560,0.20232,0.00000,0.60000
0.16570,0.20210,0.00000,0.60000
0.16580,0.20188,0.00000,0.60000
0.16590,0.20167,0.00000,0.60000
0.16600,0.20145,0.00000,0.60000
0.16610,0.20123,0.00000,0.60000
0.16620,0.20101,0.00000,0.60000
0.16630,0.20080,0.00000,0.60000
0.16640,0.20058,0.00000,0.60000
0.16650,0.20036,0.00000,0.60000
0.16660,0.20015,0.00000,0.60000
0.16670,0.19993,0.00000,0.60000
0.16680,0.19971,0.00000,0.60000
0.16690,0.19949,0.00000,0.60000
0.16700,0.19927,0.00000,0.60000
0.16710,0.19906,0.00000,0.60000
0.16720,0.19884,0.00000,0.60000
0.16730,0.19862,0.00000,0.60000
0.16740,0.19840,0.00000,0.60000
0.16750,0.19818,0.00000,0.60000
0.16760,0.19797,0.00000,0.60000
0.16770,0.19775,0.00000,0.60000
0.16780,0.19753,0.00000,0.60000
0.16790,0.19731,0.00000,0.60000
0.16800,0.19709,0.00000,0.60000
0.16810,0.19687,0.00000,0.60000
0.16820,0.19665,0.00000,0.60000
0.16830,0.19643,0.00000,0.60000
0.16840,0.19622,0.00000,0.60000
0.16850,0.19600,0.00000,0.60000
0.16860,0.19578,0.00000,0.60000
0.16870,0.19556,0.00000,0.60000
0.16880,0.19534,0.00000,0.60000
0.16890,0.19512,0.00000,0.60000
0.16900,0.19490,0.00000,0.60000
0.16910,0.19468,0.00000,0.60000
0.16920,0.19446,0.00000,0.60000
0.16930,0.19424,0.00000,0.60000
0.16940,0.19402,0.00000,0.60000
0.16950,0.19380,0.00000,0.60000
0.16960,0.19358,0.00000,0.60000
0.16970,0.19336,0.00000,0.60000
0.16980,0.19314,0.00000,0.60000
0.16990,0.19292,0.00000,0.60000
0.17000,0.19270,0.00000,0.60000
0.17010,0.19248,0.00000,0.60000
0.17020,0.19226,0.00000,0.60000
0.17030,0.19204,0.00000,0.60000
0.17040,0.19182,0.00000,0.60000
0.17050,0.19160,0.00000,0.60000
0.17060,0.19138,0.00000,0.60000
0.17070,0.19116,0.00000,0.60000
0.17080,0.19094,0.00000,0.60000
0.17090,0.19072,0.00000,0.60000
0.17100,0.19050,0.00000,0.60000
0.17110,0.19027,0.00000,0.60000
0.17120,0.19005,0.00000,0.60000
0.17130,0.18983,0.00000,0.60000
0.17140,0.18961,0.00000,0.60000
0.17150,0.18939,0.00000,0.60000
0.17160,0.18917,0.00000,0.60000
0.17170,0.18895,0.00000,0.60000
0.17180,0.18872,0.00000,0.60000
0.17190,0.18850,0.00000,0.60000
0.17200,0.18828,0.00000,0.60000
0.17210,0.18806,0.00000,0.60000
0.17220,0.18784,0.00000,0.60000
0.17230,0.18762,0.00000,0.60000
0.17240,0.18739,0.00000,0.60000
0.17250,0.18717,0.00000,0.60000
0.17260,0.18695,0.00000,0.60000
0.17270,0.18673,0.00000,0.60000
0.17280,0.18651,0.00000,0.60000
0.17290,0.18628,0.00000,0.60000
0.17300,0.18606,0.00000,0.60000
0.17310,0.18584,0.00000,0.60000
0.17320,0.18562,0.00000,0.60000
0.17330,0.18539,0.00000,0.60000
0.17340,0.18517,0.00000,0.60000
0.17350,0.18495,0.00000,0.60000
0.17360,0.18472,0.00000,0.60000
0.17370,0.18450,0.00000,0.60000
0.17380,0.18428,0.00000,0.60000
0.17390,0.18406,0.00000,0.60000
0.17400,0.18383,0.00000,0.60000
0.17410,0.18361,0.00000,0.60000
0.17420,0.18339,0.00000,0.60000
0.17430,0.18316,0.00000,0.60000
0.17440,0.18294,0.00000,0.60000
0.17450,0.18271,0.00000,0.60000
0.17460,0.18249,0.00000,0.60000
0.17470,0.18227,0.00000,0.60000
0.17480,0.18204,0.00000,0.60000
0.17490,0.18182,0.00000,0.60000
0.17500,0.18160,0.00000,0.60000
0.17510,0.18137,0.00000,0.60000
0.17520,0.18115,0.00000,0.60000
0.17530,0.18092,0.00000,0.60000
0.17540,0.18070,0.00000,0.60000
0.17550,0.18048,0.00000,0.60000
0.17560,0.18025,0.00000,0.60000
0.17570,0.18003,0.00000,0.60000
0.17580,0.17980,0.00000,0.60000
0.17590,0.17958,0.00000,0.60000
0.17600,0.17935,0.00000,0.60000
0.17610,0.17913,0.00000,0.60000
0.17620,0.17890,0.00000,0.60000
0.17630,0.17868,0.00000,0.60000
0.17640,0.17845,0.00000,0.60000
0.17650,0.17823,0.00000,0.60000
0.17660,0.17800,0.00000,0.60000
0.17670,0.17778,0.00000,0.60000
0.17680,0.17755,0.00000,0.60000
0.17690,0.17733,0.00000,0.60000
0.17700,0.17710,0.00000,0.60000
0.17710,0.17688,0.00000,0.60000
0.17720,0.17665,0.00000,0.60000
0.17730,0.17643,0.00000,0.60000
0.17740,0.17620,0.00000,0.60000
0.17750,0.17598,0.00000,0.60000
0.17760,0.17575,0.00000,0.60000
0.17770,0.17552,0.00000,0.60000
0.17780,0.17530,0.00000,0.60000
0.17790,0.17507,0.00000,0.60000
0.17800,0.17485,0.00000,0.60000
0.17810,0.17462,0.00000,0.60000
0.17820,0.17439,0.00000,0.60000
0.17830,0.17417,0.00000,0.60000
0.17840,0.17394,0.00000,0.60000
0.17850,0.17372,0.00000,0.60000
0.17860,0.17349,0.00000,0.60000
0.17870,0.17326,0.00000,0.60000
0.17880,0.17304,0.00000,0.60000
0.17890,0.17281,0.00000,0.60000
0.17900,0.17258,0.00000,0.60000
0.17910,0.17236,0.00000,0.60000
0.17920,0.17213,0.00000,0.60000
0.17930,0.17190,0.00000,0.60000
0.17940,0.17167,0.00000,0.60000
0.17950,0.17145,0.00000,0.60000
0.17960,0.17122,0.00000,0.60000
0.17970,0.17099,0.00000,0.60000
0.17980,0.17077,0.00000,0.60000
0.17990,0.17054,0.00000,0.60000
0.18000,0.17031,0.00000,0.60000
0.18010,0.17008,0.00000,0.60000
0.18020,0.16986,0.00000,0.60000
0.18030,0.16963,0.00000,0.60000
0.18040,0.16940,0.00000,0.60000
0.18050,0.16917,0.00000,0.60000
0.18060,0.16895,0.00000,0.60000
0.18070,0.16872,0.00000,0.60000
0.18080,0.16849,0.00000,0.60000
0.18090,0.16826,0.00000,0.60000
0.18100,0.16803,0.00000,0.60000
0.18110,0.16781,0.00000,0.60000
0.18120,0.16758,0.00000,0.60000
0.18130,0.16735,0.00000,0.60000
0.18140,0.16712,0.00000,0.60000
0.18150,0.16689,0.00000,0.60000
0.18160,0.16666,0.00000,0.60000
0.18170,0.16644,0.00000,0.60000
0.18180,0.16621,0.00000,0.60000
0.18190,0.16598,0.00000,0.60000
0.18200,0.16575,0.00000,0.60000
0.18210,0.16552,0.00000,0.60000
0.18220,0.16529,0.00000,0.60000
0.18230,0.16506,0.00000,0.60000
0.18240,0.16483,0.00000,0.60000
0.18250,0.16461,0.00000,0.60000
0.18260,0.16438,0.00000,0.60000
0.18270,0.16415,0.00000,0.60000
0.18280,0.16392,0.00000,0.60000
0.18290,0.16369,0.00000,0.60000
0.18300,0.16346,0.00000,0.60000
0.18310,0.16323,0.00000,0.60000
0.18320,0.16300,0.00000,0.60000
0.18330,0.16277,0.00000,0.60000
0.18340,0.16254,0.00000,0.60000
0.18350,0.16231,0.00000,0.60000
0.18360,0.16208,0.00000,0.60000
0.18370,0.16185,0.00000,0.60000
0.18380,0.16162,0.00000,0.60000
0.18390,0.16139,0.00000,0.60000
0.18400,0.16116,0.00000,0.60000
0.18410,0.16093,0.00000,0.60000
0.18420,0.16070,0.00000,0.60000
0.18430,0.16047,0.00000,0.60000
0.18440,0.16024,0.00000,0.60000
0.18450,0.16001,0.00000,0.60000
0.18460,0.15978,0.00000,0.60000
0.18470,0.15955,0.00000,0.60000
0.18480,0.15932,0.00000,0.60000
0.18490,0.15909,0.00000,0.60000
0.18500,0.15886,0.00000,0.60000
0.18510,0.15863,0.00000,0.60000
0.18520,0.15840,0.00000,0.60000
0.18530,0.15817,0.00000,0.60000
0.18540,0.15794,0.00000,0.60000
0.18550,0.15771,0.00000,0.60000
0.18560,0.15747,0.00000,0.60000
0.18570,0.15724,0.00000,0.60000
0.18580,0.15701,0.00000,0.60000
0.18590,0.15678,0.00000,0.60000
0.18600,0.15655,0.00000,0.60000
0.18610,0.15632,0.00000,0.60000
0.18620,0.15609,0.00000,0.60000
0.18630,0.15586,0.00000,0.60000
0.18640,0.15562,0.00000,0.60000
0.18650,0.15539,0.00000,0.60000
0.18660,0.15516,0.00000,0.60000
0.18670,0.15493,0.00000,0.60000
0.18680,0.15470,0.00000,0.60000
0.18690,0.15447,0.00000,0.60000
0.18700,0.15423,0.00000,0.60000
0.18710,0.15400,0.00000,0.60000
0.18720,0.15377,0.00000,0.60000
0.18730,0.15354,0.00000,0.60000
0.18740,0.15331,0.00000,0.60000
0.18750,0.15307,0.00000,0.60000
0.18760,0.15284,0.00000,0.60000
0.18770,0.15261,0.00000,0.60000
0.18780,0.15238,0.00000,0.60000
0.18790,0.15214,0.00000,0.60000
0.18800,0.15191,0.00000,0.60000
0.18810,0.15168,0.00000,0.60000
0.18820,0.15145,0.00000,0.60000
0.18830,0.15121,0.00000,0.60000
0.18840,0.15098,0.00000,0.60000
0.18850,0.15075,0.00000,0.60000
0.18860,0.15052,0.00000,0.60000
0.18870,0.15028,0.00000,0.60000
0.18880,0.15005,0.00000,0.60000
0.18890,0.14982,0.00000,0.60000
0.18900,0.14958,0.00000,0.60000
0.18910,0.14935,0.00000,0.60000
0.18920,0.14912,0.00000,0.60000
0.18930,0.14888,0.00000,0.60000
0.18940,0.14865,0.00000,0.60000
0.18950,0.14842,0.00000,0.60000
0.18960,0.14818,0.00000,0.60000
0.18970,0.14795,0.00000,0.60000
0.18980,0.14772,0.00000,0.60000
0.18990,0.14748,0.00000,0.60000
0.19000,0.14725,0.00000,0.60000
0.19010,0.14702,0.00000,0.60000
0.19020,0.14678,0.00000,0.60000
0.19030,0.14655,0.00000,0.60000
0.19040,0.14631,0.00000,0.60000
0.19050,0.14608,0.00000,0.60000
0.19060,0.14585,0.00000,0.60000
0.19070,0.14561,0.00000,0.60000
0.19080,0.14538,0.00000,0.60000
0.19090,0.14514,0.00000,0.60000
0.19100,0.14491,0.00000,0.60000
0.19110,0.14468,0.00000,0.60000
0.19120,0.14444,0.00000,0.60000
0.19130,0.14421,0.00000,0.60000
0.19140,0.14397,0.00000,0.60000
0.19150,0.14374,0.00000,0.60000
0.19160,0.14350,0.00000,0.60000
0.19170,0.14327,0.00000,0.60000
0.19180,0.14303,0.00000,0.60000
0.19190,0.14280,0.00000,0.60000
0.19200,0.14256,0.00000,0.60000
0.19210,0.14233,0.00000,0.60000
0.19220,0.14209,0.00000,0.60000
0.19230,0.14186,0.00000,0.60000
0.19240,0.14163,0.00000,0.60000
0.19250,0.14139,0.00000,0.60000
0.19260,0.14115,0.00000,0.60000
0.19270,0.14092,0.00000,0.60000
0.19280,0.14068,0.00000,0.60000
0.19290,0.14045,0.00000,0.60000
0.19300,0.14021,0.00000,0.60000
0.19310,0.13998,0.00000,0.60000
0.19320,0.13974,0.00000,0.60000
0.19330,0.13951,0.00000,0.60000
0.19340,0.13927,0.00000,0.60000
0.19350,0.13904,0.00000,0.60000
0.19360,0.13880,0.00000,0.60000
0.19370,0.13856,0.00000,0.60000
0.19380,0.13833,0.00000,0.60000
0.19390,0.13809,0.00000,0.60000
0.19400,0.13786,0.00000,0.60000
0.19410,0.13762,0.00000,0.60000
0.19420,0.13739,0.00000,0.60000
0.19430,0.13715,0.00000,0.60000
0.19440,0.13691,0.00000,0.60000
0.19450,0.13668,0.00000,0.60000
0.19460,0.13644,0.00000,0.60000
0.19470,0.13620,0.00000,0.60000
0.19480,0.13597,0.00000,0.60000
0.19490,0.13573,0.00000,0.60000
0.19500,0.13550,0.00000,0.60000
0.19510,0.13526,0.00000,0.60000
0.19520,0.13502,0.00000,0.60000
0.19530,0.13479,0.00000,0.60000
0.19540,0.13455,0.00000,0.60000
0.19550,0.13431,0.00000,0.60000
0.19560,0.13408,0.00000,0.60000
0.19570,0.13384,0.00000,0.60000
0.19580,0.13360,0.00000,0.60000
0.19590,0.13336,0.00000,0.60000
0.19600,0.13313,0.00000,0.60000
0.19610,0.13289,0.00000,0.60000
0.19620,0.13265,0.00000,0.60000
0.19630,0.13242,0.00000,0.60000
0.19640,0.13218,0.00000,0.60000
0.19650,0.13194,0.00000,0.60000
0.19660,0.13170,0.00000,0.60000
0.19670,0.13147,0.00000,0.60000
0.19680,0.13123,0.00000,0.60000
0.19690,0.13099,0.00000,0.60000
0.19700,0.13076,0.00000,0.60000
0.19710,0.13052,0.00000,0.60000
0.19720,0.13028,0.00000,0.60000
0.19730,0.13004,0.00000,0.60000
0.19740,0.12980,0.00000,0.60000
0.19750,0.12957,0.00000,0.60000
0.19760,0.12933,0.00000,0.60000
0.19770,0.12909,0.00000,0.60000
0.19780,0.12885,0.00000,0.60000
0.19790,0.12862,0.00000,0.60000
0.19800,0.12838,0.00000,0.60000
0.19810,0.12814,0.00000,0.60000
0.19820,0.12790,0.00000,0.60000
0.19830,0.12766,0.00000,0.60000
0.19840,0.12742,0.00000,0.60000
0.19850,0.12719,0.00000,0.60000
0.19860,0.12695,0.00000,0.60000
0.19870,0.12671,0.00000,0.60000
0.19880,0.12647,0.00000,0.60000
0.19890,0.12623,0.00000,0.60000
0.19900,0.12599,0.00000,0.60000
0.19910,0.12576,0.00000,0.60000
0.19920,0.12552,0.00000,0.60000
0.19930,0.12528,0.00000,0.60000
0.19940,0.12504,0.00000,0.60000
0.19950,0.12480,0.00000,0.60000
0.19960,0.12456,0.00000,0.60000
0.19970,0.12432,0.00000,0.60000
0.19980,0.12408,0.00000,0.60000
0.19990,0.12385,0.00000,0.60000
0.20000,0.12361,0.00000,0.60000
0.20010,0.12337,0.00000,0.60000
0.20020,0.12313,0.00000,0.60000
0.20030,0.12289,0.00000,0.60000
0.20040,0.12265,0.00000,0.60000
0.20050,0.12241,0.00000,0.60000
0.20060,0.12217,0.00000,0.60000
0.20070,0.12193,0.00000,0.60000
0.20080,0.12169,0.00000,0.60000
0.20090,0.12145,0.00000,0.60000
0.20100,0.12121,0.00000,0.60000
0.20110,0.12097,0.00000,0.60000
0.20120,0.12073,0.00000,0.60000
0.20130,0.12050,0.00000,0.60000
0.20140,0.12026,0.00000,0.60000
0.20150,0.12002,0.00000,0.60000
0.20160,0.11978,0.00000,0.60000
0.20170,0.11954,0.00000,0.60000
0.20180,0.11930,0.00000,0.60000
0.20190,0.11906,0.00000,0.60000
0.20200,0.11882,0.00000,0.60000
0.20210,0.11858,0.00000,0.60000
0.20220,0.11834,0.00000,0.60000
0.20230,0.11810,0.00000,0.60000
0.20240,0.11786,0.00000,0.60000
0.20250,0.11762,0.00000,0.60000
0.20260,0.11738,0.00000,0.60000
0.20270,0.11714,0.00000,0.60000
0.20280,0.11690,0.00000,0.60000
0.20290,0.11665,0.00000,0.60000
0.20300,0.11641,0.00000,0.60000
0.20310,0.11617,0.00000,0.60000
0.20320,0.11593,0.00000,0.60000
0.20330,0.11569,0.00000,0.60000
0.20340,0.11545,0.00000,0.60000
0.20350,0.11521,0.00000,0.60000
0.20360,0.11497,0.00000,0.60000
0.20370,0.11473,0.00000,0.60000
0.20380,0.11449,0.00000,0.60000
0.20390,0.11425,0.00000,0.60000
0.20400,0.11401,0.00000,0.60000
0.20410,0.11377,0.00000,0.60000
0.20420,0.11353,0.00000,0.60000
0.20430,0.11328,0.00000,0.60000
0.20440,0.11304,0.00000,0.60000
0.20450,0.11280,0.00000,0.60000
0.20460,0.11256,0.00000,0.60000
0.20470,0.11232,0.00000,0.60000
0.20480,0.11208,0.00000,0.60000
0.20490,0.11184,0.00000,0.60000
0.20500,0.11160,0.00000,0.60000
0.20510,0.11136,0.00000,0.60000
0.20520,0.11111,0.00000,0.60000
0.20530,0.11087,0.00000,0.60000
0.20540,0.11063,0.00000,0.60000
0.20550,0.11039,0.00000,0.60000
0.20560,0.11015,0.00000,0.60000
0.20570,0.10991,0.00000,0.60000
0.20580,0.10966,0.00000,0.60000
0.20590,0.10942,0.00000,0.60000
0.20600,0.10918,0.00000,0.60000
0.20610,0.10894,0.00000,0.60000
0.20620,0.10870,0.00000,0.60000
0.20630,0.10846,0.00000,0.60000
0.20640,0.10821,0.00000,0.60000
0.20650,0.10797,0.00000,0.60000
0.20660,0.10773,0.00000,0.60000
0.20670,0.10749,0.00000,0.60000
0.20680,0.10725,0.00000,0.60000
0.20690,0.10700,0.00000,0.60000
0.20700,0.10676,0.00000,0.60000
0.20710,0.10652,0.00000,0.60000
0.20720,0.10628,0.00000,0.60000
0.20730,0.10603,0.00000,0.60000
0.20740,0.10579,0.00000,0.60000
0.20750,0.10555,0.00000,0.60000
0.20760,0.10531,0.00000,0.60000
0.20770,0.10506,0.00000,0.60000
0.20780,0.10482,0.00000,0.60000
0.20790,0.10458,0.00000,0.60000
0.20800,0.10434,0.00000,0.60000
0.20810,0.10409,0.00000,0.60000
0.20820,0.10385,0.00000,0.60000
0.20830,0.10361,0.00000,0.60000
0.20840,0.10337,0.00000,0.60000
0.20850,0.10312,0.00000,0.60000
0.20860,0.10288,0.00000,0.60000
0.20870,0.10264,0.00000,0.60000
0.20880,0.10239,0.00000,0.60000
0.20890,0.10215,0.00000,0.60000
0.20900,0.10191,0.00000,0.60000
0.20910,0.10167,0.00000,0.60000
0.20920,0.10142,0.00000,0.60000
0.20930,0.10118,0.00000,0.60000
0.20940,0.10094,0.00000,0.60000
0.20950,0.10069,0.00000,0.60000
0.20960,0.10045,0.00000,0.60000
0.20970,0.10021,0.00000,0.60000
0.20980,0.09996,0.00000,0.60000
0.20990,0.09972,0.00000,0.60000
0.21000,0.09948,0.00000,0.60000
0.21010,0.09923,0.00000,0.60000
0.21020,0.09899,0.00000,0.60000
0.21030,0.09875,0.00000,0.60000
0.21040,0.09850,0.00000,0.60000
0.21050,0.09826,0.00000,0.60000
0.21060,0.09801,0.00000,0.60000
0.21070,0.09777,0.00000,0.60000
0.21080,0.09753,0.00000,0.60000
0.21090,0.09728,0.00000,0.60000
0.21100,0.09704,0.00000,0.60000
0.21110,0.09680,0.00000,0.60000
0.21120,0.09655,0.00000,0.60000
0.21130,0.09631,0.00000,0.60000
0.21140,0.09606,0.00000,0.60000
0.21150,0.09582,0.00000,0.60000
0.21160,0.09558,0.00000,0.60000
0.21170,0.09533,0.00000,0.60000
0.21180,0.09509,0.00000,0.60000
0.21190,0.09484,0.00000,0.60000
0.21200,0.09460,0.00000,0.60000
0.21210,0.09436,0.00000,0.60000
0.21220,0.09411,0.00000,0.60000
0.21230,0.09387,0.00000,0.60000
0.21240,0.09362,0.00000,0.60000
0.21250,0.09338,0.00000,0.60000
0.21260,0.09313,0.00000,0.60000
0.21270,0.09289,0.00000,0.60000
0.21280,0.09264,0.00000,0.60000
0.21290,0.09240,0.00000,0.60000
0.21300,0.09216,0.00000,0.60000
0.21310,0.09191,0.00000,0.60000
0.21320,0.09167,0.00000,0.60000
0.21330,0.09142,0.00000,0.60000
0.21340,0.09118,0.00000,0.60000
0.21350,0.09093,0.00000,0.60000
0.21360,0.09069,0.00000,0.60000
0.21370,0.09044,0.00000,0.60000
0.21380,0.09020,0.00000,0.60000
0.21390,0.08995,0.00000,0.60000
0.21400,0.08971,0.00000,0.60000
0.21410,0.08946,0.00000,0.60000
0.21420,0.08922,0.00000,0.60000
0.21430,0.08897,0.00000,0.60000
0.21440,0.08873,0.00000,0.60000
0.21450,0.08848,0.00000,0.60000
0.21460,0.08824,0.00000,0.60000
0.21470,0.08799,0.00000,0.60000
0.21480,0.08775,0.00000,0.60000
0.21490,0.08750,0.00000,0.60000
0.21500,0.08726,0.00000,0.60000
0.21510,0.08701,0.00000,0.60000
0.21520,0.08677,0.00000,0.60000
0.21530,0.08652,0.00000,0.60000
0.21540,0.08628,0.00000,0.60000
0.21550,0.08603,0.00000,0.60000
0.21560,0.08579,0.00000,0.60000
0.21570,0.08554,0.00000,0.60000
0.21580,0.08529,0.00000,0.60000
0.21590,0.08505,0.00000,0.60000
0.21600,0.08480,0.00000,0.60000
0.21610,0.08456,0.00000,0.60000
0.21620,0.08431,0.00000,0.60000
0.21630,0.08407,0.00000,0.60000
0.21640,0.08382,0.00000,0.60000
0.21650,0.08357,0.00000,0.60000
0.21660,0.08333,0.00000,0.60000
0.21670,0.08308,0.00000,0.60000
0.21680,0.08284,0.00000,0.60000
0.21690,0.08259,0.00000,0.60000
0.21700,0.08235,0.00000,0.60000
0.21710,0.08210,0.00000,0.60000
0.21720,0.08185,0.00000,0.60000
0.21730,0.08161,0.00000,0.60000
0.21740,0.08136,0.00000,0.60000
0.21750,0.08111,0.00000,0.60000
0.21760,0.08087,0.00000,0.60000
0.21770,0.08062,0.00000,0.60000
0.21780,0.08038,0.00000,0.60000
0.21790,0.08013,0.00000,0.60000
0.21800,0.07988,0.00000,0.60000
0.21810,0.07964,0.00000,0.60000
0.21820,0.07939,0.00000,0.60000
0.21830,0.07915,0.00000,0.60000
0.21840,0.07890,0.00000,0.60000
0.21850,0.07865,0.00000,0.60000
0.21860,0.07841,0.00000,0.60000
0.21870,0.07816,0.00000,0.60000
0.21880,0.07791,0.00000,0.60000
0.21890,0.07767,0.00000,0.60000
0.21900,0.07742,0.00000,0.60000
0.21910,0.07717,0.00000,0.60000
0.21920,0.07693,0.00000,0.60000
0.21930,0.07668,0.00000,0.60000
0.21940,0.07643,0.00000,0.60000
0.21950,0.07619,0.00000,0.60000
0.21960,0.07594,0.00000,0.60000
0.21970,0.07569,0.00000,0.60000
0.21980,0.07545,0.00000,0.60000
0.21990,0.07520,0.00000,0.60000
0.22000,0.07495,0.00000,0.60000
0.22010,0.07471,0.00000,0.60000
0.22020,0.07446,0.00000,0.60000
0.22030,0.07421,0.00000,0.60000
0.22040,0.07396,0.00000,0.60000
0.22050,0.07372,0.00000,0.60000
0.22060,0.07347,0.00000,0.60000
0.22070,0.07322,0.00000,0.60000
0.22080,0.07298,0.00000,0.60000
0.22090,0.07273,0.00000,0.60000
0.22100,0.07248,0.00000,0.60000
0.22110,0.07224,0.00000,0.60000
0.22120,0.07199,0.00000,0.60000
0.22130,0.07174,0.00000,0.60000
0.22140,0.07149,0.00000,0.60000
0.22150,0.07125,0.00000,0.60000
0.22160,0.07100,0.00000,0.60000
0.22170,0.07075,0.00000,0.60000
0.22180,0.07050,0.00000,0.60000
0.22190,0.07026,0.00000,0.60000
0.22200,0.07001,0.00000,0.60000
0.22210,0.06976,0.00000,0.60000
0.22220,0.06951,0.00000,0.60000
0.22230,0.06927,0.00000,0.60000
0.22240,0.06902,0.00000,0.60000
0.22250,0.06877,0.00000,0.60000
0.22260,0.06852,0.00000,0.60000
0.22270,0.06828,0.00000,0.60000
0.22280,0.06803,0.00000,0.60000
0.22290,0.06778,0.00000,0.60000
0.22300,0.06753,0.00000,0.60000
0.22310,0.06729,0.00000,0.60000
0.22320,0.06704,0.00000,0.60000
0.22330,0.06679,0.00000,0.60000
0.22340,0.06654,0.00000,0.60000
0.22350,0.06629,0.00000,0.60000
0.22360,0.06605,0.00000,0.60000
0.22370,0.06580,0.00000,0.60000
0.22380,0.06555,0.00000,0.60000
0.22390,0.06530,0.00000,0.60000
0.22400,0.06505,0.00000,0.60000
0.22410,0.06481,0.00000,0.60000
0.22420,0.06456,0.00000,0.60000
0.22430,0.06431,0.00000,0.60000
0.22440,0.06406,0.00000,0.60000
0.22450,0.06381,0.00000,0.60000
0.22460,0.06357,0.00000,0.60000
0.22470,0.06332,0.00000,0.60000
0.22480,0.06307,0.00000,0.60000
0.22490,0.06282,0.00000,0.60000
0.22500,0.06257,0.00000,0.60000
0.22510,0.06233,0.00000,0.60000
0.22520,0.06208,0.00000,0.60000
0.22530,0.06183,0.00000,0.60000
0.22540,0.06158,0.00000,0.60000
0.22550,0.06133,0.00000,0.60000
0.22560,0.06108,0.00000,0.60000
0.22570,0.06084,0.00000,0.60000
0.22580,0.06059,0.00000,0.60000
0.22590,0.06034,0.00000,0.60000
0.22600,0.06009,0.00000,0.60000
0.22610,0.05984,0.00000,0.60000
0.22620,0.05959,0.00000,0.60000
0.22630,0.05934,0.00000,0.60000
0.22640,0.05910,0.00000,0.60000
0.22650,0.05885,0.00000,0.60000
0.22660,0.05860,0.00000,0.60000
0.22670,0.05835,0.00000,0.60000
0.22680,0.05810,0.00000,0.60000
0.22690,0.05785,0.00000,0.60000
0.22700,0.05760,0.00000,0.60000
0.22710,0.05736,0.00000,0.60000
0.22720,0.05711,0.00000,0.60000
0.22730,0.05686,0.00000,0.60000
0.22740,0.05661,0.00000,0.60000
0.22750,0.05636,0.00000,0.60000
0.22760,0.05611,0.00000,0.60000
0.22770,0.05586,0.00000,0.60000
0.22780,0.05561,0.00000,0.60000
0.22790,0.05537,0.00000,0.60000
0.22800,0.05512,0.00000,0.60000
0.22810,0.05487,0.00000,0.60000
0.22820,0.05462,0.00000,0.60000
0.22830,0.05437,0.00000,0.60000
0.22840,0.05412,0.00000,0.60000
0.22850,0.05387,0.00000,0.60000
0.22860,0.05362,0.00000,0.60000
0.22870,0.05337,0.00000,0.60000
0.22880,0.05312,0.00000,0.60000
0.22890,0.05287,0.00000,0.60000
0.22900,0.05263,0.00000,0.60000
0.22910,0.05238,0.00000,0.60000
0.22920,0.05213,0.00000,0.60000
0.22930,0.05188,0.00000,0.60000
0.22940,0.05163,0.00000,0.60000
0.22950,0.05138,0.00000,0.60000
0.22960,0.05113,0.00000,0.60000
0.22970,0.05088,0.00000,0.60000
0.22980,0.05063,0.00000,0.60000
0.22990,0.05038,0.00000,0.60000
0.23000,0.05013,0.00000,0.60000
0.23010,0.04988,0.00000,0.60000
0.23020,0.04963,0.00000,0.60000
0.23030,0.04939,0.00000,0.60000
0.23040,0.04914,0.00000,0.60000
0.23050,0.04889,0.00000,0.60000
0.23060,0.04864,0.00000,0.60000
0.23070,0.04839,0.00000,0.60000
0.23080,0.04814,0.00000,0.60000
0.23090,0.04789,0.00000,0.60000
0.23100,0.04764,0.00000,0.60000
0.23110,0.04739,0.00000,0.60000
0.23120,0.04714,0.00000,0.60000
0.23130,0.04689,0.00000,0.60000
0.23140,0.04664,0.00000,0.60000
0.23150,0.04639,0.00000,0.60000
0.23160,0.04614,0.00000,0.60000
0.23170,0.04589,0.00000,0.60000
0.23180,0.04564,0.00000,0.60000
0.23190,0.04539,0.00000,0.60000
0.23200,0.04514,0.00000,0.60000
0.23210,0.04489,0.00000,0.60000
0.23220,0.04464,0.00000,0.60000
0.23230,0.04439,0.00000,0.60000
0.23240,0.04414,0.00000,0.60000
0.23250,0.04389,0.00000,0.60000
0.23260,0.04364,0.00000,0.60000
0.23270,0.04339,0.00000,0.60000
0.23280,0.04314,0.00000,0.60000
0.23290,0.04289,0.00000,0.60000
0.23300,0.04264,0.00000,0.60000
0.23310,0.04239,0.00000,0.60000
0.23320,0.04214,0.00000,0.60000
0.23330,0.04189,0.00000,0.60000
0.23340,0.04164,0.00000,0.60000
0.23350,0.04139,0.00000,0.60000
0.23360,0.04114,0.00000,0.60000
0.23370,0.04089,0.00000,0.60000
0.23380,0.04064,0.00000,0.60000
0.23390,0.04039,0.00000,0.60000
0.23400,0.04014,0.00000,0.60000
0.23410,0.03989,0.00000,0.60000
0.23420,0.03964,0.00000,0.60000
0.23430,0.03939,0.00000,0.60000
0.23440,0.03914,0.00000,0.60000
0.23450,0.03889,0.00000,0.60000
0.23460,0.03864,0.00000,0.60000
0.23470,0.03839,0.00000,0.60000
0.23480,0.03814,0.00000,0.60000
0.23490,0.03789,0.00000,0.60000
0.23500,0.03764,0.00000,0.60000
0.23510,0.03739,0.00000,0.60000
0.23520,0.03714,0.00000,0.60000
0.23530,0.03689,0.00000,0.60000
0.23540,0.03664,0.00000,0.60000
0.23550,0.03639,0.00000,0.60000
0.23560,0.03614,0.00000,0.60000
0.23570,0.03589,0.00000,0.60000
0.23580,0.03564,0.00000,0.60000
0.23590,0.03539,0.00000,0.60000
0.23600,0.03514,0.00000,0.60000
0.23610,0.03489,0.00000,0.60000
0.23620,0.03464,0.00000,0.60000
0.23630,0.03439,0.00000,0.60000
0.23640,0.03414,0.00000,0.60000
0.23650,0.03389,0.00000,0.60000
0.23660,0.03364,0.00000,0.60000
0.23670,0.03339,0.00000,0.60000
0.23680,0.03314,0.00000,0.60000
0.23690,0.03289,0.00000,0.60000
0.23700,0.03264,0.00000,0.60000
0.23710,0.03239,0.00000,0.60000
0.23720,0.03214,0.00000,0.60000
0.23730,0.03188,0.00000,0.60000
0.23740,0.03163,0.00000,0.60000
0.23750,0.03138,0.00000,0.60000
0.23760,0.03113,0.00000,0.60000
0.23770,0.03088,0.00000,0.60000
0.23780,0.03063,0.00000,0.60000
0.23790,0.03038,0.00000,0.60000
0.23800,0.03013,0.00000,0.60000
0.23810,0.02988,0.00000,0.60000
0.23820,0.02963,0.00000,0.60000
0.23830,0.02938,0.00000,0.60000
0.23840,0.02913,0.00000,0.60000
0.23850,0.02888,0.00000,0.60000
0.23860,0.02863,0.00000,0.60000
0.23870,0.02838,0.00000,0.60000
0.23880,0.02813,0.00000,0.60000
0.23890,0.02787,0.00000,0.60000
0.23900,0.02762,0.00000,0.60000
0.23910,0.02737,0.00000,0.60000
0.23920,0.02712,0.00000,0.60000
0.23930,0.02687,0.00000,0.60000
0.23940,0.02662,0.00000,0.60000
0.23950,0.02637,0.00000,0.60000
0.23960,0.02612,0.00000,0.60000
0.23970,0.02587,0.00000,0.60000
0.23980,0.02562,0.00000,0.60000
0.23990,0.02537,0.00000,0.60000
0.24000,0.02512,0.00000,0.60000
0.24010,0.02487,0.00000,0.60000
0.24020,0.02461,0.00000,0.60000
0.24030,0.02436,0.00000,0.60000
0.24040,0.02411,0.00000,0.60000
0.24050,0.02386,0.00000,0.60000
0.24060,0.02361,0.00000,0.60000
0.24070,0.02336,0.00000,0.60000
0.24080,0.02311,0.00000,0.60000
0.24090,0.02286,0.00000,0.60000
0.24100,0.02261,0.00000,0.60000
0.24110,0.02236,0.00000,0.60000
0.24120,0.02211,0.00000,0.60000
0.24130,0.02185,0.00000,0.60000
0.24140,0.02160,0.00000,0.60000
0.24150,0.02135,0.00000,0.60000
0.24160,0.02110,0.00000,0.60000
0.24170,0.02085,0.00000,0.60000
0.24180,0.02060,0.00000,0.60000
0.24190,0.02035,0.00000,0.60000
0.24200,0.02010,0.00000,0.60000
0.24210,0.01985,0.00000,0.60000
0.24220,0.01960,0.00000,0.60000
0.24230,0.01934,0.00000,0.60000
0.24240,0.01909,0.00000,0.60000
0.24250,0.01884,0.00000,0.60000
0.24260,0.01859,0.00000,0.60000
0.24270,0.01834,0.00000,0.60000
0.24280,0.01809,0.00000,0.60000
0.24290,0.01784,0.00000,0.60000
0.24300,0.01759,0.00000,0.60000
0.24310,0.01734,0.00000,0.60000
0.24320,0.01709,0.00000,0.60000
0.24330,0.01683,0.00000,0.60000
0.24340,0.01658,0.00000,0.60000
0.24350,0.01633,0.00000,0.60000
0.24360,0.01608,0.00000,0.60000
0.24370,0.01583,0.00000,0.60000
0.24380,0.01558,0.00000,0.60000
0.24390,0.01533,0.00000,0.60000
0.24400,0.01508,0.00000,0.60000
0.24410,0.01482,0.00000,0.60000
0.24420,0.01457,0.00000,0.60000
0.24430,0.01432,0.00000,0.60000
0.24440,0.01407,0.00000,0.60000
0.24450,0.01382,0.00000,0.60000
0.24460,0.01357,0.00000,0.60000
0.24470,0.01332,0.00000,0.60000
0.24480,0.01307,0.00000,0.60000
0.24490,0.01282,0.00000,0.60000
0.24500,0.01256,0.00000,0.60000
0.24510,0.01231,0.00000,0.60000
0.24520,0.01206,0.00000,0.60000
0.24530,0.01181,0.00000,0.60000
0.24540,0.01156,0.00000,0.60000
0.24550,0.01131,0.00000,0.60000
0.24560,0.01106,0.00000,0.60000
0.24570,0.01081,0.00000,0.60000
0.24580,0.01055,0.00000,0.60000
0.24590,0.01030,0.00000,0.60000
0.24600,0.01005,0.00000,0.60000
0.24610,0.00980,0.00000,0.60000
0.24620,0.00955,0.00000,0.60000
0.24630,0.00930,0.00000,0.60000
0.24640,0.00905,0.00000,0.60000
0.24650,0.00880,0.00000,0.60000
0.24660,0.00854,0.00000,0.60000
0.24670,0.00829,0.00000,0.60000
0.24680,0.00804,0.00000,0.60000
0.24690,0.00779,0.00000,0.60000
0.24700,0.00754,0.00000,0.60000
0.24710,0.00729,0.00000,0.60000
0.24720,0.00704,0.00000,0.60000
0.24730,0.00679,0.00000,0.60000
0.24740,0.00653,0.00000,0.60000
0.24750,0.00628,0.00000,0.60000
0.24760,0.00603,0.00000,0.60000
0.24770,0.00578,0.00000,0.60000
0.24780,0.00553,0.00000,0.60000
0.24790,0.00528,0.00000,0.60000
0.24800,0.00503,0.00000,0.60000
0.24810,0.00478,0.00000,0.60000
0.24820,0.00452,0.00000,0.60000
0.24830,0.00427,0.00000,0.60000
0.24840,0.00402,0.00000,0.60000
0.24850,0.00377,0.00000,0.60000
0.24860,0.00352,0.00000,0.60000
0.24870,0.00327,0.00000,0.60000
0.24880,0.00302,0.00000,0.60000
0.24890,0.00276,0.00000,0.60000
0.24900,0.00251,0.00000,0.60000
0.24910,0.00226,0.00000,0.60000
0.24920,0.00201,0.00000,0.60000
0.24930,0.00176,0.00000,0.60000
0.24940,0.00151,0.00000,0.60000
0.24950,0.00126,0.00000,0.60000
0.24960,0.00101,0.00000,0.60000
0.24970,0.00075,0.00000,0.60000
0.24980,0.00050,0.00000,0.60000
0.24990,0.00025,0.00000,0.60000
0.25000,0.00000,0.00000,0.60000
0.25010,-0.00025,0.00000,0.60000
0.25020,-0.00050,0.00000,0.60000
0.25030,-0.00075,0.00000,0.60000
0.25040,-0.00101,0.00000,0.60000
0.25050,-0.00126,0.00000,0.60000
0.25060,-0.00151,0.00000,0.60000
0.25070,-0.00176,0.00000,0.60000
0.25080,-0.00201,0.00000,0.60000
0.25090,-0.00226,0.00000,0.60000
0.25100,-0.00251,0.00000,0.60000
0.25110,-0.00276,0.00000,0.60000
0.25120,-0.00302,0.00000,0.60000
0.25130,-0.00327,0.00000,0.60000
0.25140,-0.00352,0.00000,0.60000
0.25150,-0.00377,0.00000,0.60000
0.25160,-0.00402,0.00000,0.60000
0.25170,-0.00427,0.00000,0.60000
0.25180,-0.00452,0.00000,0.60000
0.25190,-0.00478,0.00000,0.60000
0.25200,-0.00503,0.00000,0.60000
0.25210,-0.00528,0.00000,0.60000
0.25220,-0.00553,0.00000,0.60000
0.25230,-0.00578,0.00000,0.60000
0.25240,-0.00603,0.00000,0.60000
0.25250,-0.00628,0.00000,0.60000
0.25260,-0.00653,0.00000,0.60000
0.25270,-0.00679,0.00000,0.60000
0.25280,-0.00704,0.00000,0.60000
0.25290,-0.00729,0.00000,0.60000
0.25300,-0.00754,0.00000,0.60000
0.25310,-0.00779,0.00000,0.60000
0.25320,-0.00804,0.00000,0.60000
0.25330,-0.00829,0.00000,0.60000
0.25340,-0.00854,0.00000,0.60000
0.25350,-0.00880,0.00000,0.60000
0.25360,-0.00905,0.00000,0.60000
0.25370,-0.00930,0.00000,0.60000
0.25380,-0.00955,0.00000,0.60000
0.25390,-0.00980,0.00000,0.60000
0.25400,-0.01005,0.00000,0.60000
0.25410,-0.01030,0.00000,0.60000
0.25420,-0.01055,0.00000,0.60000
0.25430,-0.01081,0.00000,0.60000
0.25440,-0.01106,0.00000,0.60000
0.25450,-0.01131,0.00000,0.60000
0.25460,-0.01156,0.00000,0.60000
0.25470,-0.01181,0.00000,0.60000
0.25480,-0.01206,0.00000,0.60000
0.25490,-0.01231,0.00000,0.60000
0.25500,-0.01256,0.00000,0.60000
0.25510,-0.01282,0.00000,0.60000
0.25520,-0.01307,0.00000,0.60000
0.25530,-0.01332,0.00000,0.60000
0.25540,-0.01357,0.00000,0.60000
0.25550,-0.01382,0.00000,0.60000
0.25560,-0.01407,0.00000,0.60000
0.25570,-0.01432,0.00000,0.60000
0.25580,-0.01457,0.00000,0.60000
0.25590,-0.01482,0.00000,0.60000
0.25600,-0.01508,0.00000,0.60000
0.25610,-0.01533,0.00000,0.60000
0.25620,-0.01558,0.00000,0.60000
0.25630,-0.01583,0.00000,0.60000
0.25640,-0.01608,0.00000,0.60000
0.25650,-0.01633,0.00000,0.60000
0.25660,-0.01658,0.00000,0.60000
0.25670,-0.01683,0.00000,0.60000
0.25680,-0.01709,0.00000,0.60000
0.25690,-0.01734,0.00000,0.60000
0.25700,-0.01759,0.00000,0.60000
0.25710,-0.01784,0.00000,0.60000
0.25720,-0.01809,0.00000,0.60000
0.25730,-0.01834,0.00000,0.60000
0.25740,-0.01859,0.00000,0.60000
0.25750,-0.01884,0.00000,0.60000
0.25760,-0.01909,0.00000,0.60000
0.25770,-0.01934,0.00000,0.60000
0.25780,-0.01960,0.00000,0.60000
0.25790,-0.01985,0.00000,0.60000
0.25800,-0.02010,0.00000,0.60000
0.25810,-0.02035,0.00000,0.60000
0.25820,-0.02060,0.00000,0.60000
0.25830,-0.02085,0.00000,0.60000
0.25840,-0.02110,0.00000,0.60000
0.25850,-0.02135,0.00000,0.60000
0.25860,-0.02160,0.00000,0.60000
0.25870,-0.02185,0.00000,0.60000
0.25880,-0.02211,0.00000,0.60000
0.25890,-0.02236,0.00000,0.60000
0.25900,-0.02261,0.00000,0.60000
0.25910,-0.02286,0.00000,0.60000
0.25920,-0.02311,0.00000,0.60000
0.25930,-0.02336,0.00000,0.60000
0.25940,-0.02361,0.00000,0.60000
0.25950,-0.02386,0.00000,0.60000
0.25960,-0.02411,0.00000,0.60000
0.25970,-0.02436,0.00000,0.60000
0.25980,-0.02461,0.00000,0.60000
0.25990,-0.02487,0.00000,0.60000
0.26000,-0.02512,0.00000,0.60000
0.26010,-0.02537,0.00000,0.60000
0.26020,-0.02562,0.00000,0.60000
0.26030,-0.02587,0.00000,0.60000
0.26040,-0.02612,0.00000,0.60000
0.26050,-0.02637,0.00000,0.60000
0.26060,-0.02662,0.00000,0.60000
0.26070,-0.02687,0.00000,0.60000
0.26080,-0.02712,0.00000,0.60000
0.26090,-0.02737,0.00000,0.60000
0.26100,-0.02762,0.00000,0.60000
0.26110,-0.02787,0.00000,0.60000
0.26120,-0.02813,0.00000,0.60000
0.26130,-0.02838,0.00000,0.60000
0.26140,-0.02863,0.00000,0.60000
0.26150,-0.02888,0.00000,0.60000
0.26160,-0.02913,0.00000,0.60000
0.26170,-0.02938,0.00000,0.60000
0.26180,-0.02963,0.00000,0.60000
0.26190,-0.02988,0.00000,0.60000
0.26200,-0.03013,0.00000,0.60000
0.26210,-0.03038,0.00000,0.60000
0.26220,-0.03063,0.00000,0.60000
0.26230,-0.03088,0.00000,0.60000
0.26240,-0.03113,0.00000,0.60000
0.26250,-0.03138,0.00000,0.60000
0.26260,-0.03163,0.00000,0.60000
0.26270,-0.03188,0.00000,0.60000
0.26280,-0.03214,0.00000,0.60000
0.26290,-0.03239,0.00000,0.60000
0.26300,-0.03264,0.00000,0.60000
0.26310,-0.03289,0.00000,0.60000
0.26320,-0.03314,0.00000,0.60000
0.26330,-0.03339,0.00000,0.60000
0.26340,-0.03364,0.00000,0.60000
0.26350,-0.03389,0.00000,0.60000
0.26360,-0.03414,0.00000,0.60000
0.26370,-0.03439,0.00000,0.60000
0.26380,-0.03464,0.00000,0.60000
0.26390,-0.03489,0.00000,0.60000
0.26400,-0.03514,0.00000,0.60000
0.26410,-0.03539,0.00000,0.60000
0.26420,-0.03564,0.00000,0.60000
0.26430,-0.03589,0.00000,0.60000
0.26440,-0.03614,0.00000,0.60000
0.26450,-0.03639,0.00000,0.60000
0.26460,-0.03664,0.00000,0.60000
0.26470,-0.03689,0.00000,0.60000
0.26480,-0.03714,0.00000,0.60000
0.26490,-0.03739,0.00000,0.60000
0.26500,-0.03764,0.00000,0.60000
0.26510,-0.03789,0.00000,0.60000
0.26520,-0.03814,0.00000,0.60000
0.26530,-0.03839,0.00000,0.60000
0.26540,-0.03864,0.00000,0.60000
0.26550,-0.03889,0.00000,0.60000
0.26560,-0.03914,0.00000,0.60000
0.26570,-0.03939,0.00000,0.60000
0.26580,-0.03964,0.00000,0.60000
0.26590,-0.03989,0.00000,0.60000
0.26600,-0.04014,0.00000,0.60000
0.26610,-0.04039,0.00000,0.60000
0.26620,-0.04064,0.00000,0.60000
0.26630,-0.04089,0.00000,0.60000
0.26640,-0.04114,0.00000,0.60000
0.26650,-0.04139,0.00000,0.60000
0.26660,-0.04164,0.00000,0.60000
0.26670,-0.04189,0.00000,0.60000
0.26680,-0.04214,0.00000,0.60000
0.26690,-0.04239,0.00000,0.60000
0.26700,-0.04264,0.00000,0.60000
0.26710,-0.04289,0.00000,0.60000
0.26720,-0.04314,0.00000,0.60000
0.26730,-0.04339,0.00000,0.60000
0.26740,-0.04364,0.00000,0.60000
0.26750,-0.04389,0.00000,0.60000
0.26760,-0.04414,0.00000,0.60000
0.26770,-0.04439,0.00000,0.60000
0.26780,-0.04464,0.00000,0.60000
0.26790,-0.04489,0.00000,0.60000
0.26800,-0.04514,0.00000,0.60000
0.26810,-0.04539,0.00000,0.60000
0.26820,-0.04564,0.00000,0.60000
0.26830,-0.04589,0.00000,0.60000
0.26840,-0.04614,0.00000,0.60000
0.26850,-0.04639,0.00000,0.60000
0.26860,-0.04664,0.00000,0.60000
0.26870,-0.04689,0.00000,0.60000
0.26880,-0.04714,0.00000,0.60000
0.26890,-0.04739,0.00000,0.60000
0.26900,-0.04764,0.00000,0.60000
0.26910,-0.04789,0.00000,0.60000
0.26920,-0.04814,0.00000,0.60000
0.26930,-0.04839,0.00000,0.60000
0.26940,-0.04864,0.00000,0.60000
0.26950,-0.04889,0.00000,0.60000
0.26960,-0.04914,0.00000,0.60000
0.26970,-0.04939,0.00000,0.60000
0.26980,-0.04963,0.00000,0.60000
0.26990,-0.04988,0.00000,0.60000
0.27000,-0.05013,0.00000,0.60000
0.27010,-0.05038,0.00000,0.60000
0.27020,-0.05063,0.00000,0.60000
0.27030,-0.05088,0.00000,0.60000
0.27040,-0.05113,0.00000,0.60000
0.27050,-0.05138,0.00000,0.60000
0.27060,-0.05163,0.00000,0.60000
0.27070,-0.05188,0.00000,0.60000
0.27080,-0.05213,0.00000,0.60000
0.27090,-0.05238,0.00000,0.60000
0.27100,-0.05263,0.00000,0.60000
0.27110,-0.05287,0.00000,0.60000
0.27120,-0.05312,0.00000,0.60000
0.27130,-0.05337,0.00000,0.60000
0.27140,-0.05362,0.00000,0.60000
0.27150,-0.05387,0.00000,0.60000
0.27160,-0.05412,0.00000,0.60000
0.27170,-0.05437,0.00000,0.60000
0.27180,-0.05462,0.00000,0.60000
0.27190,-0.05487,0.00000,0.60000
0.27200,-0.05512,0.00000,0.60000
0.27210,-0.05537,0.00000,0.60000
0.27220,-0.05561,0.00000,0.60000
0.27230,-0.05586,0.00000,0.60000
0.27240,-0.05611,0.00000,0.60000
0.27250,-0.05636,0.00000,0.60000
0.27260,-0.05661,0.00000,0.60000
0.27270,-0.05686,0.00000,0.60000
0.27280,-0.05711,0.00000,0.60000
0.27290,-0.05736,0.00000,0.60000
0.27300,-0.05760,0.00000,0.60000
0.27310,-0.05785,0.00000,0.60000
0.27320,-0.05810,0.00000,0.60000
0.27330,-0.05835,0.00000,0.60000
0.27340,-0.05860,0.00000,0.60000
0.27350,-0.05885,0.00000,0.60000
0.27360,-0.05910,0.00000,0.60000
0.27370,-0.05934,0.00000,0.60000
0.27380,-0.05959,0.00000,0.60000
0.27390,-0.05984,0.00000,0.60000
0.27400,-0.06009,0.00000,0.60000
0.27410,-0.06034,0.00000,0.60000
0.27420,-0.06059,0.00000,0.60000
0.27430,-0.06084,0.00000,0.60000
0.27440,-0.06108,0.00000,0.60000
0.27450,-0.06133,0.00000,0.60000
0.27460,-0.06158,0.00000,0.60000
0.27470,-0.06183,0.00000,0.60000
0.27480,-0.06208,0.00000,0.60000
0.27490,-0.06233,0.00000,0.60000
0.27500,-0.06257,0.00000,0.60000
0.27510,-0.06282,0.00000,0.60000
0.27520,-0.06307,0.00000,0.60000
0.27530,-0.06332,0.00000,0.60000
0.27540,-0.06357,0.00000,0.60000
0.27550,-0.06381,0.00000,0.60000
0.27560,-0.06406,0.00000,0.60000
0.27570,-0.06431,0.00000,0.60000
0.27580,-0.06456,0.00000,0.60000
0.27590,-0.06481,0.00000,0.60000
0.27600,-0.06505,0.00000,0.60000
0.27610,-0.06530,0.00000,0.60000
0.27620,-0.06555,0.00000,0.60000
0.27630,-0.06580,0.00000,0.60000
0.27640,-0.06605,0.00000,0.60000
0.27650,-0.06629,0.00000,0.60000
0.27660,-0.06654,0.00000,0.60000
0.27670,-0.06679,0.00000,0.60000
0.27680,-0.06704,0.00000,0.60000
0.27690,-0.06729,0.00000,0.60000
0.27700,-0.06753,0.00000,0.60000
0.27710,-0.06778,0.00000,0.60000
0.27720,-0.06803,0.00000,0.60000
0.27730,-0.06828,0.00000,0.60000
0.27740,-0.06852,0.00000,0.60000
0.27750,-0.06877,0.00000,0.60000
0.27760,-0.06902,0.00000,0.60000
0.27770,-0.06927,0.00000,0.60000
0.27780,-0.06951,0.00000,0.60000
0.27790,-0.06976,0.00000,0.60000
0.27800,-0.07001,0.00000,0.60000
0.27810,-0.07026,0.00000,0.60000
0.27820,-0.07050,0.00000,0.60000
0.27830,-0.07075,0.00000,0.60000
0.27840,-0.07100,0.00000,0.60000
0.27850,-0.07125,0.00000,0.60000
0.27860,-0.07149,0.00000,0.60000
0.27870,-0.07174,0.00000,0.60000
0.27880,-0.07199,0.00000,0.60000
0.27890,-0.07224,0.00000,0.60000
0.27900,-0.07248,0.00000,0.60000
0.27910,-0.07273,0.00000,0.60000
0.27920,-0.07298,0.00000,0.60000
0.27930,-0.07322,0.00000,0.60000
0.27940,-0.07347,0.00000,0.60000
0.27950,-0.07372,0.00000,0.60000
0.27960,-0.07396,0.00000,0.60000
0.27970,-0.07421,0.00000,0.60000
0.27980,-0.07446,0.00000,0.60000
0.27990,-0.07471,0.00000,0.60000
0.28000,-0.07495,0.00000,0.60000
0.28010,-0.07520,0.00000,0.60000
0.28020,-0.07545,0.00000,0.60000
0.28030,-0.07569,0.00000,0.60000
0.28040,-0.07594,0.00000,0.60000
0.28050,-0.07619,0.00000,0.60000
0.28060,-0.07643,0.00000,0.60000
0.28070,-0.07668,0.00000,0.60000
0.28080,-0.07693,0.00000,0.60000
0.28090,-0.07717,0.00000,0.60000
0.28100,-0.07742,0.00000,0.60000
0.28110,-0.07767,0.00000,0.60000
0.28120,-0.07791,0.00000,0.60000
0.28130,-0.07816,0.00000,0.60000
0.28140,-0.07841,0.00000,0.60000
0.28150,-0.07865,0.00000,0.60000
0.28160,-0.07890,0.00000,0.60000
0.28170,-0.07915,0.00000,0.60000
0.28180,-0.07939,0.00000,0.60000
0.28190,-0.07964,0.00000,0.60000
0.28200,-0.07988,0.00000,0.60000
0.28210,-0.08013,0.00000,0.60000
0.28220,-0.08038,0.00000,0.60000
0.28230,-0.08062,0.00000,0.60000
0.28240,-0.08087,0.00000,0.60000
0.28250,-0.08111,0.00000,0.60000
0.28260,-0.08136,0.00000,0.60000
0.28270,-0.08161,0.00000,0.60000
0.28280,-0.08185,0.00000,0.60000
0.28290,-0.08210,0.00000,0.60000
0.28300,-0.08235,0.00000,0.60000
0.28310,-0.08259,0.00000,0.60000
0.28320,-0.08284,0.00000,0.60000
0.28330,-0.08308,0.00000,0.60000
0.28340,-0.08333,0.00000,0.60000
0.28350,-0.08357,0.00000,0.60000
0.28360,-0.08382,0.00000,0.60000
0.28370,-0.08407,0.00000,0.60000
0.28380,-0.08431,0.00000,0.60000
0.28390,-0.08456,0.00000,0.60000
0.28400,-0.08480,0.00000,0.60000
0.28410,-0.08505,0.00000,0.60000
0.28420,-0.08529,0.00000,0.60000
0.28430,-0.08554,0.00000,0.60000
0.28440,-0.08579,0.00000,0.60000
0.28450,-0.08603,0.00000,0.60000
0.28460,-0.08628,0.00000,0.60000
0.28470,-0.08652,0.00000,0.60000
0.28480,-0.08677,0.00000,0.60000
0.28490,-0.08701,0.00000,0.60000
0.28500,-0.08726,0.00000,0.60000
0.28510,-0.08750,0.00000,0.60000
0.28520,-0.08775,0.00000,0.60000
0.28530,-0.08799,0.00000,0.60000
0.28540,-0.08824,0.00000,0.60000
0.28550,-0.08848,0.00000,0.60000
0.28560,-0.08873,0.00000,0.60000
0.28570,-0.08897,0.00000,0.60000
0.28580,-0.08922,0.00000,0.60000
0.28590,-0.08946,0.00000,0.60000
0.28600,-0.08971,0.00000,0.60000
0.28610,-0.08995,0.00000,0.60000
0.28620,-0.09020,0.00000,0.60000
0.28630,-0.09044,0.00000,0.60000
0.28640,-0.09069,0.00000,0.60000
0.28650,-0.09093,0.00000,0.60000
0.28660,-0.09118,0.00000,0.60000
0.28670,-0.09142,0.00000,0.60000
0.28680,-0.09167,0.00000,0.60000
0.28690,-0.09191,0.00000,0.60000
0.28700,-0.09216,0.00000,0.60000
0.28710,-0.09240,0.00000,0.60000
0.28720,-0.09264,0.00000,0.60000
0.28730,-0.09289,0.00000,0.60000
0.28740,-0.09313,0.00000,0.60000
0.28750,-0.09338,0.00000,0.60000
0.28760,-0.09362,0.00000,0.60000
0.28770,-0.09387,0.00000,0.60000
0.28780,-0.09411,0.00000,0.60000
0.28790,-0.09436,0.00000,0.60000
0.28800,-0.09460,0.00000,0.60000
0.28810,-0.09484,0.00000,0.60000
0.28820,-0.09509,0.00000,0.60000
0.28830,-0.09533,0.00000,0.60000
0.28840,-0.09558,0.00000,0.60000
0.28850,-0.09582,0.00000,0.60000
0.28860,-0.09606,0.00000,0.60000
0.28870,-0.09631,0.00000,0.60000
0.28880,-0.09655,0.00000,0.60000
0.28890,-0.09680,0.00000,0.60000
0.28900,-0.09704,0.00000,0.60000
0.28910,-0.09728,0.00000,0.60000
0.28920,-0.09753,0.00000,0.60000
0.28930,-0.09777,0.00000,0.60000
0.28940,-0.09801,0.00000,0.60000
0.28950,-0.09826,0.00000,0.60000
0.28960,-0.09850,0.00000,0.60000
0.28970,-0.09875,0.00000,0.60000
0.28980,-0.09899,0.00000,0.60000
0.28990,-0.09923,0.00000,0.60000
0.29000,-0.09948,0.00000,0.60000
0.29010,-0.09972,0.00000,0.60000
0.29020,-0.09996,0.00000,0.60000
0.29030,-0.10021,0.00000,0.60000
0.29040,-0.10045,0.00000,0.60000
0.29050,-0.10069,0.00000,0.60000
0.29060,-0.10094,0.00000,0.60000
0.29070,-0.10118,0.00000,0.60000
0.29080,-0.10142,0.00000,0.60000
0.29090,-0.10167,0.00000,0.60000
0.29100,-0.10191,0.00000,0.60000
0.29110,-0.10215,0.00000,0.60000
0.29120,-0.10239,0.00000,0.60000
0.29130,-0.10264,0.00000,0.60000
0.29140,-0.10288,0.00000,0.60000
0.29150,-0.10312,0.00000,0.60000
0.29160,-0.10337,0.00000,0.60000
0.29170,-0.10361,0.00000,0.60000
0.29180,-0.10385,0.00000,0.60000
0.29190,-0.10409,0.00000,0.60000
0.29200,-0.10434,0.00000,0.60000
0.29210,-0.10458,0.00000,0.60000
0.29220,-0.10482,0.00000,0.60000
0.29230,-0.10506,0.00000,0.60000
0.29240,-0.10531,0.00000,0.60000
0.29250,-0.10555,0.00000,0.60000
0.29260,-0.10579,0.00000,0.60000
0.29270,-0.10603,0.00000,0.60000
0.29280,-0.10628,0.00000,0.60000
0.29290,-0.10652,0.00000,0.60000
0.29300,-0.10676,0.00000,0.60000
0.29310,-0.10700,0.00000,0.60000
0.29320,-0.10725,0.00000,0.60000
0.29330,-0.10749,0.00000,0.60000
0.29340,-0.10773,0.00000,0.60000
0.29350,-0.10797,0.00000,0.60000
0.29360,-0.10821,0.00000,0.60000
0.29370,-0.10846,0.00000,0.60000
0.29380,-0.10870,0.00000,0.60000
0.29390,-0.10894,0.00000,0.60000
0.29400,-0.10918,0.00000,0.60000
0.29410,-0.10942,0.00000,0.60000
0.29420,-0.10966,0.00000,0.60000
0.29430,-0.10991,0.00000,0.60000
0.29440,-0.11015,0.00000,0.60000
0.29450,-0.11039,0.00000,0.60000
0.29460,-0.11063,0.00000,0.60000
0.29470,-0.11087,0.00000,0.60000
0.29480,-0.11111,0.00000,0.60000
0.29490,-0.11136,0.00000,0.60000
0.29500,-0.11160,0.00000,0.60000
0.29510,-0.11184,0.00000,0.60000
0.29520,-0.11208,0.00000,0.60000
0.29530,-0.11232,0.00000,0.60000
0.29540,-0.11256,0.00000,0.60000
0.29550,-0.11280,0.00000,0.60000
0.29560,-0.11304,0.00000,0.60000
0.29570,-0.11328,0.00000,0.60000
0.29580,-0.11353,0.00000,0.60000
0.29590,-0.11377,0.00000,0.60000
0.29600,-0.11401,0.00000,0.60000
0.29610,-0.11425,0.00000,0.60000
0.29620,-0.11449,0.00000,0.60000
0.29630,-0.11473,0.00000,0.60000
0.29640,-0.11497,0.00000,0.60000
0.29650,-0.11521,0.00000,0.60000
0.29660,-0.11545,0.00000,0.60000
0.29670,-0.11569,0.00000,0.60000
0.29680,-0.11593,0.00000,0.60000
0.29690,-0.11617,0.00000,0.60000
0.29700,-0.11641,0.00000,0.60000
0.29710,-0.11665,0.00000,0.60000
0.29720,-0.11690,0.00000,0.60000
0.29730,-0.11714,0.00000,0.60000
0.29740,-0.11738,0.00000,0.60000
0.29750,-0.11762,0.00000,0.60000
0.29760,-0.11786,0.00000,0.60000
0.29770,-0.11810,0.00000,0.60000
0.29780,-0.11834,0.00000,0.60000
0.29790,-0.11858,0.00000,0.60000
0.29800,-0.11882,0.00000,0.60000
0.29810,-0.11906,0.00000,0.60000
0.29820,-0.11930,0.00000,0.60000
0.29830,-0.11954,0.00000,0.60000
0.29840,-0.11978,0.00000,0.60000
0.29850,-0.12002,0.00000,0.60000
0.29860,-0.12026,0.00000,0.60000
0.29870,-0.12050,0.00000,0.60000
0.29880,-0.12073,0.00000,0.60000
0.29890,-0.12097,0.00000,0.60000
0.29900,-0.12121,0.00000,0.60000
0.29910,-0.12145,0.00000,0.60000
0.29920,-0.12169,0.00000,0.60000
0.29930,-0.12193,0.00000,0.60000
0.29940,-0.12217,0.00000,0.60000
0.29950,-0.12241,0.00000,0.60000
0.29960,-0.12265,0.00000,0.60000
0.29970,-0.12289,0.00000,0.60000
0.29980,-0.12313,0.00000,0.60000
0.29990,-0.12337,0.00000,0.60000
0.30000,-0.12361,0.00000,0.60000
0.30010,-0.12385,0.00000,0.60000
0.30020,-0.12408,0.00000,0.60000
0.30030,-0.12432,0.00000,0.60000
0.30040,-0.12456,0.00000,0.60000
0.30050,-0.12480,0.00000,0.60000
0.30060,-0.12504,0.00000,0.60000
0.30070,-0.12528,0.00000,0.60000
0.30080,-0.12552,0.00000,0.60000
0.30090,-0.12576,0.00000,0.60000
0.30100,-0.12599,0.00000,0.60000
0.30110,-0.12623,0.00000,0.60000
0.30120,-0.12647,0.00000,0.60000
0.30130,-0.12671,0.00000,0.60000
0.30140,-0.12695,0.00000,0.60000
0.30150,-0.12719,0.00000,0.60000
0.30160,-0.12742,0.00000,0.60000
0.30170,-0.12766,0.00000,0.60000
0.30180,-0.12790,0.00000,0.60000
0.30190,-0.12814,0.00000,0.60000
0.30200,-0.12838,0.00000,0.60000
0.30210,-0.12862,0.00000,0.60000
0.30220,-0.12885,0.00000,0.60000
0.30230,-0.12909,0.00000,0.60000
0.30240,-0.12933,0.00000,0.60000
0.30250,-0.12957,0.00000,0.60000
0.30260,-0.12980,0.00000,0.60000
0.30270,-0.13004,0.00000,0.60000
0.30280,-0.13028,0.00000,0.60000
0.30290,-0.13052,0.00000,0.60000
0.30300,-0.13076,0.00000,0.60000
0.30310,-0.13099,0.00000,0.60000
0.30320,-0.13123,0.00000,0.60000
0.30330,-0.13147,0.00000,0.60000
0.30340,-0.13170,0.00000,0.60000
0.30350,-0.13194,0.00000,0.60000
0.30360,-0.13218,0.00000,0.60000
0.30370,-0.13242,0.00000,0.60000
0.30380,-0.13265,0.00000,0.60000
0.30390,-0.13289,0.00000,0.60000
0.30400,-0.13313,0.00000,0.60000
0.30410,-0.13336,0.00000,0.60000
0.30420,-0.13360,0.00000,0.60000
0.30430,-0.13384,0.00000,0.60000
0.30440,-0.13408,0.00000,0.60000
0.30450,-0.13431,0.00000,0.60000
0.30460,-0.13455,0.00000,0.60000
0.30470,-0.13479,0.00000,0.60000
0.30480,-0.13502,0.00000,0.60000
0.30490,-0.13526,0.00000,0.60000
0.30500,-0.13550,0.00000,0.60000
0.30510,-0.13573,0.00000,0.60000
0.30520,-0.13597,0.00000,0.60000
0.30530,-0.13620,0.00000,0.60000
0.30540,-0.13644,0.00000,0.60000
0.30550,-0.13668,0.00000,0.60000
0.30560,-0.13691,0.00000,0.60000
0.30570,-0.13715,0.00000,0.60000
0.30580,-0.13739,0.00000,0.60000
0.30590,-0.13762,0.00000,0.60000
0.30600,-0.13786,0.00000,0.60000
0.30610,-0.13809,0.00000,0.60000
0.30620,-0.13833,0.00000,0.60000
0.30630,-0.13856,0.00000,0.60000
0.30640,-0.13880,0.00000,0.60000
0.30650,-0.13904,0.00000,0.60000
0.30660,-0.13927,0.00000,0.60000
0.30670,-0.13951,0.00000,0.60000
0.30680,-0.13974,0.00000,0.60000
0.30690,-0.13998,0.00000,0.60000
0.30700,-0.14021,0.00000,0.60000
0.30710,-0.14045,0.00000,0.60000
0.30720,-0.14068,0.00000,0.60000
0.30730,-0.14092,0.00000,0.60000
0.30740,-0.14115,0.00000,0.60000
0.30750,-0.14139,0.00000,0.60000
0.30760,-0.14163,0.00000,0.60000
0.30770,-0.14186,0.00000,0.60000
0.30780,-0.14209,0.00000,0.60000
0.30790,-0.14233,0.00000,0.60000
0.30800,-0.14256,0.00000,0.60000
0.30810,-0.14280,0.00000,0.60000
0.30820,-0.14303,0.00000,0.60000
0.30830,-0.14327,0.00000,0.60000
0.30840,-0.14350,0.00000,0.60000
0.30850,-0.14374,0.00000,0.60000
0.30860,-0.14397,0.00000,0.60000
0.30870,-0.14421,0.00000,0.60000
0.30880,-0.14444,0.00000,0.60000
0.30890,-0.14468,0.00000,0.60000
0.30900,-0.14491,0.00000,0.60000
0.30910,-0.14514,0.00000,0.60000
0.30920,-0.14538,0.00000,0.60000
0.30930,-0.14561,0.00000,0.60000
0.30940,-0.14585,0.00000,0.60000
0.30950,-0.14608,0.00000,0.60000
0.30960,-0.14631,0.00000,0.60000
0.30970,-0.14655,0.00000,0.60000
0.30980,-0.14678,0.00000,0.60000
0.30990,-0.14702,0.00000,0.60000
0.31000,-0.14725,0.00000,0.60000
0.31010,-0.14748,0.00000,0.60000
0.31020,-0.14772,0.00000,0.60000
0.31030,-0.14795,0.00000,0.60000
0.31040,-0.14818,0.00000,0.60000
0.31050,-0.14842,0.00000,0.60000
0.31060,-0.14865,0.00000,0.60000
0.31070,-0.14888,0.00000,0.60000
0.31080,-0.14912,0.00000,0.60000
0.31090,-0.14935,0.00000,0.60000
0.31100,-0.14958,0.00000,0.60000
0.31110,-0.14982,0.00000,0.60000
0.31120,-0.15005,0.00000,0.60000
0.31130,-0.15028,0.00000,0.60000
0.31140,-0.15052,0.00000,0.60000
0.31150,-0.15075,0.00000,0.60000
0.31160,-0.15098,0.00000,0.60000
0.31170,-0.15121,0.00000,0.60000
0.31180,-0.15145,0.00000,0.60000
0.31190,-0.15168,0.00000,0.60000
0.31200,-0.15191,0.00000,0.60000
0.31210,-0.15214,0.00000,0.60000
0.31220,-0.15238,0.00000,0.60000
0.31230,-0.15261,0.00000,0.60000
0.31240,-0.15284,0.00000,0.60000
0.31250,-0.15307,0.00000,0.60000
0.31260,-0.15331,0.00000,0.60000
0.31270,-0.15354,0.00000,0.60000
0.31280,-0.15377,0.00000,0.60000
0.31290,-0.15400,0.00000,0.60000
0.31300,-0.15423,0.00000,0.60000
0.31310,-0.15447,0.00000,0.60000
0.31320,-0.15470,0.00000,0.60000
0.31330,-0.15493,0.00000,0.60000
0.31340,-0.15516,0.00000,0.60000
0.31350,-0.15539,0.00000,0.60000
0.31360,-0.15562,0.00000,0.60000
0.31370,-0.15586,0.00000,0.60000
0.31380,-0.15609,0.00000,0.60000
0.31390,-0.15632,0.00000,0.60000
0.31400,-0.15655,0.00000,0.60000
0.31410,-0.15678,0.00000,0.60000
0.31420,-0.15701,0.00000,0.60000
0.31430,-0.15724,0.00000,0.60000
0.31440,-0.15747,0.00000,0.60000
0.31450,-0.15771,0.00000,0.60000
0.31460,-0.15794,0.00000,0.60000
0.31470,-0.15817,0.00000,0.60000
0.31480,-0.15840,0.00000,0.60000
0.31490,-0.15863,0.00000,0.60000
0.31500,-0.15886,0.00000,0.60000
0.31510,-0.15909,0.00000,0.60000
0.31520,-0.15932,0.00000,0.60000
0.31530,-0.15955,0.00000,0.60000
0.31540,-0.15978,0.00000,0.60000
0.31550,-0.16001,0.00000,0.60000
0.31560,-0.16024,0.00000,0.60000
0.31570,-0.16047,0.00000,0.60000
0.31580,-0.16070,0.00000,0.60000
0.31590,-0.16093,0.00000,0.60000
0.31600,-0.16116,0.00000,0.60000
0.31610,-0.16139,0.00000,0.60000
0.31620,-0.16162,0.00000,0.60000
0.31630,-0.16185,0.00000,0.60000
0.31640,-0.16208,0.00000,0.60000
0.31650,-0.16231,0.00000,0.60000
0.31660,-0.16254,0.00000,0.60000
0.31670,-0.16277,0.00000,0.60000
0.31680,-0.16300,0.00000,0.60000
0.31690,-0.16323,0.00000,0.60000
0.31700,-0.16346,0.00000,0.60000
0.31710,-0.16369,0.00000,0.60000
0.31720,-0.16392,0.00000,0.60000
0.31730,-0.16415,0.00000,0.60000
0.31740,-0.16438,0.00000,0.60000
0.31750,-0.16461,0.00000,0.60000
0.31760,-0.16483,0.00000,0.60000
0.31770,-0.16506,0.00000,0.60000
0.31780,-0.16529,0.00000,0.60000
0.31790,-0.16552,0.00000,0.60000
0.31800,-0.16575,0.00000,0.60000
0.31810,-0.16598,0.00000,0.60000
0.31820,-0.16621,0.00000,0.60000
0.31830,-0.16644,0.00000,0.60000
0.31840,-0.16666,0.00000,0.60000
0.31850,-0.16689,0.00000,0.60000
0.31860,-0.16712,0.00000,0.60000
0.31870,-0.16735,0.00000,0.60000
0.31880,-0.16758,0.00000,0.60000
0.31890,-0.16781,0.00000,0.60000
0.31900,-0.16803,0.00000,0.60000
0.31910,-0.16826,0.00000,0.60000
0.31920,-0.16849,0.00000,0.60000
0.31930,-0.16872,0.00000,0.60000
0.31940,-0.16895,0.00000,0.60000
0.31950,-0.16917,0.00000,0.60000
0.31960,-0.16940,0.00000,0.60000
0.31970,-0.16963,0.00000,0.60000
0.31980,-0.16986,0.00000,0.60000
0.31990,-0.17008,0.00000,0.60000
0.32000,-0.17031,0.00000,0.60000
0.32010,-0.17054,0.00000,0.60000
0.32020,-0.17077,0.00000,0.60000
0.32030,-0.17099,0.00000,0.60000
0.32040,-0.17122,0.00000,0.60000
0.32050,-0.17145,0.00000,0.60000
0.32060,-0.17167,0.00000,0.60000
0.32070,-0.17190,0.00000,0.60000
0.32080,-0.17213,0.00000,0.60000
0.32090,-0.17236,0.00000,0.60000
0.32100,-0.17258,0.00000,0.60000
0.32110,-0.17281,0.00000,0.60000
0.32120,-0.17304,0.00000,0.60000
0.32130,-0.17326,0.00000,0.60000
0.32140,-0.17349,0.00000,0.60000
0.32150,-0.17372,0.00000,0.60000
0.32160,-0.17394,0.00000,0.60000
0.32170,-0.17417,0.00000,0.60000
0.32180,-0.17439,0.00000,0.60000
0.32190,-0.17462,0.00000,0.60000
0.32200,-0.17485,0.00000,0.60000
0.32210,-0.17507,0.00000,0.60000
0.32220,-0.17530,0.00000,0.60000
0.32230,-0.17552,0.00000,0.60000
0.32240,-0.17575,0.00000,0.60000
0.32250,-0.17598,0.00000,0.60000
0.32260,-0.17620,0.00000,0.60000
0.32270,-0.17643,0.00000,0.60000
0.32280,-0.17665,0.00000,0.60000
0.32290,-0.17688,0.00000,0.60000
0.32300,-0.17710,0.00000,0.60000
0.32310,-0.17733,0.00000,0.60000
0.32320,-0.17755,0.00000,0.60000
0.32330,-0.17778,0.00000,0.60000
0.32340,-0.17800,0.00000,0.60000
0.32350,-0.17823,0.00000,0.60000
0.32360,-0.17845,0.00000,0.60000
0.32370,-0.17868,0.00000,0.60000
0.32380,-0.17890,0.00000,0.60000
0.32390,-0.17913,0.00000,0.60000
0.32400,-0.17935,0.00000,0.60000
0.32410,-0.17958,0.00000,0.60000
0.32420,-0.17980,0.00000,0.60000
0.32430,-0.18003,0.00000,0.60000
0.32440,-0.18025,0.00000,0.60000
0.32450,-0.18048,0.00000,0.60000
0.32460,-0.18070,0.00000,0.60000
0.32470,-0.18092,0.00000,0.60000
0.32480,-0.18115,0.00000,0.60000
0.32490,-0.18137,0.00000,0.60000
0.32500,-0.18160,0.00000,0.60000
0.32510,-0.18182,0.00000,0.60000
0.32520,-0.18204,0.00000,0.60000
0.32530,-0.18227,0.00000,0.60000
0.32540,-0.18249,0.00000,0.60000
0.32550,-0.18271,0.00000,0.60000
0.32560,-0.18294,0.00000,0.60000
0.32570,-0.18316,0.00000,0.60000
0.32580,-0.18339,0.00000,0.60000
0.32590,-0.18361,0.00000,0.60000
0.32600,-0.18383,0.00000,0.60000
0.32610,-0.18406,0.00000,0.60000
0.32620,-0.18428,0.00000,0.60000
0.32630,-0.18450,0.00000,0.60000
0.32640,-0.18472,0.00000,0.60000
0.32650,-0.18495,0.00000,0.60000
0.32660,-0.18517,0.00000,0.60000
0.32670,-0.18539,0.00000,0.60000
0.32680,-0.18562,0.00000,0.60000
0.32690,-0.18584,0.00000,0.60000
0.32700,-0.18606,0.00000,0.60000
0.32710,-0.18628,0.00000,0.60000
0.32720,-0.18651,0.00000,0.60000
0.32730,-0.18673,0.00000,0.60000
0.32740,-0.18695,0.00000,0.60000
0.32750,-0.18717,0.00000,0.60000
0.32760,-0.18739,0.00000,0.60000
0.32770,-0.18762,0.00000,0.60000
0.32780,-0.18784,0.00000,0.60000
0.32790,-0.18806,0.00000,0.60000
0.32800,-0.18828,0.00000,0.60000
0.32810,-0.18850,0.00000,0.60000
0.32820,-0.18872,0.00000,0.60000
0.32830,-0.18895,0.00000,0.60000
0.32840,-0.18917,0.00000,0.60000
0.32850,-0.18939,0.00000,0.60000
0.32860,-0.18961,0.00000,0.60000
0.32870,-0.18983,0.00000,0.60000
0.32880,-0.19005,0.00000,0.60000
0.32890,-0.19027,0.00000,0.60000
0.32900,-0.19050,0.00000,0.60000
0.32910,-0.19072,0.00000,0.60000
0.32920,-0.19094,0.00000,0.60000
0.32930,-0.19116,0.00000,0.60000
0.32940,-0.19138,0.00000,0.60000
0.32950,-0.19160,0.00000,0.60000
0.32960,-0.19182,0.00000,0.60000
0.32970,-0.19204,0.00000,0.60000
0.32980,-0.19226,0.00000,0.60000
0.32990,-0.19248,0.00000,0.60000
0.33000,-0.19270,0.00000,0.60000
0.33010,-0.19292,0.00000,0.60000
0.33020,-0.19314,0.00000,0.60000
0.33030,-0.19336,0.00000,0.60000
0.33040,-0.19358,0.00000,0.60000
0.33050,-0.19380,0.00000,0.60000
0.33060,-0.19402,0.00000,0.60000
0.33070,-0.19424,0.00000,0.60000
0.33080,-0.19446,0.00000,0.60000
0.33090,-0.19468,0.00000,0.60000
0.33100,-0.19490,0.00000,0.60000
0.33110,-0.19512,0.00000,0.60000
0.33120,-0.19534,0.00000,0.60000
0.33130,-0.19556,0.00000,0.60000
0.33140,-0.19578,0.00000,0.60000
0.33150,-0.19600,0.00000,0.60000
0.33160,-0.19622,0.00000,0.60000
0.33170,-0.19643,0.00000,0.60000
0.33180,-0.19665,0.00000,0.60000
0.33190,-0.19687,0.00000,0.60000
0.33200,-0.19709,0.00000,0.60000
0.33210,-0.19731,0.00000,0.60000
0.33220,-0.19753,0.00000,0.60000
0.33230,-0.19775,0.00000,0.60000
0.33240,-0.19797,0.00000,0.60000
0.33250,-0.19818,0.00000,0.60000
0.33260,-0.19840,0.00000,0.60000
0.33270,-0.19862,0.00000,0.60000
0.33280,-0.19884,0.00000,0.60000
0.33290,-0.19906,0.00000,0.60000
0.33300,-0.19927,0.00000,0.60000
0.33310,-0.19949,0.00000,0.60000
0.33320,-0.19971,0.00000,0.60000
0.33330,-0.19993,0.00000,0.60000
0.33340,-0.20015,0.00000,0.60000
0.33350,-0.20036,0.00000,0.60000
0.33360,-0.20058,0.00000,0.60000
0.33370,-0.20080,0.00000,0.60000
0.33380,-0.20101,0.00000,0.60000
0.33390,-0.20123,0.00000,0.60000
0.33400,-0.20145,0.00000,0.60000
0.33410,-0.20167,0.00000,0.60000
0.33420,-0.20188,0.00000,0.60000
0.33430,-0.20210,0.00000,0.60000
0.33440,-0.20232,0.00000,0.60000
0.33450,-0.20253,0.00000,0.60000
0.33460,-0.20275,0.00000,0.60000
0.33470,-0.20297,0.00000,0.60000
0.33480,-0.20318,0.00000,0.60000
0.33490,-0.20340,0.00000,0.60000
0.33500,-0.20362,0.00000,0.60000
0.33510,-0.20383,0.00000,0.60000
0.33520,-0.20405,0.00000,0.60000
0.33530,-0.20427,0.00000,0.60000
0.33540,-0.20448,0.00000,0.60000
0.33550,-0.20470,0.00000,0.60000
0.33560,-0.20491,0.00000,0.60000
0.33570,-0.20513,0.00000,0.60000
0.33580,-0.20534,0.00000,0.60000
0.33590,-0.20556,0.00000,0.60000
0.33600,-0.20578,0.00000,0.60000
0.33610,-0.20599,0.00000,0.60000
0.33620,-0.20621,0.00000,0.60000
0.33630,-0.20642,0.00000,0.60000
0.33640,-0.20664,0.00000,0.60000
0.33650,-0.20685,0.00000,0.60000
0.33660,-0.20707,0.00000,0.60000
0.33670,-0.20728,0.00000,0.60000
0.33680,-0.20750,0.00000,0.60000
0.33690,-0.20771,0.00000,0.60000
0.33700,-0.20793,0.00000,0.60000
0.33710,-0.20814,0.00000,0.60000
0.33720,-0.20836,0.00000,0.60000
0.33730,-0.20857,0.00000,0.60000
0.33740,-0.20879,0.00000,0.60000
0.33750,-0.20900,0.00000,0.60000
0.33760,-0.20921,0.00000,0.60000
0.33770,-0.20943,0.00000,0.60000
0.33780,-0.20964,0.00000,0.60000
0.33790,-0.20986,0.00000,0.60000
0.33800,-0.21007,0.00000,0.60000
0.33810,-0.21028,0.00000,0.60000
0.33820,-0.21050,0.00000,0.60000
0.33830,-0.21071,0.00000,0.60000
0.33840,-0.21092,0.00000,0.60000
0.33850,-0.21114,0.00000,0.60000
0.33860,-0.21135,0.00000,0.60000
0.33870,-0.21156,0.00000,0.60000
0.33880,-0.21178,0.00000,0.60000
0.33890,-0.21199,0.00000,0.60000
0.33900,-0.21220,0.00000,0.60000
0.33910,-0.21242,0.00000,0.60000
0.33920,-0.21263,0.00000,0.60000
0.33930,-0.21284,0.00000,0.60000
0.33940,-0.21306,0.00000,0.60000
0.33950,-0.21327,0.00000,0.60000
0.33960,-0.21348,0.00000,0.60000
0.33970,-0.21369,0.00000,0.60000
0.33980,-0.21391,0.00000,0.60000
0.33990,-0.21412,0.00000,0.60000
0.34000,-0.21433,0.00000,0.60000
0.34010,-0.21454,0.00000,0.60000
0.34020,-0.21475,0.00000,0.60000
0.34030,-0.21497,0.00000,0.60000
0.34040,-0.21518,0.00000,0.60000
0.34050,-0.21539,0.00000,0.60000
0.34060,-0.21560,0.00000,0.60000
0.34070,-0.21581,0.00000,0.60000
0.34080,-0.21603,0.00000,0.60000
0.34090,-0.21624,0.00000,0.60000
0.34100,-0.21645,0.00000,0.60000
0.34110,-0.21666,0.00000,0.60000
0.34120,-0.21687,0.00000,0.60000
0.34130,-0.21708,0.00000,0.60000
0.34140,-0.21729,0.00000,0.60000
0.34150,-0.21750,0.00000,0.60000
0.34160,-0.21772,0.00000,0.60000
0.34170,-0.21793,0.00000,0.60000
0.34180,-0.21814,0.00000,0.60000
0.34190,-0.21835,0.00000,0.60000
0.34200,-0.21856,0.00000,0.60000
0.34210,-0.21877,0.00000,0.60000
0.34220,-0.21898,0.00000,0.60000
0.34230,-0.21919,0.00000,0.60000
0.34240,-0.21940,0.00000,0.60000
0.34250,-0.21961,0.00000,0.60000
0.34260,-0.21982,0.00000,0.60000
0.34270,-0.22003,0.00000,0.60000
0.34280,-0.22024,0.00000,0.60000
0.34290,-0.22045,0.00000,0.60000
0.34300,-0.22066,0.00000,0.60000
0.34310,-0.22087,0.00000,0.60000
0.34320,-0.22108,0.00000,0.60000
0.34330,-0.22129,0.00000,0.60000
0.34340,-0.22150,0.00000,0.60000
0.34350,-0.22171,0.00000,0.60000
0.34360,-0.22191,0.00000,0.60000
0.34370,-0.22212,0.00000,0.60000
0.34380,-0.22233,0.00000,0.60000
0.34390,-0.22254,0.00000,0.60000
0.34400,-0.22275,0.00000,0.60000
0.34410,-0.22296,0.00000,0.60000
0.34420,-0.22317,0.00000,0.60000
0.34430,-0.22338,0.00000,0.60000
0.34440,-0.22358,0.00000,0.60000
0.34450,-0.22379,0.00000,0.60000
0.34460,-0.22400,0.00000,0.60000
0.34470,-0.22421,0.00000,0.60000
0.34480,-0.22442,0.00000,0.60000
0.34490,-0.22463,0.00000,0.60000
0.34500,-0.22483,0.00000,0.60000
0.34510,-0.22504,0.00000,0.60000
0.34520,-0.22525,0.00000,0.60000
0.34530,-0.22546,0.00000,0.60000
0.34540,-0.22566,0.00000,0.60000
0.34550,-0.22587,0.00000,0.60000
0.34560,-0.22608,0.00000,0.60000
0.34570,-0.22629,0.00000,0.60000
0.34580,-0.22649,0.00000,0.60000
0.34590,-0.22670,0.00000,0.60000
0.34600,-0.22691,0.00000,0.60000
0.34610,-0.22711,0.00000,0.60000
0.34620,-0.22732,0.00000,0.60000
0.34630,-0.22753,0.00000,0.60000
0.34640,-0.22773,0.00000,0.60000
0.34650,-0.22794,0.00000,0.60000
0.34660,-0.22815,0.00000,0.60000
0.34670,-0.22835,0.00000,0.60000
0.34680,-0.22856,0.00000,0.60000
0.34690,-0.22877,0.00000,0.60000
0.34700,-0.22897,0.00000,0.60000
0.34710,-0.22918,0.00000,0.60000
0.34720,-0.22938,0.00000,0.60000
0.34730,-0.22959,0.00000,0.60000
0.34740,-0.22980,0.00000,0.60000
0.34750,-0.23000,0.00000,0.60000
0.34760,-0.23021,0.00000,0.60000
0.34770,-0.23041,0.00000,0.60000
0.34780,-0.23062,0.00000,0.60000
0.34790,-0.23082,0.00000,0.60000
0.34800,-0.23103,0.00000,0.60000
0.34810,-0.23123,0.00000,0.60000
0.34820,-0.23144,0.00000,0.60000
0.34830,-0.23164,0.00000,0.60000
0.34840,-0.23185,0.00000,0.60000
0.34850,-0.23205,0.00000,0.60000
0.34860,-0.23226,0.00000,0.60000
0.34870,-0.23246,0.00000,0.60000
0.34880,-0.23267,0.00000,0.60000
0.34890,-0.23287,0.00000,0.60000
0.34900,-0.23308,0.00000,0.60000
0.34910,-0.23328,0.00000,0.60000
0.34920,-0.23348,0.00000,0.60000
0.34930,-0.23369,0.00000,0.60000
0.34940,-0.23389,0.00000,0.60000
0.34950,-0.23410,0.00000,0.60000
0.34960,-0.23430,0.00000,0.60000
0.34970,-0.23450,0.00000,0.60000
0.34980,-0.23471,0.00000,0.60000
0.34990,-0.23491,0.00000,0.60000
0.35000,-0.23511,0.00000,0.60000
0.35010,-0.23532,0.00000,0.60000
0.35020,-0.23552,0.00000,0.60000
0.35030,-0.23572,0.00000,0.60000
0.35040,-0.23593,0.00000,0.60000
0.35050,-0.23613,0.00000,0.60000
0.35060,-0.23633,0.00000,0.60000
0.35070,-0.23654,0.00000,0.60000
0.35080,-0.23674,0.00000,0.60000
0.35090,-0.23694,0.00000,0.60000
0.35100,-0.23714,0.00000,0.60000
0.35110,-0.23735,0.00000,0.60000
0.35120,-0.23755,0.00000,0.60000
0.35130,-0.23775,0.00000,0.60000
0.35140,-0.23795,0.00000,0.60000
0.35150,-0.23815,0.00000,0.60000
0.35160,-0.23836,0.00000,0.60000
0.35170,-0.23856,0.00000,0.60000
0.35180,-0.23876,0.00000,0.60000
0.35190,-0.23896,0.00000,0.60000
0.35200,-0.23916,0.00000,0.60000
0.35210,-0.23936,0.00000,0.60000
0.35220,-0.23956,0.00000,0.60000
0.35230,-0.23977,0.00000,0.60000
0.35240,-0.23997,0.00000,0.60000
0.35250,-0.24017,0.00000,0.60000
0.35260,-0.24037,0.00000,0.60000
0.35270,-0.24057,0.00000,0.60000
0.35280,-0.24077,0.00000,0.60000
0.35290,-0.24097,0.00000,0.60000
0.35300,-0.24117,0.00000,0.60000
0.35310,-0.24137,0.00000,0.60000
0.35320,-0.24157,0.00000,0.60000
0.35330,-0.24177,0.00000,0.60000
0.35340,-0.24197,0.00000,0.60000
0.35350,-0.24217,0.00000,0.60000
0.35360,-0.24237,0.00000,0.60000
0.35370,-0.24257,0.00000,0.60000
0.35380,-0.24277,0.00000,0.60000
0.35390,-0.24297,0.00000,0.60000
0.35400,-0.24317,0.00000,0.60000
0.35410,-0.24337,0.00000,0.60000
0.35420,-0.24357,0.00000,0.60000
0.35430,-0.24377,0.00000,0.60000
0.35440,-0.24397,0.00000,0.60000
0.35450,-0.24417,0.00000,0.60000
0.35460,-0.24437,0.00000,0.60000
0.35470,-0.24457,0.00000,0.60000
0.35480,-0.24477,0.00000,0.60000
0.35490,-0.24496,0.00000,0.60000
0.35500,-0.24516,0.00000,0.60000
0.35510,-0.24536,0.00000,0.60000
0.35520,-0.24556,0.00000,0.60000
0.35530,-0.24576,0.00000,0.60000
0.35540,-0.24596,0.00000,0.60000
0.35550,-0.24615,0.00000,0.60000
0.35560,-0.24635,0.00000,0.60000
0.35570,-0.24655,0.00000,0.60000
0.35580,-0.24675,0.00000,0.60000
0.35590,-0.24695,0.00000,0.60000
0.35600,-0.24714,0.00000,0.60000
0.35610,-0.24734,0.00000,0.60000
0.35620,-0.24754,0.00000,0.60000
0.35630,-0.24774,0.00000,0.60000
0.35640,-0.24793,0.00000,0.60000
0.35650,-0.24813,0.00000,0.60000
0.35660,-0.24833,0.00000,0.60000
0.35670,-0.24852,0.00000,0.60000
0.35680,-0.24872,0.00000,0.60000
0.35690,-0.24892,0.00000,0.60000
0.35700,-0.24912,0.00000,0.60000
0.35710,-0.24931,0.00000,0.60000
0.35720,-0.24951,0.00000,0.60000
0.35730,-0.24970,0.00000,0.60000
0.35740,-0.24990,0.00000,0.60000
0.35750,-0.25010,0.00000,0.60000
0.35760,-0.25029,0.00000,0.60000
0.35770,-0.25049,0.00000,0.60000
0.35780,-0.25069,0.00000,0.60000
0.35790,-0.25088,0.00000,0.60000
0.35800,-0.25108,0.00000,0.60000
0.35810,-0.25127,0.00000,0.60000
0.35820,-0.25147,0.00000,0.60000
0.35830,-0.25166,0.00000,0.60000
0.35840,-0.25186,0.00000,0.60000
0.35850,-0.25205,0.00000,0.60000
0.35860,-0.25225,0.00000,0.60000
0.35870,-0.25244,0.00000,0.60000
0.35880,-0.25264,0.00000,0.60000
0.35890,-0.25283,0.00000,0.60000
0.35900,-0.25303,0.00000,0.60000
0.35910,-0.25322,0.00000,0.60000
0.35920,-0.25342,0.00000,0.60000
0.35930,-0.25361,0.00000,0.60000
0.35940,-0.25381,0.00000,0.60000
0.35950,-0.25400,0.00000,0.60000
0.35960,-0.25419,0.00000,0.60000
0.35970,-0.25439,0.00000,0.60000
0.35980,-0.25458,0.00000,0.60000
0.35990,-0.25478,0.00000,0.60000
0.36000,-0.25497,0.00000,0.60000
0.36010,-0.25516,0.00000,0.60000
0.36020,-0.25536,0.00000,0.60000
0.36030,-0.25555,0.00000,0.60000
0.36040,-0.25574,0.00000,0.60000
0.36050,-0.25594,0.00000,0.60000
0.36060,-0.25613,0.00000,0.60000
0.36070,-0.25632,0.00000,0.60000
0.36080,-0.25652,0.00000,0.60000
0.36090,-0.25671,0.00000,0.60000
0.36100,-0.25690,0.00000,0.60000
0.36110,-0.25709,0.00000,0.60000
0.36120,-0.25729,0.00000,0.60000
0.36130,-0.25748,0.00000,0.60000
0.36140,-0.25767,0.00000,0.60000
0.36150,-0.25786,0.00000,0.60000
0.36160,-0.25806,0.00000,0.60000
0.36170,-0.25825,0.00000,0.60000
0.36180,-0.25844,0.00000,0.60000
0.36190,-0.25863,0.00000,0.60000
0.36200,-0.25882,0.00000,0.60000
0.36210,-0.25901,0.00000,0.60000
0.36220,-0.25921,0.00000,0.60000
0.36230,-0.25940,0.00000,0.60000
0.36240,-0.25959,0.00000,0.60000
0.36250,-0.25978,0.00000,0.60000
0.36260,-0.25997,0.00000,0.60000
0.36270,-0.26016,0.00000,0.60000
0.36280,-0.26035,0.00000,0.60000
0.36290,-0.26054,0.00000,0.60000
0.36300,-0.26073,0.00000,0.60000
0.36310,-0.26092,0.00000,0.60000
0.36320,-0.26111,0.00000,0.60000
0.36330,-0.26130,0.00000,0.60000
0.36340,-0.26150,0.00000,0.60000
0.36350,-0.26169,0.00000,0.60000
0.36360,-0.26188,0.00000,0.60000
0.36370,-0.26207,0.00000,0.60000
0.36380,-0.26225,0.00000,0.60000
0.36390,-0.26244,0.00000,0.60000
0.36400,-0.26263,0.00000,0.60000
0.36410,-0.26282,0.00000,0.60000
0.36420,-0.26301,0.00000,0.60000
0.36430,-0.26320,0.00000,0.60000
0.36440,-0.26339,0.00000,0.60000
0.36450,-0.26358,0.00000,0.60000
0.36460,-0.26377,0.00000,0.60000
0.36470,-0.26396,0.00000,0.60000
0.36480,-0.26415,0.00000,0.60000
0.36490,-0.26434,0.00000,0.60000
0.36500,-0.26452,0.00000,0.60000
0.36510,-0.26471,0.00000,0.60000
0.36520,-0.26490,0.00000,0.60000
0.36530,-0.26509,0.00000,0.60000
0.36540,-0.26528,0.00000,0.60000
0.36550,-0.26547,0.00000,0.60000
0.36560,-0.26565,0.00000,0.60000
0.36570,-0.26584,0.00000,0.60000
0.36580,-0.26603,0.00000,0.60000
0.36590,-0.26622,0.00000,0.60000
0.36600,-0.26640,0.00000,0.60000
0.36610,-0.26659,0.00000,0.60000
0.36620,-0.26678,0.00000,0.60000
0.36630,-0.26697,0.00000,0.60000
0.36640,-0.26715,0.00000,0.60000
0.36650,-0.26734,0.00000,0.60000
0.36660,-0.26753,0.00000,0.60000
0.36670,-0.26771,0.00000,0.60000
0.36680,-0.26790,0.00000,0.60000
0.36690,-0.26809,0.00000,0.60000
0.36700,-0.26827,0.00000,0.60000
0.36710,-0.26846,0.00000,0.60000
0.36720,-0.26865,0.00000,0.60000
0.36730,-0.26883,0.00000,0.60000
0.36740,-0.26902,0.00000,0.60000
0.36750,-0.26921,0.00000,0.60000
0.36760,-0.26939,0.00000,0.60000
0.36770,-0.26958,0.00000,0.60000
0.36780,-0.26976,0.00000,0.60000
0.36790,-0.26995,0.00000,0.60000
0.36800,-0.27013,0.00000,0.60000
0.36810,-0.27032,0.00000,0.60000
0.36820,-0.27050,0.00000,0.60000
0.36830,-0.27069,0.00000,0.60000
0.36840,-0.27087,0.00000,0.60000
0.36850,-0.27106,0.00000,0.60000
0.36860,-0.27124,0.00000,0.60000
0.36870,-0.27143,0.00000,0.60000
0.36880,-0.27161,0.00000,0.60000
0.36890,-0.27180,0.00000,0.60000
0.36900,-0.27198,0.00000,0.60000
0.36910,-0.27217,0.00000,0.60000
0.36920,-0.27235,0.00000,0.60000
0.36930,-0.27253,0.00000,0.60000
0.36940,-0.27272,0.00000,0.60000
0.36950,-0.27290,0.00000,0.60000
0.36960,-0.27309,0.00000,0.60000
0.36970,-0.27327,0.00000,0.60000
0.36980,-0.27345,0.00000,0.60000
0.36990,-0.27364,0.00000,0.60000
0.37000,-0.27382,0.00000,0.60000
0.37010,-0.27400,0.00000,0.60000
0.37020,-0.27419,0.00000,0.60000
0.37030,-0.27437,0.00000,0.60000
0.37040,-0.27455,0.00000,0.60000
0.37050,-0.27473,0.00000,0.60000
0.37060,-0.27492,0.00000,0.60000
0.37070,-0.27510,0.00000,0.60000
0.37080,-0.27528,0.00000,0.60000
0.37090,-0.27546,0.00000,0.60000
0.37100,-0.27565,0.00000,0.60000
0.37110,-0.27583,0.00000,0.60000
0.37120,-0.27601,0.00000,0.60000
0.37130,-0.27619,0.00000,0.60000
0.37140,-0.27637,0.00000,0.60000
0.37150,-0.27655,0.00000,0.60000
0.37160,-0.27674,0.00000,0.60000
0.37170,-0.27692,0.00000,0.60000
0.37180,-0.27710,0.00000,0.60000
0.37190,-0.27728,0.00000,0.60000
0.37200,-0.27746,0.00000,0.60000
0.37210,-0.27764,0.00000,0.60000
0.37220,-0.27782,0.00000,0.60000
0.37230,-0.27800,0.00000,0.60000
0.37240,-0.27818,0.00000,0.60000
0.37250,-0.27837,0.00000,0.60000
0.37260,-0.27855,0.00000,0.60000
0.37270,-0.27873,0.00000,0.60000
0.37280,-0.27891,0.00000,0.60000
0.37290,-0.27909,0.00000,0.60000
0.37300,-0.27927,0.00000,0.60000
0.37310,-0.27945,0.00000,0.60000
0.37320,-0.27963,0.00000,0.60000
0.37330,-0.27981,0.00000,0.60000
0.37340,-0.27999,0.00000,0.60000
0.37350,-0.28016,0.00000,0.60000
0.37360,-0.28034,0.00000,0.60000
0.37370,-0.28052,0.00000,0.60000
0.37380,-0.28070,0.00000,0.60000
0.37390,-0.28088,0.00000,0.60000
0.37400,-0.28106,0.00000,0.60000
0.37410,-0.28124,0.00000,0.60000
0.37420,-0.28142,0.00000,0.60000
0.37430,-0.28160,0.00000,0.60000
0.37440,-0.28177,0.00000,0.60000
0.37450,-0.28195,0.00000,0.60000
0.37460,-0.28213,0.00000,0.60000
0.37470,-0.28231,0.00000,0.60000
0.37480,-0.28249,0.00000,0.60000
0.37490,-0.28266,0.00000,0.60000
0.37500,-0.28284,0.00000,0.60000
0.37510,-0.28302,0.00000,0.60000
0.37520,-0.28320,0.00000,0.60000
0.37530,-0.28338,0.00000,0.60000
0.37540,-0.28355,0.00000,0.60000
0.37550,-0.28373,0.00000,0.60000
0.37560,-0.28391,0.00000,0.60000
0.37570,-0.28408,0.00000,0.60000
0.37580,-0.28426,0.00000,0.60000
0.37590,-0.28444,0.00000,0.60000
0.37600,-0.28461,0.00000,0.60000
0.37610,-0.28479,0.00000,0.60000
0.37620,-0.28497,0.00000,0.60000
0.37630,-0.28514,0.00000,0.60000
0.37640,-0.28532,0.00000,0.60000
0.37650,-0.28550,0.00000,0.60000
0.37660,-0.28567,0.00000,0.60000
0.37670,-0.28585,0.00000,0.60000
0.37680,-0.28602,0.00000,0.60000
0.37690,-0.28620,0.00000,0.60000
0.37700,-0.28637,0.00000,0.60000
0.37710,-0.28655,0.00000,0.60000
0.37720,-0.28673,0.00000,0.60000
0.37730,-0.28690,0.00000,0.60000
0.37740,-0.28708,0.00000,0.60000
0.37750,-0.28725,0.00000,0.60000
0.37760,-0.28743,0.00000,0.60000
0.37770,-0.28760,0.00000,0.60000
0.37780,-0.28777,0.00000,0.60000
0.37790,-0.28795,0.00000,0.60000
0.37800,-0.28812,0.00000,0.60000
0.37810,-0.28830,0.00000,0.60000
0.37820,-0.28847,0.00000,0.60000
0.37830,-0.28865,0.00000,0.60000
0.37840,-0.28882,0.00000,0.60000
0.37850,-0.28899,0.00000,0.60000
0.37860,-0.28917,0.00000,0.60000
0.37870,-0.28934,0.00000,0.60000
0.37880,-0.28951,0.00000,0.60000
0.37890,-0.28969,0.00000,0.60000
0.37900,-0.28986,0.00000,0.60000
0.37910,-0.29003,0.00000,0.60000
0.37920,-0.29021,0.00000,0.60000
0.37930,-0.29038,0.00000,0.60000
0.37940,-0.29055,0.00000,0.60000
0.37950,-0.29073,0.00000,0.60000
0.37960,-0.29090,0.00000,0.60000
0.37970,-0.29107,0.00000,0.60000
0.37980,-0.29124,0.00000,0.60000
0.37990,-0.29142,0.00000,0.60000
0.38000,-0.29159,0.00000,0.60000
0.38010,-0.29176,0.00000,0.60000
0.38020,-0.29193,0.00000,0.60000
0.38030,-0.29210,0.00000,0.60000
0.38040,-0.29227,0.00000,0.60000
0.38050,-0.29245,0.00000,0.60000
0.38060,-0.29262,0.00000,0.60000
0.38070,-0.29279,0.00000,0.60000
0.38080,-0.29296,0.00000,0.60000
0.38090,-0.29313,0.00000,0.60000
0.38100,-0.29330,0.00000,0.60000
0.38110,-0.29347,0.00000,0.60000
0.38120,-0.29364,0.00000,0.60000
0.38130,-0.29381,0.00000,0.60000
0.38140,-0.29398,0.00000,0.60000
0.38150,-0.29416,0.00000,0.60000
0.38160,-0.29433,0.00000,0.60000
0.38170,-0.29450,0.00000,0.60000
0.38180,-0.29467,0.00000,0.60000
0.38190,-0.29484,0.00000,0.60000
0.38200,-0.29501,0.00000,0.60000
0.38210,-0.29517,0.00000,0.60000
0.38220,-0.29534,0.00000,0.60000
0.38230,-0.29551,0.00000,0.60000
0.38240,-0.29568,0.00000,0.60000
0.38250,-0.29585,0.00000,0.60000
0.38260,-0.29602,0.00000,0.60000
0.38270,-0.29619,0.00000,0.60000
0.38280,-0.29636,0.00000,0.60000
0.38290,-0.29653,0.00000,0.60000
0.38300,-0.29670,0.00000,0.60000
0.38310,-0.29687,0.00000,0.60000
0.38320,-0.29703,0.00000,0.60000
0.38330,-0.29720,0.00000,0.60000
0.38340,-0.29737,0.00000,0.60000
0.38350,-0.29754,0.00000,0.60000
0.38360,-0.29771,0.00000,0.60000
0.38370,-0.29787,0.00000,0.60000
0.38380,-0.29804,0.00000,0.60000
0.38390,-0.29821,0.00000,0.60000
0.38400,-0.29838,0.00000,0.60000
0.38410,-0.29854,0.00000,0.60000
0.38420,-0.29871,0.00000,0.60000
0.38430,-0.29888,0.00000,0.60000
0.38440,-0.29905,0.00000,0.60000
0.38450,-0.29921,0.00000,0.60000
0.38460,-0.29938,0.00000,0.60000
0.38470,-0.29955,0.00000,0.60000
0.38480,-0.29971,0.00000,0.60000
0.38490,-0.29988,0.00000,0.60000
0.38500,-0.30004,0.00000,0.60000
0.38510,-0.30021,0.00000,0.60000
0.38520,-0.30038,0.00000,0.60000
0.38530,-0.30054,0.00000,0.60000
0.38540,-0.30071,0.00000,0.60000
0.38550,-0.30087,0.00000,0.60000
0.38560,-0.30104,0.00000,0.60000
0.38570,-0.30120,0.00000,0.60000
0.38580,-0.30137,0.00000,0.60000
0.38590,-0.30154,0.00000,0.60000
0.38600,-0.30170,0.00000,0.60000
0.38610,-0.30187,0.00000,0.60000
0.38620,-0.30203,0.00000,0.60000
0.38630,-0.30220,0.00000,0.60000
0.38640,-0.30236,0.00000,0.60000
0.38650,-0.30252,0.00000,0.60000
0.38660,-0.30269,0.00000,0.60000
0.38670,-0.30285,0.00000,0.60000
0.38680,-0.30302,0.00000,0.60000
0.38690,-0.30318,0.00000,0.60000
0.38700,-0.30334,0.00000,0.60000
0.38710,-0.30351,0.00000,0.60000
0.38720,-0.30367,0.00000,0.60000
0.38730,-0.30384,0.00000,0.60000
0.38740,-0.30400,0.00000,0.60000
0.38750,-0.30416,0.00000,0.60000
0.38760,-0.30433,0.00000,0.60000
0.38770,-0.30449,0.00000,0.60000
0.38780,-0.30465,0.00000,0.60000
0.38790,-0.30481,0.00000,0.60000
0.38800,-0.30498,0.00000,0.60000
0.38810,-0.30514,0.00000,0.60000
0.38820,-0.30530,0.00000,0.60000
0.38830,-0.30546,0.00000,0.60000
0.38840,-0.30563,0.00000,0.60000
0.38850,-0.30579,0.00000,0.60000
0.38860,-0.30595,0.00000,0.60000
0.38870,-0.30611,0.00000,0.60000
0.38880,-0.30627,0.00000,0.60000
0.38890,-0.30644,0.00000,0.60000
0.38900,-0.30660,0.00000,0.60000
0.38910,-0.30676,0.00000,0.60000
0.38920,-0.30692,0.00000,0.60000
0.38930,-0.30708,0.00000,0.60000
0.38940,-0.30724,0.00000,0.60000
0.38950,-0.30740,0.00000,0.60000
0.38960,-0.30756,0.00000,0.60000
0.38970,-0.30772,0.00000,0.60000
0.38980,-0.30788,0.00000,0.60000
0.38990,-0.30805,0.00000,0.60000
0.39000,-0.30821,0.00000,0.60000
0.39010,-0.30837,0.00000,0.60000
0.39020,-0.30853,0.00000,0.60000
0.39030,-0.30869,0.00000,0.60000
0.39040,-0.30885,0.00000,0.60000
0.39050,-0.30900,0.00000,0.60000
0.39060,-0.30916,0.00000,0.60000
0.39070,-0.30932,0.00000,0.60000
0.39080,-0.30948,0.00000,0.60000
0.39090,-0.30964,0.00000,0.60000
0.39100,-0.30980,0.00000,0.60000
0.39110,-0.30996,0.00000,0.60000
0.39120,-0.31012,0.00000,0.60000
0.39130,-0.31028,0.00000,0.60000
0.39140,-0.31044,0.00000,0.60000
0.39150,-0.31059,0.00000,0.60000
0.39160,-0.31075,0.00000,0.60000
0.39170,-0.31091,0.00000,0.60000
0.39180,-0.31107,0.00000,0.60000
0.39190,-0.31123,0.00000,0.60000
0.39200,-0.31138,0.00000,0.60000
0.39210,-0.31154,0.00000,0.60000
0.39220,-0.31170,0.00000,0.60000
0.39230,-0.31186,0.00000,0.60000
0.39240,-0.31201,0.00000,0.60000
0.39250,-0.31217,0.00000,0.60000
0.39260,-0.31233,0.00000,0.60000
0.39270,-0.31249,0.00000,0.60000
0.39280,-0.31264,0.00000,0.60000
0.39290,-0.31280,0.00000,0.60000
0.39300,-0.31296,0.00000,0.60000
0.39310,-0.31311,0.00000,0.60000
0.39320,-0.31327,0.00000,0.60000
0.39330,-0.31343,0.00000,0.60000
0.39340,-0.31358,0.00000,0.60000
0.39350,-0.31374,0.00000,0.60000
0.39360,-0.31389,0.00000,0.60000
0.39370,-0.31405,0.00000,0.60000
0.39380,-0.31420,0.00000,0.60000
0.39390,-0.31436,0.00000,0.60000
0.39400,-0.31452,0.00000,0.60000
0.39410,-0.31467,0.00000,0.60000
0.39420,-0.31483,0.00000,0.60000
0.39430,-0.31498,0.00000,0.60000
0.39440,-0.31514,0.00000,0.60000
0.39450,-0.31529,0.00000,0.60000
0.39460,-0.31544,0.00000,0.60000
0.39470,-0.31560,0.00000,0.60000
0.39480,-0.31575,0.00000,0.60000
0.39490,-0.31591,0.00000,0.60000
0.39500,-0.31606,0.00000,0.60000
0.39510,-0.31622,0.00000,0.60000
0.39520,-0.31637,0.00000,0.60000
0.39530,-0.31652,0.00000,0.60000
0.39540,-0.31668,0.00000,0.60000
0.39550,-0.31683,0.00000,0.60000
0.39560,-0.31698,0.00000,0.60000
0.39570,-0.31714,0.00000,0.60000
0.39580,-0.31729,0.00000,0.60000
0.39590,-0.31744,0.00000,0.60000
0.39600,-0.31760,0.00000,0.60000
0.39610,-0.31775,0.00000,0.60000
0.39620,-0.31790,0.00000,0.60000
0.39630,-0.31805,0.00000,0.60000
0.39640,-0.31821,0.00000,0.60000
0.39650,-0.31836,0.00000,0.60000
0.39660,-0.31851,0.00000,0.60000
0.39670,-0.31866,0.00000,0.60000
0.39680,-0.31881,0.00000,0.60000
0.39690,-0.31897,0.00000,0.60000
0.39700,-0.31912,0.00000,0.60000
0.39710,-0.31927,0.00000,0.60000
0.39720,-0.31942,0.00000,0.60000
0.39730,-0.31957,0.00000,0.60000
0.39740,-0.31972,0.00000,0.60000
0.39750,-0.31987,0.00000,0.60000
0.39760,-0.32002,0.00000,0.60000
0.39770,-0.32018,0.00000,0.60000
0.39780,-0.32033,0.00000,0.60000
0.39790,-0.32048,0.00000,0.60000
0.39800,-0.32063,0.00000,0.60000
0.39810,-0.32078,0.00000,0.60000
0.39820,-0.32093,0.00000,0.60000
0.39830,-0.32108,0.00000,0.60000
0.39840,-0.32123,0.00000,0.60000
0.39850,-0.32138,0.00000,0.60000
0.39860,-0.32153,0.00000,0.60000
0.39870,-0.32168,0.00000,0.60000
0.39880,-0.32182,0.00000,0.60000
0.39890,-0.32197,0.00000,0.60000
0.39900,-0.32212,0.00000,0.60000
0.39910,-0.32227,0.00000,0.60000
0.39920,-0.32242,0.00000,0.60000
0.39930,-0.32257,0.00000,0.60000
0.39940,-0.32272,0.00000,0.60000
0.39950,-0.32287,0.00000,0.60000
0.39960,-0.32301,0.00000,0.60000
0.39970,-0.32316,0.00000,0.60000
0.39980,-0.32331,0.00000,0.60000
0.39990,-0.32346,0.00000,0.60000
0.40000,-0.32361,0.00000,0.60000
0.40010,-0.32375,0.00000,0.60000
0.40020,-0.32390,0.00000,0.60000
0.40030,-0.32405,0.00000,0.60000
0.40040,-0.32420,0.00000,0.60000
0.40050,-0.32434,0.00000,0.60000
0.40060,-0.32449,0.00000,0.60000
0.40070,-0.32464,0.00000,0.60000
0.40080,-0.32478,0.00000,0.60000
0.40090,-0.32493,0.00000,0.60000
0.40100,-0.32508,0.00000,0.60000
0.40110,-0.32522,0.00000,0.60000
0.40120,-0.32537,0.00000,0.60000
0.40130,-0.32552,0.00000,0.60000
0.40140,-0.32566,0.00000,0.60000
0.40150,-0.32581,0.00000,0.60000
0.40160,-0.32595,0.00000,0.60000
0.40170,-0.32610,0.00000,0.60000
0.40180,-0.32625,0.00000,0.60000
0.40190,-0.32639,0.00000,0.60000
0.40200,-0.32654,0.00000,0.60000
0.40210,-0.32668,0.00000,0.60000
0.40220,-0.32683,0.00000,0.60000
0.40230,-0.32697,0.00000,0.60000
0.40240,-0.32712,0.00000,0.60000
0.40250,-0.32726,0.00000,0.60000
0.40260,-0.32740,0.00000,0.60000
0.40270,-0.32755,0.00000,0.60000
0.40280,-0.32769,0.00000,0.60000
0.40290,-0.32784,0.00000,0.60000
0.40300,-0.32798,0.00000,0.60000
0.40310,-0.32812,0.00000,0.60000
0.40320,-0.32827,0.00000,0.60000
0.40330,-0.32841,0.00000,0.60000
0.40340,-0.32856,0.00000,0.60000
0.40350,-0.32870,0.00000,0.60000
0.40360,-0.32884,0.00000,0.60000
0.40370,-0.32898,0.00000,0.60000
0.40380,-0.32913,0.00000,0.60000
0.40390,-0.32927,0.00000,0.60000
0.40400,-0.32941,0.00000,0.60000
0.40410,-0.32956,0.00000,0.60000
0.40420,-0.32970,0.00000,0.60000
0.40430,-0.32984,0.00000,0.60000
0.40440,-0.32998,0.00000,0.60000
0.40450,-0.33012,0.00000,0.60000
0.40460,-0.33027,0.00000,0.60000
0.40470,-0.33041,0.00000,0.60000
0.40480,-0.33055,0.00000,0.60000
0.40490,-0.33069,0.00000,0.60000
0.40500,-0.33083,0.00000,0.60000
0.40510,-0.33097,0.00000,0.60000
0.40520,-0.33111,0.00000,0.60000
0.40530,-0.33126,0.00000,0.60000
0.40540,-0.33140,0.00000,0.60000
0.40550,-0.33154,0.00000,0.60000
0.40560,-0.33168,0.00000,0.60000
0.40570,-0.33182,0.00000,0.60000
0.40580,-0.33196,0.00000,0.60000
0.40590,-0.33210,0.00000,0.60000
0.40600,-0.33224,0.00000,0.60000
0.40610,-0.33238,0.00000,0.60000
0.40620,-0.33252,0.00000,0.60000
0.40630,-0.33266,0.00000,0.60000
0.40640,-0.33280,0.00000,0.60000
0.40650,-0.33294,0.00000,0.60000
0.40660,-0.33308,0.00000,0.60000
0.40670,-0.33321,0.00000,0.60000
0.40680,-0.33335,0.00000,0.60000
0.40690,-0.33349,0.00000,0.60000
0.40700,-0.33363,0.00000,0.60000
0.40710,-0.33377,0.00000,0.60000
0.40720,-0.33391,0.00000,0.60000
0.40730,-0.33405,0.00000,0.60000
0.40740,-0.33418,0.00000,0.60000
0.40750,-0.33432,0.00000,0.60000
0.40760,-0.33446,0.00000,0.60000
0.40770,-0.33460,0.00000,0.60000
0.40780,-0.33474,0.00000,0.60000
0.40790,-0.33487,0.00000,0.60000
0.40800,-0.33501,0.00000,0.60000
0.40810,-0.33515,0.00000,0.60000
0.40820,-0.33529,0.00000,0.60000
0.40830,-0.33542,0.00000,0.60000
0.40840,-0.33556,0.00000,0.60000
0.40850,-0.33570,0.00000,0.60000
0.40860,-0.33583,0.00000,0.60000
0.40870,-0.33597,0.00000,0.60000
0.40880,-0.33611,0.00000,0.60000
0.40890,-0.33624,0.00000,0.60000
0.40900,-0.33638,0.00000,0.60000
0.40910,-0.33651,0.00000,0.60000
0.40920,-0.33665,0.00000,0.60000
0.40930,-0.33679,0.00000,0.60000
0.40940,-0.33692,0.00000,0.60000
0.40950,-0.33706,0.00000,0.60000
0.40960,-0.33719,0.00000,0.60000
0.40970,-0.33733,0.00000,0.60000
0.40980,-0.33746,0.00000,0.60000
0.40990,-0.33760,0.00000,0.60000
0.41000,-0.33773,0.00000,0.60000
0.41010,-0.33787,0.00000,0.60000
0.41020,-0.33800,0.00000,0.60000
0.41030,-0.33813,0.00000,0.60000
0.41040,-0.33827,0.00000,0.60000
0.41050,-0.33840,0.00000,0.60000
0.41060,-0.33854,0.00000,0.60000
0.41070,-0.33867,0.00000,0.60000
0.41080,-0.33880,0.00000,0.60000
0.41090,-0.33894,0.00000,0.60000
0.41100,-0.33907,0.00000,0.60000
0.41110,-0.33920,0.00000,0.60000
0.41120,-0.33934,0.00000,0.60000
0.41130,-0.33947,0.00000,0.60000
0.41140,-0.33960,0.00000,0.60000
0.41150,-0.33974,0.00000,0.60000
0.41160,-0.33987,0.00000,0.60000
0.41170,-0.34000,0.00000,0.60000
0.41180,-0.34013,0.00000,0.60000
0.41190,-0.34027,0.00000,0.60000
0.41200,-0.34040,0.00000,0.60000
0.41210,-0.34053,0.00000,0.60000
0.41220,-0.34066,0.00000,0.60000
0.41230,-0.34079,0.00000,0.60000
0.41240,-0.34092,0.00000,0.60000
0.41250,-0.34106,0.00000,0.60000
0.41260,-0.34119,0.00000,0.60000
0.41270,-0.34132,0.00000,0.60000
0.41280,-0.34145,0.00000,0.60000
0.41290,-0.34158,0.00000,0.60000
0.41300,-0.34171,0.00000,0.60000
0.41310,-0.34184,0.00000,0.60000
0.41320,-0.34197,0.00000,0.60000
0.41330,-0.34210,0.00000,0.60000
0.41340,-0.34223,0.00000,0.60000
0.41350,-0.34236,0.00000,0.60000
0.41360,-0.34249,0.00000,0.60000
0.41370,-0.34262,0.00000,0.60000
0.41380,-0.34275,0.00000,0.60000
0.41390,-0.34288,0.00000,0.60000
0.41400,-0.34301,0.00000,0.60000
0.41410,-0.34314,0.00000,0.60000
0.41420,-0.34327,0.00000,0.60000
0.41430,-0.34340,0.00000,0.60000
0.41440,-0.34353,0.00000,0.60000
0.41450,-0.34366,0.00000,0.60000
0.41460,-0.34378,0.00000,0.60000
0.41470,-0.34391,0.00000,0.60000
0.41480,-0.34404,0.00000,0.60000
0.41490,-0.34417,0.00000,0.60000
0.41500,-0.34430,0.00000,0.60000
0.41510,-0.34442,0.00000,0.60000
0.41520,-0.34455,0.00000,0.60000
0.41530,-0.34468,0.00000,0.60000
0.41540,-0.34481,0.00000,0.60000
0.41550,-0.34493,0.00000,0.60000
0.41560,-0.34506,0.00000,0.60000
0.41570,-0.34519,0.00000,0.60000
0.41580,-0.34532,0.00000,0.60000
0.41590,-0.34544,0.00000,0.60000
0.41600,-0.34557,0.00000,0.60000
0.41610,-0.34570,0.00000,0.60000
0.41620,-0.34582,0.00000,0.60000
0.41630,-0.34595,0.00000,0.60000
0.41640,-0.34607,0.00000,0.60000
0.41650,-0.34620,0.00000,0.60000
0.41660,-0.34633,0.00000,0.60000
0.41670,-0.34645,0.00000,0.60000
0.41680,-0.34658,0.00000,0.60000
0.41690,-0.34670,0.00000,0.60000
0.41700,-0.34683,0.00000,0.60000
0.41710,-0.34695,0.00000,0.60000
0.41720,-0.34708,0.00000,0.60000
0.41730,-0.34720,0.00000,0.60000
0.41740,-0.34733,0.00000,0.60000
0.41750,-0.34745,0.00000,0.60000
0.41760,-0.34758,0.00000,0.60000
0.41770,-0.34770,0.00000,0.60000
0.41780,-0.34783,0.00000,0.60000
0.41790,-0.34795,0.00000,0.60000
0.41800,-0.34807,0.00000,0.60000
0.41810,-0.34820,0.00000,0.60000
0.41820,-0.34832,0.00000,0.60000
0.41830,-0.34844,0.00000,0.60000
0.41840,-0.34857,0.00000,0.60000
0.41850,-0.34869,0.00000,0.60000
0.41860,-0.34881,0.00000,0.60000
0.41870,-0.34894,0.00000,0.60000
0.41880,-0.34906,0.00000,0.60000
0.41890,-0.34918,0.00000,0.60000
0.41900,-0.34930,0.00000,0.60000
0.41910,-0.34943,0.00000,0.60000
0.41920,-0.34955,0.00000,0.60000
0.41930,-0.34967,0.00000,0.60000
0.41940,-0.34979,0.00000,0.60000
0.41950,-0.34992,0.00000,0.60000
0.41960,-0.35004,0.00000,0.60000
0.41970,-0.35016,0.00000,0.60000
0.41980,-0.35028,0.00000,0.60000
0.41990,-0.35040,0.00000,0.60000
0.42000,-0.35052,0.00000,0.60000
0.42010,-0.35064,0.00000,0.60000
0.42020,-0.35076,0.00000,0.60000
0.42030,-0.35089,0.00000,0.60000
0.42040,-0.35101,0.00000,0.60000
0.42050,-0.35113,0.00000,0.60000
0.42060,-0.35125,0.00000,0.60000
0.42070,-0.35137,0.00000,0.60000
0.42080,-0.35149,0.00000,0.60000
0.42090,-0.35161,0.00000,0.60000
0.42100,-0.35173,0.00000,0.60000
0.42110,-0.35185,0.00000,0.60000
0.42120,-0.35197,0.00000,0.60000
0.42130,-0.35208,0.00000,0.60000
0.42140,-0.35220,0.00000,0.60000
0.42150,-0.35232,0.00000,0.60000
0.42160,-0.35244,0.00000,0.60000
0.42170,-0.35256,0.00000,0.60000
0.42180,-0.35268,0.00000,0.60000
0.42190,-0.35280,0.00000,0.60000
0.42200,-0.35292,0.00000,0.60000
0.42210,-0.35303,0.00000,0.60000
0.42220,-0.35315,0.00000,0.60000
0.42230,-0.35327,0.00000,0.60000
0.42240,-0.35339,0.00000,0.60000
0.42250,-0.35351,0.00000,0.60000
0.42260,-0.35362,0.00000,0.60000
0.42270,-0.35374,0.00000,0.60000
0.42280,-0.35386,0.00000,0.60000
0.42290,-0.35398,0.00000,0.60000
0.42300,-0.35409,0.00000,0.60000
0.42310,-0.35421,0.00000,0.60000
0.42320,-0.35433,0.00000,0.60000
0.42330,-0.35444,0.00000,0.60000
0.42340,-0.35456,0.00000,0.60000
0.42350,-0.35468,0.00000,0.60000
0.42360,-0.35479,0.00000,0.60000
0.42370,-0.35491,0.00000,0.60000
0.42380,-0.35502,0.00000,0.60000
0.42390,-0.35514,0.00000,0.60000
0.42400,-0.35525,0.00000,0.60000
0.42410,-0.35537,0.00000,0.60000
0.42420,-0.35549,0.00000,0.60000
0.42430,-0.35560,0.00000,0.60000
0.42440,-0.35572,0.00000,0.60000
0.42450,-0.35583,0.00000,0.60000
0.42460,-0.35595,0.00000,0.60000
0.42470,-0.35606,0.00000,0.60000
0.42480,-0.35617,0.00000,0.60000
0.42490,-0.35629,0.00000,0.60000
0.42500,-0.35640,0.00000,0.60000
0.42510,-0.35652,0.00000,0.60000
0.42520,-0.35663,0.00000,0.60000
0.42530,-0.35674,0.00000,0.60000
0.42540,-0.35686,0.00000,0.60000
0.42550,-0.35697,0.00000,0.60000
0.42560,-0.35708,0.00000,0.60000
0.42570,-0.35720,0.00000,0.60000
0.42580,-0.35731,0.00000,0.60000
0.42590,-0.35742,0.00000,0.60000
0.42600,-0.35754,0.00000,0.60000
0.42610,-0.35765,0.00000,0.60000
0.42620,-0.35776,0.00000,0.60000
0.42630,-0.35787,0.00000,0.60000
0.42640,-0.35799,0.00000,0.60000
0.42650,-0.35810,0.00000,0.60000
0.42660,-0.35821,0.00000,0.60000
0.42670,-0.35832,0.00000,0.60000
0.42680,-0.35843,0.00000,0.60000
0.42690,-0.35855,0.00000,0.60000
0.42700,-0.35866,0.00000,0.60000
0.42710,-0.35877,0.00000,0.60000
0.42720,-0.35888,0.00000,0.60000
0.42730,-0.35899,0.00000,0.60000
0.42740,-0.35910,0.00000,0.60000
0.42750,-0.35921,0.00000,0.60000
0.42760,-0.35932,0.00000,0.60000
0.42770,-0.35943,0.00000,0.60000
0.42780,-0.35954,0.00000,0.60000
0.42790,-0.35965,0.00000,0.60000
0.42800,-0.35976,0.00000,0.60000
0.42810,-0.35987,0.00000,0.60000
0.42820,-0.35998,0.00000,0.60000
0.42830,-0.36009,0.00000,0.60000
0.42840,-0.36020,0.00000,0.60000
0.42850,-0.36031,0.00000,0.60000
0.42860,-0.36042,0.00000,0.60000
0.42870,-0.36053,0.00000,0.60000
0.42880,-0.36064,0.00000,0.60000
0.42890,-0.36075,0.00000,0.60000
0.42900,-0.36085,0.00000,0.60000
0.42910,-0.36096,0.00000,0.60000
0.42920,-0.36107,0.00000,0.60000
0.42930,-0.36118,0.00000,0.60000
0.42940,-0.36129,0.00000,0.60000
0.42950,-0.36139,0.00000,0.60000
0.42960,-0.36150,0.00000,0.60000
0.42970,-0.36161,0.00000,0.60000
0.42980,-0.36172,0.00000,0.60000
0.42990,-0.36182,0.00000,0.60000
0.43000,-0.36193,0.00000,0.60000
0.43010,-0.36204,0.00000,0.60000
0.43020,-0.36214,0.00000,0.60000
0.43030,-0.36225,0.00000,0.60000
0.43040,-0.36236,0.00000,0.60000
0.43050,-0.36246,0.00000,0.60000
0.43060,-0.36257,0.00000,0.60000
0.43070,-0.36268,0.00000,0.60000
0.43080,-0.36278,0.00000,0.60000
0.43090,-0.36289,0.00000,0.60000
0.43100,-0.36299,0.00000,0.60000
0.43110,-0.36310,0.00000,0.60000
0.43120,-0.36320,0.00000,0.60000
0.43130,-0.36331,0.00000,0.60000
0.43140,-0.36341,0.00000,0.60000
0.43150,-0.36352,0.00000,0.60000
0.43160,-0.36362,0.00000,0.60000
0.43170,-0.36373,0.00000,0.60000
0.43180,-0.36383,0.00000,0.60000
0.43190,-0.36394,0.00000,0.60000
0.43200,-0.36404,0.00000,0.60000
0.43210,-0.36415,0.00000,0.60000
0.43220,-0.36425,0.00000,0.60000
0.43230,-0.36435,0.00000,0.60000
0.43240,-0.36446,0.00000,0.60000
0.43250,-0.36456,0.00000,0.60000
0.43260,-0.36466,0.00000,0.60000
0.43270,-0.36477,0.00000,0.60000
0.43280,-0.36487,0.00000,0.60000
0.43290,-0.36497,0.00000,0.60000
0.43300,-0.36508,0.00000,0.60000
0.43310,-0.36518,0.00000,0.60000
0.43320,-0.36528,0.00000,0.60000
0.43330,-0.36538,0.00000,0.60000
0.43340,-0.36549,0.00000,0.60000
0.43350,-0.36559,0.00000,0.60000
0.43360,-0.36569,0.00000,0.60000
0.43370,-0.36579,0.00000,0.60000
0.43380,-0.36589,0.00000,0.60000
0.43390,-0.36600,0.00000,0.60000
0.43400,-0.36610,0.00000,0.60000
0.43410,-0.36620,0.00000,0.60000
0.43420,-0.36630,0.00000,0.60000
0.43430,-0.36640,0.00000,0.60000
0.43440,-0.36650,0.00000,0.60000
0.43450,-0.36660,0.00000,0.60000
0.43460,-0.36670,0.00000,0.60000
0.43470,-0.36680,0.00000,0.60000
0.43480,-0.36690,0.00000,0.60000
0.43490,-0.36700,0.00000,0.60000
0.43500,-0.36710,0.00000,0.60000
0.43510,-0.36720,0.00000,0.60000
0.43520,-0.36730,0.00000,0.60000
0.43530,-0.36740,0.00000,0.60000
0.43540,-0.36750,0.00000,0.60000
0.43550,-0.36760,0.00000,0.60000
0.43560,-0.36770,0.00000,0.60000
0.43570,-0.36780,0.00000,0.60000
0.43580,-0.36790,0.00000,0.60000
0.43590,-0.36799,0.00000,0.60000
0.43600,-0.36809,0.00000,0.60000
0.43610,-0.36819,0.00000,0.60000
0.43620,-0.36829,0.00000,0.60000
0.43630,-0.36839,0.00000,0.60000
0.43640,-0.36849,0.00000,0.60000
0.43650,-0.36858,0.00000,0.60000
0.43660,-0.36868,0.00000,0.60000
0.43670,-0.36878,0.00000,0.60000
0.43680,-0.36887,0.00000,0.60000
0.43690,-0.36897,0.00000,0.60000
0.43700,-0.36907,0.00000,0.60000
0.43710,-0.36917,0.00000,0.60000
0.43720,-0.36926,0.00000,0.60000
0.43730,-0.36936,0.00000,0.60000
0.43740,-0.36946,0.00000,0.60000
0.43750,-0.36955,0.00000,0.60000
0.43760,-0.36965,0.00000,0.60000
0.43770,-0.36974,0.00000,0.60000
0.43780,-0.36984,0.00000,0.60000
0.43790,-0.36994,0.00000,0.60000
0.43800,-0.37003,0.00000,0.60000
0.43810,-0.37013,0.00000,0.60000
0.43820,-0.37022,0.00000,0.60000
0.43830,-0.37032,0.00000,0.60000
0.43840,-0.37041,0.00000,0.60000
0.43850,-0.37051,0.00000,0.60000
0.43860,-0.37060,0.00000,0.60000
0.43870,-0.37070,0.00000,0.60000
0.43880,-0.37079,0.00000,0.60000
0.43890,-0.37088,0.00000,0.60000
0.43900,-0.37098,0.00000,0.60000
0.43910,-0.37107,0.00000,0.60000
0.43920,-0.37117,0.00000,0.60000
0.43930,-0.37126,0.00000,0.60000
0.43940,-0.37135,0.00000,0.60000
0.43950,-0.37145,0.00000,0.60000
0.43960,-0.37154,0.00000,0.60000
0.43970,-0.37163,0.00000,0.60000
0.43980,-0.37173,0.00000,0.60000
0.43990,-0.37182,0.00000,0.60000
0.44000,-0.37191,0.00000,0.60000
0.44010,-0.37200,0.00000,0.60000
0.44020,-0.37210,0.00000,0.60000
0.44030,-0.37219,0.00000,0.60000
0.44040,-0.37228,0.00000,0.60000
0.44050,-0.37237,0.00000,0.60000
0.44060,-0.37246,0.00000,0.60000
0.44070,-0.37255,0.00000,0.60000
0.44080,-0.37265,0.00000,0.60000
0.44090,-0.37274,0.00000,0.60000
0.44100,-0.37283,0.00000,0.60000
0.44110,-0.37292,0.00000,0.60000
0.44120,-0.37301,0.00000,0.60000
0.44130,-0.37310,0.00000,0.60000
0.44140,-0.37319,0.00000,0.60000
0.44150,-0.37328,0.00000,0.60000
0.44160,-0.37337,0.00000,0.60000
0.44170,-0.37346,0.00000,0.60000
0.44180,-0.37355,0.00000,0.60000
0.44190,-0.37364,0.00000,0.60000
0.44200,-0.37373,0.00000,0.60000
0.44210,-0.37382,0.00000,0.60000
0.44220,-0.37391,0.00000,0.60000
0.44230,-0.37400,0.00000,0.60000
0.44240,-0.37409,0.00000,0.60000
0.44250,-0.37418,0.00000,0.60000
0.44260,-0.37427,0.00000,0.60000
0.44270,-0.37435,0.00000,0.60000
0.44280,-0.37444,0.00000,0.60000
0.44290,-0.37453,0.00000,0.60000
0.44300,-0.37462,0.00000,0.60000
0.44310,-0.37471,0.00000,0.60000
0.44320,-0.37480,0.00000,0.60000
0.44330,-0.37488,0.00000,0.60000
0.44340,-0.37497,0.00000,0.60000
0.44350,-0.37506,0.00000,0.60000
0.44360,-0.37515,0.00000,0.60000
0.44370,-0.37523,0.00000,0.60000
0.44380,-0.37532,0.00000,0.60000
0.44390,-0.37541,0.00000,0.60000
0.44400,-0.37549,0.00000,0.60000
0.44410,-0.37558,0.00000,0.60000
0.44420,-0.37567,0.00000,0.60000
0.44430,-0.37575,0.00000,0.60000
0.44440,-0.37584,0.00000,0.60000
0.44450,-0.37592,0.00000,0.60000
0.44460,-0.37601,0.00000,0.60000
0.44470,-0.37610,0.00000,0.60000
0.44480,-0.37618,0.00000,0.60000
0.44490,-0.37627,0.00000,0.60000
0.44500,-0.37635,0.00000,0.60000
0.44510,-0.37644,0.00000,0.60000
0.44520,-0.37652,0.00000,0.60000
0.44530,-0.37661,0.00000,0.60000
0.44540,-0.37669,0.00000,0.60000
0.44550,-0.37678,0.00000,0.60000
0.44560,-0.37686,0.00000,0.60000
0.44570,-0.37694,0.00000,0.60000
0.44580,-0.37703,0.00000,0.60000
0.44590,-0.37711,0.00000,0.60000
0.44600,-0.37720,0.00000,0.60000
0.44610,-0.37728,0.00000,0.60000
0.44620,-0.37736,0.00000,0.60000
0.44630,-0.37745,0.00000,0.60000
0.44640,-0.37753,0.00000,0.60000
0.44650,-0.37761,0.00000,0.60000
0.44660,-0.37770,0.00000,0.60000
0.44670,-0.37778,0.00000,0.60000
0.44680,-0.37786,0.00000,0.60000
0.44690,-0.37794,0.00000,0.60000
0.44700,-0.37803,0.00000,0.60000
0.44710,-0.37811,0.00000,0.60000
0.44720,-0.37819,0.00000,0.60000
0.44730,-0.37827,0.00000,0.60000
0.44740,-0.37835,0.00000,0.60000
0.44750,-0.37843,0.00000,0.60000
0.44760,-0.37852,0.00000,0.60000
0.44770,-0.37860,0.00000,0.60000
0.44780,-0.37868,0.00000,0.60000
0.44790,-0.37876,0.00000,0.60000
0.44800,-0.37884,0.00000,0.60000
0.44810,-0.37892,0.00000,0.60000
0.44820,-0.37900,0.00000,0.60000
0.44830,-0.37908,0.00000,0.60000
0.44840,-0.37916,0.00000,0.60000
0.44850,-0.37924,0.00000,0.60000
0.44860,-0.37932,0.00000,0.60000
0.44870,-0.37940,0.00000,0.60000
0.44880,-0.37948,0.00000,0.60000
0.44890,-0.37956,0.00000,0.60000
0.44900,-0.37964,0.00000,0.60000
0.44910,-0.37972,0.00000,0.60000
0.44920,-0.37980,0.00000,0.60000
0.44930,-0.37988,0.00000,0.60000
0.44940,-0.37995,0.00000,0.60000
0.44950,-0.38003,0.00000,0.60000
0.44960,-0.38011,0.00000,0.60000
0.44970,-0.38019,0.00000,0.60000
0.44980,-0.38027,0.00000,0.60000
0.44990,-0.38034,0.00000,0.60000
0.45000,-0.38042,0.00000,0.60000
0.45010,-0.38050,0.00000,0.60000
0.45020,-0.38058,0.00000,0.60000
0.45030,-0.38065,0.00000,0.60000
0.45040,-0.38073,0.00000,0.60000
0.45050,-0.38081,0.00000,0.60000
0.45060,-0.38089,0.00000,0.60000
0.45070,-0.38096,0.00000,0.60000
0.45080,-0.38104,0.00000,0.60000
0.45090,-0.38112,0.00000,0.60000
0.45100,-0.38119,0.00000,0.60000
0.45110,-0.38127,0.00000,0.60000
0.45120,-0.38134,0.00000,0.60000
0.45130,-0.38142,0.00000,0.60000
0.45140,-0.38150,0.00000,0.60000
0.45150,-0.38157,0.00000,0.60000
0.45160,-0.38165,0.00000,0.60000
0.45170,-0.38172,0.00000,0.60000
0.45180,-0.38180,0.00000,0.60000
0.45190,-0.38187,0.00000,0.60000
0.45200,-0.38195,0.00000,0.60000
0.45210,-0.38202,0.00000,0.60000
0.45220,-0.38209,0.00000,0.60000
0.45230,-0.38217,0.00000,0.60000
0.45240,-0.38224,0.00000,0.60000
0.45250,-0.38232,0.00000,0.60000
0.45260,-0.38239,0.00000,0.60000
0.45270,-0.38246,0.00000,0.60000
0.45280,-0.38254,0.00000,0.60000
0.45290,-0.38261,0.00000,0.60000
0.45300,-0.38268,0.00000,0.60000
0.45310,-0.38276,0.00000,0.60000
0.45320,-0.38283,0.00000,0.60000
0.45330,-0.38290,0.00000,0.60000
0.45340,-0.38298,0.00000,0.60000
0.45350,-0.38305,0.00000,0.60000
0.45360,-0.38312,0.00000,0.60000
0.45370,-0.38319,0.00000,0.60000
0.45380,-0.38327,0.00000,0.60000
0.45390,-0.38334,0.00000,0.60000
0.45400,-0.38341,0.00000,0.60000
0.45410,-0.38348,0.00000,0.60000
0.45420,-0.38355,0.00000,0.60000
0.45430,-0.38362,0.00000,0.60000
0.45440,-0.38369,0.00000,0.60000
0.45450,-0.38376,0.00000,0.60000
0.45460,-0.38384,0.00000,0.60000
0.45470,-0.38391,0.00000,0.60000
0.45480,-0.38398,0.00000,0.60000
0.45490,-0.38405,0.00000,0.60000
0.45500,-0.38412,0.00000,0.60000
0.45510,-0.38419,0.00000,0.60000
0.45520,-0.38426,0.00000,0.60000
0.45530,-0.38433,0.00000,0.60000
0.45540,-0.38440,0.00000,0.60000
0.45550,-0.38447,0.00000,0.60000
0.45560,-0.38454,0.00000,0.60000
0.45570,-0.38460,0.00000,0.60000
0.45580,-0.38467,0.00000,0.60000
0.45590,-0.38474,0.00000,0.60000
0.45600,-0.38481,0.00000,0.60000
0.45610,-0.38488,0.00000,0.60000
0.45620,-0.38495,0.00000,0.60000
0.45630,-0.38502,0.00000,0.60000
0.45640,-0.38508,0.00000,0.60000
0.45650,-0.38515,0.00000,0.60000
0.45660,-0.38522,0.00000,0.60000
0.45670,-0.38529,0.00000,0.60000
0.45680,-0.38536,0.00000,0.60000
0.45690,-0.38542,0.00000,0.60000
0.45700,-0.38549,0.00000,0.60000
0.45710,-0.38556,0.00000,0.60000
0.45720,-0.38562,0.00000,0.60000
0.45730,-0.38569,0.00000,0.60000
0.45740,-0.38576,0.00000,0.60000
0.45750,-0.38582,0.00000,0.60000
0.45760,-0.38589,0.00000,0.60000
0.45770,-0.38596,0.00000,0.60000
0.45780,-0.38602,0.00000,0.60000
0.45790,-0.38609,0.00000,0.60000
0.45800,-0.38615,0.00000,0.60000
0.45810,-0.38622,0.00000,0.60000
0.45820,-0.38628,0.00000,0.60000
0.45830,-0.38635,0.00000,0.60000
0.45840,-0.38641,0.00000,0.60000
0.45850,-0.38648,0.00000,0.60000
0.45860,-0.38654,0.00000,0.60000
0.45870,-0.38661,0.00000,0.60000
0.45880,-0.38667,0.00000,0.60000
0.45890,-0.38674,0.00000,0.60000
0.45900,-0.38680,0.00000,0.60000
0.45910,-0.38686,0.00000,0.60000
0.45920,-0.38693,0.00000,0.60000
0.45930,-0.38699,0.00000,0.60000
0.45940,-0.38706,0.00000,0.60000
0.45950,-0.38712,0.00000,0.60000
0.45960,-0.38718,0.00000,0.60000
0.45970,-0.38725,0.00000,0.60000
0.45980,-0.38731,0.00000,0.60000
0.45990,-0.38737,0.00000,0.60000
0.46000,-0.38743,0.00000,0.60000
0.46010,-0.38750,0.00000,0.60000
0.46020,-0.38756,0.00000,0.60000
0.46030,-0.38762,0.00000,0.60000
0.46040,-0.38768,0.00000,0.60000
0.46050,-0.38774,0.00000,0.60000
0.46060,-0.38781,0.00000,0.60000
0.46070,-0.38787,0.00000,0.60000
0.46080,-0.38793,0.00000,0.60000
0.46090,-0.38799,0.00000,0.60000
0.46100,-0.38805,0.00000,0.60000
0.46110,-0.38811,0.00000,0.60000
0.46120,-0.38817,0.00000,0.60000
0.46130,-0.38823,0.00000,0.60000
0.46140,-0.38829,0.00000,0.60000
0.46150,-0.38835,0.00000,0.60000
0.46160,-0.38841,0.00000,0.60000
0.46170,-0.38847,0.00000,0.60000
0.46180,-0.38853,0.00000,0.60000
0.46190,-0.38859,0.00000,0.60000
0.46200,-0.38865,0.00000,0.60000
0.46210,-0.38871,0.00000,0.60000
0.46220,-0.38877,0.00000,0.60000
0.46230,-0.38883,0.00000,0.60000
0.46240,-0.38889,0.00000,0.60000
0.46250,-0.38895,0.00000,0.60000
0.46260,-0.38901,0.00000,0.60000
0.46270,-0.38907,0.00000,0.60000
0.46280,-0.38912,0.00000,0.60000
0.46290,-0.38918,0.00000,0.60000
0.46300,-0.38924,0.00000,0.60000
0.46310,-0.38930,0.00000,0.60000
0.46320,-0.38935,0.00000,0.60000
0.46330,-0.38941,0.00000,0.60000
0.46340,-0.38947,0.00000,0.60000
0.46350,-0.38953,0.00000,0.60000
0.46360,-0.38958,0.00000,0.60000
0.46370,-0.38964,0.00000,0.60000
0.46380,-0.38970,0.00000,0.60000
0.46390,-0.38975,0.00000,0.60000
0.46400,-0.38981,0.00000,0.60000
0.46410,-0.38987,0.00000,0.60000
0.46420,-0.38992,0.00000,0.60000
0.46430,-0.38998,0.00000,0.60000
0.46440,-0.39003,0.00000,0.60000
0.46450,-0.39009,0.00000,0.60000
0.46460,-0.39015,0.00000,0.60000
0.46470,-0.39020,0.00000,0.60000
0.46480,-0.39026,0.00000,0.60000
0.46490,-0.39031,0.00000,0.60000
0.46500,-0.39037,0.00000,0.60000
0.46510,-0.39042,0.00000,0.60000
0.46520,-0.39048,0.00000,0.60000
0.46530,-0.39053,0.00000,0.60000
0.46540,-0.39058,0.00000,0.60000
0.46550,-0.39064,0.00000,0.60000
0.46560,-0.39069,0.00000,0.60000
0.46570,-0.39075,0.00000,0.60000
0.46580,-0.39080,0.00000,0.60000
0.46590,-0.39085,0.00000,0.60000
0.46600,-0.39091,0.00000,0.60000
0.46610,-0.39096,0.00000,0.60000
0.46620,-0.39101,0.00000,0.60000
0.46630,-0.39107,0.00000,0.60000
0.46640,-0.39112,0.00000,0.60000
0.46650,-0.39117,0.00000,0.60000
0.46660,-0.39122,0.00000,0.60000
0.46670,-0.39128,0.00000,0.60000
0.46680,-0.39133,0.00000,0.60000
0.46690,-0.39138,0.00000,0.60000
0.46700,-0.39143,0.00000,0.60000
0.46710,-0.39148,0.00000,0.60000
0.46720,-0.39154,0.00000,0.60000
0.46730,-0.39159,0.00000,0.60000
0.46740,-0.39164,0.00000,0.60000
0.46750,-0.39169,0.00000,0.60000
0.46760,-0.39174,0.00000,0.60000
0.46770,-0.39179,0.00000,0.60000
0.46780,-0.39184,0.00000,0.60000
0.46790,-0.39189,0.00000,0.60000
0.46800,-0.39194,0.00000,0.60000
0.46810,-0.39199,0.00000,0.60000
0.46820,-0.39204,0.00000,0.60000
0.46830,-0.39209,0.00000,0.60000
0.46840,-0.39214,0.00000,0.60000
0.46850,-0.39219,0.00000,0.60000
0.46860,-0.39224,0.00000,0.60000
0.46870,-0.39229,0.00000,0.60000
0.46880,-0.39234,0.00000,0.60000
0.46890,-0.39239,0.00000,0.60000
0.46900,-0.39244,0.00000,0.60000
0.46910,-0.39248,0.00000,0.60000
0.46920,-0.39253,0.00000,0.60000
0.46930,-0.39258,0.00000,0.60000
0.46940,-0.39263,0.00000,0.60000
0.46950,-0.39268,0.00000,0.60000
0.46960,-0.39273,0.00000,0.60000
0.46970,-0.39277,0.00000,0.60000
0.46980,-0.39282,0.00000,0.60000
0.46990,-0.39287,0.00000,0.60000
0.47000,-0.39291,0.00000,0.60000
0.47010,-0.39296,0.00000,0.60000
0.47020,-0.39301,0.00000,0.60000
0.47030,-0.39306,0.00000,0.60000
0.47040,-0.39310,0.00000,0.60000
0.47050,-0.39315,0.00000,0.60000
0.47060,-0.39319,0.00000,0.60000
0.47070,-0.39324,0.00000,0.60000
0.47080,-0.39329,0.00000,0.60000
0.47090,-0.39333,0.00000,0.60000
0.47100,-0.39338,0.00000,0.60000
0.47110,-0.39342,0.00000,0.60000
0.47120,-0.39347,0.00000,0.60000
0.47130,-0.39351,0.00000,0.60000
0.47140,-0.39356,0.00000,0.60000
0.47150,-0.39360,0.00000,0.60000
0.47160,-0.39365,0.00000,0.60000
0.47170,-0.39369,0.00000,0.60000
0.47180,-0.39374,0.00000,0.60000
0.47190,-0.39378,0.00000,0.60000
0.47200,-0.39383,0.00000,0.60000
0.47210,-0.39387,0.00000,0.60000
0.47220,-0.39391,0.00000,0.60000
0.47230,-0.39396,0.00000,0.60000
0.47240,-0.39400,0.00000,0.60000
0.47250,-0.39404,0.00000,0.60000
0.47260,-0.39409,0.00000,0.60000
0.47270,-0.39413,0.00000,0.60000
0.47280,-0.39417,0.00000,0.60000
0.47290,-0.39422,0.00000,0.60000
0.47300,-0.39426,0.00000,0.60000
0.47310,-0.39430,0.00000,0.60000
0.47320,-0.39434,0.00000,0.60000
0.47330,-0.39438,0.00000,0.60000
0.47340,-0.39443,0.00000,0.60000
0.47350,-0.39447,0.00000,0.60000
0.47360,-0.39451,0.00000,0.60000
0.47370,-0.39455,0.00000,0.60000
0.47380,-0.39459,0.00000,0.60000
0.47390,-0.39463,0.00000,0.60000
0.47400,-0.39467,0.00000,0.60000
0.47410,-0.39472,0.00000,0.60000
0.47420,-0.39476,0.00000,0.60000
0.47430,-0.39480,0.00000,0.60000
0.47440,-0.39484,0.00000,0.60000
0.47450,-0.39488,0.00000,0.60000
0.47460,-0.39492,0.00000,0.60000
0.47470,-0.39496,0.00000,0.60000
0.47480,-0.39500,0.00000,0.60000
0.47490,-0.39504,0.00000,0.60000
0.47500,-0.39508,0.00000,0.60000
0.47510,-0.39511,0.00000,0.60000
0.47520,-0.39515,0.00000,0.60000
0.47530,-0.39519,0.00000,0.60000
0.47540,-0.39523,0.00000,0.60000
0.47550,-0.39527,0.00000,0.60000
0.47560,-0.39531,0.00000,0.60000
0.47570,-0.39535,0.00000,0.60000
0.47580,-0.39538,0.00000,0.60000
0.47590,-0.39542,0.00000,0.60000
0.47600,-0.39546,0.00000,0.60000
0.47610,-0.39550,0.00000,0.60000
0.47620,-0.39554,0.00000,0.60000
0.47630,-0.39557,0.00000,0.60000
0.47640,-0.39561,0.00000,0.60000
0.47650,-0.39565,0.00000,0.60000
0.47660,-0.39568,0.00000,0.60000
0.47670,-0.39572,0.00000,0.60000
0.47680,-0.39576,0.00000,0.60000
0.47690,-0.39579,0.00000,0.60000
0.47700,-0.39583,0.00000,0.60000
0.47710,-0.39587,0.00000,0.60000
0.47720,-0.39590,0.00000,0.60000
0.47730,-0.39594,0.00000,0.60000
0.47740,-0.39597,0.00000,0.60000
0.47750,-0.39601,0.00000,0.60000
0.47760,-0.39604,0.00000,0.60000
0.47770,-0.39608,0.00000,0.60000
0.47780,-0.39611,0.00000,0.60000
0.47790,-0.39615,0.00000,0.60000
0.47800,-0.39618,0.00000,0.60000
0.47810,-0.39622,0.00000,0.60000
0.47820,-0.39625,0.00000,0.60000
0.47830,-0.39629,0.00000,0.60000
0.47840,-0.39632,0.00000,0.60000
0.47850,-0.39636,0.00000,0.60000
0.47860,-0.39639,0.00000,0.60000
0.47870,-0.39642,0.00000,0.60000
0.47880,-0.39646,0.00000,0.60000
0.47890,-0.39649,0.00000,0.60000
0.47900,-0.39652,0.00000,0.60000
0.47910,-0.39656,0.00000,0.60000
0.47920,-0.39659,0.00000,0.60000
0.47930,-0.39662,0.00000,0.60000
0.47940,-0.39665,0.00000,0.60000
0.47950,-0.39669,0.00000,0.60000
0.47960,-0.39672,0.00000,0.60000
0.47970,-0.39675,0.00000,0.60000
0.47980,-0.39678,0.00000,0.60000
0.47990,-0.39681,0.00000,0.60000
0.48000,-0.39685,0.00000,0.60000
0.48010,-0.39688,0.00000,0.60000
0.48020,-0.39691,0.00000,0.60000
0.48030,-0.39694,0.00000,0.60000
0.48040,-0.39697,0.00000,0.60000
0.48050,-0.39700,0.00000,0.60000
0.48060,-0.39703,0.00000,0.60000
0.48070,-0.39706,0.00000,0.60000
0.48080,-0.39709,0.00000,0.60000
0.48090,-0.39712,0.00000,0.60000
0.48100,-0.39715,0.00000,0.60000
0.48110,-0.39718,0.00000,0.60000
0.48120,-0.39721,0.00000,0.60000
0.48130,-0.39724,0.00000,0.60000
0.48140,-0.39727,0.00000,0.60000
0.48150,-0.39730,0.00000,0.60000
0.48160,-0.39733,0.00000,0.60000
0.48170,-0.39736,0.00000,0.60000
0.48180,-0.39739,0.00000,0.60000
0.48190,-0.39742,0.00000,0.60000
0.48200,-0.39744,0.00000,0.60000
0.48210,-0.39747,0.00000,0.60000
0.48220,-0.39750,0.00000,0.60000
0.48230,-0.39753,0.00000,0.60000
0.48240,-0.39756,0.00000,0.60000
0.48250,-0.39758,0.00000,0.60000
0.48260,-0.39761,0.00000,0.60000
0.48270,-0.39764,0.00000,0.60000
0.48280,-0.39767,0.00000,0.60000
0.48290,-0.39769,0.00000,0.60000
0.48300,-0.39772,0.00000,0.60000
0.48310,-0.39775,0.00000,0.60000
0.48320,-0.39777,0.00000,0.60000
0.48330,-0.39780,0.00000,0.60000
0.48340,-0.39783,0.00000,0.60000
0.48350,-0.39785,0.00000,0.60000
0.48360,-0.39788,0.00000,0.60000
0.48370,-0.39790,0.00000,0.60000
0.48380,-0.39793,0.00000,0.60000
0.48390,-0.39796,0.00000,0.60000
0.48400,-0.39798,0.00000,0.60000
0.48410,-0.39801,0.00000,0.60000
0.48420,-0.39803,0.00000,0.60000
0.48430,-0.39806,0.00000,0.60000
0.48440,-0.39808,0.00000,0.60000
0.48450,-0.39810,0.00000,0.60000
0.48460,-0.39813,0.00000,0.60000
0.48470,-0.39815,0.00000,0.60000
0.48480,-0.39818,0.00000,0.60000
0.48490,-0.39820,0.00000,0.60000
0.48500,-0.39822,0.00000,0.60000
0.48510,-0.39825,0.00000,0.60000
0.48520,-0.39827,0.00000,0.60000
0.48530,-0.39830,0.00000,0.60000
0.48540,-0.39832,0.00000,0.60000
0.48550,-0.39834,0.00000,0.60000
0.48560,-0.39836,0.00000,0.60000
0.48570,-0.39839,0.00000,0.60000
0.48580,-0.39841,0.00000,0.60000
0.48590,-0.39843,0.00000,0.60000
0.48600,-0.39845,0.00000,0.60000
0.48610,-0.39848,0.00000,0.60000
0.48620,-0.39850,0.00000,0.60000
0.48630,-0.39852,0.00000,0.60000
0.48640,-0.39854,0.00000,0.60000
0.48650,-0.39856,0.00000,0.60000
0.48660,-0.39858,0.00000,0.60000
0.48670,-0.39860,0.00000,0.60000
0.48680,-0.39863,0.00000,0.60000
0.48690,-0.39865,0.00000,0.60000
0.48700,-0.39867,0.00000,0.60000
0.48710,-0.39869,0.00000,0.60000
0.48720,-0.39871,0.00000,0.60000
0.48730,-0.39873,0.00000,0.60000
0.48740,-0.39875,0.00000,0.60000
0.48750,-0.39877,0.00000,0.60000
0.48760,-0.39879,0.00000,0.60000
0.48770,-0.39881,0.00000,0.60000
0.48780,-0.39883,0.00000,0.60000
0.48790,-0.39884,0.00000,0.60000
0.48800,-0.39886,0.00000,0.60000
0.48810,-0.39888,0.00000,0.60000
0.48820,-0.39890,0.00000,0.60000
0.48830,-0.39892,0.00000,0.60000
0.48840,-0.39894,0.00000,0.60000
0.48850,-0.39896,0.00000,0.60000
0.48860,-0.39897,0.00000,0.60000
0.48870,-0.39899,0.00000,0.60000
0.48880,-0.39901,0.00000,0.60000
0.48890,-0.39903,0.00000,0.60000
0.48900,-0.39905,0.00000,0.60000
0.48910,-0.39906,0.00000,0.60000
0.48920,-0.39908,0.00000,0.60000
0.48930,-0.39910,0.00000,0.60000
0.48940,-0.39911,0.00000,0.60000
0.48950,-0.39913,0.00000,0.60000
0.48960,-0.39915,0.00000,0.60000
0.48970,-0.39916,0.00000,0.60000
0.48980,-0.39918,0.00000,0.60000
0.48990,-0.39919,0.00000,0.60000
0.49000,-0.39921,0.00000,0.60000
0.49010,-0.39923,0.00000,0.60000
0.49020,-0.39924,0.00000,0.60000
0.49030,-0.39926,0.00000,0.60000
0.49040,-0.39927,0.00000,0.60000
0.49050,-0.39929,0.00000,0.60000
0.49060,-0.39930,0.00000,0.60000
0.49070,-0.39932,0.00000,0.60000
0.49080,-0.39933,0.00000,0.60000
0.49090,-0.39935,0.00000,0.60000
0.49100,-0.39936,0.00000,0.60000
0.49110,-0.39937,0.00000,0.60000
0.49120,-0.39939,0.00000,0.60000
0.49130,-0.39940,0.00000,0.60000
0.49140,-0.39942,0.00000,0.60000
0.49150,-0.39943,0.00000,0.60000
0.49160,-0.39944,0.00000,0.60000
0.49170,-0.39946,0.00000,0.60000
0.49180,-0.39947,0.00000,0.60000
0.49190,-0.39948,0.00000,0.60000
0.49200,-0.39949,0.00000,0.60000
0.49210,-0.39951,0.00000,0.60000
0.49220,-0.39952,0.00000,0.60000
0.49230,-0.39953,0.00000,0.60000
0.49240,-0.39954,0.00000,0.60000
0.49250,-0.39956,0.00000,0.60000
0.49260,-0.39957,0.00000,0.60000
0.49270,-0.39958,0.00000,0.60000
0.49280,-0.39959,0.00000,0.60000
0.49290,-0.39960,0.00000,0.60000
0.49300,-0.39961,0.00000,0.60000
0.49310,-0.39962,0.00000,0.60000
0.49320,-0.39963,0.00000,0.60000
0.49330,-0.39965,0.00000,0.60000
0.49340,-0.39966,0.00000,0.60000
0.49350,-0.39967,0.00000,0.60000
0.49360,-0.39968,0.00000,0.60000
0.49370,-0.39969,0.00000,0.60000
0.49380,-0.39970,0.00000,0.60000
0.49390,-0.39971,0.00000,0.60000
0.49400,-0.39972,0.00000,0.60000
0.49410,-0.39973,0.00000,0.60000
0.49420,-0.39973,0.00000,0.60000
0.49430,-0.39974,0.00000,0.60000
0.49440,-0.39975,0.00000,0.60000
0.49450,-0.39976,0.00000,0.60000
0.49460,-0.39977,0.00000,0.60000
0.49470,-0.39978,0.00000,0.60000
0.49480,-0.39979,0.00000,0.60000
0.49490,-0.39979,0.00000,0.60000
0.49500,-0.39980,0.00000,0.60000
0.49510,-0.39981,0.00000,0.60000
0.49520,-0.39982,0.00000,0.60000
0.49530,-0.39983,0.00000,0.60000
0.49540,-0.39983,0.00000,0.60000
0.49550,-0.39984,0.00000,0.60000
0.49560,-0.39985,0.00000,0.60000
0.49570,-0.39985,0.00000,0.60000
0.49580,-0.39986,0.00000,0.60000
0.49590,-0.39987,0.00000,0.60000
0.49600,-0.39987,0.00000,0.60000
0.49610,-0.39988,0.00000,0.60000
0.49620,-0.39989,0.00000,0.60000
0.49630,-0.39989,0.00000,0.60000
0.49640,-0.39990,0.00000,0.60000
0.49650,-0.39990,0.00000,0.60000
0.49660,-0.39991,0.00000,0.60000
0.49670,-0.39991,0.00000,0.60000
0.49680,-0.39992,0.00000,0.60000
0.49690,-0.39992,0.00000,0.60000
0.49700,-0.39993,0.00000,0.60000
0.49710,-0.39993,0.00000,0.60000
0.49720,-0.39994,0.00000,0.60000
0.49730,-0.39994,0.00000,0.60000
0.49740,-0.39995,0.00000,0.60000
0.49750,-0.39995,0.00000,0.60000
0.49760,-0.39995,0.00000,0.60000
0.49770,-0.39996,0.00000,0.60000
0.49780,-0.39996,0.00000,0.60000
0.49790,-0.39997,0.00000,0.60000
0.49800,-0.39997,0.00000,0.60000
0.49810,-0.39997,0.00000,0.60000
0.49820,-0.39997,0.00000,0.60000
0.49830,-0.39998,0.00000,0.60000
0.49840,-0.39998,0.00000,0.60000
0.49850,-0.39998,0.00000,0.60000
0.49860,-0.39998,0.00000,0.60000
0.49870,-0.39999,0.00000,0.60000
0.49880,-0.39999,0.00000,0.60000
0.49890,-0.39999,0.00000,0.60000
0.49900,-0.39999,0.00000,0.60000
0.49910,-0.39999,0.00000,0.60000
0.49920,-0.39999,0.00000,0.60000
0.49930,-0.40000,0.00000,0.60000
0.49940,-0.40000,0.00000,0.60000
0.49950,-0.40000,0.00000,0.60000
0.49960,-0.40000,0.00000,0.60000
0.49970,-0.40000,0.00000,0.60000
0.49980,-0.40000,0.00000,0.60000
0.49990,-0.40000,0.00000,0.60000
0.50000,-0.40000,0.00000,0.60000
0.50010,-0.40000,0.00000,0.60000
0.50020,-0.40000,0.00000,0.60000
0.50030,-0.40000,0.00000,0.60000
0.50040,-0.40000,0.00000,0.60000
0.50050,-0.40000,0.00000,0.60000
0.50060,-0.40000,0.00000,0.60000
0.50070,-0.40000,0.00000,0.60000
0.50080,-0.39999,0.00000,0.60000
0.50090,-0.39999,0.00000,0.60000
0.50100,-0.39999,0.00000,0.60000
0.50110,-0.39999,0.00000,0.60000
0.50120,-0.39999,0.00000,0.60000
0.50130,-0.39999,0.00000,0.60000
0.50140,-0.39998,0.00000,0.60000
0.50150,-0.39998,0.00000,0.60000
0.50160,-0.39998,0.00000,0.60000
0.50170,-0.39998,0.00000,0.60000
0.50180,-0.39997,0.00000,0.60000
0.50190,-0.39997,0.00000,0.60000
0.50200,-0.39997,0.00000,0.60000
0.50210,-0.39997,0.00000,0.60000
0.50220,-0.39996,0.00000,0.60000
0.50230,-0.39996,0.00000,0.60000
0.50240,-0.39995,0.00000,0.60000
0.50250,-0.39995,0.00000,0.60000
0.50260,-0.39995,0.00000,0.60000
0.50270,-0.39994,0.00000,0.60000
0.50280,-0.39994,0.00000,0.60000
0.50290,-0.39993,0.00000,0.60000
0.50300,-0.39993,0.00000,0.60000
0.50310,-0.39992,0.00000,0.60000
0.50320,-0.39992,0.00000,0.60000
0.50330,-0.39991,0.00000,0.60000
0.50340,-0.39991,0.00000,0.60000
0.50350,-0.39990,0.00000,0.60000
0.50360,-0.39990,0.00000,0.60000
0.50370,-0.39989,0.00000,0.60000
0.50380,-0.39989,0.00000,0.60000
0.50390,-0.39988,0.00000,0.60000
0.50400,-0.39987,0.00000,0.60000
0.50410,-0.39987,0.00000,0.60000
0.50420,-0.39986,0.00000,0.60000
0.50430,-0.39985,0.00000,0.60000
0.50440,-0.39985,0.00000,0.60000
0.50450,-0.39984,0.00000,0.60000
0.50460,-0.39983,0.00000,0.60000
0.50470,-0.39983,0.00000,0.60000
0.50480,-0.39982,0.00000,0.60000
0.50490,-0.39981,0.00000,0.60000
0.50500,-0.39980,0.00000,0.60000
0.50510,-0.39979,0.00000,0.60000
0.50520,-0.39979,0.00000,0.60000
0.50530,-0.39978,0.00000,0.60000
0.50540,-0.39977,0.00000,0.60000
0.50550,-0.39976,0.00000,0.60000
0.50560,-0.39975,0.00000,0.60000
0.50570,-0.39974,0.00000,0.60000
0.50580,-0.39973,0.00000,0.60000
0.50590,-0.39973,0.00000,0.60000
0.50600,-0.39972,0.00000,0.60000
0.50610,-0.39971,0.00000,0.60000
0.50620,-0.39970,0.00000,0.60000
0.50630,-0.39969,0.00000,0.60000
0.50640,-0.39968,0.00000,0.60000
0.50650,-0.39967,0.00000,0.60000
0.50660,-0.39966,0.00000,0.60000
0.50670,-0.39965,0.00000,0.60000
0.50680,-0.39963,0.00000,0.60000
0.50690,-0.39962,0.00000,0.60000
0.50700,-0.39961,0.00000,0.60000
0.50710,-0.39960,0.00000,0.60000
0.50720,-0.39959,0.00000,0.60000
0.50730,-0.39958,0.00000,0.60000
0.50740,-0.39957,0.00000,0.60000
0.50750,-0.39956,0.00000,0.60000
0.50760,-0.39954,0.00000,0.60000
0.50770,-0.39953,0.00000,0.60000
0.50780,-0.39952,0.00000,0.60000
0.50790,-0.39951,0.00000,0.60000
0.50800,-0.39949,0.00000,0.60000
0.50810,-0.39948,0.00000,0.60000
0.50820,-0.39947,0.00000,0.60000
0.50830,-0.39946,0.00000,0.60000
0.50840,-0.39944,0.00000,0.60000
0.50850,-0.39943,0.00000,0.60000
0.50860,-0.39942,0.00000,0.60000
0.50870,-0.39940,0.00000,0.60000
0.50880,-0.39939,0.00000,0.60000
0.50890,-0.39937,0.00000,0.60000
0.50900,-0.39936,0.00000,0.60000
0.50910,-0.39935,0.00000,0.60000
0.50920,-0.39933,0.00000,0.60000
0.50930,-0.39932,0.00000,0.60000
0.50940,-0.39930,0.00000,0.60000
0.50950,-0.39929,0.00000,0.60000
0.50960,-0.39927,0.00000,0.60000
0.50970,-0.39926,0.00000,0.60000
0.50980,-0.39924,0.00000,0.60000
0.50990,-0.39923,0.00000,0.60000
0.51000,-0.39921,0.00000,0.60000
0.51010,-0.39919,0.00000,0.60000
0.51020,-0.39918,0.00000,0.60000
0.51030,-0.39916,0.00000,0.60000
0.51040,-0.39915,0.00000,0.60000
0.51050,-0.39913,0.00000,0.60000
0.51060,-0.39911,0.00000,0.60000
0.51070,-0.39910,0.00000,0.60000
0.51080,-0.39908,0.00000,0.60000
0.51090,-0.39906,0.00000,0.60000
0.51100,-0.39905,0.00000,0.60000
0.51110,-0.39903,0.00000,0.60000
0.51120,-0.39901,0.00000,0.60000
0.51130,-0.39899,0.00000,0.60000
0.51140,-0.39897,0.00000,0.60000
0.51150,-0.39896,0.00000,0.60000
0.51160,-0.39894,0.00000,0.60000
0.51170,-0.39892,0.00000,0.60000
0.51180,-0.39890,0.00000,0.60000
0.51190,-0.39888,0.00000,0.60000
0.51200,-0.39886,0.00000,0.60000
0.51210,-0.39884,0.00000,0.60000
0.51220,-0.39883,0.00000,0.60000
0.51230,-0.39881,0.00000,0.60000
0.51240,-0.39879,0.00000,0.60000
0.51250,-0.39877,0.00000,0.60000
0.51260,-0.39875,0.00000,0.60000
0.51270,-0.39873,0.00000,0.60000
0.51280,-0.39871,0.00000,0.60000
0.51290,-0.39869,0.00000,0.60000
0.51300,-0.39867,0.00000,0.60000
0.51310,-0.39865,0.00000,0.60000
0.51320,-0.39863,0.00000,0.60000
0.51330,-0.39860,0.00000,0.60000
0.51340,-0.39858,0.00000,0.60000
0.51350,-0.39856,0.00000,0.60000
0.51360,-0.39854,0.00000,0.60000
0.51370,-0.39852,0.00000,0.60000
0.51380,-0.39850,0.00000,0.60000
0.51390,-0.39848,0.00000,0.60000
0.51400,-0.39845,0.00000,0.60000
0.51410,-0.39843,0.00000,0.60000
0.51420,-0.39841,0.00000,0.60000
0.51430,-0.39839,0.00000,0.60000
0.51440,-0.39836,0.00000,0.60000
0.51450,-0.39834,0.00000,0.60000
0.51460,-0.39832,0.00000,0.60000
0.51470,-0.39830,0.00000,0.60000
0.51480,-0.39827,0.00000,0.60000
0.51490,-0.39825,0.00000,0.60000
0.51500,-0.39822,0.00000,0.60000
0.51510,-0.39820,0.00000,0.60000
0.51520,-0.39818,0.00000,0.60000
0.51530,-0.39815,0.00000,0.60000
0.51540,-0.39813,0.00000,0.60000
0.51550,-0.39810,0.00000,0.60000
0.51560,-0.39808,0.00000,0.60000
0.51570,-0.39806,0.00000,0.60000
0.51580,-0.39803,0.00000,0.60000
0.51590,-0.39801,0.00000,0.60000
0.51600,-0.39798,0.00000,0.60000
0.51610,-0.39796,0.00000,0.60000
0.51620,-0.39793,0.00000,0.60000
0.51630,-0.39790,0.00000,0.60000
0.51640,-0.39788,0.00000,0.60000
0.51650,-0.39785,0.00000,0.60000
0.51660,-0.39783,0.00000,0.60000
0.51670,-0.39780,0.00000,0.60000
0.51680,-0.39777,0.00000,0.60000
0.51690,-0.39775,0.00000,0.60000
0.51700,-0.39772,0.00000,0.60000
0.51710,-0.39769,0.00000,0.60000
0.51720,-0.39767,0.00000,0.60000
0.51730,-0.39764,0.00000,0.60000
0.51740,-0.39761,0.00000,0.60000
0.51750,-0.39758,0.00000,0.60000
0.51760,-0.39756,0.00000,0.60000
0.51770,-0.39753,0.00000,0.60000
0.51780,-0.39750,0.00000,0.60000
0.51790,-0.39747,0.00000,0.60000
0.51800,-0.39744,0.00000,0.60000
0.51810,-0.39742,0.00000,0.60000
0.51820,-0.39739,0.00000,0.60000
0.51830,-0.39736,0.00000,0.60000
0.51840,-0.39733,0.00000,0.60000
0.51850,-0.39730,0.00000,0.60000
0.51860,-0.39727,0.00000,0.60000
0.51870,-0.39724,0.00000,0.60000
0.51880,-0.39721,0.00000,0.60000
0.51890,-0.39718,0.00000,0.60000
0.51900,-0.39715,0.00000,0.60000
0.51910,-0.39712,0.00000,0.60000
0.51920,-0.39709,0.00000,0.60000
0.51930,-0.39706,0.00000,0.60000
0.51940,-0.39703,0.00000,0.60000
0.51950,-0.39700,0.00000,0.60000
0.51960,-0.39697,0.00000,0.60000
0.51970,-0.39694,0.00000,0.60000
0.51980,-0.39691,0.00000,0.60000
0.51990,-0.39688,0.00000,0.60000
0.52000,-0.39685,0.00000,0.60000
0.52010,-0.39681,0.00000,0.60000
0.52020,-0.39678,0.00000,0.60000
0.52030,-0.39675,0.00000,0.60000
0.52040,-0.39672,0.00000,0.60000
0.52050,-0.39669,0.00000,0.60000
0.52060,-0.39665,0.00000,0.60000
0.52070,-0.39662,0.00000,0.60000
0.52080,-0.39659,0.00000,0.60000
0.52090,-0.39656,0.00000,0.60000
0.52100,-0.39652,0.00000,0.60000
0.52110,-0.39649,0.00000,0.60000
0.52120,-0.39646,0.00000,0.60000
0.52130,-0.39642,0.00000,0.60000
0.52140,-0.39639,0.00000,0.60000
0.52150,-0.39636,0.00000,0.60000
0.52160,-0.39632,0.00000,0.60000
0.52170,-0.39629,0.00000,0.60000
0.52180,-0.39625,0.00000,0.60000
0.52190,-0.39622,0.00000,0.60000
0.52200,-0.39618,0.00000,0.60000
0.52210,-0.39615,0.00000,0.60000
0.52220,-0.39611,0.00000,0.60000
0.52230,-0.39608,0.00000,0.60000
0.52240,-0.39604,0.00000,0.60000
0.52250,-0.39601,0.00000,0.60000
0.52260,-0.39597,0.00000,0.60000
0.52270,-0.39594,0.00000,0.60000
0.52280,-0.39590,0.00000,0.60000
0.52290,-0.39587,0.00000,0.60000
0.52300,-0.39583,0.00000,0.60000
0.52310,-0.39579,0.00000,0.60000
0.52320,-0.39576,0.00000,0.60000
0.52330,-0.39572,0.00000,0.60000
0.52340,-0.39568,0.00000,0.60000
0.52350,-0.39565,0.00000,0.60000
0.52360,-0.39561,0.00000,0.60000
0.52370,-0.39557,0.00000,0.60000
0.52380,-0.39554,0.00000,0.60000
0.52390,-0.39550,0.00000,0.60000
0.52400,-0.39546,0.00000,0.60000
0.52410,-0.39542,0.00000,0.60000
0.52420,-0.39538,0.00000,0.60000
0.52430,-0.39535,0.00000,0.60000
0.52440,-0.39531,0.00000,0.60000
0.52450,-0.39527,0.00000,0.60000
0.52460,-0.39523,0.00000,0.60000
0.52470,-0.39519,0.00000,0.60000
0.52480,-0.39515,0.00000,0.60000
0.52490,-0.39511,0.00000,0.60000
0.52500,-0.39508,0.00000,0.60000
0.52510,-0.39504,0.00000,0.60000
0.52520,-0.39500,0.00000,0.60000
0.52530,-0.39496,0.00000,0.60000
0.52540,-0.39492,0.00000,0.60000
0.52550,-0.39488,0.00000,0.60000
0.52560,-0.39484,0.00000,0.60000
0.52570,-0.39480,0.00000,0.60000
0.52580,-0.39476,0.00000,0.60000
0.52590,-0.39472,0.00000,0.60000
0.52600,-0.39467,0.00000,0.60000
0.52610,-0.39463,0.00000,0.60000
0.52620,-0.39459,0.00000,0.60000
0.52630,-0.39455,0.00000,0.60000
0.52640,-0.39451,0.00000,0.60000
0.52650,-0.39447,0.00000,0.60000
0.52660,-0.39443,0.00000,0.60000
0.52670,-0.39438,0.00000,0.60000
0.52680,-0.39434,0.00000,0.60000
0.52690,-0.39430,0.00000,0.60000
0.52700,-0.39426,0.00000,0.60000
0.52710,-0.39422,0.00000,0.60000
0.52720,-0.39417,0.00000,0.60000
0.52730,-0.39413,0.00000,0.60000
0.52740,-0.39409,0.00000,0.60000
0.52750,-0.39404,0.00000,0.60000
0.52760,-0.39400,0.00000,0.60000
0.52770,-0.39396,0.00000,0.60000
0.52780,-0.39391,0.00000,0.60000
0.52790,-0.39387,0.00000,0.60000
0.52800,-0.39383,0.00000,0.60000
0.52810,-0.39378,0.00000,0.60000
0.52820,-0.39374,0.00000,0.60000
0.52830,-0.39369,0.00000,0.60000
0.52840,-0.39365,0.00000,0.60000
0.52850,-0.39360,0.00000,0.60000
0.52860,-0.39356,0.00000,0.60000
0.52870,-0.39351,0.00000,0.60000
0.52880,-0.39347,0.00000,0.60000
0.52890,-0.39342,0.00000,0.60000
0.52900,-0.39338,0.00000,0.60000
0.52910,-0.39333,0.00000,0.60000
0.52920,-0.39329,0.00000,0.60000
0.52930,-0.39324,0.00000,0.60000
0.52940,-0.39319,0.00000,0.60000
0.52950,-0.39315,0.00000,0.60000
0.52960,-0.39310,0.00000,0.60000
0.52970,-0.39306,0.00000,0.60000
0.52980,-0.39301,0.00000,0.60000
0.52990,-0.39296,0.00000,0.60000
0.53000,-0.39291,0.00000,0.60000
0.53010,-0.39287,0.00000,0.60000
0.53020,-0.39282,0.00000,0.60000
0.53030,-0.39277,0.00000,0.60000
0.53040,-0.39273,0.00000,0.60000
0.53050,-0.39268,0.00000,0.60000
0.53060,-0.39263,0.00000,0.60000
0.53070,-0.39258,0.00000,0.60000
0.53080,-0.39253,0.00000,0.60000
0.53090,-0.39248,0.00000,0.60000
0.53100,-0.39244,0.00000,0.60000
0.53110,-0.39239,0.00000,0.60000
0.53120,-0.39234,0.00000,0.60000
0.53130,-0.39229,0.00000,0.60000
0.53140,-0.39224,0.00000,0.60000
0.53150,-0.39219,0.00000,0.60000
0.53160,-0.39214,0.00000,0.60000
0.53170,-0.39209,0.00000,0.60000
0.53180,-0.39204,0.00000,0.60000
0.53190,-0.39199,0.00000,0.60000
0.53200,-0.39194,0.00000,0.60000
0.53210,-0.39189,0.00000,0.60000
0.53220,-0.39184,0.00000,0.60000
0.53230,-0.39179,0.00000,0.60000
0.53240,-0.39174,0.00000,0.60000
0.53250,-0.39169,0.00000,0.60000
0.53260,-0.39164,0.00000,0.60000
0.53270,-0.39159,0.00000,0.60000
0.53280,-0.39154,0.00000,0.60000
0.53290,-0.39148,0.00000,0.60000
0.53300,-0.39143,0.00000,0.60000
0.53310,-0.39138,0.00000,0.60000
0.53320,-0.39133,0.00000,0.60000
0.53330,-0.39128,0.00000,0.60000
0.53340,-0.39122,0.00000,0.60000
0.53350,-0.39117,0.00000,0.60000
0.53360,-0.39112,0.00000,0.60000
0.53370,-0.39107,0.00000,0.60000
0.53380,-0.39101,0.00000,0.60000
0.53390,-0.39096,0.00000,0.60000
0.53400,-0.39091,0.00000,0.60000
0.53410,-0.39085,0.00000,0.60000
0.53420,-0.39080,0.00000,0.60000
0.53430,-0.39075,0.00000,0.60000
0.53440,-0.39069,0.00000,0.60000
0.53450,-0.39064,0.00000,0.60000
0.53460,-0.39058,0.00000,0.60000
0.53470,-0.39053,0.00000,0.60000
0.53480,-0.39048,0.00000,0.60000
0.53490,-0.39042,0.00000,0.60000
0.53500,-0.39037,0.00000,0.60000
0.53510,-0.39031,0.00000,0.60000
0.53520,-0.39026,0.00000,0.60000
0.53530,-0.39020,0.00000,0.60000
0.53540,-0.39015,0.00000,0.60000
0.53550,-0.39009,0.00000,0.60000
0.53560,-0.39003,0.00000,0.60000
0.53570,-0.38998,0.00000,0.60000
0.53580,-0.38992,0.00000,0.60000
0.53590,-0.38987,0.00000,0.60000
0.53600,-0.38981,0.00000,0.60000
0.53610,-0.38975,0.00000,0.60000
0.53620,-0.38970,0.00000,0.60000
0.53630,-0.38964,0.00000,0.60000
0.53640,-0.38958,0.00000,0.60000
0.53650,-0.38953,0.00000,0.60000
0.53660,-0.38947,0.00000,0.60000
0.53670,-0.38941,0.00000,0.60000
0.53680,-0.38935,0.00000,0.60000
0.53690,-0.38930,0.00000,0.60000
0.53700,-0.38924,0.00000,0.60000
0.53710,-0.38918,0.00000,0.60000
0.53720,-0.38912,0.00000,0.60000
0.53730,-0.38907,0.00000,0.60000
0.53740,-0.38901,0.00000,0.60000
0.53750,-0.38895,0.00000,0.60000
0.53760,-0.38889,0.00000,0.60000
0.53770,-0.38883,0.00000,0.60000
0.53780,-0.38877,0.00000,0.60000
0.53790,-0.38871,0.00000,0.60000
0.53800,-0.38865,0.00000,0.60000
0.53810,-0.38859,0.00000,0.60000
0.53820,-0.38853,0.00000,0.60000
0.53830,-0.38847,0.00000,0.60000
0.53840,-0.38841,0.00000,0.60000
0.53850,-0.38835,0.00000,0.60000
0.53860,-0.38829,0.00000,0.60000
0.53870,-0.38823,0.00000,0.60000
0.53880,-0.38817,0.00000,0.60000
0.53890,-0.38811,0.00000,0.60000
0.53900,-0.38805,0.00000,0.60000
0.53910,-0.38799,0.00000,0.60000
0.53920,-0.38793,0.00000,0.60000
0.53930,-0.38787,0.00000,0.60000
0.53940,-0.38781,0.00000,0.60000
0.53950,-0.38774,0.00000,0.60000
0.53960,-0.38768,0.00000,0.60000
0.53970,-0.38762,0.00000,0.60000
0.53980,-0.38756,0.00000,0.60000
0.53990,-0.38750,0.00000,0.60000
0.54000,-0.38743,0.00000,0.60000
0.54010,-0.38737,0.00000,0.60000
0.54020,-0.38731,0.00000,0.60000
0.54030,-0.38725,0.00000,0.60000
0.54040,-0.38718,0.00000,0.60000
0.54050,-0.38712,0.00000,0.60000
0.54060,-0.38706,0.00000,0.60000
0.54070,-0.38699,0.00000,0.60000
0.54080,-0.38693,0.00000,0.60000
0.54090,-0.38686,0.00000,0.60000
0.54100,-0.38680,0.00000,0.60000
0.54110,-0.38674,0.00000,0.60000
0.54120,-0.38667,0.00000,0.60000
0.54130,-0.38661,0.00000,0.60000
0.54140,-0.38654,0.00000,0.60000
0.54150,-0.38648,0.00000,0.60000
0.54160,-0.38641,0.00000,0.60000
0.54170,-0.38635,0.00000,0.60000
0.54180,-0.38628,0.00000,0.60000
0.54190,-0.38622,0.00000,0.60000
0.54200,-0.38615,0.00000,0.60000
0.54210,-0.38609,0.00000,0.60000
0.54220,-0.38602,0.00000,0.60000
0.54230,-0.38596,0.00000,0.60000
0.54240,-0.38589,0.00000,0.60000
0.54250,-0.38582,0.00000,0.60000
0.54260,-0.38576,0.00000,0.60000
0.54270,-0.38569,0.00000,0.60000
0.54280,-0.38562,0.00000,0.60000
0.54290,-0.38556,0.00000,0.60000
0.54300,-0.38549,0.00000,0.60000
0.54310,-0.38542,0.00000,0.60000
0.54320,-0.38536,0.00000,0.60000
0.54330,-0.38529,0.00000,0.60000
0.54340,-0.38522,0.00000,0.60000
0.54350,-0.38515,0.00000,0.60000
0.54360,-0.38508,0.00000,0.60000
0.54370,-0.38502,0.00000,0.60000
0.54380,-0.38495,0.00000,0.60000
0.54390,-0.38488,0.00000,0.60000
0.54400,-0.38481,0.00000,0.60000
0.54410,-0.38474,0.00000,0.60000
0.54420,-0.38467,0.00000,0.60000
0.54430,-0.38460,0.00000,0.60000
0.54440,-0.38454,0.00000,0.60000
0.54450,-0.38447,0.00000,0.60000
0.54460,-0.38440,0.00000,0.60000
0.54470,-0.38433,0.00000,0.60000
0.54480,-0.38426,0.00000,0.60000
0.54490,-0.38419,0.00000,0.60000
0.54500,-0.38412,0.00000,0.60000
0.54510,-0.38405,0.00000,0.60000
0.54520,-0.38398,0.00000,0.60000
0.54530,-0.38391,0.00000,0.60000
0.54540,-0.38384,0.00000,0.60000
0.54550,-0.38376,0.00000,0.60000
0.54560,-0.38369,0.00000,0.60000
0.54570,-0.38362,0.00000,0.60000
0.54580,-0.38355,0.00000,0.60000
0.54590,-0.38348,0.00000,0.60000
0.54600,-0.38341,0.00000,0.60000
0.54610,-0.38334,0.00000,0.60000
0.54620,-0.38327,0.00000,0.60000
0.54630,-0.38319,0.00000,0.60000
0.54640,-0.38312,0.00000,0.60000
0.54650,-0.38305,0.00000,0.60000
0.54660,-0.38298,0.00000,0.60000
0.54670,-0.38290,0.00000,0.60000
0.54680,-0.38283,0.00000,0.60000
0.54690,-0.38276,0.00000,0.60000
0.54700,-0.38268,0.00000,0.60000
0.54710,-0.38261,0.00000,0.60000
0.54720,-0.38254,0.00000,0.60000
0.54730,-0.38246,0.00000,0.60000
0.54740,-0.38239,0.00000,0.60000
0.54750,-0.38232,0.00000,0.60000
0.54760,-0.38224,0.00000,0.60000
0.54770,-0.38217,0.00000,0.60000
0.54780,-0.38209,0.00000,0.60000
0.54790,-0.38202,0.00000,0.60000
0.54800,-0.38195,0.00000,0.60000
0.54810,-0.38187,0.00000,0.60000
0.54820,-0.38180,0.00000,0.60000
0.54830,-0.38172,0.00000,0.60000
0.54840,-0.38165,0.00000,0.60000
0.54850,-0.38157,0.00000,0.60000
0.54860,-0.38150,0.00000,0.60000
0.54870,-0.38142,0.00000,0.60000
0.54880,-0.38134,0.00000,0.60000
0.54890,-0.38127,0.00000,0.60000
0.54900,-0.38119,0.00000,0.60000
0.54910,-0.38112,0.00000,0.60000
0.54920,-0.38104,0.00000,0.60000
0.54930,-0.38096,0.00000,0.60000
0.54940,-0.38089,0.00000,0.60000
0.54950,-0.38081,0.00000,0.60000
0.54960,-0.38073,0.00000,0.60000
0.54970,-0.38065,0.00000,0.60000
0.54980,-0.38058,0.00000,0.60000
0.54990,-0.38050,0.00000,0.60000
0.55000,-0.38042,0.00000,0.60000
0.55010,-0.38034,0.00000,0.60000
0.55020,-0.38027,0.00000,0.60000
0.55030,-0.38019,0.00000,0.60000
0.55040,-0.38011,0.00000,0.60000
0.55050,-0.38003,0.00000,0.60000
0.55060,-0.37995,0.00000,0.60000
0.55070,-0.37988,0.00000,0.60000
0.55080,-0.37980,0.00000,0.60000
0.55090,-0.37972,0.00000,0.60000
0.55100,-0.37964,0.00000,0.60000
0.55110,-0.37956,0.00000,0.60000
0.55120,-0.37948,0.00000,0.60000
0.55130,-0.37940,0.00000,0.60000
0.55140,-0.37932,0.00000,0.60000
0.55150,-0.37924,0.00000,0.60000
0.55160,-0.37916,0.00000,0.60000
0.55170,-0.37908,0.00000,0.60000
0.55180,-0.37900,0.00000,0.60000
0.55190,-0.37892,0.00000,0.60000
0.55200,-0.37884,0.00000,0.60000
0.55210,-0.37876,0.00000,0.60000
0.55220,-0.37868,0.00000,0.60000
0.55230,-0.37860,0.00000,0.60000
0.55240,-0.37852,0.00000,0.60000
0.55250,-0.37843,0.00000,0.60000
0.55260,-0.37835,0.00000,0.60000
0.55270,-0.37827,0.00000,0.60000
0.55280,-0.37819,0.00000,0.60000
0.55290,-0.37811,0.00000,0.60000
0.55300,-0.37803,0.00000,0.60000
0.55310,-0.37794,0.00000,0.60000
0.55320,-0.37786,0.00000,0.60000
0.55330,-0.37778,0.00000,0.60000
0.55340,-0.37770,0.00000,0.60000
0.55350,-0.37761,0.00000,0.60000
0.55360,-0.37753,0.00000,0.60000
0.55370,-0.37745,0.00000,0.60000
0.55380,-0.37736,0.00000,0.60000
0.55390,-0.37728,0.00000,0.60000
0.55400,-0.37720,0.00000,0.60000
0.55410,-0.37711,0.00000,0.60000
0.55420,-0.37703,0.00000,0.60000
0.55430,-0.37694,0.00000,0.60000
0.55440,-0.37686,0.00000,0.60000
0.55450,-0.37678,0.00000,0.60000
0.55460,-0.37669,0.00000,0.60000
0.55470,-0.37661,0.00000,0.60000
0.55480,-0.37652,0.00000,0.60000
0.55490,-0.37644,0.00000,0.60000
0.55500,-0.37635,0.00000,0.60000
0.55510,-0.37627,0.00000,0.60000
0.55520,-0.37618,0.00000,0.60000
0.55530,-0.37610,0.00000,0.60000
0.55540,-0.37601,0.00000,0.60000
0.55550,-0.37592,0.00000,0.60000
0.55560,-0.37584,0.00000,0.60000
0.55570,-0.37575,0.00000,0.60000
0.55580,-0.37567,0.00000,0.60000
0.55590,-0.37558,0.00000,0.60000
0.55600,-0.37549,0.00000,0.60000
0.55610,-0.37541,0.00000,0.60000
0.55620,-0.37532,0.00000,0.60000
0.55630,-0.37523,0.00000,0.60000
0.55640,-0.37515,0.00000,0.60000
0.55650,-0.37506,0.00000,0.60000
0.55660,-0.37497,0.00000,0.60000
0.55670,-0.37488,0.00000,0.60000
0.55680,-0.37480,0.00000,0.60000
0.55690,-0.37471,0.00000,0.60000
0.55700,-0.37462,0.00000,0.60000
0.55710,-0.37453,0.00000,0.60000
0.55720,-0.37444,0.00000,0.60000
0.55730,-0.37435,0.00000,0.60000
0.55740,-0.37427,0.00000,0.60000
0.55750,-0.37418,0.00000,0.60000
0.55760,-0.37409,0.00000,0.60000
0.55770,-0.37400,0.00000,0.60000
0.55780,-0.37391,0.00000,0.60000
0.55790,-0.37382,0.00000,0.60000
0.55800,-0.37373,0.00000,0.60000
0.55810,-0.37364,0.00000,0.60000
0.55820,-0.37355,0.00000,0.60000
0.55830,-0.37346,0.00000,0.60000
0.55840,-0.37337,0.00000,0.60000
0.55850,-0.37328,0.00000,0.60000
0.55860,-0.37319,0.00000,0.60000
0.55870,-0.37310,0.00000,0.60000
0.55880,-0.37301,0.00000,0.60000
0.55890,-0.37292,0.00000,0.60000
0.55900,-0.37283,0.00000,0.60000
0.55910,-0.37274,0.00000,0.60000
0.55920,-0.37265,0.00000,0.60000
0.55930,-0.37255,0.00000,0.60000
0.55940,-0.37246,0.00000,0.60000
0.55950,-0.37237,0.00000,0.60000
0.55960,-0.37228,0.00000,0.60000
0.55970,-0.37219,0.00000,0.60000
0.55980,-0.37210,0.00000,0.60000
0.55990,-0.37200,0.00000,0.60000
0.56000,-0.37191,0.00000,0.60000
0.56010,-0.37182,0.00000,0.60000
0.56020,-0.37173,0.00000,0.60000
0.56030,-0.37163,0.00000,0.60000
0.56040,-0.37154,0.00000,0.60000
0.56050,-0.37145,0.00000,0.60000
0.56060,-0.37135,0.00000,0.60000
0.56070,-0.37126,0.00000,0.60000
0.56080,-0.37117,0.00000,0.60000
0.56090,-0.37107,0.00000,0.60000
0.56100,-0.37098,0.00000,0.60000
0.56110,-0.37088,0.00000,0.60000
0.56120,-0.37079,0.00000,0.60000
0.56130,-0.37070,0.00000,0.60000
0.56140,-0.37060,0.00000,0.60000
0.56150,-0.37051,0.00000,0.60000
0.56160,-0.37041,0.00000,0.60000
0.56170,-0.37032,0.00000,0.60000
0.56180,-0.37022,0.00000,0.60000
0.56190,-0.37013,0.00000,0.60000
0.56200,-0.37003,0.00000,0.60000
0.56210,-0.36994,0.00000,0.60000
0.56220,-0.36984,0.00000,0.60000
0.56230,-0.36974,0.00000,0.60000
0.56240,-0.36965,0.00000,0.60000
0.56250,-0.36955,0.00000,0.60000
0.56260,-0.36946,0.00000,0.60000
0.56270,-0.36936,0.00000,0.60000
0.56280,-0.36926,0.00000,0.60000
0.56290,-0.36917,0.00000,0.60000
0.56300,-0.36907,0.00000,0.60000
0.56310,-0.36897,0.00000,0.60000
0.56320,-0.36887,0.00000,0.60000
0.56330,-0.36878,0.00000,0.60000
0.56340,-0.36868,0.00000,0.60000
0.56350,-0.36858,0.00000,0.60000
0.56360,-0.36849,0.00000,0.60000
0.56370,-0.36839,0.00000,0.60000
0.56380,-0.36829,0.00000,0.60000
0.56390,-0.36819,0.00000,0.60000
0.56400,-0.36809,0.00000,0.60000
0.56410,-0.36799,0.00000,0.60000
0.56420,-0.36790,0.00000,0.60000
0.56430,-0.36780,0.00000,0.60000
0.56440,-0.36770,0.00000,0.60000
0.56450,-0.36760,0.00000,0.60000
0.56460,-0.36750,0.00000,0.60000
0.56470,-0.36740,0.00000,0.60000
0.56480,-0.36730,0.00000,0.60000
0.56490,-0.36720,0.00000,0.60000
0.56500,-0.36710,0.00000,0.60000
0.56510,-0.36700,0.00000,0.60000
0.56520,-0.36690,0.00000,0.60000
0.56530,-0.36680,0.00000,0.60000
0.56540,-0.36670,0.00000,0.60000
0.56550,-0.36660,0.00000,0.60000
0.56560,-0.36650,0.00000,0.60000
0.56570,-0.36640,0.00000,0.60000
0.56580,-0.36630,0.00000,0.60000
0.56590,-0.36620,0.00000,0.60000
0.56600,-0.36610,0.00000,0.60000
0.56610,-0.36600,0.00000,0.60000
0.56620,-0.36589,0.00000,0.60000
0.56630,-0.36579,0.00000,0.60000
0.56640,-0.36569,0.00000,0.60000
0.56650,-0.36559,0.00000,0.60000
0.56660,-0.36549,0.00000,0.60000
0.56670,-0.36538,0.00000,0.60000
0.56680,-0.36528,0.00000,0.60000
0.56690,-0.36518,0.00000,0.60000
0.56700,-0.36508,0.00000,0.60000
0.56710,-0.36497,0.00000,0.60000
0.56720,-0.36487,0.00000,0.60000
0.56730,-0.36477,0.00000,0.60000
0.56740,-0.36466,0.00000,0.60000
0.56750,-0.36456,0.00000,0.60000
0.56760,-0.36446,0.00000,0.60000
0.56770,-0.36435,0.00000,0.60000
0.56780,-0.36425,0.00000,0.60000
0.56790,-0.36415,0.00000,0.60000
0.56800,-0.36404,0.00000,0.60000
0.56810,-0.36394,0.00000,0.60000
0.56820,-0.36383,0.00000,0.60000
0.56830,-0.36373,0.00000,0.60000
0.56840,-0.36362,0.00000,0.60000
0.56850,-0.36352,0.00000,0.60000
0.56860,-0.36341,0.00000,0.60000
0.56870,-0.36331,0.00000,0.60000
0.56880,-0.36320,0.00000,0.60000
0.56890,-0.36310,0.00000,0.60000
0.56900,-0.36299,0.00000,0.60000
0.56910,-0.36289,0.00000,0.60000
0.56920,-0.36278,0.00000,0.60000
0.56930,-0.36268,0.00000,0.60000
0.56940,-0.36257,0.00000,0.60000
0.56950,-0.36246,0.00000,0.60000
0.56960,-0.36236,0.00000,0.60000
0.56970,-0.36225,0.00000,0.60000
0.56980,-0.36214,0.00000,0.60000
0.56990,-0.36204,0.00000,0.60000
0.57000,-0.36193,0.00000,0.60000
0.57010,-0.36182,0.00000,0.60000
0.57020,-0.36172,0.00000,0.60000
0.57030,-0.36161,0.00000,0.60000
0.57040,-0.36150,0.00000,0.60000
0.57050,-0.36139,0.00000,0.60000
0.57060,-0.36129,0.00000,0.60000
0.57070,-0.36118,0.00000,0.60000
0.57080,-0.36107,0.00000,0.60000
0.57090,-0.36096,0.00000,0.60000
0.57100,-0.36085,0.00000,0.60000
0.57110,-0.36075,0.00000,0.60000
0.57120,-0.36064,0.00000,0.60000
0.57130,-0.36053,0.00000,0.60000
0.57140,-0.36042,0.00000,0.60000
0.57150,-0.36031,0.00000,0.60000
0.57160,-0.36020,0.00000,0.60000
0.57170,-0.36009,0.00000,0.60000
0.57180,-0.35998,0.00000,0.60000
0.57190,-0.35987,0.00000,0.60000
0.57200,-0.35976,0.00000,0.60000
0.57210,-0.35965,0.00000,0.60000
0.57220,-0.35954,0.00000,0.60000
0.57230,-0.35943,0.00000,0.60000
0.57240,-0.35932,0.00000,0.60000
0.57250,-0.35921,0.00000,0.60000
0.57260,-0.35910,0.00000,0.60000
0.57270,-0.35899,0.00000,0.60000
0.57280,-0.35888,0.00000,0.60000
0.57290,-0.35877,0.00000,0.60000
0.57300,-0.35866,0.00000,0.60000
0.57310,-0.35855,0.00000,0.60000
0.57320,-0.35843,0.00000,0.60000
0.57330,-0.35832,0.00000,0.60000
0.57340,-0.35821,0.00000,0.60000
0.57350,-0.35810,0.00000,0.60000
0.57360,-0.35799,0.00000,0.60000
0.57370,-0.35787,0.00000,0.60000
0.57380,-0.35776,0.00000,0.60000
0.57390,-0.35765,0.00000,0.60000
0.57400,-0.35754,0.00000,0.60000
0.57410,-0.35742,0.00000,0.60000
0.57420,-0.35731,0.00000,0.60000
0.57430,-0.35720,0.00000,0.60000
0.57440,-0.35708,0.00000,0.60000
0.57450,-0.35697,0.00000,0.60000
0.57460,-0.35686,0.00000,0.60000
0.57470,-0.35674,0.00000,0.60000
0.57480,-0.35663,0.00000,0.60000
0.57490,-0.35652,0.00000,0.60000
0.57500,-0.35640,0.00000,0.60000
0.57510,-0.35629,0.00000,0.60000
0.57520,-0.35617,0.00000,0.60000
0.57530,-0.35606,0.00000,0.60000
0.57540,-0.35595,0.00000,0.60000
0.57550,-0.35583,0.00000,0.60000
0.57560,-0.35572,0.00000,0.60000
0.57570,-0.35560,0.00000,0.60000
0.57580,-0.35549,0.00000,0.60000
0.57590,-0.35537,0.00000,0.60000
0.57600,-0.35525,0.00000,0.60000
0.57610,-0.35514,0.00000,0.60000
0.57620,-0.35502,0.00000,0.60000
0.57630,-0.35491,0.00000,0.60000
0.57640,-0.35479,0.00000,0.60000
0.57650,-0.35468,0.00000,0.60000
0.57660,-0.35456,0.00000,0.60000
0.57670,-0.35444,0.00000,0.60000
0.57680,-0.35433,0.00000,0.60000
0.57690,-0.35421,0.00000,0.60000
0.57700,-0.35409,0.00000,0.60000
0.57710,-0.35398,0.00000,0.60000
0.57720,-0.35386,0.00000,0.60000
0.57730,-0.35374,0.00000,0.60000
0.57740,-0.35362,0.00000,0.60000
0.57750,-0.35351,0.00000,0.60000
0.57760,-0.35339,0.00000,0.60000
0.57770,-0.35327,0.00000,0.60000
0.57780,-0.35315,0.00000,0.60000
0.57790,-0.35303,0.00000,0.60000
0.57800,-0.35292,0.00000,0.60000
0.57810,-0.35280,0.00000,0.60000
0.57820,-0.35268,0.00000,0.60000
0.57830,-0.35256,0.00000,0.60000
0.57840,-0.35244,0.00000,0.60000
0.57850,-0.35232,0.00000,0.60000
0.57860,-0.35220,0.00000,0.60000
0.57870,-0.35208,0.00000,0.60000
0.57880,-0.35197,0.00000,0.60000
0.57890,-0.35185,0.00000,0.60000
0.57900,-0.35173,0.00000,0.60000
0.57910,-0.35161,0.00000,0.60000
0.57920,-0.35149,0.00000,0.60000
0.57930,-0.35137,0.00000,0.60000
0.57940,-0.35125,0.00000,0.60000
0.57950,-0.35113,0.00000,0.60000
0.57960,-0.35101,0.00000,0.60000
0.57970,-0.35089,0.00000,0.60000
0.57980,-0.35076,0.00000,0.60000
0.57990,-0.35064,0.00000,0.60000
0.58000,-0.35052,0.00000,0.60000
0.58010,-0.35040,0.00000,0.60000
0.58020,-0.35028,0.00000,0.60000
0.58030,-0.35016,0.00000,0.60000
0.58040,-0.35004,0.00000,0.60000
0.58050,-0.34992,0.00000,0.60000
0.58060,-0.34979,0.00000,0.60000
0.58070,-0.34967,0.00000,0.60000
0.58080,-0.34955,0.00000,0.60000
0.58090,-0.34943,0.00000,0.60000
0.58100,-0.34930,0.00000,0.60000
0.58110,-0.34918,0.00000,0.60000
0.58120,-0.34906,0.00000,0.60000
0.58130,-0.34894,0.00000,0.60000
0.58140,-0.34881,0.00000,0.60000
0.58150,-0.34869,0.00000,0.60000
0.58160,-0.34857,0.00000,0.60000
0.58170,-0.34844,0.00000,0.60000
0.58180,-0.34832,0.00000,0.60000
0.58190,-0.34820,0.00000,0.60000
0.58200,-0.34807,0.00000,0.60000
0.58210,-0.34795,0.00000,0.60000
0.58220,-0.34783,0.00000,0.60000
0.58230,-0.34770,0.00000,0.60000
0.58240,-0.34758,0.00000,0.60000
0.58250,-0.34745,0.00000,0.60000
0.58260,-0.34733,0.00000,0.60000
0.58270,-0.34720,0.00000,0.60000
0.58280,-0.34708,0.00000,0.60000
0.58290,-0.34695,0.00000,0.60000
0.58300,-0.34683,0.00000,0.60000
0.58310,-0.34670,0.00000,0.60000
0.58320,-0.34658,0.00000,0.60000
0.58330,-0.34645,0.00000,0.60000
0.58340,-0.34633,0.00000,0.60000
0.58350,-0.34620,0.00000,0.60000
0.58360,-0.34607,0.00000,0.60000
0.58370,-0.34595,0.00000,0.60000
0.58380,-0.34582,0.00000,0.60000
0.58390,-0.34570,0.00000,0.60000
0.58400,-0.34557,0.00000,0.60000
0.58410,-0.34544,0.00000,0.60000
0.58420,-0.34532,0.00000,0.60000
0.58430,-0.34519,0.00000,0.60000
0.58440,-0.34506,0.00000,0.60000
0.58450,-0.34493,0.00000,0.60000
0.58460,-0.34481,0.00000,0.60000
0.58470,-0.34468,0.00000,0.60000
0.58480,-0.34455,0.00000,0.60000
0.58490,-0.34442,0.00000,0.60000
0.58500,-0.34430,0.00000,0.60000
0.58510,-0.34417,0.00000,0.60000
0.58520,-0.34404,0.00000,0.60000
0.58530,-0.34391,0.00000,0.60000
0.58540,-0.34378,0.00000,0.60000
0.58550,-0.34366,0.00000,0.60000
0.58560,-0.34353,0.00000,0.60000
0.58570,-0.34340,0.00000,0.60000
0.58580,-0.34327,0.00000,0.60000
0.58590,-0.34314,0.00000,0.60000
0.58600,-0.34301,0.00000,0.60000
0.58610,-0.34288,0.00000,0.60000
0.58620,-0.34275,0.00000,0.60000
0.58630,-0.34262,0.00000,0.60000
0.58640,-0.34249,0.00000,0.60000
0.58650,-0.34236,0.00000,0.60000
0.58660,-0.34223,0.00000,0.60000
0.58670,-0.34210,0.00000,0.60000
0.58680,-0.34197,0.00000,0.60000
0.58690,-0.34184,0.00000,0.60000
0.58700,-0.34171,0.00000,0.60000
0.58710,-0.34158,0.00000,0.60000
0.58720,-0.34145,0.00000,0.60000
0.58730,-0.34132,0.00000,0.60000
0.58740,-0.34119,0.00000,0.60000
0.58750,-0.34106,0.00000,0.60000
0.58760,-0.34092,0.00000,0.60000
0.58770,-0.34079,0.00000,0.60000
0.58780,-0.34066,0.00000,0.60000
0.58790,-0.34053,0.00000,0.60000
0.58800,-0.34040,0.00000,0.60000
0.58810,-0.34027,0.00000,0.60000
0.58820,-0.34013,0.00000,0.60000
0.58830,-0.34000,0.00000,0.60000
0.58840,-0.33987,0.00000,0.60000
0.58850,-0.33974,0.00000,0.60000
0.58860,-0.33960,0.00000,0.60000
0.58870,-0.33947,0.00000,0.60000
0.58880,-0.33934,0.00000,0.60000
0.58890,-0.33920,0.00000,0.60000
0.58900,-0.33907,0.00000,0.60000
0.58910,-0.33894,0.00000,0.60000
0.58920,-0.33880,0.00000,0.60000
0.58930,-0.33867,0.00000,0.60000
0.58940,-0.33854,0.00000,0.60000
0.58950,-0.33840,0.00000,0.60000
0.58960,-0.33827,0.00000,0.60000
0.58970,-0.33813,0.00000,0.60000
0.58980,-0.33800,0.00000,0.60000
0.58990,-0.33787,0.00000,0.60000
0.59000,-0.33773,0.00000,0.60000
0.59010,-0.33760,0.00000,0.60000
0.59020,-0.33746,0.00000,0.60000
0.59030,-0.33733,0.00000,0.60000
0.59040,-0.33719,0.00000,0.60000
0.59050,-0.33706,0.00000,0.60000
0.59060,-0.33692,0.00000,0.60000
0.59070,-0.33679,0.00000,0.60000
0.59080,-0.33665,0.00000,0.60000
0.59090,-0.33651,0.00000,0.60000
0.59100,-0.33638,0.00000,0.60000
0.59110,-0.33624,0.00000,0.60000
0.59120,-0.33611,0.00000,0.60000
0.59130,-0.33597,0.00000,0.60000
0.59140,-0.33583,0.00000,0.60000
0.59150,-0.33570,0.00000,0.60000
0.59160,-0.33556,0.00000,0.60000
0.59170,-0.33542,0.00000,0.60000
0.59180,-0.33529,0.00000,0.60000
0.59190,-0.33515,0.00000,0.60000
0.59200,-0.33501,0.00000,0.60000
0.59210,-0.33487,0.00000,0.60000
0.59220,-0.33474,0.00000,0.60000
0.59230,-0.33460,0.00000,0.60000
0.59240,-0.33446,0.00000,0.60000
0.59250,-0.33432,0.00000,0.60000
0.59260,-0.33418,0.00000,0.60000
0.59270,-0.33405,0.00000,0.60000
0.59280,-0.33391,0.00000,0.60000
0.59290,-0.33377,0.00000,0.60000
0.59300,-0.33363,0.00000,0.60000
0.59310,-0.33349,0.00000,0.60000
0.59320,-0.33335,0.00000,0.60000
0.59330,-0.33321,0.00000,0.60000
0.59340,-0.33308,0.00000,0.60000
0.59350,-0.33294,0.00000,0.60000
0.59360,-0.33280,0.00000,0.60000
0.59370,-0.33266,0.00000,0.60000
0.59380,-0.33252,0.00000,0.60000
0.59390,-0.33238,0.00000,0.60000
0.59400,-0.33224,0.00000,0.60000
0.59410,-0.33210,0.00000,0.60000
0.59420,-0.33196,0.00000,0.60000
0.59430,-0.33182,0.00000,0.60000
0.59440,-0.33168,0.00000,0.60000
0.59450,-0.33154,0.00000,0.60000
0.59460,-0.33140,0.00000,0.60000
0.59470,-0.33126,0.00000,0.60000
0.59480,-0.33111,0.00000,0.60000
0.59490,-0.33097,0.00000,0.60000
0.59500,-0.33083,0.00000,0.60000
0.59510,-0.33069,0.00000,0.60000
0.59520,-0.33055,0.00000,0.60000
0.59530,-0.33041,0.00000,0.60000
0.59540,-0.33027,0.00000,0.60000
0.59550,-0.33012,0.00000,0.60000
0.59560,-0.32998,0.00000,0.60000
0.59570,-0.32984,0.00000,0.60000
0.59580,-0.32970,0.00000,0.60000
0.59590,-0.32956,0.00000,0.60000
0.59600,-0.32941,0.00000,0.60000
0.59610,-0.32927,0.00000,0.60000
0.59620,-0.32913,0.00000,0.60000
0.59630,-0.32898,0.00000,0.60000
0.59640,-0.32884,0.00000,0.60000
0.59650,-0.32870,0.00000,0.60000
0.59660,-0.32856,0.00000,0.60000
0.59670,-0.32841,0.00000,0.60000
0.59680,-0.32827,0.00000,0.60000
0.59690,-0.32812,0.00000,0.60000
0.59700,-0.32798,0.00000,0.60000
0.59710,-0.32784,0.00000,0.60000
0.59720,-0.32769,0.00000,0.60000
0.59730,-0.32755,0.00000,0.60000
0.59740,-0.32740,0.00000,0.60000
0.59750,-0.32726,0.00000,0.60000
0.59760,-0.32712,0.00000,0.60000
0.59770,-0.32697,0.00000,0.60000
0.59780,-0.32683,0.00000,0.60000
0.59790,-0.32668,0.00000,0.60000
0.59800,-0.32654,0.00000,0.60000
0.59810,-0.32639,0.00000,0.60000
0.59820,-0.32625,0.00000,0.60000
0.59830,-0.32610,0.00000,0.60000
0.59840,-0.32595,0.00000,0.60000
0.59850,-0.32581,0.00000,0.60000
0.59860,-0.32566,0.00000,0.60000
0.59870,-0.32552,0.00000,0.60000
0.59880,-0.32537,0.00000,0.60000
0.59890,-0.32522,0.00000,0.60000
0.59900,-0.32508,0.00000,0.60000
0.59910,-0.32493,0.00000,0.60000
0.59920,-0.32478,0.00000,0.60000
0.59930,-0.32464,0.00000,0.60000
0.59940,-0.32449,0.00000,0.60000
0.59950,-0.32434,0.00000,0.60000
0.59960,-0.32420,0.00000,0.60000
0.59970,-0.32405,0.00000,0.60000
0.59980,-0.32390,0.00000,0.60000
0.59990,-0.32375,0.00000,0.60000
0.60000,-0.32361,0.00000,0.60000
0.60010,-0.32346,0.00000,0.60000
0.60020,-0.32331,0.00000,0.60000
0.60030,-0.32316,0.00000,0.60000
0.60040,-0.32301,0.00000,0.60000
0.60050,-0.32287,0.00000,0.60000
0.60060,-0.32272,0.00000,0.60000
0.60070,-0.32257,0.00000,0.60000
0.60080,-0.32242,0.00000,0.60000
0.60090,-0.32227,0.00000,0.60000
0.60100,-0.32212,0.00000,0.60000
0.60110,-0.32197,0.00000,0.60000
0.60120,-0.32182,0.00000,0.60000
0.60130,-0.32168,0.00000,0.60000
0.60140,-0.32153,0.00000,0.60000
0.60150,-0.32138,0.00000,0.60000
0.60160,-0.32123,0.00000,0.60000
0.60170,-0.32108,0.00000,0.60000
0.60180,-0.32093,0.00000,0.60000
0.60190,-0.32078,0.00000,0.60000
0.60200,-0.32063,0.00000,0.60000
0.60210,-0.32048,0.00000,0.60000
0.60220,-0.32033,0.00000,0.60000
0.60230,-0.32018,0.00000,0.60000
0.60240,-0.32002,0.00000,0.60000
0.60250,-0.31987,0.00000,0.60000
0.60260,-0.31972,0.00000,0.60000
0.60270,-0.31957,0.00000,0.60000
0.60280,-0.31942,0.00000,0.60000
0.60290,-0.31927,0.00000,0.60000
0.60300,-0.31912,0.00000,0.60000
0.60310,-0.31897,0.00000,0.60000
0.60320,-0.31881,0.00000,0.60000
0.60330,-0.31866,0.00000,0.60000
0.60340,-0.31851,0.00000,0.60000
0.60350,-0.31836,0.00000,0.60000
0.60360,-0.31821,0.00000,0.60000
0.60370,-0.31805,0.00000,0.60000
0.60380,-0.31790,0.00000,0.60000
0.60390,-0.31775,0.00000,0.60000
0.60400,-0.31760,0.00000,0.60000
0.60410,-0.31744,0.00000,0.60000
0.60420,-0.31729,0.00000,0.60000
0.60430,-0.31714,0.00000,0.60000
0.60440,-0.31698,0.00000,0.60000
0.60450,-0.31683,0.00000,0.60000
0.60460,-0.31668,0.00000,0.60000
0.60470,-0.31652,0.00000,0.60000
0.60480,-0.31637,0.00000,0.60000
0.60490,-0.31622,0.00000,0.60000
0.60500,-0.31606,0.00000,0.60000
0.60510,-0.31591,0.00000,0.60000
0.60520,-0.31575,0.00000,0.60000
0.60530,-0.31560,0.00000,0.60000
0.60540,-0.31544,0.00000,0.60000
0.60550,-0.31529,0.00000,0.60000
0.60560,-0.31514,0.00000,0.60000
0.60570,-0.31498,0.00000,0.60000
0.60580,-0.31483,0.00000,0.60000
0.60590,-0.31467,0.00000,0.60000
0.60600,-0.31452,0.00000,0.60000
0.60610,-0.31436,0.00000,0.60000
0.60620,-0.31420,0.00000,0.60000
0.60630,-0.31405,0.00000,0.60000
0.60640,-0.31389,0.00000,0.60000
0.60650,-0.31374,0.00000,0.60000
0.60660,-0.31358,0.00000,0.60000
0.60670,-0.31343,0.00000,0.60000
0.60680,-0.31327,0.00000,0.60000
0.60690,-0.31311,0.00000,0.60000
0.60700,-0.31296,0.00000,0.60000
0.60710,-0.31280,0.00000,0.60000
0.60720,-0.31264,0.00000,0.60000
0.60730,-0.31249,0.00000,0.60000
0.60740,-0.31233,0.00000,0.60000
0.60750,-0.31217,0.00000,0.60000
0.60760,-0.31201,0.00000,0.60000
0.60770,-0.31186,0.00000,0.60000
0.60780,-0.31170,0.00000,0.60000
0.60790,-0.31154,0.00000,0.60000
0.60800,-0.31138,0.00000,0.60000
0.60810,-0.31123,0.00000,0.60000
0.60820,-0.31107,0.00000,0.60000
0.60830,-0.31091,0.00000,0.60000
0.60840,-0.31075,0.00000,0.60000
0.60850,-0.31059,0.00000,0.60000
0.60860,-0.31044,0.00000,0.60000
0.60870,-0.31028,0.00000,0.60000
0.60880,-0.31012,0.00000,0.60000
0.60890,-0.30996,0.00000,0.60000
0.60900,-0.30980,0.00000,0.60000
0.60910,-0.30964,0.00000,0.60000
0.60920,-0.30948,0.00000,0.60000
0.60930,-0.30932,0.00000,0.60000
0.60940,-0.30916,0.00000,0.60000
0.60950,-0.30900,0.00000,0.60000
0.60960,-0.30885,0.00000,0.60000
0.60970,-0.30869,0.00000,0.60000
0.60980,-0.30853,0.00000,0.60000
0.60990,-0.30837,0.00000,0.60000
0.61000,-0.30821,0.00000,0.60000
0.61010,-0.30805,0.00000,0.60000
0.61020,-0.30788,0.00000,0.60000
0.61030,-0.30772,0.00000,0.60000
0.61040,-0.30756,0.00000,0.60000
0.61050,-0.30740,0.00000,0.60000
0.61060,-0.30724,0.00000,0.60000
0.61070,-0.30708,0.00000,0.60000
0.61080,-0.30692,0.00000,0.60000
0.61090,-0.30676,0.00000,0.60000
0.61100,-0.30660,0.00000,0.60000
0.61110,-0.30644,0.00000,0.60000
0.61120,-0.30627,0.00000,0.60000
0.61130,-0.30611,0.00000,0.60000
0.61140,-0.30595,0.00000,0.60000
0.61150,-0.30579,0.00000,0.60000
0.61160,-0.30563,0.00000,0.60000
0.61170,-0.30546,0.00000,0.60000
0.61180,-0.30530,0.00000,0.60000
0.61190,-0.30514,0.00000,0.60000
0.61200,-0.30498,0.00000,0.60000
0.61210,-0.30481,0.00000,0.60000
0.61220,-0.30465,0.00000,0.60000
0.61230,-0.30449,0.00000,0.60000
0.61240,-0.30433,0.00000,0.60000
0.61250,-0.30416,0.00000,0.60000
0.61260,-0.30400,0.00000,0.60000
0.61270,-0.30384,0.00000,0.60000
0.61280,-0.30367,0.00000,0.60000
0.61290,-0.30351,0.00000,0.60000
0.61300,-0.30334,0.00000,0.60000
0.61310,-0.30318,0.00000,0.60000
0.61320,-0.30302,0.00000,0.60000
0.61330,-0.30285,0.00000,0.60000
0.61340,-0.30269,0.00000,0.60000
0.61350,-0.30252,0.00000,0.60000
0.61360,-0.30236,0.00000,0.60000
0.61370,-0.30220,0.00000,0.60000
0.61380,-0.30203,0.00000,0.60000
0.61390,-0.30187,0.00000,0.60000
0.61400,-0.30170,0.00000,0.60000
0.61410,-0.30154,0.00000,0.60000
0.61420,-0.30137,0.00000,0.60000
0.61430,-0.30120,0.00000,0.60000
0.61440,-0.30104,0.00000,0.60000
0.61450,-0.30087,0.00000,0.60000
0.61460,-0.30071,0.00000,0.60000
0.61470,-0.30054,0.00000,0.60000
0.61480,-0.30038,0.00000,0.60000
0.61490,-0.30021,0.00000,0.60000
0.61500,-0.30004,0.00000,0.60000
0.61510,-0.29988,0.00000,0.60000
0.61520,-0.29971,0.00000,0.60000
0.61530,-0.29955,0.00000,0.60000
0.61540,-0.29938,0.00000,0.60000
0.61550,-0.29921,0.00000,0.60000
0.61560,-0.29905,0.00000,0.60000
0.61570,-0.29888,0.00000,0.60000
0.61580,-0.29871,0.00000,0.60000
0.61590,-0.29854,0.00000,0.60000
0.61600,-0.29838,0.00000,0.60000
0.61610,-0.29821,0.00000,0.60000
0.61620,-0.29804,0.00000,0.60000
0.61630,-0.29787,0.00000,0.60000
0.61640,-0.29771,0.00000,0.60000
0.61650,-0.29754,0.00000,0.60000
0.61660,-0.29737,0.00000,0.60000
0.61670,-0.29720,0.00000,0.60000
0.61680,-0.29703,0.00000,0.60000
0.61690,-0.29687,0.00000,0.60000
0.61700,-0.29670,0.00000,0.60000
0.61710,-0.29653,0.00000,0.60000
0.61720,-0.29636,0.00000,0.60000
0.61730,-0.29619,0.00000,0.60000
0.61740,-0.29602,0.00000,0.60000
0.61750,-0.29585,0.00000,0.60000
0.61760,-0.29568,0.00000,0.60000
0.61770,-0.29551,0.00000,0.60000
0.61780,-0.29534,0.00000,0.60000
0.61790,-0.29517,0.00000,0.60000
0.61800,-0.29501,0.00000,0.60000
0.61810,-0.29484,0.00000,0.60000
0.61820,-0.29467,0.00000,0.60000
0.61830,-0.29450,0.00000,0.60000
0.61840,-0.29433,0.00000,0.60000
0.61850,-0.29416,0.00000,0.60000
0.61860,-0.29398,0.00000,0.60000
0.61870,-0.29381,0.00000,0.60000
0.61880,-0.29364,0.00000,0.60000
0.61890,-0.29347,0.00000,0.60000
0.61900,-0.29330,0.00000,0.60000
0.61910,-0.29313,0.00000,0.60000
0.61920,-0.29296,0.00000,0.60000
0.61930,-0.29279,0.00000,0.60000
0.61940,-0.29262,0.00000,0.60000
0.61950,-0.29245,0.00000,0.60000
0.61960,-0.29227,0.00000,0.60000
0.61970,-0.29210,0.00000,0.60000
0.61980,-0.29193,0.00000,0.60000
0.61990,-0.29176,0.00000,0.60000
0.62000,-0.29159,0.00000,0.60000
0.62010,-0.29142,0.00000,0.60000
0.62020,-0.29124,0.00000,0.60000
0.62030,-0.29107,0.00000,0.60000
0.62040,-0.29090,0.00000,0.60000
0.62050,-0.29073,0.00000,0.60000
0.62060,-0.29055,0.00000,0.60000
0.62070,-0.29038,0.00000,0.60000
0.62080,-0.29021,0.00000,0.60000
0.62090,-0.29003,0.00000,0.60000
0.62100,-0.28986,0.00000,0.60000
0.62110,-0.28969,0.00000,0.60000
0.62120,-0.28951,0.00000,0.60000
0.62130,-0.28934,0.00000,0.60000
0.62140,-0.28917,0.00000,0.60000
0.62150,-0.28899,0.00000,0.60000
0.62160,-0.28882,0.00000,0.60000
0.62170,-0.28865,0.00000,0.60000
0.62180,-0.28847,0.00000,0.60000
0.62190,-0.28830,0.00000,0.60000
0.62200,-0.28812,0.00000,0.60000
0.62210,-0.28795,0.00000,0.60000
0.62220,-0.28777,0.00000,0.60000
0.62230,-0.28760,0.00000,0.60000
0.62240,-0.28743,0.00000,0.60000
0.62250,-0.28725,0.00000,0.60000
0.62260,-0.28708,0.00000,0.60000
0.62270,-0.28690,0.00000,0.60000
0.62280,-0.28673,0.00000,0.60000
0.62290,-0.28655,0.00000,0.60000
0.62300,-0.28637,0.00000,0.60000
0.62310,-0.28620,0.00000,0.60000
0.62320,-0.28602,0.00000,0.60000
0.62330,-0.28585,0.00000,0.60000
0.62340,-0.28567,0.00000,0.60000
0.62350,-0.28550,0.00000,0.60000
0.62360,-0.28532,0.00000,0.60000
0.62370,-0.28514,0.00000,0.60000
0.62380,-0.28497,0.00000,0.60000
0.62390,-0.28479,0.00000,0.60000
0.62400,-0.28461,0.00000,0.60000
0.62410,-0.28444,0.00000,0.60000
0.62420,-0.28426,0.00000,0.60000
0.62430,-0.28408,0.00000,0.60000
0.62440,-0.28391,0.00000,0.60000
0.62450,-0.28373,0.00000,0.60000
0.62460,-0.28355,0.00000,0.60000
0.62470,-0.28338,0.00000,0.60000
0.62480,-0.28320,0.00000,0.60000
0.62490,-0.28302,0.00000,0.60000
0.62500,-0.28284,0.00000,0.60000
0.62510,-0.28266,0.00000,0.60000
0.62520,-0.28249,0.00000,0.60000
0.62530,-0.28231,0.00000,0.60000
0.62540,-0.28213,0.00000,0.60000
0.62550,-0.28195,0.00000,0.60000
0.62560,-0.28177,0.00000,0.60000
0.62570,-0.28160,0.00000,0.60000
0.62580,-0.28142,0.00000,0.60000
0.62590,-0.28124,0.00000,0.60000
0.62600,-0.28106,0.00000,0.60000
0.62610,-0.28088,0.00000,0.60000
0.62620,-0.28070,0.00000,0.60000
0.62630,-0.28052,0.00000,0.60000
0.62640,-0.28034,0.00000,0.60000
0.62650,-0.28016,0.00000,0.60000
0.62660,-0.27999,0.00000,0.60000
0.62670,-0.27981,0.00000,0.60000
0.62680,-0.27963,0.00000,0.60000
0.62690,-0.27945,0.00000,0.60000
0.62700,-0.27927,0.00000,0.60000
0.62710,-0.27909,0.00000,0.60000
0.62720,-0.27891,0.00000,0.60000
0.62730,-0.27873,0.00000,0.60000
0.62740,-0.27855,0.00000,0.60000
0.62750,-0.27837,0.00000,0.60000
0.62760,-0.27818,0.00000,0.60000
0.62770,-0.27800,0.00000,0.60000
0.62780,-0.27782,0.00000,0.60000
0.62790,-0.27764,0.00000,0.60000
0.62800,-0.27746,0.00000,0.60000
0.62810,-0.27728,0.00000,0.60000
0.62820,-0.27710,0.00000,0.60000
0.62830,-0.27692,0.00000,0.60000
0.62840,-0.27674,0.00000,0.60000
0.62850,-0.27655,0.00000,0.60000
0.62860,-0.27637,0.00000,0.60000
0.62870,-0.27619,0.00000,0.60000
0.62880,-0.27601,0.00000,0.60000
0.62890,-0.27583,0.00000,0.60000
0.62900,-0.27565,0.00000,0.60000
0.62910,-0.27546,0.00000,0.60000
0.62920,-0.27528,0.00000,0.60000
0.62930,-0.27510,0.00000,0.60000
0.62940,-0.27492,0.00000,0.60000
0.62950,-0.27473,0.00000,0.60000
0.62960,-0.27455,0.00000,0.60000
0.62970,-0.27437,0.00000,0.60000
0.62980,-0.27419,0.00000,0.60000
0.62990,-0.27400,0.00000,0.60000
0.63000,-0.27382,0.00000,0.60000
0.63010,-0.27364,0.00000,0.60000
0.63020,-0.27345,0.00000,0.60000
0.63030,-0.27327,0.00000,0.60000
0.63040,-0.27309,0.00000,0.60000
0.63050,-0.27290,0.00000,0.60000
0.63060,-0.27272,0.00000,0.60000
0.63070,-0.27253,0.00000,0.60000
0.63080,-0.27235,0.00000,0.60000
0.63090,-0.27217,0.00000,0.60000
0.63100,-0.27198,0.00000,0.60000
0.63110,-0.27180,0.00000,0.60000
0.63120,-0.27161,0.00000,0.60000
0.63130,-0.27143,0.00000,0.60000
0.63140,-0.27124,0.00000,0.60000
0.63150,-0.27106,0.00000,0.60000
0.63160,-0.27087,0.00000,0.60000
0.63170,-0.27069,0.00000,0.60000
0.63180,-0.27050,0.00000,0.60000
0.63190,-0.27032,0.00000,0.60000
0.63200,-0.27013,0.00000,0.60000
0.63210,-0.26995,0.00000,0.60000
0.63220,-0.26976,0.00000,0.60000
0.63230,-0.26958,0.00000,0.60000
0.63240,-0.26939,0.00000,0.60000
0.63250,-0.26921,0.00000,0.60000
0.63260,-0.26902,0.00000,0.60000
0.63270,-0.26883,0.00000,0.60000
0.63280,-0.26865,0.00000,0.60000
0.63290,-0.26846,0.00000,0.60000
0.63300,-0.26827,0.00000,0.60000
0.63310,-0.26809,0.00000,0.60000
0.63320,-0.26790,0.00000,0.60000
0.63330,-0.26771,0.00000,0.60000
0.63340,-0.26753,0.00000,0.60000
0.63350,-0.26734,0.00000,0.60000
0.63360,-0.26715,0.00000,0.60000
0.63370,-0.26697,0.00000,0.60000
0.63380,-0.26678,0.00000,0.60000
0.63390,-0.26659,0.00000,0.60000
0.63400,-0.26640,0.00000,0.60000
0.63410,-0.26622,0.00000,0.60000
0.63420,-0.26603,0.00000,0.60000
0.63430,-0.26584,0.00000,0.60000
0.63440,-0.26565,0.00000,0.60000
0.63450,-0.26547,0.00000,0.60000
0.63460,-0.26528,0.00000,0.60000
0.63470,-0.26509,0.00000,0.60000
0.63480,-0.26490,0.00000,0.60000
0.63490,-0.26471,0.00000,0.60000
0.63500,-0.26452,0.00000,0.60000
0.63510,-0.26434,0.00000,0.60000
0.63520,-0.26415,0.00000,0.60000
0.63530,-0.26396,0.00000,0.60000
0.63540,-0.26377,0.00000,0.60000
0.63550,-0.26358,0.00000,0.60000
0.63560,-0.26339,0.00000,0.60000
0.63570,-0.26320,0.00000,0.60000
0.63580,-0.26301,0.00000,0.60000
0.63590,-0.26282,0.00000,0.60000
0.63600,-0.26263,0.00000,0.60000
0.63610,-0.26244,0.00000,0.60000
0.63620,-0.26225,0.00000,0.60000
0.63630,-0.26207,0.00000,0.60000
0.63640,-0.26188,0.00000,0.60000
0.63650,-0.26169,0.00000,0.60000
0.63660,-0.26150,0.00000,0.60000
0.63670,-0.26130,0.00000,0.60000
0.63680,-0.26111,0.00000,0.60000
0.63690,-0.26092,0.00000,0.60000
0.63700,-0.26073,0.00000,0.60000
0.63710,-0.26054,0.00000,0.60000
0.63720,-0.26035,0.00000,0.60000
0.63730,-0.26016,0.00000,0.60000
0.63740,-0.25997,0.00000,0.60000
0.63750,-0.25978,0.00000,0.60000
0.63760,-0.25959,0.00000,0.60000
0.63770,-0.25940,0.00000,0.60000
0.63780,-0.25921,0.00000,0.60000
0.63790,-0.25901,0.00000,0.60000
0.63800,-0.25882,0.00000,0.60000
0.63810,-0.25863,0.00000,0.60000
0.63820,-0.25844,0.00000,0.60000
0.63830,-0.25825,0.00000,0.60000
0.63840,-0.25806,0.00000,0.60000
0.63850,-0.25786,0.00000,0.60000
0.63860,-0.25767,0.00000,0.60000
0.63870,-0.25748,0.00000,0.60000
0.63880,-0.25729,0.00000,0.60000
0.63890,-0.25709,0.00000,0.60000
0.63900,-0.25690,0.00000,0.60000
0.63910,-0.25671,0.00000,0.60000
0.63920,-0.25652,0.00000,0.60000
0.63930,-0.25632,0.00000,0.60000
0.63940,-0.25613,0.00000,0.60000
0.63950,-0.25594,0.00000,0.60000
0.63960,-0.25574,0.00000,0.60000
0.63970,-0.25555,0.00000,0.60000
0.63980,-0.25536,0.00000,0.60000
0.63990,-0.25516,0.00000,0.60000
0.64000,-0.25497,0.00000,0.60000
0.64010,-0.25478,0.00000,0.60000
0.64020,-0.25458,0.00000,0.60000
0.64030,-0.25439,0.00000,0.60000
0.64040,-0.25419,0.00000,0.60000
0.64050,-0.25400,0.00000,0.60000
0.64060,-0.25381,0.00000,0.60000
0.64070,-0.25361,0.00000,0.60000
0.64080,-0.25342,0.00000,0.60000
0.64090,-0.25322,0.00000,0.60000
0.64100,-0.25303,0.00000,0.60000
0.64110,-0.25283,0.00000,0.60000
0.64120,-0.25264,0.00000,0.60000
0.64130,-0.25244,0.00000,0.60000
0.64140,-0.25225,0.00000,0.60000
0.64150,-0.25205,0.00000,0.60000
0.64160,-0.25186,0.00000,0.60000
0.64170,-0.25166,0.00000,0.60000
0.64180,-0.25147,0.00000,0.60000
0.64190,-0.25127,0.00000,0.60000
0.64200,-0.25108,0.00000,0.60000
0.64210,-0.25088,0.00000,0.60000
0.64220,-0.25069,0.00000,0.60000
0.64230,-0.25049,0.00000,0.60000
0.64240,-0.25029,0.00000,0.60000
0.64250,-0.25010,0.00000,0.60000
0.64260,-0.24990,0.00000,0.60000
0.64270,-0.24970,0.00000,0.60000
0.64280,-0.24951,0.00000,0.60000
0.64290,-0.24931,0.00000,0.60000
0.64300,-0.24912,0.00000,0.60000
0.64310,-0.24892,0.00000,0.60000
0.64320,-0.24872,0.00000,0.60000
0.64330,-0.24852,0.00000,0.60000
0.64340,-0.24833,0.00000,0.60000
0.64350,-0.24813,0.00000,0.60000
0.64360,-0.24793,0.00000,0.60000
0.64370,-0.24774,0.00000,0.60000
0.64380,-0.24754,0.00000,0.60000
0.64390,-0.24734,0.00000,0.60000
0.64400,-0.24714,0.00000,0.60000
0.64410,-0.24695,0.00000,0.60000
0.64420,-0.24675,0.00000,0.60000
0.64430,-0.24655,0.00000,0.60000
0.64440,-0.24635,0.00000,0.60000
0.64450,-0.24615,0.00000,0.60000
0.64460,-0.24596,0.00000,0.60000
0.64470,-0.24576,0.00000,0.60000
0.64480,-0.24556,0.00000,0.60000
0.64490,-0.24536,0.00000,0.60000
0.64500,-0.24516,0.00000,0.60000
0.64510,-0.24496,0.00000,0.60000
0.64520,-0.24477,0.00000,0.60000
0.64530,-0.24457,0.00000,0.60000
0.64540,-0.24437,0.00000,0.60000
0.64550,-0.24417,0.00000,0.60000
0.64560,-0.24397,0.00000,0.60000
0.64570,-0.24377,0.00000,0.60000
0.64580,-0.24357,0.00000,0.60000
0.64590,-0.24337,0.00000,0.60000
0.64600,-0.24317,0.00000,0.60000
0.64610,-0.24297,0.00000,0.60000
0.64620,-0.24277,0.00000,0.60000
0.64630,-0.24257,0.00000,0.60000
0.64640,-0.24237,0.00000,0.60000
0.64650,-0.24217,0.00000,0.60000
0.64660,-0.24197,0.00000,0.60000
0.64670,-0.24177,0.00000,0.60000
0.64680,-0.24157,0.00000,0.60000
0.64690,-0.24137,0.00000,0.60000
0.64700,-0.24117,0.00000,0.60000
0.64710,-0.24097,0.00000,0.60000
0.64720,-0.24077,0.00000,0.60000
0.64730,-0.24057,0.00000,0.60000
0.64740,-0.24037,0.00000,0.60000
0.64750,-0.24017,0.00000,0.60000
0.64760,-0.23997,0.00000,0.60000
0.64770,-0.23977,0.00000,0.60000
0.64780,-0.23956,0.00000,0.60000
0.64790,-0.23936,0.00000,0.60000
0.64800,-0.23916,0.00000,0.60000
0.64810,-0.23896,0.00000,0.60000
0.64820,-0.23876,0.00000,0.60000
0.64830,-0.23856,0.00000,0.60000
0.64840,-0.23836,0.00000,0.60000
0.64850,-0.23815,0.00000,0.60000
0.64860,-0.23795,0.00000,0.60000
0.64870,-0.23775,0.00000,0.60000
0.64880,-0.23755,0.00000,0.60000
0.64890,-0.23735,0.00000,0.60000
0.64900,-0.23714,0.00000,0.60000
0.64910,-0.23694,0.00000,0.60000
0.64920,-0.23674,0.00000,0.60000
0.64930,-0.23654,0.00000,0.60000
0.64940,-0.23633,0.00000,0.60000
0.64950,-0.23613,0.00000,0.60000
0.64960,-0.23593,0.00000,0.60000
0.64970,-0.23572,0.00000,0.60000
0.64980,-0.23552,0.00000,0.60000
0.64990,-0.23532,0.00000,0.60000
0.65000,-0.23511,0.00000,0.60000
0.65010,-0.23491,0.00000,0.60000
0.65020,-0.23471,0.00000,0.60000
0.65030,-0.23450,0.00000,0.60000
0.65040,-0.23430,0.00000,0.60000
0.65050,-0.23410,0.00000,0.60000
0.65060,-0.23389,0.00000,0.60000
0.65070,-0.23369,0.00000,0.60000
0.65080,-0.23348,0.00000,0.60000
0.65090,-0.23328,0.00000,0.60000
0.65100,-0.23308,0.00000,0.60000
0.65110,-0.23287,0.00000,0.60000
0.65120,-0.23267,0.00000,0.60000
0.65130,-0.23246,0.00000,0.60000
0.65140,-0.23226,0.00000,0.60000
0.65150,-0.23205,0.00000,0.60000
0.65160,-0.23185,0.00000,0.60000
0.65170,-0.23164,0.00000,0.60000
0.65180,-0.23144,0.00000,0.60000
0.65190,-0.23123,0.00000,0.60000
0.65200,-0.23103,0.00000,0.60000
0.65210,-0.23082,0.00000,0.60000
0.65220,-0.23062,0.00000,0.60000
0.65230,-0.23041,0.00000,0.60000
0.65240,-0.23021,0.00000,0.60000
0.65250,-0.23000,0.00000,0.60000
0.65260,-0.22980,0.00000,0.60000
0.65270,-0.22959,0.00000,0.60000
0.65280,-0.22938,0.00000,0.60000
0.65290,-0.22918,0.00000,0.60000
0.65300,-0.22897,0.00000,0.60000
0.65310,-0.22877,0.00000,0.60000
0.65320,-0.22856,0.00000,0.60000
0.65330,-0.22835,0.00000,0.60000
0.65340,-0.22815,0.00000,0.60000
0.65350,-0.22794,0.00000,0.60000
0.65360,-0.22773,0.00000,0.60000
0.65370,-0.22753,0.00000,0.60000
0.65380,-0.22732,0.00000,0.60000
0.65390,-0.22711,0.00000,0.60000
0.65400,-0.22691,0.00000,0.60000
0.65410,-0.22670,0.00000,0.60000
0.65420,-0.22649,0.00000,0.60000
0.65430,-0.22629,0.00000,0.60000
0.65440,-0.22608,0.00000,0.60000
0.65450,-0.22587,0.00000,0.60000
0.65460,-0.22566,0.00000,0.60000
0.65470,-0.22546,0.00000,0.60000
0.65480,-0.22525,0.00000,0.60000
0.65490,-0.22504,0.00000,0.60000
0.65500,-0.22483,0.00000,0.60000
0.65510,-0.22463,0.00000,0.60000
0.65520,-0.22442,0.00000,0.60000
0.65530,-0.22421,0.00000,0.60000
0.65540,-0.22400,0.00000,0.60000
0.65550,-0.22379,0.00000,0.60000
0.65560,-0.22358,0.00000,0.60000
0.65570,-0.22338,0.00000,0.60000
0.65580,-0.22317,0.00000,0.60000
0.65590,-0.22296,0.00000,0.60000
0.65600,-0.22275,0.00000,0.60000
0.65610,-0.22254,0.00000,0.60000
0.65620,-0.22233,0.00000,0.60000
0.65630,-0.22212,0.00000,0.60000
0.65640,-0.22191,0.00000,0.60000
0.65650,-0.22171,0.00000,0.60000
0.65660,-0.22150,0.00000,0.60000
0.65670,-0.22129,0.00000,0.60000
0.65680,-0.22108,0.00000,0.60000
0.65690,-0.22087,0.00000,0.60000
0.65700,-0.22066,0.00000,0.60000
0.65710,-0.22045,0.00000,0.60000
0.65720,-0.22024,0.00000,0.60000
0.65730,-0.22003,0.00000,0.60000
0.65740,-0.21982,0.00000,0.60000
0.65750,-0.21961,0.00000,0.60000
0.65760,-0.21940,0.00000,0.60000
0.65770,-0.21919,0.00000,0.60000
0.65780,-0.21898,0.00000,0.60000
0.65790,-0.21877,0.00000,0.60000
0.65800,-0.21856,0.00000,0.60000
0.65810,-0.21835,0.00000,0.60000
0.65820,-0.21814,0.00000,0.60000
0.65830,-0.21793,0.00000,0.60000
0.65840,-0.21772,0.00000,0.60000
0.65850,-0.21750,0.00000,0.60000
0.65860,-0.21729,0.00000,0.60000
0.65870,-0.21708,0.00000,0.60000
0.65880,-0.21687,0.00000,0.60000
0.65890,-0.21666,0.00000,0.60000
0.65900,-0.21645,0.00000,0.60000
0.65910,-0.21624,0.00000,0.60000
0.65920,-0.21603,0.00000,0.60000
0.65930,-0.21581,0.00000,0.60000
0.65940,-0.21560,0.00000,0.60000
0.65950,-0.21539,0.00000,0.60000
0.65960,-0.21518,0.00000,0.60000
0.65970,-0.21497,0.00000,0.60000
0.65980,-0.21475,0.00000,0.60000
0.65990,-0.21454,0.00000,0.60000
0.66000,-0.21433,0.00000,0.60000
0.66010,-0.21412,0.00000,0.60000
0.66020,-0.21391,0.00000,0.60000
0.66030,-0.21369,0.00000,0.60000
0.66040,-0.21348,0.00000,0.60000
0.66050,-0.21327,0.00000,0.60000
0.66060,-0.21306,0.00000,0.60000
0.66070,-0.21284,0.00000,0.60000
0.66080,-0.21263,0.00000,0.60000
0.66090,-0.21242,0.00000,0.60000
0.66100,-0.21220,0.00000,0.60000
0.66110,-0.21199,0.00000,0.60000
0.66120,-0.21178,0.00000,0.60000
0.66130,-0.21156,0.00000,0.60000
0.66140,-0.21135,0.00000,0.60000
0.66150,-0.21114,0.00000,0.60000
0.66160,-0.21092,0.00000,0.60000
0.66170,-0.21071,0.00000,0.60000
0.66180,-0.21050,0.00000,0.60000
0.66190,-0.21028,0.00000,0.60000
0.66200,-0.21007,0.00000,0.60000
0.66210,-0.20986,0.00000,0.60000
0.66220,-0.20964,0.00000,0.60000
0.66230,-0.20943,0.00000,0.60000
0.66240,-0.20921,0.00000,0.60000
0.66250,-0.20900,0.00000,0.60000
0.66260,-0.20879,0.00000,0.60000
0.66270,-0.20857,0.00000,0.60000
0.66280,-0.20836,0.00000,0.60000
0.66290,-0.20814,0.00000,0.60000
0.66300,-0.20793,0.00000,0.60000
0.66310,-0.20771,0.00000,0.60000
0.66320,-0.20750,0.00000,0.60000
0.66330,-0.20728,0.00000,0.60000
0.66340,-0.20707,0.00000,0.60000
0.66350,-0.20685,0.00000,0.60000
0.66360,-0.20664,0.00000,0.60000
0.66370,-0.20642,0.00000,0.60000
0.66380,-0.20621,0.00000,0.60000
0.66390,-0.20599,0.00000,0.60000
0.66400,-0.20578,0.00000,0.60000
0.66410,-0.20556,0.00000,0.60000
0.66420,-0.20534,0.00000,0.60000
0.66430,-0.20513,0.00000,0.60000
0.66440,-0.20491,0.00000,0.60000
0.66450,-0.20470,0.00000,0.60000
0.66460,-0.20448,0.00000,0.60000
0.66470,-0.20427,0.00000,0.60000
0.66480,-0.20405,0.00000,0.60000
0.66490,-0.20383,0.00000,0.60000
0.66500,-0.20362,0.00000,0.60000
0.66510,-0.20340,0.00000,0.60000
0.66520,-0.20318,0.00000,0.60000
0.66530,-0.20297,0.00000,0.60000
0.66540,-0.20275,0.00000,0.60000
0.66550,-0.20253,0.00000,0.60000
0.66560,-0.20232,0.00000,0.60000
0.66570,-0.20210,0.00000,0.60000
0.66580,-0.20188,0.00000,0.60000
0.66590,-0.20167,0.00000,0.60000
0.66600,-0.20145,0.00000,0.60000
0.66610,-0.20123,0.00000,0.60000
0.66620,-0.20101,0.00000,0.60000
0.66630,-0.20080,0.00000,0.60000
0.66640,-0.20058,0.00000,0.60000
0.66650,-0.20036,0.00000,0.60000
0.66660,-0.20015,0.00000,0.60000
0.66670,-0.19993,0.00000,0.60000
0.66680,-0.19971,0.00000,0.60000
0.66690,-0.19949,0.00000,0.60000
0.66700,-0.19927,0.00000,0.60000
0.66710,-0.19906,0.00000,0.60000
0.66720,-0.19884,0.00000,0.60000
0.66730,-0.19862,0.00000,0.60000
0.66740,-0.19840,0.00000,0.60000
0.66750,-0.19818,0.00000,0.60000
0.66760,-0.19797,0.00000,0.60000
0.66770,-0.19775,0.00000,0.60000
0.66780,-0.19753,0.00000,0.60000
0.66790,-0.19731,0.00000,0.60000
0.66800,-0.19709,0.00000,0.60000
0.66810,-0.19687,0.00000,0.60000
0.66820,-0.19665,0.00000,0.60000
0.66830,-0.19643,0.00000,0.60000
0.66840,-0.19622,0.00000,0.60000
0.66850,-0.19600,0.00000,0.60000
0.66860,-0.19578,0.00000,0.60000
0.66870,-0.19556,0.00000,0.60000
0.66880,-0.19534,0.00000,0.60000
0.66890,-0.19512,0.00000,0.60000
0.66900,-0.19490,0.00000,0.60000
0.66910,-0.19468,0.00000,0.60000
0.66920,-0.19446,0.00000,0.60000
0.66930,-0.19424,0.00000,0.60000
0.66940,-0.19402,0.00000,0.60000
0.66950,-0.19380,0.00000,0.60000
0.66960,-0.19358,0.00000,0.60000
0.66970,-0.19336,0.00000,0.60000
0.66980,-0.19314,0.00000,0.60000
0.66990,-0.19292,0.00000,0.60000
0.67000,-0.19270,0.00000,0.60000
0.67010,-0.19248,0.00000,0.60000
0.67020,-0.19226,0.00000,0.60000
0.67030,-0.19204,0.00000,0.60000
0.67040,-0.19182,0.00000,0.60000
0.67050,-0.19160,0.00000,0.60000
0.67060,-0.19138,0.00000,0.60000
0.67070,-0.19116,0.00000,0.60000
0.67080,-0.19094,0.00000,0.60000
0.67090,-0.19072,0.00000,0.60000
0.67100,-0.19050,0.00000,0.60000
0.67110,-0.19027,0.00000,0.60000
0.67120,-0.19005,0.00000,0.60000
0.67130,-0.18983,0.00000,0.60000
0.67140,-0.18961,0.00000,0.60000
0.67150,-0.18939,0.00000,0.60000
0.67160,-0.18917,0.00000,0.60000
0.67170,-0.18895,0.00000,0.60000
0.67180,-0.18872,0.00000,0.60000
0.67190,-0.18850,0.00000,0.60000
0.67200,-0.18828,0.00000,0.60000
0.67210,-0.18806,0.00000,0.60000
0.67220,-0.18784,0.00000,0.60000
0.67230,-0.18762,0.00000,0.60000
0.67240,-0.18739,0.00000,0.60000
0.67250,-0.18717,0.00000,0.60000
0.67260,-0.18695,0.00000,0.60000
0.67270,-0.18673,0.00000,0.60000
0.67280,-0.18651,0.00000,0.60000
0.67290,-0.18628,0.00000,0.60000
0.67300,-0.18606,0.00000,0.60000
0.67310,-0.18584,0.00000,0.60000
0.67320,-0.18562,0.00000,0.60000
0.67330,-0.18539,0.00000,0.60000
0.67340,-0.18517,0.00000,0.60000
0.67350,-0.18495,0.00000,0.60000
0.67360,-0.18472,0.00000,0.60000
0.67370,-0.18450,0.00000,0.60000
0.67380,-0.18428,0.00000,0.60000
0.67390,-0.18406,0.00000,0.60000
0.67400,-0.18383,0.00000,0.60000
0.67410,-0.18361,0.00000,0.60000
0.67420,-0.18339,0.00000,0.60000
0.67430,-0.18316,0.00000,0.60000
0.67440,-0.18294,0.00000,0.60000
0.67450,-0.18271,0.00000,0.60000
0.67460,-0.18249,0.00000,0.60000
0.67470,-0.18227,0.00000,0.60000
0.67480,-0.18204,0.00000,0.60000
0.67490,-0.18182,0.00000,0.60000
0.67500,-0.18160,0.00000,0.60000
0.67510,-0.18137,0.00000,0.60000
0.67520,-0.18115,0.00000,0.60000
0.67530,-0.18092,0.00000,0.60000
0.67540,-0.18070,0.00000,0.60000
0.67550,-0.18048,0.00000,0.60000
0.67560,-0.18025,0.00000,0.60000
0.67570,-0.18003,0.00000,0.60000
0.67580,-0.17980,0.00000,0.60000
0.67590,-0.17958,0.00000,0.60000
0.67600,-0.17935,0.00000,0.60000
0.67610,-0.17913,0.00000,0.60000
0.67620,-0.17890,0.00000,0.60000
0.67630,-0.17868,0.00000,0.60000
0.67640,-0.17845,0.00000,0.60000
0.67650,-0.17823,0.00000,0.60000
0.67660,-0.17800,0.00000,0.60000
0.67670,-0.17778,0.00000,0.60000
0.67680,-0.17755,0.00000,0.60000
0.67690,-0.17733,0.00000,0.60000
0.67700,-0.17710,0.00000,0.60000
0.67710,-0.17688,0.00000,0.60000
0.67720,-0.17665,0.00000,0.60000
0.67730,-0.17643,0.00000,0.60000
0.67740,-0.17620,0.00000,0.60000
0.67750,-0.17598,0.00000,0.60000
0.67760,-0.17575,0.00000,0.60000
0.67770,-0.17552,0.00000,0.60000
0.67780,-0.17530,0.00000,0.60000
0.67790,-0.17507,0.00000,0.60000
0.67800,-0.17485,0.00000,0.60000
0.67810,-0.17462,0.00000,0.60000
0.67820,-0.17439,0.00000,0.60000
0.67830,-0.17417,0.00000,0.60000
0.67840,-0.17394,0.00000,0.60000
0.67850,-0.17372,0.00000,0.60000
0.67860,-0.17349,0.00000,0.60000
0.67870,-0.17326,0.00000,0.60000
0.67880,-0.17304,0.00000,0.60000
0.67890,-0.17281,0.00000,0.60000
0.67900,-0.17258,0.00000,0.60000
0.67910,-0.17236,0.00000,0.60000
0.67920,-0.17213,0.00000,0.60000
0.67930,-0.17190,0.00000,0.60000
0.67940,-0.17167,0.00000,0.60000
0.67950,-0.17145,0.00000,0.60000
0.67960,-0.17122,0.00000,0.60000
0.67970,-0.17099,0.00000,0.60000
0.67980,-0.17077,0.00000,0.60000
0.67990,-0.17054,0.00000,0.60000
0.68000,-0.17031,0.00000,0.60000
0.68010,-0.17008,0.00000,0.60000
0.68020,-0.16986,0.00000,0.60000
0.68030,-0.16963,0.00000,0.60000
0.68040,-0.16940,0.00000,0.60000
0.68050,-0.16917,0.00000,0.60000
0.68060,-0.16895,0.00000,0.60000
0.68070,-0.16872,0.00000,0.60000
0.68080,-0.16849,0.00000,0.60000
0.68090,-0.16826,0.00000,0.60000
0.68100,-0.16803,0.00000,0.60000
0.68110,-0.16781,0.00000,0.60000
0.68120,-0.16758,0.00000,0.60000
0.68130,-0.16735,0.00000,0.60000
0.68140,-0.16712,0.00000,0.60000
0.68150,-0.16689,0.00000,0.60000
0.68160,-0.16666,0.00000,0.60000
0.68170,-0.16644,0.00000,0.60000
0.68180,-0.16621,0.00000,0.60000
0.68190,-0.16598,0.00000,0.60000
0.68200,-0.16575,0.00000,0.60000
0.68210,-0.16552,0.00000,0.60000
0.68220,-0.16529,0.00000,0.60000
0.68230,-0.16506,0.00000,0.60000
0.68240,-0.16483,0.00000,0.60000
0.68250,-0.16461,0.00000,0.60000
0.68260,-0.16438,0.00000,0.60000
0.68270,-0.16415,0.00000,0.60000
0.68280,-0.16392,0.00000,0.60000
0.68290,-0.16369,0.00000,0.60000
0.68300,-0.16346,0.00000,0.60000
0.68310,-0.16323,0.00000,0.60000
0.68320,-0.16300,0.00000,0.60000
0.68330,-0.16277,0.00000,0.60000
0.68340,-0.16254,0.00000,0.60000
0.68350,-0.16231,0.00000,0.60000
0.68360,-0.16208,0.00000,0.60000
0.68370,-0.16185,0.00000,0.60000
0.68380,-0.16162,0.00000,0.60000
0.68390,-0.16139,0.00000,0.60000
0.68400,-0.16116,0.00000,0.60000
0.68410,-0.16093,0.00000,0.60000
0.68420,-0.16070,0.00000,0.60000
0.68430,-0.16047,0.00000,0.60000
0.68440,-0.16024,0.00000,0.60000
0.68450,-0.16001,0.00000,0.60000
0.68460,-0.15978,0.00000,0.60000
0.68470,-0.15955,0.00000,0.60000
0.68480,-0.15932,0.00000,0.60000
0.68490,-0.15909,0.00000,0.60000
0.68500,-0.15886,0.00000,0.60000
0.68510,-0.15863,0.00000,0.60000
0.68520,-0.15840,0.00000,0.60000
0.68530,-0.15817,0.00000,0.60000
0.68540,-0.15794,0.00000,0.60000
0.68550,-0.15771,0.00000,0.60000
0.68560,-0.15747,0.00000,0.60000
0.68570,-0.15724,0.00000,0.60000
0.68580,-0.15701,0.00000,0.60000
0.68590,-0.15678,0.00000,0.60000
0.68600,-0.15655,0.00000,0.60000
0.68610,-0.15632,0.00000,0.60000
0.68620,-0.15609,0.00000,0.60000
0.68630,-0.15586,0.00000,0.60000
0.68640,-0.15562,0.00000,0.60000
0.68650,-0.15539,0.00000,0.60000
0.68660,-0.15516,0.00000,0.60000
0.68670,-0.15493,0.00000,0.60000
0.68680,-0.15470,0.00000,0.60000
0.68690,-0.15447,0.00000,0.60000
0.68700,-0.15423,0.00000,0.60000
0.68710,-0.15400,0.00000,0.60000
0.68720,-0.15377,0.00000,0.60000
0.68730,-0.15354,0.00000,0.60000
0.68740,-0.15331,0.00000,0.60000
0.68750,-0.15307,0.00000,0.60000
0.68760,-0.15284,0.00000,0.60000
0.68770,-0.15261,0.00000,0.60000
0.68780,-0.15238,0.00000,0.60000
0.68790,-0.15214,0.00000,0.60000
0.68800,-0.15191,0.00000,0.60000
0.68810,-0.15168,0.00000,0.60000
0.68820,-0.15145,0.00000,0.60000
0.68830,-0.15121,0.00000,0.60000
0.68840,-0.15098,0.00000,0.60000
0.68850,-0.15075,0.00000,0.60000
0.68860,-0.15052,0.00000,0.60000
0.68870,-0.15028,0.00000,0.60000
0.68880,-0.15005,0.00000,0.60000
0.68890,-0.14982,0.00000,0.60000
0.68900,-0.14958,0.00000,0.60000
0.68910,-0.14935,0.00000,0.60000
0.68920,-0.14912,0.00000,0.60000
0.68930,-0.14888,0.00000,0.60000
0.68940,-0.14865,0.00000,0.60000
0.68950,-0.14842,0.00000,0.60000
0.68960,-0.14818,0.00000,0.60000
0.68970,-0.14795,0.00000,0.60000
0.68980,-0.14772,0.00000,0.60000
0.68990,-0.14748,0.00000,0.60000
0.69000,-0.14725,0.00000,0.60000
0.69010,-0.14702,0.00000,0.60000
0.69020,-0.14678,0.00000,0.60000
0.69030,-0.14655,0.00000,0.60000
0.69040,-0.14631,0.00000,0.60000
0.69050,-0.14608,0.00000,0.60000
0.69060,-0.14585,0.00000,0.60000
0.69070,-0.14561,0.00000,0.60000
0.69080,-0.14538,0.00000,0.60000
0.69090,-0.14514,0.00000,0.60000
0.69100,-0.14491,0.00000,0.60000
0.69110,-0.14468,0.00000,0.60000
0.69120,-0.14444,0.00000,0.60000
0.69130,-0.14421,0.00000,0.60000
0.69140,-0.14397,0.00000,0.60000
0.69150,-0.14374,0.00000,0.60000
0.69160,-0.14350,0.00000,0.60000
0.69170,-0.14327,0.00000,0.60000
0.69180,-0.14303,0.00000,0.60000
0.69190,-0.14280,0.00000,0.60000
0.69200,-0.14256,0.00000,0.60000
0.69210,-0.14233,0.00000,0.60000
0.69220,-0.14209,0.00000,0.60000
0.69230,-0.14186,0.00000,0.60000
0.69240,-0.14163,0.00000,0.60000
0.69250,-0.14139,0.00000,0.60000
0.69260,-0.14115,0.00000,0.60000
0.69270,-0.14092,0.00000,0.60000
0.69280,-0.14068,0.00000,0.60000
0.69290,-0.14045,0.00000,0.60000
0.69300,-0.14021,0.00000,0.60000
0.69310,-0.13998,0.00000,0.60000
0.69320,-0.13974,0.00000,0.60000
0.69330,-0.13951,0.00000,0.60000
0.69340,-0.13927,0.00000,0.60000
0.69350,-0.13904,0.00000,0.60000
0.69360,-0.13880,0.00000,0.60000
0.69370,-0.13856,0.00000,0.60000
0.69380,-0.13833,0.00000,0.60000
0.69390,-0.13809,0.00000,0.60000
0.69400,-0.13786,0.00000,0.60000
0.69410,-0.13762,0.00000,0.60000
0.69420,-0.13739,0.00000,0.60000
0.69430,-0.13715,0.00000,0.60000
0.69440,-0.13691,0.00000,0.60000
0.69450,-0.13668,0.00000,0.60000
0.69460,-0.13644,0.00000,0.60000
0.69470,-0.13620,0.00000,0.60000
0.69480,-0.13597,0.00000,0.60000
0.69490,-0.13573,0.00000,0.60000
0.69500,-0.13550,0.00000,0.60000
0.69510,-0.13526,0.00000,0.60000
0.69520,-0.13502,0.00000,0.60000
0.69530,-0.13479,0.00000,0.60000
0.69540,-0.13455,0.00000,0.60000
0.69550,-0.13431,0.00000,0.60000
0.69560,-0.13408,0.00000,0.60000
0.69570,-0.13384,0.00000,0.60000
0.69580,-0.13360,0.00000,0.60000
0.69590,-0.13336,0.00000,0.60000
0.69600,-0.13313,0.00000,0.60000
0.69610,-0.13289,0.00000,0.60000
0.69620,-0.13265,0.00000,0.60000
0.69630,-0.13242,0.00000,0.60000
0.69640,-0.13218,0.00000,0.60000
0.69650,-0.13194,0.00000,0.60000
0.69660,-0.13170,0.00000,0.60000
0.69670,-0.13147,0.00000,0.60000
0.69680,-0.13123,0.00000,0.60000
0.69690,-0.13099,0.00000,0.60000
0.69700,-0.13076,0.00000,0.60000
0.69710,-0.13052,0.00000,0.60000
0.69720,-0.13028,0.00000,0.60000
0.69730,-0.13004,0.00000,0.60000
0.69740,-0.12980,0.00000,0.60000
0.69750,-0.12957,0.00000,0.60000
0.69760,-0.12933,0.00000,0.60000
0.69770,-0.12909,0.00000,0.60000
0.69780,-0.12885,0.00000,0.60000
0.69790,-0.12862,0.00000,0.60000
0.69800,-0.12838,0.00000,0.60000
0.69810,-0.12814,0.00000,0.60000
0.69820,-0.12790,0.00000,0.60000
0.69830,-0.12766,0.00000,0.60000
0.69840,-0.12742,0.00000,0.60000
0.69850,-0.12719,0.00000,0.60000
0.69860,-0.12695,0.00000,0.60000
0.69870,-0.12671,0.00000,0.60000
0.69880,-0.12647,0.00000,0.60000
0.69890,-0.12623,0.00000,0.60000
0.69900,-0.12599,0.00000,0.60000
0.69910,-0.12576,0.00000,0.60000
0.69920,-0.12552,0.00000,0.60000
0.69930,-0.12528,0.00000,0.60000
0.69940,-0.12504,0.00000,0.60000
0.69950,-0.12480,0.00000,0.60000
0.69960,-0.12456,0.00000,0.60000
0.69970,-0.12432,0.00000,0.60000
0.69980,-0.12408,0.00000,0.60000
0.69990,-0.12385,0.00000,0.60000
0.70000,-0.12361,0.00000,0.60000
0.70010,-0.12337,0.00000,0.60000
0.70020,-0.12313,0.00000,0.60000
0.70030,-0.12289,0.00000,0.60000
0.70040,-0.12265,0.00000,0.60000
0.70050,-0.12241,0.00000,0.60000
0.70060,-0.12217,0.00000,0.60000
0.70070,-0.12193,0.00000,0.60000
0.70080,-0.12169,0.00000,0.60000
0.70090,-0.12145,0.00000,0.60000
0.70100,-0.12121,0.00000,0.60000
0.70110,-0.12097,0.00000,0.60000
0.70120,-0.12073,0.00000,0.60000
0.70130,-0.12050,0.00000,0.60000
0.70140,-0.12026,0.00000,0.60000
0.70150,-0.12002,0.00000,0.60000
0.70160,-0.11978,0.00000,0.60000
0.70170,-0.11954,0.00000,0.60000
0.70180,-0.11930,0.00000,0.60000
0.70190,-0.11906,0.00000,0.60000
0.70200,-0.11882,0.00000,0.60000
0.70210,-0.11858,0.00000,0.60000
0.70220,-0.11834,0.00000,0.60000
0.70230,-0.11810,0.00000,0.60000
0.70240,-0.11786,0.00000,0.60000
0.70250,-0.11762,0.00000,0.60000
0.70260,-0.11738,0.00000,0.60000
0.70270,-0.11714,0.00000,0.60000
0.70280,-0.11690,0.00000,0.60000
0.70290,-0.11665,0.00000,0.60000
0.70300,-0.11641,0.00000,0.60000
0.70310,-0.11617,0.00000,0.60000
0.70320,-0.11593,0.00000,0.60000
0.70330,-0.11569,0.00000,0.60000
0.70340,-0.11545,0.00000,0.60000
0.70350,-0.11521,0.00000,0.60000
0.70360,-0.11497,0.00000,0.60000
0.70370,-0.11473,0.00000,0.60000
0.70380,-0.11449,0.00000,0.60000
0.70390,-0.11425,0.00000,0.60000
0.70400,-0.11401,0.00000,0.60000
0.70410,-0.11377,0.00000,0.60000
0.70420,-0.11353,0.00000,0.60000
0.70430,-0.11328,0.00000,0.60000
0.70440,-0.11304,0.00000,0.60000
0.70450,-0.11280,0.00000,0.60000
0.70460,-0.11256,0.00000,0.60000
0.70470,-0.11232,0.00000,0.60000
0.70480,-0.11208,0.00000,0.60000
0.70490,-0.11184,0.00000,0.60000
0.70500,-0.11160,0.00000,0.60000
0.70510,-0.11136,0.00000,0.60000
0.70520,-0.11111,0.00000,0.60000
0.70530,-0.11087,0.00000,0.60000
0.70540,-0.11063,0.00000,0.60000
0.70550,-0.11039,0.00000,0.60000
0.70560,-0.11015,0.00000,0.60000
0.70570,-0.10991,0.00000,0.60000
0.70580,-0.10966,0.00000,0.60000
0.70590,-0.10942,0.00000,0.60000
0.70600,-0.10918,0.00000,0.60000
0.70610,-0.10894,0.00000,0.60000
0.70620,-0.10870,0.00000,0.60000
0.70630,-0.10846,0.00000,0.60000
0.70640,-0.10821,0.00000,0.60000
0.70650,-0.10797,0.00000,0.60000
0.70660,-0.10773,0.00000,0.60000
0.70670,-0.10749,0.00000,0.60000
0.70680,-0.10725,0.00000,0.60000
0.70690,-0.10700,0.00000,0.60000
0.70700,-0.10676,0.00000,0.60000
0.70710,-0.10652,0.00000,0.60000
0.70720,-0.10628,0.00000,0.60000
0.70730,-0.10603,0.00000,0.60000
0.70740,-0.10579,0.00000,0.60000
0.70750,-0.10555,0.00000,0.60000
0.70760,-0.10531,0.00000,0.60000
0.70770,-0.10506,0.00000,0.60000
0.70780,-0.10482,0.00000,0.60000
0.70790,-0.10458,0.00000,0.60000
0.70800,-0.10434,0.00000,0.60000
0.70810,-0.10409,0.00000,0.60000
0.70820,-0.10385,0.00000,0.60000
0.70830,-0.10361,0.00000,0.60000
0.70840,-0.10337,0.00000,0.60000
0.70850,-0.10312,0.00000,0.60000
0.70860,-0.10288,0.00000,0.60000
0.70870,-0.10264,0.00000,0.60000
0.70880,-0.10239,0.00000,0.60000
0.70890,-0.10215,0.00000,0.60000
0.70900,-0.10191,0.00000,0.60000
0.70910,-0.10167,0.00000,0.60000
0.70920,-0.10142,0.00000,0.60000
0.70930,-0.10118,0.00000,0.60000
0.70940,-0.10094,0.00000,0.60000
0.70950,-0.10069,0.00000,0.60000
0.70960,-0.10045,0.00000,0.60000
0.70970,-0.10021,0.00000,0.60000
0.70980,-0.09996,0.00000,0.60000
0.70990,-0.09972,0.00000,0.60000
0.71000,-0.09948,0.00000,0.60000
0.71010,-0.09923,0.00000,0.60000
0.71020,-0.09899,0.00000,0.60000
0.71030,-0.09875,0.00000,0.60000
0.71040,-0.09850,0.00000,0.60000
0.71050,-0.09826,0.00000,0.60000
0.71060,-0.09801,0.00000,0.60000
0.71070,-0.09777,0.00000,0.60000
0.71080,-0.09753,0.00000,0.60000
0.71090,-0.09728,0.00000,0.60000
0.71100,-0.09704,0.00000,0.60000
0.71110,-0.09680,0.00000,0.60000
0.71120,-0.09655,0.00000,0.60000
0.71130,-0.09631,0.00000,0.60000
0.71140,-0.09606,0.00000,0.60000
0.71150,-0.09582,0.00000,0.60000
0.71160,-0.09558,0.00000,0.60000
0.71170,-0.09533,0.00000,0.60000
0.71180,-0.09509,0.00000,0.60000
0.71190,-0.09484,0.00000,0.60000
0.71200,-0.09460,0.00000,0.60000
0.71210,-0.09436,0.00000,0.60000
0.71220,-0.09411,0.00000,0.60000
0.71230,-0.09387,0.00000,0.60000
0.71240,-0.09362,0.00000,0.60000
0.71250,-0.09338,0.00000,0.60000
0.71260,-0.09313,0.00000,0.60000
0.71270,-0.09289,0.00000,0.60000
0.71280,-0.09264,0.00000,0.60000
0.71290,-0.09240,0.00000,0.60000
0.71300,-0.09216,0.00000,0.60000
0.71310,-0.09191,0.00000,0.60000
0.71320,-0.09167,0.00000,0.60000
0.71330,-0.09142,0.00000,0.60000
0.71340,-0.09118,0.00000,0.60000
0.71350,-0.09093,0.00000,0.60000
0.71360,-0.09069,0.00000,0.60000
0.71370,-0.09044,0.00000,0.60000
0.71380,-0.09020,0.00000,0.60000
0.71390,-0.08995,0.00000,0.60000
0.71400,-0.08971,0.00000,0.60000
0.71410,-0.08946,0.00000,0.60000
0.71420,-0.08922,0.00000,0.60000
0.71430,-0.08897,0.00000,0.60000
0.71440,-0.08873,0.00000,0.60000
0.71450,-0.08848,0.00000,0.60000
0.71460,-0.08824,0.00000,0.60000
0.71470,-0.08799,0.00000,0.60000
0.71480,-0.08775,0.00000,0.60000
0.71490,-0.08750,0.00000,0.60000
0.71500,-0.08726,0.00000,0.60000
0.71510,-0.08701,0.00000,0.60000
0.71520,-0.08677,0.00000,0.60000
0.71530,-0.08652,0.00000,0.60000
0.71540,-0.08628,0.00000,0.60000
0.71550,-0.08603,0.00000,0.60000
0.71560,-0.08579,0.00000,0.60000
0.71570,-0.08554,0.00000,0.60000
0.71580,-0.08529,0.00000,0.60000
0.71590,-0.08505,0.00000,0.60000
0.71600,-0.08480,0.00000,0.60000
0.71610,-0.08456,0.00000,0.60000
0.71620,-0.08431,0.00000,0.60000
0.71630,-0.08407,0.00000,0.60000
0.71640,-0.08382,0.00000,0.60000
0.71650,-0.08357,0.00000,0.60000
0.71660,-0.08333,0.00000,0.60000
0.71670,-0.08308,0.00000,0.60000
0.71680,-0.08284,0.00000,0.60000
0.71690,-0.08259,0.00000,0.60000
0.71700,-0.08235,0.00000,0.60000
0.71710,-0.08210,0.00000,0.60000
0.71720,-0.08185,0.00000,0.60000
0.71730,-0.08161,0.00000,0.60000
0.71740,-0.08136,0.00000,0.60000
0.71750,-0.08111,0.00000,0.60000
0.71760,-0.08087,0.00000,0.60000
0.71770,-0.08062,0.00000,0.60000
0.71780,-0.08038,0.00000,0.60000
0.71790,-0.08013,0.00000,0.60000
0.71800,-0.07988,0.00000,0.60000
0.71810,-0.07964,0.00000,0.60000
0.71820,-0.07939,0.00000,0.60000
0.71830,-0.07915,0.00000,0.60000
0.71840,-0.07890,0.00000,0.60000
0.71850,-0.07865,0.00000,0.60000
0.71860,-0.07841,0.00000,0.60000
0.71870,-0.07816,0.00000,0.60000
0.71880,-0.07791,0.00000,0.60000
0.71890,-0.07767,0.00000,0.60000
0.71900,-0.07742,0.00000,0.60000
0.71910,-0.07717,0.00000,0.60000
0.71920,-0.07693,0.00000,0.60000
0.71930,-0.07668,0.00000,0.60000
0.71940,-0.07643,0.00000,0.60000
0.71950,-0.07619,0.00000,0.60000
0.71960,-0.07594,0.00000,0.60000
0.71970,-0.07569,0.00000,0.60000
0.71980,-0.07545,0.00000,0.60000
0.71990,-0.07520,0.00000,0.60000
0.72000,-0.07495,0.00000,0.60000
0.72010,-0.07471,0.00000,0.60000
0.72020,-0.07446,0.00000,0.60000
0.72030,-0.07421,0.00000,0.60000
0.72040,-0.07396,0.00000,0.60000
0.72050,-0.07372,0.00000,0.60000
0.72060,-0.07347,0.00000,0.60000
0.72070,-0.07322,0.00000,0.60000
0.72080,-0.07298,0.00000,0.60000
0.72090,-0.07273,0.00000,0.60000
0.72100,-0.07248,0.00000,0.60000
0.72110,-0.07224,0.00000,0.60000
0.72120,-0.07199,0.00000,0.60000
0.72130,-0.07174,0.00000,0.60000
0.72140,-0.07149,0.00000,0.60000
0.72150,-0.07125,0.00000,0.60000
0.72160,-0.07100,0.00000,0.60000
0.72170,-0.07075,0.00000,0.60000
0.72180,-0.07050,0.00000,0.60000
0.72190,-0.07026,0.00000,0.60000
0.72200,-0.07001,0.00000,0.60000
0.72210,-0.06976,0.00000,0.60000
0.72220,-0.06951,0.00000,0.60000
0.72230,-0.06927,0.00000,0.60000
0.72240,-0.06902,0.00000,0.60000
0.72250,-0.06877,0.00000,0.60000
0.72260,-0.06852,0.00000,0.60000
0.72270,-0.06828,0.00000,0.60000
0.72280,-0.06803,0.00000,0.60000
0.72290,-0.06778,0.00000,0.60000
0.72300,-0.06753,0.00000,0.60000
0.72310,-0.06729,0.00000,0.60000
0.72320,-0.06704,0.00000,0.60000
0.72330,-0.06679,0.00000,0.60000
0.72340,-0.06654,0.00000,0.60000
0.72350,-0.06629,0.00000,0.60000
0.72360,-0.06605,0.00000,0.60000
0.72370,-0.06580,0.00000,0.60000
0.72380,-0.06555,0.00000,0.60000
0.72390,-0.06530,0.00000,0.60000
0.72400,-0.06505,0.00000,0.60000
0.72410,-0.06481,0.00000,0.60000
0.72420,-0.06456,0.00000,0.60000
0.72430,-0.06431,0.00000,0.60000
0.72440,-0.06406,0.00000,0.60000
0.72450,-0.06381,0.00000,0.60000
0.72460,-0.06357,0.00000,0.60000
0.72470,-0.06332,0.00000,0.60000
0.72480,-0.06307,0.00000,0.60000
0.72490,-0.06282,0.00000,0.60000
0.72500,-0.06257,0.00000,0.60000
0.72510,-0.06233,0.00000,0.60000
0.72520,-0.06208,0.00000,0.60000
0.72530,-0.06183,0.00000,0.60000
0.72540,-0.06158,0.00000,0.60000
0.72550,-0.06133,0.00000,0.60000
0.72560,-0.06108,0.00000,0.60000
0.72570,-0.06084,0.00000,0.60000
0.72580,-0.06059,0.00000,0.60000
0.72590,-0.06034,0.00000,0.60000
0.72600,-0.06009,0.00000,0.60000
0.72610,-0.05984,0.00000,0.60000
0.72620,-0.05959,0.00000,0.60000
0.72630,-0.05934,0.00000,0.60000
0.72640,-0.05910,0.00000,0.60000
0.72650,-0.05885,0.00000,0.60000
0.72660,-0.05860,0.00000,0.60000
0.72670,-0.05835,0.00000,0.60000
0.72680,-0.05810,0.00000,0.60000
0.72690,-0.05785,0.00000,0.60000
0.72700,-0.05760,0.00000,0.60000
0.72710,-0.05736,0.00000,0.60000
0.72720,-0.05711,0.00000,0.60000
0.72730,-0.05686,0.00000,0.60000
0.72740,-0.05661,0.00000,0.60000
0.72750,-0.05636,0.00000,0.60000
0.72760,-0.05611,0.00000,0.60000
0.72770,-0.05586,0.00000,0.60000
0.72780,-0.05561,0.00000,0.60000
0.72790,-0.05537,0.00000,0.60000
0.72800,-0.05512,0.00000,0.60000
0.72810,-0.05487,0.00000,0.60000
0.72820,-0.05462,0.00000,0.60000
0.72830,-0.05437,0.00000,0.60000
0.72840,-0.05412,0.00000,0.60000
0.72850,-0.05387,0.00000,0.60000
0.72860,-0.05362,0.00000,0.60000
0.72870,-0.05337,0.00000,0.60000
0.72880,-0.05312,0.00000,0.60000
0.72890,-0.05287,0.00000,0.60000
0.72900,-0.05263,0.00000,0.60000
0.72910,-0.05238,0.00000,0.60000
0.72920,-0.05213,0.00000,0.60000
0.72930,-0.05188,0.00000,0.60000
0.72940,-0.05163,0.00000,0.60000
0.72950,-0.05138,0.00000,0.60000
0.72960,-0.05113,0.00000,0.60000
0.72970,-0.05088,0.00000,0.60000
0.72980,-0.05063,0.00000,0.60000
0.72990,-0.05038,0.00000,0.60000
0.73000,-0.05013,0.00000,0.60000
0.73010,-0.04988,0.00000,0.60000
0.73020,-0.04963,0.00000,0.60000
0.73030,-0.04939,0.00000,0.60000
0.73040,-0.04914,0.00000,0.60000
0.73050,-0.04889,0.00000,0.60000
0.73060,-0.04864,0.00000,0.60000
0.73070,-0.04839,0.00000,0.60000
0.73080,-0.04814,0.00000,0.60000
0.73090,-0.04789,0.00000,0.60000
0.73100,-0.04764,0.00000,0.60000
0.73110,-0.04739,0.00000,0.60000
0.73120,-0.04714,0.00000,0.60000
0.73130,-0.04689,0.00000,0.60000
0.73140,-0.04664,0.00000,0.60000
0.73150,-0.04639,0.00000,0.60000
0.73160,-0.04614,0.00000,0.60000
0.73170,-0.04589,0.00000,0.60000
0.73180,-0.04564,0.00000,0.60000
0.73190,-0.04539,0.00000,0.60000
0.73200,-0.04514,0.00000,0.60000
0.73210,-0.04489,0.00000,0.60000
0.73220,-0.04464,0.00000,0.60000
0.73230,-0.04439,0.00000,0.60000
0.73240,-0.04414,0.00000,0.60000
0.73250,-0.04389,0.00000,0.60000
0.73260,-0.04364,0.00000,0.60000
0.73270,-0.04339,0.00000,0.60000
0.73280,-0.04314,0.00000,0.60000
0.73290,-0.04289,0.00000,0.60000
0.73300,-0.04264,0.00000,0.60000
0.73310,-0.04239,0.00000,0.60000
0.73320,-0.04214,0.00000,0.60000
0.73330,-0.04189,0.00000,0.60000
0.73340,-0.04164,0.00000,0.60000
0.73350,-0.04139,0.00000,0.60000
0.73360,-0.04114,0.00000,0.60000
0.73370,-0.04089,0.00000,0.60000
0.73380,-0.04064,0.00000,0.60000
0.73390,-0.04039,0.00000,0.60000
0.73400,-0.04014,0.00000,0.60000
0.73410,-0.03989,0.00000,0.60000
0.73420,-0.03964,0.00000,0.60000
0.73430,-0.03939,0.00000,0.60000
0.73440,-0.03914,0.00000,0.60000
0.73450,-0.03889,0.00000,0.60000
0.73460,-0.03864,0.00000,0.60000
0.73470,-0.03839,0.00000,0.60000
0.73480,-0.03814,0.00000,0.60000
0.73490,-0.03789,0.00000,0.60000
0.73500,-0.03764,0.00000,0.60000
0.73510,-0.03739,0.00000,0.60000
0.73520,-0.03714,0.00000,0.60000
0.73530,-0.03689,0.00000,0.60000
0.73540,-0.03664,0.00000,0.60000
0.73550,-0.03639,0.00000,0.60000
0.73560,-0.03614,0.00000,0.60000
0.73570,-0.03589,0.00000,0.60000
0.73580,-0.03564,0.00000,0.60000
0.73590,-0.03539,0.00000,0.60000
0.73600,-0.03514,0.00000,0.60000
0.73610,-0.03489,0.00000,0.60000
0.73620,-0.03464,0.00000,0.60000
0.73630,-0.03439,0.00000,0.60000
0.73640,-0.03414,0.00000,0.60000
0.73650,-0.03389,0.00000,0.60000
0.73660,-0.03364,0.00000,0.60000
0.73670,-0.03339,0.00000,0.60000
0.73680,-0.03314,0.00000,0.60000
0.73690,-0.03289,0.00000,0.60000
0.73700,-0.03264,0.00000,0.60000
0.73710,-0.03239,0.00000,0.60000
0.73720,-0.03214,0.00000,0.60000
0.73730,-0.03188,0.00000,0.60000
0.73740,-0.03163,0.00000,0.60000
0.73750,-0.03138,0.00000,0.60000
0.73760,-0.03113,0.00000,0.60000
0.73770,-0.03088,0.00000,0.60000
0.73780,-0.03063,0.00000,0.60000
0.73790,-0.03038,0.00000,0.60000
0.73800,-0.03013,0.00000,0.60000
0.73810,-0.02988,0.00000,0.60000
0.73820,-0.02963,0.00000,0.60000
0.73830,-0.02938,0.00000,0.60000
0.73840,-0.02913,0.00000,0.60000
0.73850,-0.02888,0.00000,0.60000
0.73860,-0.02863,0.00000,0.60000
0.73870,-0.02838,0.00000,0.60000
0.73880,-0.02813,0.00000,0.60000
0.73890,-0.02787,0.00000,0.60000
0.73900,-0.02762,0.00000,0.60000
0.73910,-0.02737,0.00000,0.60000
0.73920,-0.02712,0.00000,0.60000
0.73930,-0.02687,0.00000,0.60000
0.73940,-0.02662,0.00000,0.60000
0.73950,-0.02637,0.00000,0.60000
0.73960,-0.02612,0.00000,0.60000
0.73970,-0.02587,0.00000,0.60000
0.73980,-0.02562,0.00000,0.60000
0.73990,-0.02537,0.00000,0.60000
0.74000,-0.02512,0.00000,0.60000
0.74010,-0.02487,0.00000,0.60000
0.74020,-0.02461,0.00000,0.60000
0.74030,-0.02436,0.00000,0.60000
0.74040,-0.02411,0.00000,0.60000
0.74050,-0.02386,0.00000,0.60000
0.74060,-0.02361,0.00000,0.60000
0.74070,-0.02336,0.00000,0.60000
0.74080,-0.02311,0.00000,0.60000
0.74090,-0.02286,0.00000,0.60000
0.74100,-0.02261,0.00000,0.60000
0.74110,-0.02236,0.00000,0.60000
0.74120,-0.02211,0.00000,0.60000
0.74130,-0.02185,0.00000,0.60000
0.74140,-0.02160,0.00000,0.60000
0.74150,-0.02135,0.00000,0.60000
0.74160,-0.02110,0.00000,0.60000
0.74170,-0.02085,0.00000,0.60000
0.74180,-0.02060,0.00000,0.60000
0.74190,-0.02035,0.00000,0.60000
0.74200,-0.02010,0.00000,0.60000
0.74210,-0.01985,0.00000,0.60000
0.74220,-0.01960,0.00000,0.60000
0.74230,-0.01934,0.00000,0.60000
0.74240,-0.01909,0.00000,0.60000
0.74250,-0.01884,0.00000,0.60000
0.74260,-0.01859,0.00000,0.60000
0.74270,-0.01834,0.00000,0.60000
0.74280,-0.01809,0.00000,0.60000
0.74290,-0.01784,0.00000,0.60000
0.74300,-0.01759,0.00000,0.60000
0.74310,-0.01734,0.00000,0.60000
0.74320,-0.01709,0.00000,0.60000
0.74330,-0.01683,0.00000,0.60000
0.74340,-0.01658,0.00000,0.60000
0.74350,-0.01633,0.00000,0.60000
0.74360,-0.01608,0.00000,0.60000
0.74370,-0.01583,0.00000,0.60000
0.74380,-0.01558,0.00000,0.60000
0.74390,-0.01533,0.00000,0.60000
0.74400,-0.01508,0.00000,0.60000
0.74410,-0.01482,0.00000,0.60000
0.74420,-0.01457,0.00000,0.60000
0.74430,-0.01432,0.00000,0.60000
0.74440,-0.01407,0.00000,0.60000
0.74450,-0.01382,0.00000,0.60000
0.74460,-0.01357,0.00000,0.60000
0.74470,-0.01332,0.00000,0.60000
0.74480,-0.01307,0.00000,0.60000
0.74490,-0.01282,0.00000,0.60000
0.74500,-0.01256,0.00000,0.60000
0.74510,-0.01231,0.00000,0.60000
0.74520,-0.01206,0.00000,0.60000
0.74530,-0.01181,0.00000,0.60000
0.74540,-0.01156,0.00000,0.60000
0.74550,-0.01131,0.00000,0.60000
0.74560,-0.01106,0.00000,0.60000
0.74570,-0.01081,0.00000,0.60000
0.74580,-0.01055,0.00000,0.60000
0.74590,-0.01030,0.00000,0.60000
0.74600,-0.01005,0.00000,0.60000
0.74610,-0.00980,0.00000,0.60000
0.74620,-0.00955,0.00000,0.60000
0.74630,-0.00930,0.00000,0.60000
0.74640,-0.00905,0.00000,0.60000
0.74650,-0.00880,0.00000,0.60000
0.74660,-0.00854,0.00000,0.60000
0.74670,-0.00829,0.00000,0.60000
0.74680,-0.00804,0.00000,0.60000
0.74690,-0.00779,0.00000,0.60000
0.74700,-0.00754,0.00000,0.60000
0.74710,-0.00729,0.00000,0.60000
0.74720,-0.00704,0.00000,0.60000
0.74730,-0.00679,0.00000,0.60000
0.74740,-0.00653,0.00000,0.60000
0.74750,-0.00628,0.00000,0.60000
0.74760,-0.00603,0.00000,0.60000
0.74770,-0.00578,0.00000,0.60000
0.74780,-0.00553,0.00000,0.60000
0.74790,-0.00528,0.00000,0.60000
0.74800,-0.00503,0.00000,0.60000
0.74810,-0.00478,0.00000,0.60000
0.74820,-0.00452,0.00000,0.60000
0.74830,-0.00427,0.00000,0.60000
0.74840,-0.00402,0.00000,0.60000
0.74850,-0.00377,0.00000,0.60000
0.74860,-0.00352,0.00000,0.60000
0.74870,-0.00327,0.00000,0.60000
0.74880,-0.00302,0.00000,0.60000
0.74890,-0.00276,0.00000,0.60000
0.74900,-0.00251,0.00000,0.60000
0.74910,-0.00226,0.00000,0.60000
0.74920,-0.00201,0.00000,0.60000
0.74930,-0.00176,0.00000,0.60000
0.74940,-0.00151,0.00000,0.60000
0.74950,-0.00126,0.00000,0.60000
0.74960,-0.00101,0.00000,0.60000
0.74970,-0.00075,0.00000,0.60000
0.74980,-0.00050,0.00000,0.60000
0.74990,-0.00025,0.00000,0.60000
0.75000,-0.00000,0.00000,0.60000
0.75010,0.00025,0.00000,0.60000
0.75020,0.00050,0.00000,0.60000
0.75030,0.00075,0.00000,0.60000
0.75040,0.00101,0.00000,0.60000
0.75050,0.00126,0.00000,0.60000
0.75060,0.00151,0.00000,0.60000
0.75070,0.00176,0.00000,0.60000
0.75080,0.00201,0.00000,0.60000
0.75090,0.00226,0.00000,0.60000
0.75100,0.00251,0.00000,0.60000
0.75110,0.00276,0.00000,0.60000
0.75120,0.00302,0.00000,0.60000
0.75130,0.00327,0.00000,0.60000
0.75140,0.00352,0.00000,0.60000
0.75150,0.00377,0.00000,0.60000
0.75160,0.00402,0.00000,0.60000
0.75170,0.00427,0.00000,0.60000
0.75180,0.00452,0.00000,0.60000
0.75190,0.00478,0.00000,0.60000
0.75200,0.00503,0.00000,0.60000
0.75210,0.00528,0.00000,0.60000
0.75220,0.00553,0.00000,0.60000
0.75230,0.00578,0.00000,0.60000
0.75240,0.00603,0.00000,0.60000
0.75250,0.00628,0.00000,0.60000
0.75260,0.00653,0.00000,0.60000
0.75270,0.00679,0.00000,0.60000
0.75280,0.00704,0.00000,0.60000
0.75290,0.00729,0.00000,0.60000
0.75300,0.00754,0.00000,0.60000
0.75310,0.00779,0.00000,0.60000
0.75320,0.00804,0.00000,0.60000
0.75330,0.00829,0.00000,0.60000
0.75340,0.00854,0.00000,0.60000
0.75350,0.00880,0.00000,0.60000
0.75360,0.00905,0.00000,0.60000
0.75370,0.00930,0.00000,0.60000
0.75380,0.00955,0.00000,0.60000
0.75390,0.00980,0.00000,0.60000
0.75400,0.01005,0.00000,0.60000
0.75410,0.01030,0.00000,0.60000
0.75420,0.01055,0.00000,0.60000
0.75430,0.01081,0.00000,0.60000
0.75440,0.01106,0.00000,0.60000
0.75450,0.01131,0.00000,0.60000
0.75460,0.01156,0.00000,0.60000
0.75470,0.01181,0.00000,0.60000
0.75480,0.01206,0.00000,0.60000
0.75490,0.01231,0.00000,0.60000
0.75500,0.01256,0.00000,0.60000
0.75510,0.01282,0.00000,0.60000
0.75520,0.01307,0.00000,0.60000
0.75530,0.01332,0.00000,0.60000
0.75540,0.01357,0.00000,0.60000
0.75550,0.01382,0.00000,0.60000
0.75560,0.01407,0.00000,0.60000
0.75570,0.01432,0.00000,0.60000
0.75580,0.01457,0.00000,0.60000
0.75590,0.01482,0.00000,0.60000
0.75600,0.01508,0.00000,0.60000
0.75610,0.01533,0.00000,0.60000
0.75620,0.01558,0.00000,0.60000
0.75630,0.01583,0.00000,0.60000
0.75640,0.01608,0.00000,0.60000
0.75650,0.01633,0.00000,0.60000
0.75660,0.01658,0.00000,0.60000
0.75670,0.01683,0.00000,0.60000
0.75680,0.01709,0.00000,0.60000
0.75690,0.01734,0.00000,0.60000
0.75700,0.01759,0.00000,0.60000
0.75710,0.01784,0.00000,0.60000
0.75720,0.01809,0.00000,0.60000
0.75730,0.01834,0.00000,0.60000
0.75740,0.01859,0.00000,0.60000
0.75750,0.01884,0.00000,0.60000
0.75760,0.01909,0.00000,0.60000
0.75770,0.01934,0.00000,0.60000
0.75780,0.01960,0.00000,0.60000
0.75790,0.01985,0.00000,0.60000
0.75800,0.02010,0.00000,0.60000
0.75810,0.02035,0.00000,0.60000
0.75820,0.02060,0.00000,0.60000
0.75830,0.02085,0.00000,0.60000
0.75840,0.02110,0.00000,0.60000
0.75850,0.02135,0.00000,0.60000
0.75860,0.02160,0.00000,0.60000
0.75870,0.02185,0.00000,0.60000
0.75880,0.02211,0.00000,0.60000
0.75890,0.02236,0.00000,0.60000
0.75900,0.02261,0.00000,0.60000
0.75910,0.02286,0.00000,0.60000
0.75920,0.02311,0.00000,0.60000
0.75930,0.02336,0.00000,0.60000
0.75940,0.02361,0.00000,0.60000
0.75950,0.02386,0.00000,0.60000
0.75960,0.02411,0.00000,0.60000
0.75970,0.02436,0.00000,0.60000
0.75980,0.02461,0.00000,0.60000
0.75990,0.02487,0.00000,0.60000
0.76000,0.02512,0.00000,0.60000
0.76010,0.02537,0.00000,0.60000
0.76020,0.02562,0.00000,0.60000
0.76030,0.02587,0.00000,0.60000
0.76040,0.02612,0.00000,0.60000
0.76050,0.02637,0.00000,0.60000
0.76060,0.02662,0.00000,0.60000
0.76070,0.02687,0.00000,0.60000
0.76080,0.02712,0.00000,0.60000
0.76090,0.02737,0.00000,0.60000
0.76100,0.02762,0.00000,0.60000
0.76110,0.02787,0.00000,0.60000
0.76120,0.02813,0.00000,0.60000
0.76130,0.02838,0.00000,0.60000
0.76140,0.02863,0.00000,0.60000
0.76150,0.02888,0.00000,0.60000
0.76160,0.02913,0.00000,0.60000
0.76170,0.02938,0.00000,0.60000
0.76180,0.02963,0.00000,0.60000
0.76190,0.02988,0.00000,0.60000
0.76200,0.03013,0.00000,0.60000
0.76210,0.03038,0.00000,0.60000
0.76220,0.03063,0.00000,0.60000
0.76230,0.03088,0.00000,0.60000
0.76240,0.03113,0.00000,0.60000
0.76250,0.03138,0.00000,0.60000
0.76260,0.03163,0.00000,0.60000
0.76270,0.03188,0.00000,0.60000
0.76280,0.03214,0.00000,0.60000
0.76290,0.03239,0.00000,0.60000
0.76300,0.03264,0.00000,0.60000
0.76310,0.03289,0.00000,0.60000
0.76320,0.03314,0.00000,0.60000
0.76330,0.03339,0.00000,0.60000
0.76340,0.03364,0.00000,0.60000
0.76350,0.03389,0.00000,0.60000
0.76360,0.03414,0.00000,0.60000
0.76370,0.03439,0.00000,0.60000
0.76380,0.03464,0.00000,0.60000
0.76390,0.03489,0.00000,0.60000
0.76400,0.03514,0.00000,0.60000
0.76410,0.03539,0.00000,0.60000
0.76420,0.03564,0.00000,0.60000
0.76430,0.03589,0.00000,0.60000
0.76440,0.03614,0.00000,0.60000
0.76450,0.03639,0.00000,0.60000
0.76460,0.03664,0.00000,0.60000
0.76470,0.03689,0.00000,0.60000
0.76480,0.03714,0.00000,0.60000
0.76490,0.03739,0.00000,0.60000
0.76500,0.03764,0.00000,0.60000
0.76510,0.03789,0.00000,0.60000
0.76520,0.03814,0.00000,0.60000
0.76530,0.03839,0.00000,0.60000
0.76540,0.03864,0.00000,0.60000
0.76550,0.03889,0.00000,0.60000
0.76560,0.03914,0.00000,0.60000
0.76570,0.03939,0.00000,0.60000
0.76580,0.03964,0.00000,0.60000
0.76590,0.03989,0.00000,0.60000
0.76600,0.04014,0.00000,0.60000
0.76610,0.04039,0.00000,0.60000
0.76620,0.04064,0.00000,0.60000
0.76630,0.04089,0.00000,0.60000
0.76640,0.04114,0.00000,0.60000
0.76650,0.04139,0.00000,0.60000
0.76660,0.04164,0.00000,0.60000
0.76670,0.04189,0.00000,0.60000
0.76680,0.04214,0.00000,0.60000
0.76690,0.04239,0.00000,0.60000
0.76700,0.04264,0.00000,0.60000
0.76710,0.04289,0.00000,0.60000
0.76720,0.04314,0.00000,0.60000
0.76730,0.04339,0.00000,0.60000
0.76740,0.04364,0.00000,0.60000
0.76750,0.04389,0.00000,0.60000
0.76760,0.04414,0.00000,0.60000
0.76770,0.04439,0.00000,0.60000
0.76780,0.04464,0.00000,0.60000
0.76790,0.04489,0.00000,0.60000
0.76800,0.04514,0.00000,0.60000
0.76810,0.04539,0.00000,0.60000
0.76820,0.04564,0.00000,0.60000
0.76830,0.04589,0.00000,0.60000
0.76840,0.04614,0.00000,0.60000
0.76850,0.04639,0.00000,0.60000
0.76860,0.04664,0.00000,0.60000
0.76870,0.04689,0.00000,0.60000
0.76880,0.04714,0.00000,0.60000
0.76890,0.04739,0.00000,0.60000
0.76900,0.04764,0.00000,0.60000
0.76910,0.04789,0.00000,0.60000
0.76920,0.04814,0.00000,0.60000
0.76930,0.04839,0.00000,0.60000
0.76940,0.04864,0.00000,0.60000
0.76950,0.04889,0.00000,0.60000
0.76960,0.04914,0.00000,0.60000
0.76970,0.04939,0.00000,0.60000
0.76980,0.04963,0.00000,0.60000
0.76990,0.04988,0.00000,0.60000
0.77000,0.05013,0.00000,0.60000
0.77010,0.05038,0.00000,0.60000
0.77020,0.05063,0.00000,0.60000
0.77030,0.05088,0.00000,0.60000
0.77040,0.05113,0.00000,0.60000
0.77050,0.05138,0.00000,0.60000
0.77060,0.05163,0.00000,0.60000
0.77070,0.05188,0.00000,0.60000
0.77080,0.05213,0.00000,0.60000
0.77090,0.05238,0.00000,0.60000
0.77100,0.05263,0.00000,0.60000
0.77110,0.05287,0.00000,0.60000
0.77120,0.05312,0.00000,0.60000
0.77130,0.05337,0.00000,0.60000
0.77140,0.05362,0.00000,0.60000
0.77150,0.05387,0.00000,0.60000
0.77160,0.05412,0.00000,0.60000
0.77170,0.05437,0.00000,0.60000
0.77180,0.05462,0.00000,0.60000
0.77190,0.05487,0.00000,0.60000
0.77200,0.05512,0.00000,0.60000
0.77210,0.05537,0.00000,0.60000
0.77220,0.05561,0.00000,0.60000
0.77230,0.05586,0.00000,0.60000
0.77240,0.05611,0.00000,0.60000
0.77250,0.05636,0.00000,0.60000
0.77260,0.05661,0.00000,0.60000
0.77270,0.05686,0.00000,0.60000
0.77280,0.05711,0.00000,0.60000
0.77290,0.05736,0.00000,0.60000
0.77300,0.05760,0.00000,0.60000
0.77310,0.05785,0.00000,0.60000
0.77320,0.05810,0.00000,0.60000
0.77330,0.05835,0.00000,0.60000
0.77340,0.05860,0.00000,0.60000
0.77350,0.05885,0.00000,0.60000
0.77360,0.05910,0.00000,0.60000
0.77370,0.05934,0.00000,0.60000
0.77380,0.05959,0.00000,0.60000
0.77390,0.05984,0.00000,0.60000
0.77400,0.06009,0.00000,0.60000
0.77410,0.06034,0.00000,0.60000
0.77420,0.06059,0.00000,0.60000
0.77430,0.06084,0.00000,0.60000
0.77440,0.06108,0.00000,0.60000
0.77450,0.06133,0.00000,0.60000
0.77460,0.06158,0.00000,0.60000
0.77470,0.06183,0.00000,0.60000
0.77480,0.06208,0.00000,0.60000
0.77490,0.06233,0.00000,0.60000
0.77500,0.06257,0.00000,0.60000
0.77510,0.06282,0.00000,0.60000
0.77520,0.06307,0.00000,0.60000
0.77530,0.06332,0.00000,0.60000
0.77540,0.06357,0.00000,0.60000
0.77550,0.06381,0.00000,0.60000
0.77560,0.06406,0.00000,0.60000
0.77570,0.06431,0.00000,0.60000
0.77580,0.06456,0.00000,0.60000
0.77590,0.06481,0.00000,0.60000
0.77600,0.06505,0.00000,0.60000
0.77610,0.06530,0.00000,0.60000
0.77620,0.06555,0.00000,0.60000
0.77630,0.06580,0.00000,0.60000
0.77640,0.06605,0.00000,0.60000
0.77650,0.06629,0.00000,0.60000
0.77660,0.06654,0.00000,0.60000
0.77670,0.06679,0.00000,0.60000
0.77680,0.06704,0.00000,0.60000
0.77690,0.06729,0.00000,0.60000
0.77700,0.06753,0.00000,0.60000
0.77710,0.06778,0.00000,0.60000
0.77720,0.06803,0.00000,0.60000
0.77730,0.06828,0.00000,0.60000
0.77740,0.06852,0.00000,0.60000
0.77750,0.06877,0.00000,0.60000
0.77760,0.06902,0.00000,0.60000
0.77770,0.06927,0.00000,0.60000
0.77780,0.06951,0.00000,0.60000
0.77790,0.06976,0.00000,0.60000
0.77800,0.07001,0.00000,0.60000
0.77810,0.07026,0.00000,0.60000
0.77820,0.07050,0.00000,0.60000
0.77830,0.07075,0.00000,0.60000
0.77840,0.07100,0.00000,0.60000
0.77850,0.07125,0.00000,0.60000
0.77860,0.07149,0.00000,0.60000
0.77870,0.07174,0.00000,0.60000
0.77880,0.07199,0.00000,0.60000
0.77890,0.07224,0.00000,0.60000
0.77900,0.07248,0.00000,0.60000
0.77910,0.07273,0.00000,0.60000
0.77920,0.07298,0.00000,0.60000
0.77930,0.07322,0.00000,0.60000
0.77940,0.07347,0.00000,0.60000
0.77950,0.07372,0.00000,0.60000
0.77960,0.07396,0.00000,0.60000
0.77970,0.07421,0.00000,0.60000
0.77980,0.07446,0.00000,0.60000
0.77990,0.07471,0.00000,0.60000
0.78000,0.07495,0.00000,0.60000
0.78010,0.07520,0.00000,0.60000
0.78020,0.07545,0.00000,0.60000
0.78030,0.07569,0.00000,0.60000
0.78040,0.07594,0.00000,0.60000
0.78050,0.07619,0.00000,0.60000
0.78060,0.07643,0.00000,0.60000
0.78070,0.07668,0.00000,0.60000
0.78080,0.07693,0.00000,0.60000
0.78090,0.07717,0.00000,0.60000
0.78100,0.07742,0.00000,0.60000
0.78110,0.07767,0.00000,0.60000
0.78120,0.07791,0.00000,0.60000
0.78130,0.07816,0.00000,0.60000
0.78140,0.07841,0.00000,0.60000
0.78150,0.07865,0.00000,0.60000
0.78160,0.07890,0.00000,0.60000
0.78170,0.07915,0.00000,0.60000
0.78180,0.07939,0.00000,0.60000
0.78190,0.07964,0.00000,0.60000
0.78200,0.07988,0.00000,0.60000
0.78210,0.08013,0.00000,0.60000
0.78220,0.08038,0.00000,0.60000
0.78230,0.08062,0.00000,0.60000
0.78240,0.08087,0.00000,0.60000
0.78250,0.08111,0.00000,0.60000
0.78260,0.08136,0.00000,0.60000
0.78270,0.08161,0.00000,0.60000
0.78280,0.08185,0.00000,0.60000
0.78290,0.08210,0.00000,0.60000
0.78300,0.08235,0.00000,0.60000
0.78310,0.08259,0.00000,0.60000
0.78320,0.08284,0.00000,0.60000
0.78330,0.08308,0.00000,0.60000
0.78340,0.08333,0.00000,0.60000
0.78350,0.08357,0.00000,0.60000
0.78360,0.08382,0.00000,0.60000
0.78370,0.08407,0.00000,0.60000
0.78380,0.08431,0.00000,0.60000
0.78390,0.08456,0.00000,0.60000
0.78400,0.08480,0.00000,0.60000
0.78410,0.08505,0.00000,0.60000
0.78420,0.08529,0.00000,0.60000
0.78430,0.08554,0.00000,0.60000
0.78440,0.08579,0.00000,0.60000
0.78450,0.08603,0.00000,0.60000
0.78460,0.08628,0.00000,0.60000
0.78470,0.08652,0.00000,0.60000
0.78480,0.08677,0.00000,0.60000
0.78490,0.08701,0.00000,0.60000
0.78500,0.08726,0.00000,0.60000
0.78510,0.08750,0.00000,0.60000
0.78520,0.08775,0.00000,0.60000
0.78530,0.08799,0.00000,0.60000
0.78540,0.08824,0.00000,0.60000
0.78550,0.08848,0.00000,0.60000
0.78560,0.08873,0.00000,0.60000
0.78570,0.08897,0.00000,0.60000
0.78580,0.08922,0.00000,0.60000
0.78590,0.08946,0.00000,0.60000
0.78600,0.08971,0.00000,0.60000
0.78610,0.08995,0.00000,0.60000
0.78620,0.09020,0.00000,0.60000
0.78630,0.09044,0.00000,0.60000
0.78640,0.09069,0.00000,0.60000
0.78650,0.09093,0.00000,0.60000
0.78660,0.09118,0.00000,0.60000
0.78670,0.09142,0.00000,0.60000
0.78680,0.09167,0.00000,0.60000
0.78690,0.09191,0.00000,0.60000
0.78700,0.09216,0.00000,0.60000
0.78710,0.09240,0.00000,0.60000
0.78720,0.09264,0.00000,0.60000
0.78730,0.09289,0.00000,0.60000
0.78740,0.09313,0.00000,0.60000
0.78750,0.09338,0.00000,0.60000
0.78760,0.09362,0.00000,0.60000
0.78770,0.09387,0.00000,0.60000
0.78780,0.09411,0.00000,0.60000
0.78790,0.09436,0.00000,0.60000
0.78800,0.09460,0.00000,0.60000
0.78810,0.09484,0.00000,0.60000
0.78820,0.09509,0.00000,0.60000
0.78830,0.09533,0.00000,0.60000
0.78840,0.09558,0.00000,0.60000
0.78850,0.09582,0.00000,0.60000
0.78860,0.09606,0.00000,0.60000
0.78870,0.09631,0.00000,0.60000
0.78880,0.09655,0.00000,0.60000
0.78890,0.09680,0.00000,0.60000
0.78900,0.09704,0.00000,0.60000
0.78910,0.09728,0.00000,0.60000
0.78920,0.09753,0.00000,0.60000
0.78930,0.09777,0.00000,0.60000
0.78940,0.09801,0.00000,0.60000
0.78950,0.09826,0.00000,0.60000
0.78960,0.09850,0.00000,0.60000
0.78970,0.09875,0.00000,0.60000
0.78980,0.09899,0.00000,0.60000
0.78990,0.09923,0.00000,0.60000
0.79000,0.09948,0.00000,0.60000
0.79010,0.09972,0.00000,0.60000
0.79020,0.09996,0.00000,0.60000
0.79030,0.10021,0.00000,0.60000
0.79040,0.10045,0.00000,0.60000
0.79050,0.10069,0.00000,0.60000
0.79060,0.10094,0.00000,0.60000
0.79070,0.10118,0.00000,0.60000
0.79080,0.10142,0.00000,0.60000
0.79090,0.10167,0.00000,0.60000
0.79100,0.10191,0.00000,0.60000
0.79110,0.10215,0.00000,0.60000
0.79120,0.10239,0.00000,0.60000
0.79130,0.10264,0.00000,0.60000
0.79140,0.10288,0.00000,0.60000
0.79150,0.10312,0.00000,0.60000
0.79160,0.10337,0.00000,0.60000
0.79170,0.10361,0.00000,0.60000
0.79180,0.10385,0.00000,0.60000
0.79190,0.10409,0.00000,0.60000
0.79200,0.10434,0.00000,0.60000
0.79210,0.10458,0.00000,0.60000
0.79220,0.10482,0.00000,0.60000
0.79230,0.10506,0.00000,0.60000
0.79240,0.10531,0.00000,0.60000
0.79250,0.10555,0.00000,0.60000
0.79260,0.10579,0.00000,0.60000
0.79270,0.10603,0.00000,0.60000
0.79280,0.10628,0.00000,0.60000
0.79290,0.10652,0.00000,0.60000
0.79300,0.10676,0.00000,0.60000
0.79310,0.10700,0.00000,0.60000
0.79320,0.10725,0.00000,0.60000
0.79330,0.10749,0.00000,0.60000
0.79340,0.10773,0.00000,0.60000
0.79350,0.10797,0.00000,0.60000
0.79360,0.10821,0.00000,0.60000
0.79370,0.10846,0.00000,0.60000
0.79380,0.10870,0.00000,0.60000
0.79390,0.10894,0.00000,0.60000
0.79400,0.10918,0.00000,0.60000
0.79410,0.10942,0.00000,0.60000
0.79420,0.10966,0.00000,0.60000
0.79430,0.10991,0.00000,0.60000
0.79440,0.11015,0.00000,0.60000
0.79450,0.11039,0.00000,0.60000
0.79460,0.11063,0.00000,0.60000
0.79470,0.11087,0.00000,0.60000
0.79480,0.11111,0.00000,0.60000
0.79490,0.11136,0.00000,0.60000
0.79500,0.11160,0.00000,0.60000
0.79510,0.11184,0.00000,0.60000
0.79520,0.11208,0.00000,0.60000
0.79530,0.11232,0.00000,0.60000
0.79540,0.11256,0.00000,0.60000
0.79550,0.11280,0.00000,0.60000
0.79560,0.11304,0.00000,0.60000
0.79570,0.11328,0.00000,0.60000
0.79580,0.11353,0.00000,0.60000
0.79590,0.11377,0.00000,0.60000
0.79600,0.11401,0.00000,0.60000
0.79610,0.11425,0.00000,0.60000
0.79620,0.11449,0.00000,0.60000
0.79630,0.11473,0.00000,0.60000
0.79640,0.11497,0.00000,0.60000
0.79650,0.11521,0.00000,0.60000
0.79660,0.11545,0.00000,0.60000
0.79670,0.11569,0.00000,0.60000
0.79680,0.11593,0.00000,0.60000
0.79690,0.11617,0.00000,0.60000
0.79700,0.11641,0.00000,0.60000
0.79710,0.11665,0.00000,0.60000
0.79720,0.11690,0.00000,0.60000
0.79730,0.11714,0.00000,0.60000
0.79740,0.11738,0.00000,0.60000
0.79750,0.11762,0.00000,0.60000
0.79760,0.11786,0.00000,0.60000
0.79770,0.11810,0.00000,0.60000
0.79780,0.11834,0.00000,0.60000
0.79790,0.11858,0.00000,0.60000
0.79800,0.11882,0.00000,0.60000
0.79810,0.11906,0.00000,0.60000
0.79820,0.11930,0.00000,0.60000
0.79830,0.11954,0.00000,0.60000
0.79840,0.11978,0.00000,0.60000
0.79850,0.12002,0.00000,0.60000
0.79860,0.12026,0.00000,0.60000
0.79870,0.12050,0.00000,0.60000
0.79880,0.12073,0.00000,0.60000
0.79890,0.12097,0.00000,0.60000
0.79900,0.12121,0.00000,0.60000
0.79910,0.12145,0.00000,0.60000
0.79920,0.12169,0.00000,0.60000
0.79930,0.12193,0.00000,0.60000
0.79940,0.12217,0.00000,0.60000
0.79950,0.12241,0.00000,0.60000
0.79960,0.12265,0.00000,0.60000
0.79970,0.12289,0.00000,0.60000
0.79980,0.12313,0.00000,0.60000
0.79990,0.12337,0.00000,0.60000
0.80000,0.12361,0.00000,0.60000
0.80010,0.12385,0.00000,0.60000
0.80020,0.12408,0.00000,0.60000
0.80030,0.12432,0.00000,0.60000
0.80040,0.12456,0.00000,0.60000
0.80050,0.12480,0.00000,0.60000
0.80060,0.12504,0.00000,0.60000
0.80070,0.12528,0.00000,0.60000
0.80080,0.12552,0.00000,0.60000
0.80090,0.12576,0.00000,0.60000
0.80100,0.12599,0.00000,0.60000
0.80110,0.12623,0.00000,0.60000
0.80120,0.12647,0.00000,0.60000
0.80130,0.12671,0.00000,0.60000
0.80140,0.12695,0.00000,0.60000
0.80150,0.12719,0.00000,0.60000
0.80160,0.12742,0.00000,0.60000
0.80170,0.12766,0.00000,0.60000
0.80180,0.12790,0.00000,0.60000
0.80190,0.12814,0.00000,0.60000
0.80200,0.12838,0.00000,0.60000
0.80210,0.12862,0.00000,0.60000
0.80220,0.12885,0.00000,0.60000
0.80230,0.12909,0.00000,0.60000
0.80240,0.12933,0.00000,0.60000
0.80250,0.12957,0.00000,0.60000
0.80260,0.12980,0.00000,0.60000
0.80270,0.13004,0.00000,0.60000
0.80280,0.13028,0.00000,0.60000
0.80290,0.13052,0.00000,0.60000
0.80300,0.13076,0.00000,0.60000
0.80310,0.13099,0.00000,0.60000
0.80320,0.13123,0.00000,0.60000
0.80330,0.13147,0.00000,0.60000
0.80340,0.13170,0.00000,0.60000
0.80350,0.13194,0.00000,0.60000
0.80360,0.13218,0.00000,0.60000
0.80370,0.13242,0.00000,0.60000
0.80380,0.13265,0.00000,0.60000
0.80390,0.13289,0.00000,0.60000
0.80400,0.13313,0.00000,0.60000
0.80410,0.13336,0.00000,0.60000
0.80420,0.13360,0.00000,0.60000
0.80430,0.13384,0.00000,0.60000
0.80440,0.13408,0.00000,0.60000
0.80450,0.13431,0.00000,0.60000
0.80460,0.13455,0.00000,0.60000
0.80470,0.13479,0.00000,0.60000
0.80480,0.13502,0.00000,0.60000
0.80490,0.13526,0.00000,0.60000
0.80500,0.13550,0.00000,0.60000
0.80510,0.13573,0.00000,0.60000
0.80520,0.13597,0.00000,0.60000
0.80530,0.13620,0.00000,0.60000
0.80540,0.13644,0.00000,0.60000
0.80550,0.13668,0.00000,0.60000
0.80560,0.13691,0.00000,0.60000
0.80570,0.13715,0.00000,0.60000
0.80580,0.13739,0.00000,0.60000
0.80590,0.13762,0.00000,0.60000
0.80600,0.13786,0.00000,0.60000
0.80610,0.13809,0.00000,0.60000
0.80620,0.13833,0.00000,0.60000
0.80630,0.13856,0.00000,0.60000
0.80640,0.13880,0.00000,0.60000
0.80650,0.13904,0.00000,0.60000
0.80660,0.13927,0.00000,0.60000
0.80670,0.13951,0.00000,0.60000
0.80680,0.13974,0.00000,0.60000
0.80690,0.13998,0.00000,0.60000
0.80700,0.14021,0.00000,0.60000
0.80710,0.14045,0.00000,0.60000
0.80720,0.14068,0.00000,0.60000
0.80730,0.14092,0.00000,0.60000
0.80740,0.14115,0.00000,0.60000
0.80750,0.14139,0.00000,0.60000
0.80760,0.14163,0.00000,0.60000
0.80770,0.14186,0.00000,0.60000
0.80780,0.14209,0.00000,0.60000
0.80790,0.14233,0.00000,0.60000
0.80800,0.14256,0.00000,0.60000
0.80810,0.14280,0.00000,0.60000
0.80820,0.14303,0.00000,0.60000
0.80830,0.14327,0.00000,0.60000
0.80840,0.14350,0.00000,0.60000
0.80850,0.14374,0.00000,0.60000
0.80860,0.14397,0.00000,0.60000
0.80870,0.14421,0.00000,0.60000
0.80880,0.14444,0.00000,0.60000
0.80890,0.14468,0.00000,0.60000
0.80900,0.14491,0.00000,0.60000
0.80910,0.14514,0.00000,0.60000
0.80920,0.14538,0.00000,0.60000
0.80930,0.14561,0.00000,0.60000
0.80940,0.14585,0.00000,0.60000
0.80950,0.14608,0.00000,0.60000
0.80960,0.14631,0.00000,0.60000
0.80970,0.14655,0.00000,0.60000
0.80980,0.14678,0.00000,0.60000
0.80990,0.14702,0.00000,0.60000
0.81000,0.14725,0.00000,0.60000
0.81010,0.14748,0.00000,0.60000
0.81020,0.14772,0.00000,0.60000
0.81030,0.14795,0.00000,0.60000
0.81040,0.14818,0.00000,0.60000
0.81050,0.14842,0.00000,0.60000
0.81060,0.14865,0.00000,0.60000
0.81070,0.14888,0.00000,0.60000
0.81080,0.14912,0.00000,0.60000
0.81090,0.14935,0.00000,0.60000
0.81100,0.14958,0.00000,0.60000
0.81110,0.14982,0.00000,0.60000
0.81120,0.15005,0.00000,0.60000
0.81130,0.15028,0.00000,0.60000
0.81140,0.15052,0.00000,0.60000
0.81150,0.15075,0.00000,0.60000
0.81160,0.15098,0.00000,0.60000
0.81170,0.15121,0.00000,0.60000
0.81180,0.15145,0.00000,0.60000
0.81190,0.15168,0.00000,0.60000
0.81200,0.15191,0.00000,0.60000
0.81210,0.15214,0.00000,0.60000
0.81220,0.15238,0.00000,0.60000
0.81230,0.15261,0.00000,0.60000
0.81240,0.15284,0.00000,0.60000
0.81250,0.15307,0.00000,0.60000
0.81260,0.15331,0.00000,0.60000
0.81270,0.15354,0.00000,0.60000
0.81280,0.15377,0.00000,0.60000
0.81290,0.15400,0.00000,0.60000
0.81300,0.15423,0.00000,0.60000
0.81310,0.15447,0.00000,0.60000
0.81320,0.15470,0.00000,0.60000
0.81330,0.15493,0.00000,0.60000
0.81340,0.15516,0.00000,0.60000
0.81350,0.15539,0.00000,0.60000
0.81360,0.15562,0.00000,0.60000
0.81370,0.15586,0.00000,0.60000
0.81380,0.15609,0.00000,0.60000
0.81390,0.15632,0.00000,0.60000
0.81400,0.15655,0.00000,0.60000
0.81410,0.15678,0.00000,0.60000
0.81420,0.15701,0.00000,0.60000
0.81430,0.15724,0.00000,0.60000
0.81440,0.15747,0.00000,0.60000
0.81450,0.15771,0.00000,0.60000
0.81460,0.15794,0.00000,0.60000
0.81470,0.15817,0.00000,0.60000
0.81480,0.15840,0.00000,0.60000
0.81490,0.15863,0.00000,0.60000
0.81500,0.15886,0.00000,0.60000
0.81510,0.15909,0.00000,0.60000
0.81520,0.15932,0.00000,0.60000
0.81530,0.15955,0.00000,0.60000
0.81540,0.15978,0.00000,0.60000
0.81550,0.16001,0.00000,0.60000
0.81560,0.16024,0.00000,0.60000
0.81570,0.16047,0.00000,0.60000
0.81580,0.16070,0.00000,0.60000
0.81590,0.16093,0.00000,0.60000
0.81600,0.16116,0.00000,0.60000
0.81610,0.16139,0.00000,0.60000
0.81620,0.16162,0.00000,0.60000
0.81630,0.16185,0.00000,0.60000
0.81640,0.16208,0.00000,0.60000
0.81650,0.16231,0.00000,0.60000
0.81660,0.16254,0.00000,0.60000
0.81670,0.16277,0.00000,0.60000
0.81680,0.16300,0.00000,0.60000
0.81690,0.16323,0.00000,0.60000
0.81700,0.16346,0.00000,0.60000
0.81710,0.16369,0.00000,0.60000
0.81720,0.16392,0.00000,0.60000
0.81730,0.16415,0.00000,0.60000
0.81740,0.16438,0.00000,0.60000
0.81750,0.16461,0.00000,0.60000
0.81760,0.16483,0.00000,0.60000
0.81770,0.16506,0.00000,0.60000
0.81780,0.16529,0.00000,0.60000
0.81790,0.16552,0.00000,0.60000
0.81800,0.16575,0.00000,0.60000
0.81810,0.16598,0.00000,0.60000
0.81820,0.16621,0.00000,0.60000
0.81830,0.16644,0.00000,0.60000
0.81840,0.16666,0.00000,0.60000
0.81850,0.16689,0.00000,0.60000
0.81860,0.16712,0.00000,0.60000
0.81870,0.16735,0.00000,0.60000
0.81880,0.16758,0.00000,0.60000
0.81890,0.16781,0.00000,0.60000
0.81900,0.16803,0.00000,0.60000
0.81910,0.16826,0.00000,0.60000
0.81920,0.16849,0.00000,0.60000
0.81930,0.16872,0.00000,0.60000
0.81940,0.16895,0.00000,0.60000
0.81950,0.16917,0.00000,0.60000
0.81960,0.16940,0.00000,0.60000
0.81970,0.16963,0.00000,0.60000
0.81980,0.16986,0.00000,0.60000
0.81990,0.17008,0.00000,0.60000
0.82000,0.17031,0.00000,0.60000
0.82010,0.17054,0.00000,0.60000
0.82020,0.17077,0.00000,0.60000
0.82030,0.17099,0.00000,0.60000
0.82040,0.17122,0.00000,0.60000
0.82050,0.17145,0.00000,0.60000
0.82060,0.17167,0.00000,0.60000
0.82070,0.17190,0.00000,0.60000
0.82080,0.17213,0.00000,0.60000
0.82090,0.17236,0.00000,0.60000
0.82100,0.17258,0.00000,0.60000
0.82110,0.17281,0.00000,0.60000
0.82120,0.17304,0.00000,0.60000
0.82130,0.17326,0.00000,0.60000
0.82140,0.17349,0.00000,0.60000
0.82150,0.17372,0.00000,0.60000
0.82160,0.17394,0.00000,0.60000
0.82170,0.17417,0.00000,0.60000
0.82180,0.17439,0.00000,0.60000
0.82190,0.17462,0.00000,0.60000
0.82200,0.17485,0.00000,0.60000
0.82210,0.17507,0.00000,0.60000
0.82220,0.17530,0.00000,0.60000
0.82230,0.17552,0.00000,0.60000
0.82240,0.17575,0.00000,0.60000
0.82250,0.17598,0.00000,0.60000
0.82260,0.17620,0.00000,0.60000
0.82270,0.17643,0.00000,0.60000
0.82280,0.17665,0.00000,0.60000
0.82290,0.17688,0.00000,0.60000
0.82300,0.17710,0.00000,0.60000
0.82310,0.17733,0.00000,0.60000
0.82320,0.17755,0.00000,0.60000
0.82330,0.17778,0.00000,0.60000
0.82340,0.17800,0.00000,0.60000
0.82350,0.17823,0.00000,0.60000
0.82360,0.17845,0.00000,0.60000
0.82370,0.17868,0.00000,0.60000
0.82380,0.17890,0.00000,0.60000
0.82390,0.17913,0.00000,0.60000
0.82400,0.17935,0.00000,0.60000
0.82410,0.17958,0.00000,0.60000
0.82420,0.17980,0.00000,0.60000
0.82430,0.18003,0.00000,0.60000
0.82440,0.18025,0.00000,0.60000
0.82450,0.18048,0.00000,0.60000
0.82460,0.18070,0.00000,0.60000
0.82470,0.18092,0.00000,0.60000
0.82480,0.18115,0.00000,0.60000
0.82490,0.18137,0.00000,0.60000
0.82500,0.18160,0.00000,0.60000
0.82510,0.18182,0.00000,0.60000
0.82520,0.18204,0.00000,0.60000
0.82530,0.18227,0.00000,0.60000
0.82540,0.18249,0.00000,0.60000
0.82550,0.18271,0.00000,0.60000
0.82560,0.18294,0.00000,0.60000
0.82570,0.18316,0.00000,0.60000
0.82580,0.18339,0.00000,0.60000
0.82590,0.18361,0.00000,0.60000
0.82600,0.18383,0.00000,0.60000
0.82610,0.18406,0.00000,0.60000
0.82620,0.18428,0.00000,0.60000
0.82630,0.18450,0.00000,0.60000
0.82640,0.18472,0.00000,0.60000
0.82650,0.18495,0.00000,0.60000
0.82660,0.18517,0.00000,0.60000
0.82670,0.18539,0.00000,0.60000
0.82680,0.18562,0.00000,0.60000
0.82690,0.18584,0.00000,0.60000
0.82700,0.18606,0.00000,0.60000
0.82710,0.18628,0.00000,0.60000
0.82720,0.18651,0.00000,0.60000
0.82730,0.18673,0.00000,0.60000
0.82740,0.18695,0.00000,0.60000
0.82750,0.18717,0.00000,0.60000
0.82760,0.18739,0.00000,0.60000
0.82770,0.18762,0.00000,0.60000
0.82780,0.18784,0.00000,0.60000
0.82790,0.18806,0.00000,0.60000
0.82800,0.18828,0.00000,0.60000
0.82810,0.18850,0.00000,0.60000
0.82820,0.18872,0.00000,0.60000
0.82830,0.18895,0.00000,0.60000
0.82840,0.18917,0.00000,0.60000
0.82850,0.18939,0.00000,0.60000
0.82860,0.18961,0.00000,0.60000
0.82870,0.18983,0.00000,0.60000
0.82880,0.19005,0.00000,0.60000
0.82890,0.19027,0.00000,0.60000
0.82900,0.19050,0.00000,0.60000
0.82910,0.19072,0.00000,0.60000
0.82920,0.19094,0.00000,0.60000
0.82930,0.19116,0.00000,0.60000
0.82940,0.19138,0.00000,0.60000
0.82950,0.19160,0.00000,0.60000
0.82960,0.19182,0.00000,0.60000
0.82970,0.19204,0.00000,0.60000
0.82980,0.19226,0.00000,0.60000
0.82990,0.19248,0.00000,0.60000
0.83000,0.19270,0.00000,0.60000
0.83010,0.19292,0.00000,0.60000
0.83020,0.19314,0.00000,0.60000
0.83030,0.19336,0.00000,0.60000
0.83040,0.19358,0.00000,0.60000
0.83050,0.19380,0.00000,0.60000
0.83060,0.19402,0.00000,0.60000
0.83070,0.19424,0.00000,0.60000
0.83080,0.19446,0.00000,0.60000
0.83090,0.19468,0.00000,0.60000
0.83100,0.19490,0.00000,0.60000
0.83110,0.19512,0.00000,0.60000
0.83120,0.19534,0.00000,0.60000
0.83130,0.19556,0.00000,0.60000
0.83140,0.19578,0.00000,0.60000
0.83150,0.19600,0.00000,0.60000
0.83160,0.19622,0.00000,0.60000
0.83170,0.19643,0.00000,0.60000
0.83180,0.19665,0.00000,0.60000
0.83190,0.19687,0.00000,0.60000
0.83200,0.19709,0.00000,0.60000
0.83210,0.19731,0.00000,0.60000
0.83220,0.19753,0.00000,0.60000
0.83230,0.19775,0.00000,0.60000
0.83240,0.19797,0.00000,0.60000
0.83250,0.19818,0.00000,0.60000
0.83260,0.19840,0.00000,0.60000
0.83270,0.19862,0.00000,0.60000
0.83280,0.19884,0.00000,0.60000
0.83290,0.19906,0.00000,0.60000
0.83300,0.19927,0.00000,0.60000
0.83310,0.19949,0.00000,0.60000
0.83320,0.19971,0.00000,0.60000
0.83330,0.19993,0.00000,0.60000
0.83340,0.20015,0.00000,0.60000
0.83350,0.20036,0.00000,0.60000
0.83360,0.20058,0.00000,0.60000
0.83370,0.20080,0.00000,0.60000
0.83380,0.20101,0.00000,0.60000
0.83390,0.20123,0.00000,0.60000
0.83400,0.20145,0.00000,0.60000
0.83410,0.20167,0.00000,0.60000
0.83420,0.20188,0.00000,0.60000
0.83430,0.20210,0.00000,0.60000
0.83440,0.20232,0.00000,0.60000
0.83450,0.20253,0.00000,0.60000
0.83460,0.20275,0.00000,0.60000
0.83470,0.20297,0.00000,0.60000
0.83480,0.20318,0.00000,0.60000
0.83490,0.20340,0.00000,0.60000
0.83500,0.20362,0.00000,0.60000
0.83510,0.20383,0.00000,0.60000
0.83520,0.20405,0.00000,0.60000
0.83530,0.20427,0.00000,0.60000
0.83540,0.20448,0.00000,0.60000
0.83550,0.20470,0.00000,0.60000
0.83560,0.20491,0.00000,0.60000
0.83570,0.20513,0.00000,0.60000
0.83580,0.20534,0.00000,0.60000
0.83590,0.20556,0.00000,0.60000
0.83600,0.20578,0.00000,0.60000
0.83610,0.20599,0.00000,0.60000
0.83620,0.20621,0.00000,0.60000
0.83630,0.20642,0.00000,0.60000
0.83640,0.20664,0.00000,0.60000
0.83650,0.20685,0.00000,0.60000
0.83660,0.20707,0.00000,0.60000
0.83670,0.20728,0.00000,0.60000
0.83680,0.20750,0.00000,0.60000
0.83690,0.20771,0.00000,0.60000
0.83700,0.20793,0.00000,0.60000
0.83710,0.20814,0.00000,0.60000
0.83720,0.20836,0.00000,0.60000
0.83730,0.20857,0.00000,0.60000
0.83740,0.20879,0.00000,0.60000
0.83750,0.20900,0.00000,0.60000
0.83760,0.20921,0.00000,0.60000
0.83770,0.20943,0.00000,0.60000
0.83780,0.20964,0.00000,0.60000
0.83790,0.20986,0.00000,0.60000
0.83800,0.21007,0.00000,0.60000
0.83810,0.21028,0.00000,0.60000
0.83820,0.21050,0.00000,0.60000
0.83830,0.21071,0.00000,0.60000
0.83840,0.21092,0.00000,0.60000
0.83850,0.21114,0.00000,0.60000
0.83860,0.21135,0.00000,0.60000
0.83870,0.21156,0.00000,0.60000
0.83880,0.21178,0.00000,0.60000
0.83890,0.21199,0.00000,0.60000
0.83900,0.21220,0.00000,0.60000
0.83910,0.21242,0.00000,0.60000
0.83920,0.21263,0.00000,0.60000
0.83930,0.21284,0.00000,0.60000
0.83940,0.21306,0.00000,0.60000
0.83950,0.21327,0.00000,0.60000
0.83960,0.21348,0.00000,0.60000
0.83970,0.21369,0.00000,0.60000
0.83980,0.21391,0.00000,0.60000
0.83990,0.21412,0.00000,0.60000
0.84000,0.21433,0.00000,0.60000
0.84010,0.21454,0.00000,0.60000
0.84020,0.21475,0.00000,0.60000
0.84030,0.21497,0.00000,0.60000
0.84040,0.21518,0.00000,0.60000
0.84050,0.21539,0.00000,0.60000
0.84060,0.21560,0.00000,0.60000
0.84070,0.21581,0.00000,0.60000
0.84080,0.21603,0.00000,0.60000
0.84090,0.21624,0.00000,0.60000
0.84100,0.21645,0.00000,0.60000
0.84110,0.21666,0.00000,0.60000
0.84120,0.21687,0.00000,0.60000
0.84130,0.21708,0.00000,0.60000
0.84140,0.21729,0.00000,0.60000
0.84150,0.21750,0.00000,0.60000
0.84160,0.21772,0.00000,0.60000
0.84170,0.21793,0.00000,0.60000
0.84180,0.21814,0.00000,0.60000
0.84190,0.21835,0.00000,0.60000
0.84200,0.21856,0.00000,0.60000
0.84210,0.21877,0.00000,0.60000
0.84220,0.21898,0.00000,0.60000
0.84230,0.21919,0.00000,0.60000
0.84240,0.21940,0.00000,0.60000
0.84250,0.21961,0.00000,0.60000
0.84260,0.21982,0.00000,0.60000
0.84270,0.22003,0.00000,0.60000
0.84280,0.22024,0.00000,0.60000
0.84290,0.22045,0.00000,0.60000
0.84300,0.22066,0.00000,0.60000
0.84310,0.22087,0.00000,0.60000
0.84320,0.22108,0.00000,0.60000
0.84330,0.22129,0.00000,0.60000
0.84340,0.22150,0.00000,0.60000
0.84350,0.22171,0.00000,0.60000
0.84360,0.22191,0.00000,0.60000
0.84370,0.22212,0.00000,0.60000
0.84380,0.22233,0.00000,0.60000
0.84390,0.22254,0.00000,0.60000
0.84400,0.22275,0.00000,0.60000
0.84410,0.22296,0.00000,0.60000
0.84420,0.22317,0.00000,0.60000
0.84430,0.22338,0.00000,0.60000
0.84440,0.22358,0.00000,0.60000
0.84450,0.22379,0.00000,0.60000
0.84460,0.22400,0.00000,0.60000
0.84470,0.22421,0.00000,0.60000
0.84480,0.22442,0.00000,0.60000
0.84490,0.22463,0.00000,0.60000
0.84500,0.22483,0.00000,0.60000
0.84510,0.22504,0.00000,0.60000
0.84520,0.22525,0.00000,0.60000
0.84530,0.22546,0.00000,0.60000
0.84540,0.22566,0.00000,0.60000
0.84550,0.22587,0.00000,0.60000
0.84560,0.22608,0.00000,0.60000
0.84570,0.22629,0.00000,0.60000
0.84580,0.22649,0.00000,0.60000
0.84590,0.22670,0.00000,0.60000
0.84600,0.22691,0.00000,0.60000
0.84610,0.22711,0.00000,0.60000
0.84620,0.22732,0.00000,0.60000
0.84630,0.22753,0.00000,0.60000
0.84640,0.22773,0.00000,0.60000
0.84650,0.22794,0.00000,0.60000
0.84660,0.22815,0.00000,0.60000
0.84670,0.22835,0.00000,0.60000
0.84680,0.22856,0.00000,0.60000
0.84690,0.22877,0.00000,0.60000
0.84700,0.22897,0.00000,0.60000
0.84710,0.22918,0.00000,0.60000
0.84720,0.22938,0.00000,0.60000
0.84730,0.22959,0.00000,0.60000
0.84740,0.22980,0.00000,0.60000
0.84750,0.23000,0.00000,0.60000
0.84760,0.23021,0.00000,0.60000
0.84770,0.23041,0.00000,0.60000
0.84780,0.23062,0.00000,0.60000
0.84790,0.23082,0.00000,0.60000
0.84800,0.23103,0.00000,0.60000
0.84810,0.23123,0.00000,0.60000
0.84820,0.23144,0.00000,0.60000
0.84830,0.23164,0.00000,0.60000
0.84840,0.23185,0.00000,0.60000
0.84850,0.23205,0.00000,0.60000
0.84860,0.23226,0.00000,0.60000
0.84870,0.23246,0.00000,0.60000
0.84880,0.23267,0.00000,0.60000
0.84890,0.23287,0.00000,0.60000
0.84900,0.23308,0.00000,0.60000
0.84910,0.23328,0.00000,0.60000
0.84920,0.23348,0.00000,0.60000
0.84930,0.23369,0.00000,0.60000
0.84940,0.23389,0.00000,0.60000
0.84950,0.23410,0.00000,0.60000
0.84960,0.23430,0.00000,0.60000
0.84970,0.23450,0.00000,0.60000
0.84980,0.23471,0.00000,0.60000
0.84990,0.23491,0.00000,0.60000
0.85000,0.23511,0.00000,0.60000
0.85010,0.23532,0.00000,0.60000
0.85020,0.23552,0.00000,0.60000
0.85030,0.23572,0.00000,0.60000
0.85040,0.23593,0.00000,0.60000
0.85050,0.23613,0.00000,0.60000
0.85060,0.23633,0.00000,0.60000
0.85070,0.23654,0.00000,0.60000
0.85080,0.23674,0.00000,0.60000
0.85090,0.23694,0.00000,0.60000
0.85100,0.23714,0.00000,0.60000
0.85110,0.23735,0.00000,0.60000
0.85120,0.23755,0.00000,0.60000
0.85130,0.23775,0.00000,0.60000
0.85140,0.23795,0.00000,0.60000
0.85150,0.23815,0.00000,0.60000
0.85160,0.23836,0.00000,0.60000
0.85170,0.23856,0.00000,0.60000
0.85180,0.23876,0.00000,0.60000
0.85190,0.23896,0.00000,0.60000
0.85200,0.23916,0.00000,0.60000
0.85210,0.23936,0.00000,0.60000
0.85220,0.23956,0.00000,0.60000
0.85230,0.23977,0.00000,0.60000
0.85240,0.23997,0.00000,0.60000
0.85250,0.24017,0.00000,0.60000
0.85260,0.24037,0.00000,0.60000
0.85270,0.24057,0.00000,0.60000
0.85280,0.24077,0.00000,0.60000
0.85290,0.24097,0.00000,0.60000
0.85300,0.24117,0.00000,0.60000
0.85310,0.24137,0.00000,0.60000
0.85320,0.24157,0.00000,0.60000
0.85330,0.24177,0.00000,0.60000
0.85340,0.24197,0.00000,0.60000
0.85350,0.24217,0.00000,0.60000
0.85360,0.24237,0.00000,0.60000
0.85370,0.24257,0.00000,0.60000
0.85380,0.24277,0.00000,0.60000
0.85390,0.24297,0.00000,0.60000
0.85400,0.24317,0.00000,0.60000
0.85410,0.24337,0.00000,0.60000
0.85420,0.24357,0.00000,0.60000
0.85430,0.24377,0.00000,0.60000
0.85440,0.24397,0.00000,0.60000
0.85450,0.24417,0.00000,0.60000
0.85460,0.24437,0.00000,0.60000
0.85470,0.24457,0.00000,0.60000
0.85480,0.24477,0.00000,0.60000
0.85490,0.24496,0.00000,0.60000
0.85500,0.24516,0.00000,0.60000
0.85510,0.24536,0.00000,0.60000
0.85520,0.24556,0.00000,0.60000
0.85530,0.24576,0.00000,0.60000
0.85540,0.24596,0.00000,0.60000
0.85550,0.24615,0.00000,0.60000
0.85560,0.24635,0.00000,0.60000
0.85570,0.24655,0.00000,0.60000
0.85580,0.24675,0.00000,0.60000
0.85590,0.24695,0.00000,0.60000
0.85600,0.24714,0.00000,0.60000
0.85610,0.24734,0.00000,0.60000
0.85620,0.24754,0.00000,0.60000
0.85630,0.24774,0.00000,0.60000
0.85640,0.24793,0.00000,0.60000
0.85650,0.24813,0.00000,0.60000
0.85660,0.24833,0.00000,0.60000
0.85670,0.24852,0.00000,0.60000
0.85680,0.24872,0.00000,0.60000
0.85690,0.24892,0.00000,0.60000
0.85700,0.24912,0.00000,0.60000
0.85710,0.24931,0.00000,0.60000
0.85720,0.24951,0.00000,0.60000
0.85730,0.24970,0.00000,0.60000
0.85740,0.24990,0.00000,0.60000
0.85750,0.25010,0.00000,0.60000
0.85760,0.25029,0.00000,0.60000
0.85770,0.25049,0.00000,0.60000
0.85780,0.25069,0.00000,0.60000
0.85790,0.25088,0.00000,0.60000
0.85800,0.25108,0.00000,0.60000
0.85810,0.25127,0.00000,0.60000
0.85820,0.25147,0.00000,0.60000
0.85830,0.25166,0.00000,0.60000
0.85840,0.25186,0.00000,0.60000
0.85850,0.25205,0.00000,0.60000
0.85860,0.25225,0.00000,0.60000
0.85870,0.25244,0.00000,0.60000
0.85880,0.25264,0.00000,0.60000
0.85890,0.25283,0.00000,0.60000
0.85900,0.25303,0.00000,0.60000
0.85910,0.25322,0.00000,0.60000
0.85920,0.25342,0.00000,0.60000
0.85930,0.25361,0.00000,0.60000
0.85940,0.25381,0.00000,0.60000
0.85950,0.25400,0.00000,0.60000
0.85960,0.25419,0.00000,0.60000
0.85970,0.25439,0.00000,0.60000
0.85980,0.25458,0.00000,0.60000
0.85990,0.25478,0.00000,0.60000
0.86000,0.25497,0.00000,0.60000
0.86010,0.25516,0.00000,0.60000
0.86020,0.25536,0.00000,0.60000
0.86030,0.25555,0.00000,0.60000
0.86040,0.25574,0.00000,0.60000
0.86050,0.25594,0.00000,0.60000
0.86060,0.25613,0.00000,0.60000
0.86070,0.25632,0.00000,0.60000
0.86080,0.25652,0.00000,0.60000
0.86090,0.25671,0.00000,0.60000
0.86100,0.25690,0.00000,0.60000
0.86110,0.25709,0.00000,0.60000
0.86120,0.25729,0.00000,0.60000
0.86130,0.25748,0.00000,0.60000
0.86140,0.25767,0.00000,0.60000
0.86150,0.25786,0.00000,0.60000
0.86160,0.25806,0.00000,0.60000
0.86170,0.25825,0.00000,0.60000
0.86180,0.25844,0.00000,0.60000
0.86190,0.25863,0.00000,0.60000
0.86200,0.25882,0.00000,0.60000
0.86210,0.25901,0.00000,0.60000
0.86220,0.25921,0.00000,0.60000
0.86230,0.25940,0.00000,0.60000
0.86240,0.25959,0.00000,0.60000
0.86250,0.25978,0.00000,0.60000
0.86260,0.25997,0.00000,0.60000
0.86270,0.26016,0.00000,0.60000
0.86280,0.26035,0.00000,0.60000
0.86290,0.26054,0.00000,0.60000
0.86300,0.26073,0.00000,0.60000
0.86310,0.26092,0.00000,0.60000
0.86320,0.26111,0.00000,0.60000
0.86330,0.26130,0.00000,0.60000
0.86340,0.26150,0.00000,0.60000
0.86350,0.26169,0.00000,0.60000
0.86360,0.26188,0.00000,0.60000
0.86370,0.26207,0.00000,0.60000
0.86380,0.26225,0.00000,0.60000
0.86390,0.26244,0.00000,0.60000
0.86400,0.26263,0.00000,0.60000
0.86410,0.26282,0.00000,0.60000
0.86420,0.26301,0.00000,0.60000
0.86430,0.26320,0.00000,0.60000
0.86440,0.26339,0.00000,0.60000
0.86450,0.26358,0.00000,0.60000
0.86460,0.26377,0.00000,0.60000
0.86470,0.26396,0.00000,0.60000
0.86480,0.26415,0.00000,0.60000
0.86490,0.26434,0.00000,0.60000
0.86500,0.26452,0.00000,0.60000
0.86510,0.26471,0.00000,0.60000
0.86520,0.26490,0.00000,0.60000
0.86530,0.26509,0.00000,0.60000
0.86540,0.26528,0.00000,0.60000
0.86550,0.26547,0.00000,0.60000
0.86560,0.26565,0.00000,0.60000
0.86570,0.26584,0.00000,0.60000
0.86580,0.26603,0.00000,0.60000
0.86590,0.26622,0.00000,0.60000
0.86600,0.26640,0.00000,0.60000
0.86610,0.26659,0.00000,0.60000
0.86620,0.26678,0.00000,0.60000
0.86630,0.26697,0.00000,0.60000
0.86640,0.26715,0.00000,0.60000
0.86650,0.26734,0.00000,0.60000
0.86660,0.26753,0.00000,0.60000
0.86670,0.26771,0.00000,0.60000
0.86680,0.26790,0.00000,0.60000
0.86690,0.26809,0.00000,0.60000
0.86700,0.26827,0.00000,0.60000
0.86710,0.26846,0.00000,0.60000
0.86720,0.26865,0.00000,0.60000
0.86730,0.26883,0.00000,0.60000
0.86740,0.26902,0.00000,0.60000
0.86750,0.26921,0.00000,0.60000
0.86760,0.26939,0.00000,0.60000
0.86770,0.26958,0.00000,0.60000
0.86780,0.26976,0.00000,0.60000
0.86790,0.26995,0.00000,0.60000
0.86800,0.27013,0.00000,0.60000
0.86810,0.27032,0.00000,0.60000
0.86820,0.27050,0.00000,0.60000
0.86830,0.27069,0.00000,0.60000
0.86840,0.27087,0.00000,0.60000
0.86850,0.27106,0.00000,0.60000
0.86860,0.27124,0.00000,0.60000
0.86870,0.27143,0.00000,0.60000
0.86880,0.27161,0.00000,0.60000
0.86890,0.27180,0.00000,0.60000
0.86900,0.27198,0.00000,0.60000
0.86910,0.27217,0.00000,0.60000
0.86920,0.27235,0.00000,0.60000
0.86930,0.27253,0.00000,0.60000
0.86940,0.27272,0.00000,0.60000
0.86950,0.27290,0.00000,0.60000
0.86960,0.27309,0.00000,0.60000
0.86970,0.27327,0.00000,0.60000
0.86980,0.27345,0.00000,0.60000
0.86990,0.27364,0.00000,0.60000
0.87000,0.27382,0.00000,0.60000
0.87010,0.27400,0.00000,0.60000
0.87020,0.27419,0.00000,0.60000
0.87030,0.27437,0.00000,0.60000
0.87040,0.27455,0.00000,0.60000
0.87050,0.27473,0.00000,0.60000
0.87060,0.27492,0.00000,0.60000
0.87070,0.27510,0.00000,0.60000
0.87080,0.27528,0.00000,0.60000
0.87090,0.27546,0.00000,0.60000
0.87100,0.27565,0.00000,0.60000
0.87110,0.27583,0.00000,0.60000
0.87120,0.27601,0.00000,0.60000
0.87130,0.27619,0.00000,0.60000
0.87140,0.27637,0.00000,0.60000
0.87150,0.27655,0.00000,0.60000
0.87160,0.27674,0.00000,0.60000
0.87170,0.27692,0.00000,0.60000
0.87180,0.27710,0.00000,0.60000
0.87190,0.27728,0.00000,0.60000
0.87200,0.27746,0.00000,0.60000
0.87210,0.27764,0.00000,0.60000
0.87220,0.27782,0.00000,0.60000
0.87230,0.27800,0.00000,0.60000
0.87240,0.27818,0.00000,0.60000
0.87250,0.27837,0.00000,0.60000
0.87260,0.27855,0.00000,0.60000
0.87270,0.27873,0.00000,0.60000
0.87280,0.27891,0.00000,0.60000
0.87290,0.27909,0.00000,0.60000
0.87300,0.27927,0.00000,0.60000
0.87310,0.27945,0.00000,0.60000
0.87320,0.27963,0.00000,0.60000
0.87330,0.27981,0.00000,0.60000
0.87340,0.27999,0.00000,0.60000
0.87350,0.28016,0.00000,0.60000
0.87360,0.28034,0.00000,0.60000
0.87370,0.28052,0.00000,0.60000
0.87380,0.28070,0.00000,0.60000
0.87390,0.28088,0.00000,0.60000
0.87400,0.28106,0.00000,0.60000
0.87410,0.28124,0.00000,0.60000
0.87420,0.28142,0.00000,0.60000
0.87430,0.28160,0.00000,0.60000
0.87440,0.28177,0.00000,0.60000
0.87450,0.28195,0.00000,0.60000
0.87460,0.28213,0.00000,0.60000
0.87470,0.28231,0.00000,0.60000
0.87480,0.28249,0.00000,0.60000
0.87490,0.28266,0.00000,0.60000
0.87500,0.28284,0.00000,0.60000
0.87510,0.28302,0.00000,0.60000
0.87520,0.28320,0.00000,0.60000
0.87530,0.28338,0.00000,0.60000
0.87540,0.28355,0.00000,0.60000
0.87550,0.28373,0.00000,0.60000
0.87560,0.28391,0.00000,0.60000
0.87570,0.28408,0.00000,0.60000
0.87580,0.28426,0.00000,0.60000
0.87590,0.28444,0.00000,0.60000
0.87600,0.28461,0.00000,0.60000
0.87610,0.28479,0.00000,0.60000
0.87620,0.28497,0.00000,0.60000
0.87630,0.28514,0.00000,0.60000
0.87640,0.28532,0.00000,0.60000
0.87650,0.28550,0.00000,0.60000
0.87660,0.28567,0.00000,0.60000
0.87670,0.28585,0.00000,0.60000
0.87680,0.28602,0.00000,0.60000
0.87690,0.28620,0.00000,0.60000
0.87700,0.28637,0.00000,0.60000
0.87710,0.28655,0.00000,0.60000
0.87720,0.28673,0.00000,0.60000
0.87730,0.28690,0.00000,0.60000
0.87740,0.28708,0.00000,0.60000
0.87750,0.28725,0.00000,0.60000
0.87760,0.28743,0.00000,0.60000
0.87770,0.28760,0.00000,0.60000
0.87780,0.28777,0.00000,0.60000
0.87790,0.28795,0.00000,0.60000
0.87800,0.28812,0.00000,0.60000
0.87810,0.28830,0.00000,0.60000
0.87820,0.28847,0.00000,0.60000
0.87830,0.28865,0.00000,0.60000
0.87840,0.28882,0.00000,0.60000
0.87850,0.28899,0.00000,0.60000
0.87860,0.28917,0.00000,0.60000
0.87870,0.28934,0.00000,0.60000
0.87880,0.28951,0.00000,0.60000
0.87890,0.28969,0.00000,0.60000
0.87900,0.28986,0.00000,0.60000
0.87910,0.29003,0.00000,0.60000
0.87920,0.29021,0.00000,0.60000
0.87930,0.29038,0.00000,0.60000
0.87940,0.29055,0.00000,0.60000
0.87950,0.29073,0.00000,0.60000
0.87960,0.29090,0.00000,0.60000
0.87970,0.29107,0.00000,0.60000
0.87980,0.29124,0.00000,0.60000
0.87990,0.29142,0.00000,0.60000
0.88000,0.29159,0.00000,0.60000
0.88010,0.29176,0.00000,0.60000
0.88020,0.29193,0.00000,0.60000
0.88030,0.29210,0.00000,0.60000
0.88040,0.29227,0.00000,0.60000
0.88050,0.29245,0.00000,0.60000
0.88060,0.29262,0.00000,0.60000
0.88070,0.29279,0.00000,0.60000
0.88080,0.29296,0.00000,0.60000
0.88090,0.29313,0.00000,0.60000
0.88100,0.29330,0.00000,0.60000
0.88110,0.29347,0.00000,0.60000
0.88120,0.29364,0.00000,0.60000
0.88130,0.29381,0.00000,0.60000
0.88140,0.29398,0.00000,0.60000
0.88150,0.29416,0.00000,0.60000
0.88160,0.29433,0.00000,0.60000
0.88170,0.29450,0.00000,0.60000
0.88180,0.29467,0.00000,0.60000
0.88190,0.29484,0.00000,0.60000
0.88200,0.29501,0.00000,0.60000
0.88210,0.29517,0.00000,0.60000
0.88220,0.29534,0.00000,0.60000
0.88230,0.29551,0.00000,0.60000
0.88240,0.29568,0.00000,0.60000
0.88250,0.29585,0.00000,0.60000
0.88260,0.29602,0.00000,0.60000
0.88270,0.29619,0.00000,0.60000
0.88280,0.29636,0.00000,0.60000
0.88290,0.29653,0.00000,0.60000
0.88300,0.29670,0.00000,0.60000
0.88310,0.29687,0.00000,0.60000
0.88320,0.29703,0.00000,0.60000
0.88330,0.29720,0.00000,0.60000
0.88340,0.29737,0.00000,0.60000
0.88350,0.29754,0.00000,0.60000
0.88360,0.29771,0.00000,0.60000
0.88370,0.29787,0.00000,0.60000
0.88380,0.29804,0.00000,0.60000
0.88390,0.29821,0.00000,0.60000
0.88400,0.29838,0.00000,0.60000
0.88410,0.29854,0.00000,0.60000
0.88420,0.29871,0.00000,0.60000
0.88430,0.29888,0.00000,0.60000
0.88440,0.29905,0.00000,0.60000
0.88450,0.29921,0.00000,0.60000
0.88460,0.29938,0.00000,0.60000
0.88470,0.29955,0.00000,0.60000
0.88480,0.29971,0.00000,0.60000
0.88490,0.29988,0.00000,0.60000
0.88500,0.30004,0.00000,0.60000
0.88510,0.30021,0.00000,0.60000
0.88520,0.30038,0.00000,0.60000
0.88530,0.30054,0.00000,0.60000
0.88540,0.30071,0.00000,0.60000
0.88550,0.30087,0.00000,0.60000
0.88560,0.30104,0.00000,0.60000
0.88570,0.30120,0.00000,0.60000
0.88580,0.30137,0.00000,0.60000
0.88590,0.30154,0.00000,0.60000
0.88600,0.30170,0.00000,0.60000
0.88610,0.30187,0.00000,0.60000
0.88620,0.30203,0.00000,0.60000
0.88630,0.30220,0.00000,0.60000
0.88640,0.30236,0.00000,0.60000
0.88650,0.30252,0.00000,0.60000
0.88660,0.30269,0.00000,0.60000
0.88670,0.30285,0.00000,0.60000
0.88680,0.30302,0.00000,0.60000
0.88690,0.30318,0.00000,0.60000
0.88700,0.30334,0.00000,0.60000
0.88710,0.30351,0.00000,0.60000
0.88720,0.30367,0.00000,0.60000
0.88730,0.30384,0.00000,0.60000
0.88740,0.30400,0.00000,0.60000
0.88750,0.30416,0.00000,0.60000
0.88760,0.30433,0.00000,0.60000
0.88770,0.30449,0.00000,0.60000
0.88780,0.30465,0.00000,0.60000
0.88790,0.30481,0.00000,0.60000
0.88800,0.30498,0.00000,0.60000
0.88810,0.30514,0.00000,0.60000
0.88820,0.30530,0.00000,0.60000
0.88830,0.30546,0.00000,0.60000
0.88840,0.30563,0.00000,0.60000
0.88850,0.30579,0.00000,0.60000
0.88860,0.30595,0.00000,0.60000
0.88870,0.30611,0.00000,0.60000
0.88880,0.30627,0.00000,0.60000
0.88890,0.30644,0.00000,0.60000
0.88900,0.30660,0.00000,0.60000
0.88910,0.30676,0.00000,0.60000
0.88920,0.30692,0.00000,0.60000
0.88930,0.30708,0.00000,0.60000
0.88940,0.30724,0.00000,0.60000
0.88950,0.30740,0.00000,0.60000
0.88960,0.30756,0.00000,0.60000
0.88970,0.30772,0.00000,0.60000
0.88980,0.30788,0.00000,0.60000
0.88990,0.30805,0.00000,0.60000
0.89000,0.30821,0.00000,0.60000
0.89010,0.30837,0.00000,0.60000
0.89020,0.30853,0.00000,0.60000
0.89030,0.30869,0.00000,0.60000
0.89040,0.30885,0.00000,0.60000
0.89050,0.30900,0.00000,0.60000
0.89060,0.30916,0.00000,0.60000
0.89070,0.30932,0.00000,0.60000
0.89080,0.30948,0.00000,0.60000
0.89090,0.30964,0.00000,0.60000
0.89100,0.30980,0.00000,0.60000
0.89110,0.30996,0.00000,0.60000
0.89120,0.31012,0.00000,0.60000
0.89130,0.31028,0.00000,0.60000
0.89140,0.31044,0.00000,0.60000
0.89150,0.31059,0.00000,0.60000
0.89160,0.31075,0.00000,0.60000
0.89170,0.31091,0.00000,0.60000
0.89180,0.31107,0.00000,0.60000
0.89190,0.31123,0.00000,0.60000
0.89200,0.31138,0.00000,0.60000
0.89210,0.31154,0.00000,0.60000
0.89220,0.31170,0.00000,0.60000
0.89230,0.31186,0.00000,0.60000
0.89240,0.31201,0.00000,0.60000
0.89250,0.31217,0.00000,0.60000
0.89260,0.31233,0.00000,0.60000
0.89270,0.31249,0.00000,0.60000
0.89280,0.31264,0.00000,0.60000
0.89290,0.31280,0.00000,0.60000
0.89300,0.31296,0.00000,0.60000
0.89310,0.31311,0.00000,0.60000
0.89320,0.31327,0.00000,0.60000
0.89330,0.31343,0.00000,0.60000
0.89340,0.31358,0.00000,0.60000
0.89350,0.31374,0.00000,0.60000
0.89360,0.31389,0.00000,0.60000
0.89370,0.31405,0.00000,0.60000
0.89380,0.31420,0.00000,0.60000
0.89390,0.31436,0.00000,0.60000
0.89400,0.31452,0.00000,0.60000
0.89410,0.31467,0.00000,0.60000
0.89420,0.31483,0.00000,0.60000
0.89430,0.31498,0.00000,0.60000
0.89440,0.31514,0.00000,0.60000
0.89450,0.31529,0.00000,0.60000
0.89460,0.31544,0.00000,0.60000
0.89470,0.31560,0.00000,0.60000
0.89480,0.31575,0.00000,0.60000
0.89490,0.31591,0.00000,0.60000
0.89500,0.31606,0.00000,0.60000
0.89510,0.31622,0.00000,0.60000
0.89520,0.31637,0.00000,0.60000
0.89530,0.31652,0.00000,0.60000
0.89540,0.31668,0.00000,0.60000
0.89550,0.31683,0.00000,0.60000
0.89560,0.31698,0.00000,0.60000
0.89570,0.31714,0.00000,0.60000
0.89580,0.31729,0.00000,0.60000
0.89590,0.31744,0.00000,0.60000
0.89600,0.31760,0.00000,0.60000
0.89610,0.31775,0.00000,0.60000
0.89620,0.31790,0.00000,0.60000
0.89630,0.31805,0.00000,0.60000
0.89640,0.31821,0.00000,0.60000
0.89650,0.31836,0.00000,0.60000
0.89660,0.31851,0.00000,0.60000
0.89670,0.31866,0.00000,0.60000
0.89680,0.31881,0.00000,0.60000
0.89690,0.31897,0.00000,0.60000
0.89700,0.31912,0.00000,0.60000
0.89710,0.31927,0.00000,0.60000
0.89720,0.31942,0.00000,0.60000
0.89730,0.31957,0.00000,0.60000
0.89740,0.31972,0.00000,0.60000
0.89750,0.31987,0.00000,0.60000
0.89760,0.32002,0.00000,0.60000
0.89770,0.32018,0.00000,0.60000
0.89780,0.32033,0.00000,0.60000
0.89790,0.32048,0.00000,0.60000
0.89800,0.32063,0.00000,0.60000
0.89810,0.32078,0.00000,0.60000
0.89820,0.32093,0.00000,0.60000
0.89830,0.32108,0.00000,0.60000
0.89840,0.32123,0.00000,0.60000
0.89850,0.32138,0.00000,0.60000
0.89860,0.32153,0.00000,0.60000
0.89870,0.32168,0.00000,0.60000
0.89880,0.32182,0.00000,0.60000
0.89890,0.32197,0.00000,0.60000
0.89900,0.32212,0.00000,0.60000
0.89910,0.32227,0.00000,0.60000
0.89920,0.32242,0.00000,0.60000
0.89930,0.32257,0.00000,0.60000
0.89940,0.32272,0.00000,0.60000
0.89950,0.32287,0.00000,0.60000
0.89960,0.32301,0.00000,0.60000
0.89970,0.32316,0.00000,0.60000
0.89980,0.32331,0.00000,0.60000
0.89990,0.32346,0.00000,0.60000
0.90000,0.32361,0.00000,0.60000
0.90010,0.32375,0.00000,0.60000
0.90020,0.32390,0.00000,0.60000
0.90030,0.32405,0.00000,0.60000
0.90040,0.32420,0.00000,0.60000
0.90050,0.32434,0.00000,0.60000
0.90060,0.32449,0.00000,0.60000
0.90070,0.32464,0.00000,0.60000
0.90080,0.32478,0.00000,0.60000
0.90090,0.32493,0.00000,0.60000
0.90100,0.32508,0.00000,0.60000
0.90110,0.32522,0.00000,0.60000
0.90120,0.32537,0.00000,0.60000
0.90130,0.32552,0.00000,0.60000
0.90140,0.32566,0.00000,0.60000
0.90150,0.32581,0.00000,0.60000
0.90160,0.32595,0.00000,0.60000
0.90170,0.32610,0.00000,0.60000
0.90180,0.32625,0.00000,0.60000
0.90190,0.32639,0.00000,0.60000
0.90200,0.32654,0.00000,0.60000
0.90210,0.32668,0.00000,0.60000
0.90220,0.32683,0.00000,0.60000
0.90230,0.32697,0.00000,0.60000
0.90240,0.32712,0.00000,0.60000
0.90250,0.32726,0.00000,0.60000
0.90260,0.32740,0.00000,0.60000
0.90270,0.32755,0.00000,0.60000
0.90280,0.32769,0.00000,0.60000
0.90290,0.32784,0.00000,0.60000
0.90300,0.32798,0.00000,0.60000
0.90310,0.32812,0.00000,0.60000
0.90320,0.32827,0.00000,0.60000
0.90330,0.32841,0.00000,0.60000
0.90340,0.32856,0.00000,0.60000
0.90350,0.32870,0.00000,0.60000
0.90360,0.32884,0.00000,0.60000
0.90370,0.32898,0.00000,0.60000
0.90380,0.32913,0.00000,0.60000
0.90390,0.32927,0.00000,0.60000
0.90400,0.32941,0.00000,0.60000
0.90410,0.32956,0.00000,0.60000
0.90420,0.32970,0.00000,0.60000
0.90430,0.32984,0.00000,0.60000
0.90440,0.32998,0.00000,0.60000
0.90450,0.33012,0.00000,0.60000
0.90460,0.33027,0.00000,0.60000
0.90470,0.33041,0.00000,0.60000
0.90480,0.33055,0.00000,0.60000
0.90490,0.33069,0.00000,0.60000
0.90500,0.33083,0.00000,0.60000
0.90510,0.33097,0.00000,0.60000
0.90520,0.33111,0.00000,0.60000
0.90530,0.33126,0.00000,0.60000
0.90540,0.33140,0.00000,0.60000
0.90550,0.33154,0.00000,0.60000
0.90560,0.33168,0.00000,0.60000
0.90570,0.33182,0.00000,0.60000
0.90580,0.33196,0.00000,0.60000
0.90590,0.33210,0.00000,0.60000
0.90600,0.33224,0.00000,0.60000
0.90610,0.33238,0.00000,0.60000
0.90620,0.33252,0.00000,0.60000
0.90630,0.33266,0.00000,0.60000
0.90640,0.33280,0.00000,0.60000
0.90650,0.33294,0.00000,0.60000
0.90660,0.33308,0.00000,0.60000
0.90670,0.33321,0.00000,0.60000
0.90680,0.33335,0.00000,0.60000
0.90690,0.33349,0.00000,0.60000
0.90700,0.33363,0.00000,0.60000
0.90710,0.33377,0.00000,0.60000
0.90720,0.33391,0.00000,0.60000
0.90730,0.33405,0.00000,0.60000
0.90740,0.33418,0.00000,0.60000
0.90750,0.33432,0.00000,0.60000
0.90760,0.33446,0.00000,0.60000
0.90770,0.33460,0.00000,0.60000
0.90780,0.33474,0.00000,0.60000
0.90790,0.33487,0.00000,0.60000
0.90800,0.33501,0.00000,0.60000
0.90810,0.33515,0.00000,0.60000
0.90820,0.33529,0.00000,0.60000
0.90830,0.33542,0.00000,0.60000
0.90840,0.33556,0.00000,0.60000
0.90850,0.33570,0.00000,0.60000
0.90860,0.33583,0.00000,0.60000
0.90870,0.33597,0.00000,0.60000
0.90880,0.33611,0.00000,0.60000
0.90890,0.33624,0.00000,0.60000
0.90900,0.33638,0.00000,0.60000
0.90910,0.33651,0.00000,0.60000
0.90920,0.33665,0.00000,0.60000
0.90930,0.33679,0.00000,0.60000
0.90940,0.33692,0.00000,0.60000
0.90950,0.33706,0.00000,0.60000
0.90960,0.33719,0.00000,0.60000
0.90970,0.33733,0.00000,0.60000
0.90980,0.33746,0.00000,0.60000
0.90990,0.33760,0.00000,0.60000
0.91000,0.33773,0.00000,0.60000
0.91010,0.33787,0.00000,0.60000
0.91020,0.33800,0.00000,0.60000
0.91030,0.33813,0.00000,0.60000
0.91040,0.33827,0.00000,0.60000
0.91050,0.33840,0.00000,0.60000
0.91060,0.33854,0.00000,0.60000
0.91070,0.33867,0.00000,0.60000
0.91080,0.33880,0.00000,0.60000
0.91090,0.33894,0.00000,0.60000
0.91100,0.33907,0.00000,0.60000
0.91110,0.33920,0.00000,0.60000
0.91120,0.33934,0.00000,0.60000
0.91130,0.33947,0.00000,0.60000
0.91140,0.33960,0.00000,0.60000
0.91150,0.33974,0.00000,0.60000
0.91160,0.33987,0.00000,0.60000
0.91170,0.34000,0.00000,0.60000
0.91180,0.34013,0.00000,0.60000
0.91190,0.34027,0.00000,0.60000
0.91200,0.34040,0.00000,0.60000
0.91210,0.34053,0.00000,0.60000
0.91220,0.34066,0.00000,0.60000
0.91230,0.34079,0.00000,0.60000
0.91240,0.34092,0.00000,0.60000
0.91250,0.34106,0.00000,0.60000
0.91260,0.34119,0.00000,0.60000
0.91270,0.34132,0.00000,0.60000
0.91280,0.34145,0.00000,0.60000
0.91290,0.34158,0.00000,0.60000
0.91300,0.34171,0.00000,0.60000
0.91310,0.34184,0.00000,0.60000
0.91320,0.34197,0.00000,0.60000
0.91330,0.34210,0.00000,0.60000
0.91340,0.34223,0.00000,0.60000
0.91350,0.34236,0.00000,0.60000
0.91360,0.34249,0.00000,0.60000
0.91370,0.34262,0.00000,0.60000
0.91380,0.34275,0.00000,0.60000
0.91390,0.34288,0.00000,0.60000
0.91400,0.34301,0.00000,0.60000
0.91410,0.34314,0.00000,0.60000
0.91420,0.34327,0.00000,0.60000
0.91430,0.34340,0.00000,0.60000
0.91440,0.34353,0.00000,0.60000
0.91450,0.34366,0.00000,0.60000
0.91460,0.34378,0.00000,0.60000
0.91470,0.34391,0.00000,0.60000
0.91480,0.34404,0.00000,0.60000
0.91490,0.34417,0.00000,0.60000
0.91500,0.34430,0.00000,0.60000
0.91510,0.34442,0.00000,0.60000
0.91520,0.34455,0.00000,0.60000
0.91530,0.34468,0.00000,0.60000
0.91540,0.34481,0.00000,0.60000
0.91550,0.34493,0.00000,0.60000
0.91560,0.34506,0.00000,0.60000
0.91570,0.34519,0.00000,0.60000
0.91580,0.34532,0.00000,0.60000
0.91590,0.34544,0.00000,0.60000
0.91600,0.34557,0.00000,0.60000
0.91610,0.34570,0.00000,0.60000
0.91620,0.34582,0.00000,0.60000
0.91630,0.34595,0.00000,0.60000
0.91640,0.34607,0.00000,0.60000
0.91650,0.34620,0.00000,0.60000
0.91660,0.34633,0.00000,0.60000
0.91670,0.34645,0.00000,0.60000
0.91680,0.34658,0.00000,0.60000
0.91690,0.34670,0.00000,0.60000
0.91700,0.34683,0.00000,0.60000
0.91710,0.34695,0.00000,0.60000
0.91720,0.34708,0.00000,0.60000
0.91730,0.34720,0.00000,0.60000
0.91740,0.34733,0.00000,0.60000
0.91750,0.34745,0.00000,0.60000
0.91760,0.34758,0.00000,0.60000
0.91770,0.34770,0.00000,0.60000
0.91780,0.34783,0.00000,0.60000
0.91790,0.34795,0.00000,0.60000
0.91800,0.34807,0.00000,0.60000
0.91810,0.34820,0.00000,0.60000
0.91820,0.34832,0.00000,0.60000
0.91830,0.34844,0.00000,0.60000
0.91840,0.34857,0.00000,0.60000
0.91850,0.34869,0.00000,0.60000
0.91860,0.34881,0.00000,0.60000
0.91870,0.34894,0.00000,0.60000
0.91880,0.34906,0.00000,0.60000
0.91890,0.34918,0.00000,0.60000
0.91900,0.34930,0.00000,0.60000
0.91910,0.34943,0.00000,0.60000
0.91920,0.34955,0.00000,0.60000
0.91930,0.34967,0.00000,0.60000
0.91940,0.34979,0.00000,0.60000
0.91950,0.34992,0.00000,0.60000
0.91960,0.35004,0.00000,0.60000
0.91970,0.35016,0.00000,0.60000
0.91980,0.35028,0.00000,0.60000
0.91990,0.35040,0.00000,0.60000
0.92000,0.35052,0.00000,0.60000
0.92010,0.35064,0.00000,0.60000
0.92020,0.35076,0.00000,0.60000
0.92030,0.35089,0.00000,0.60000
0.92040,0.35101,0.00000,0.60000
0.92050,0.35113,0.00000,0.60000
0.92060,0.35125,0.00000,0.60000
0.92070,0.35137,0.00000,0.60000
0.92080,0.35149,0.00000,0.60000
0.92090,0.35161,0.00000,0.60000
0.92100,0.35173,0.00000,0.60000
0.92110,0.35185,0.00000,0.60000
0.92120,0.35197,0.00000,0.60000
0.92130,0.35208,0.00000,0.60000
0.92140,0.35220,0.00000,0.60000
0.92150,0.35232,0.00000,0.60000
0.92160,0.35244,0.00000,0.60000
0.92170,0.35256,0.00000,0.60000
0.92180,0.35268,0.00000,0.60000
0.92190,0.35280,0.00000,0.60000
0.92200,0.35292,0.00000,0.60000
0.92210,0.35303,0.00000,0.60000
0.92220,0.35315,0.00000,0.60000
0.92230,0.35327,0.00000,0.60000
0.92240,0.35339,0.00000,0.60000
0.92250,0.35351,0.00000,0.60000
0.92260,0.35362,0.00000,0.60000
0.92270,0.35374,0.00000,0.60000
0.92280,0.35386,0.00000,0.60000
0.92290,0.35398,0.00000,0.60000
0.92300,0.35409,0.00000,0.60000
0.92310,0.35421,0.00000,0.60000
0.92320,0.35433,0.00000,0.60000
0.92330,0.35444,0.00000,0.60000
0.92340,0.35456,0.00000,0.60000
0.92350,0.35468,0.00000,0.60000
0.92360,0.35479,0.00000,0.60000
0.92370,0.35491,0.00000,0.60000
0.92380,0.35502,0.00000,0.60000
0.92390,0.35514,0.00000,0.60000
0.92400,0.35525,0.00000,0.60000
0.92410,0.35537,0.00000,0.60000
0.92420,0.35549,0.00000,0.60000
0.92430,0.35560,0.00000,0.60000
0.92440,0.35572,0.00000,0.60000
0.92450,0.35583,0.00000,0.60000
0.92460,0.35595,0.00000,0.60000
0.92470,0.35606,0.00000,0.60000
0.92480,0.35617,0.00000,0.60000
0.92490,0.35629,0.00000,0.60000
0.92500,0.35640,0.00000,0.60000
0.92510,0.35652,0.00000,0.60000
0.92520,0.35663,0.00000,0.60000
0.92530,0.35674,0.00000,0.60000
0.92540,0.35686,0.00000,0.60000
0.92550,0.35697,0.00000,0.60000
0.92560,0.35708,0.00000,0.60000
0.92570,0.35720,0.00000,0.60000
0.92580,0.35731,0.00000,0.60000
0.92590,0.35742,0.00000,0.60000
0.92600,0.35754,0.00000,0.60000
0.92610,0.35765,0.00000,0.60000
0.92620,0.35776,0.00000,0.60000
0.92630,0.35787,0.00000,0.60000
0.92640,0.35799,0.00000,0.60000
0.92650,0.35810,0.00000,0.60000
0.92660,0.35821,0.00000,0.60000
0.92670,0.35832,0.00000,0.60000
0.92680,0.35843,0.00000,0.60000
0.92690,0.35855,0.00000,0.60000
0.92700,0.35866,0.00000,0.60000
0.92710,0.35877,0.00000,0.60000
0.92720,0.35888,0.00000,0.60000
0.92730,0.35899,0.00000,0.60000
0.92740,0.35910,0.00000,0.60000
0.92750,0.35921,0.00000,0.60000
0.92760,0.35932,0.00000,0.60000
0.92770,0.35943,0.00000,0.60000
0.92780,0.35954,0.00000,0.60000
0.92790,0.35965,0.00000,0.60000
0.92800,0.35976,0.00000,0.60000
0.92810,0.35987,0.00000,0.60000
0.92820,0.35998,0.00000,0.60000
0.92830,0.36009,0.00000,0.60000
0.92840,0.36020,0.00000,0.60000
0.92850,0.36031,0.00000,0.60000
0.92860,0.36042,0.00000,0.60000
0.92870,0.36053,0.00000,0.60000
0.92880,0.36064,0.00000,0.60000
0.92890,0.36075,0.00000,0.60000
0.92900,0.36085,0.00000,0.60000
0.92910,0.36096,0.00000,0.60000
0.92920,0.36107,0.00000,0.60000
0.92930,0.36118,0.00000,0.60000
0.92940,0.36129,0.00000,0.60000
0.92950,0.36139,0.00000,0.60000
0.92960,0.36150,0.00000,0.60000
0.92970,0.36161,0.00000,0.60000
0.92980,0.36172,0.00000,0.60000
0.92990,0.36182,0.00000,0.60000
0.93000,0.36193,0.00000,0.60000
0.93010,0.36204,0.00000,0.60000
0.93020,0.36214,0.00000,0.60000
0.93030,0.36225,0.00000,0.60000
0.93040,0.36236,0.00000,0.60000
0.93050,0.36246,0.00000,0.60000
0.93060,0.36257,0.00000,0.60000
0.93070,0.36268,0.00000,0.60000
0.93080,0.36278,0.00000,0.60000
0.93090,0.36289,0.00000,0.60000
0.93100,0.36299,0.00000,0.60000
0.93110,0.36310,0.00000,0.60000
0.93120,0.36320,0.00000,0.60000
0.93130,0.36331,0.00000,0.60000
0.93140,0.36341,0.00000,0.60000
0.93150,0.36352,0.00000,0.60000
0.93160,0.36362,0.00000,0.60000
0.93170,0.36373,0.00000,0.60000
0.93180,0.36383,0.00000,0.60000
0.93190,0.36394,0.00000,0.60000
0.93200,0.36404,0.00000,0.60000
0.93210,0.36415,0.00000,0.60000
0.93220,0.36425,0.00000,0.60000
0.93230,0.36435,0.00000,0.60000
0.93240,0.36446,0.00000,0.60000
0.93250,0.36456,0.00000,0.60000
0.93260,0.36466,0.00000,0.60000
0.93270,0.36477,0.00000,0.60000
0.93280,0.36487,0.00000,0.60000
0.93290,0.36497,0.00000,0.60000
0.93300,0.36508,0.00000,0.60000
0.93310,0.36518,0.00000,0.60000
0.93320,0.36528,0.00000,0.60000
0.93330,0.36538,0.00000,0.60000
0.93340,0.36549,0.00000,0.60000
0.93350,0.36559,0.00000,0.60000
0.93360,0.36569,0.00000,0.60000
0.93370,0.36579,0.00000,0.60000
0.93380,0.36589,0.00000,0.60000
0.93390,0.36600,0.00000,0.60000
0.93400,0.36610,0.00000,0.60000
0.93410,0.36620,0.00000,0.60000
0.93420,0.36630,0.00000,0.60000
0.93430,0.36640,0.00000,0.60000
0.93440,0.36650,0.00000,0.60000
0.93450,0.36660,0.00000,0.60000
0.93460,0.36670,0.00000,0.60000
0.93470,0.36680,0.00000,0.60000
0.93480,0.36690,0.00000,0.60000
0.93490,0.36700,0.00000,0.60000
0.93500,0.36710,0.00000,0.60000
0.93510,0.36720,0.00000,0.60000
0.93520,0.36730,0.00000,0.60000
0.93530,0.36740,0.00000,0.60000
0.93540,0.36750,0.00000,0.60000
0.93550,0.36760,0.00000,0.60000
0.93560,0.36770,0.00000,0.60000
0.93570,0.36780,0.00000,0.60000
0.93580,0.36790,0.00000,0.60000
0.93590,0.36799,0.00000,0.60000
0.93600,0.36809,0.00000,0.60000
0.93610,0.36819,0.00000,0.60000
0.93620,0.36829,0.00000,0.60000
0.93630,0.36839,0.00000,0.60000
0.93640,0.36849,0.00000,0.60000
0.93650,0.36858,0.00000,0.60000
0.93660,0.36868,0.00000,0.60000
0.93670,0.36878,0.00000,0.60000
0.93680,0.36887,0.00000,0.60000
0.93690,0.36897,0.00000,0.60000
0.93700,0.36907,0.00000,0.60000
0.93710,0.36917,0.00000,0.60000
0.93720,0.36926,0.00000,0.60000
0.93730,0.36936,0.00000,0.60000
0.93740,0.36946,0.00000,0.60000
0.93750,0.36955,0.00000,0.60000
0.93760,0.36965,0.00000,0.60000
0.93770,0.36974,0.00000,0.60000
0.93780,0.36984,0.00000,0.60000
0.93790,0.36994,0.00000,0.60000
0.93800,0.37003,0.00000,0.60000
0.93810,0.37013,0.00000,0.60000
0.93820,0.37022,0.00000,0.60000
0.93830,0.37032,0.00000,0.60000
0.93840,0.37041,0.00000,0.60000
0.93850,0.37051,0.00000,0.60000
0.93860,0.37060,0.00000,0.60000
0.93870,0.37070,0.00000,0.60000
0.93880,0.37079,0.00000,0.60000
0.93890,0.37088,0.00000,0.60000
0.93900,0.37098,0.00000,0.60000
0.93910,0.37107,0.00000,0.60000
0.93920,0.37117,0.00000,0.60000
0.93930,0.37126,0.00000,0.60000
0.93940,0.37135,0.00000,0.60000
0.93950,0.37145,0.00000,0.60000
0.93960,0.37154,0.00000,0.60000
0.93970,0.37163,0.00000,0.60000
0.93980,0.37173,0.00000,0.60000
0.93990,0.37182,0.00000,0.60000
0.94000,0.37191,0.00000,0.60000
0.94010,0.37200,0.00000,0.60000
0.94020,0.37210,0.00000,0.60000
0.94030,0.37219,0.00000,0.60000
0.94040,0.37228,0.00000,0.60000
0.94050,0.37237,0.00000,0.60000
0.94060,0.37246,0.00000,0.60000
0.94070,0.37255,0.00000,0.60000
0.94080,0.37265,0.00000,0.60000
0.94090,0.37274,0.00000,0.60000
0.94100,0.37283,0.00000,0.60000
0.94110,0.37292,0.00000,0.60000
0.94120,0.37301,0.00000,0.60000
0.94130,0.37310,0.00000,0.60000
0.94140,0.37319,0.00000,0.60000
0.94150,0.37328,0.00000,0.60000
0.94160,0.37337,0.00000,0.60000
0.94170,0.37346,0.00000,0.60000
0.94180,0.37355,0.00000,0.60000
0.94190,0.37364,0.00000,0.60000
0.94200,0.37373,0.00000,0.60000
0.94210,0.37382,0.00000,0.60000
0.94220,0.37391,0.00000,0.60000
0.94230,0.37400,0.00000,0.60000
0.94240,0.37409,0.00000,0.60000
0.94250,0.37418,0.00000,0.60000
0.94260,0.37427,0.00000,0.60000
0.94270,0.37435,0.00000,0.60000
0.94280,0.37444,0.00000,0.60000
0.94290,0.37453,0.00000,0.60000
0.94300,0.37462,0.00000,0.60000
0.94310,0.37471,0.00000,0.60000
0.94320,0.37480,0.00000,0.60000
0.94330,0.37488,0.00000,0.60000
0.94340,0.37497,0.00000,0.60000
0.94350,0.37506,0.00000,0.60000
0.94360,0.37515,0.00000,0.60000
0.94370,0.37523,0.00000,0.60000
0.94380,0.37532,0.00000,0.60000
0.94390,0.37541,0.00000,0.60000
0.94400,0.37549,0.00000,0.60000
0.94410,0.37558,0.00000,0.60000
0.94420,0.37567,0.00000,0.60000
0.94430,0.37575,0.00000,0.60000
0.94440,0.37584,0.00000,0.60000
0.94450,0.37592,0.00000,0.60000
0.94460,0.37601,0.00000,0.60000
0.94470,0.37610,0.00000,0.60000
0.94480,0.37618,0.00000,0.60000
0.94490,0.37627,0.00000,0.60000
0.94500,0.37635,0.00000,0.60000
0.94510,0.37644,0.00000,0.60000
0.94520,0.37652,0.00000,0.60000
0.94530,0.37661,0.00000,0.60000
0.94540,0.37669,0.00000,0.60000
0.94550,0.37678,0.00000,0.60000
0.94560,0.37686,0.00000,0.60000
0.94570,0.37694,0.00000,0.60000
0.94580,0.37703,0.00000,0.60000
0.94590,0.37711,0.00000,0.60000
0.94600,0.37720,0.00000,0.60000
0.94610,0.37728,0.00000,0.60000
0.94620,0.37736,0.00000,0.60000
0.94630,0.37745,0.00000,0.60000
0.94640,0.37753,0.00000,0.60000
0.94650,0.37761,0.00000,0.60000
0.94660,0.37770,0.00000,0.60000
0.94670,0.37778,0.00000,0.60000
0.94680,0.37786,0.00000,0.60000
0.94690,0.37794,0.00000,0.60000
0.94700,0.37803,0.00000,0.60000
0.94710,0.37811,0.00000,0.60000
0.94720,0.37819,0.00000,0.60000
0.94730,0.37827,0.00000,0.60000
0.94740,0.37835,0.00000,0.60000
0.94750,0.37843,0.00000,0.60000
0.94760,0.37852,0.00000,0.60000
0.94770,0.37860,0.00000,0.60000
0.94780,0.37868,0.00000,0.60000
0.94790,0.37876,0.00000,0.60000
0.94800,0.37884,0.00000,0.60000
0.94810,0.37892,0.00000,0.60000
0.94820,0.37900,0.00000,0.60000
0.94830,0.37908,0.00000,0.60000
0.94840,0.37916,0.00000,0.60000
0.94850,0.37924,0.00000,0.60000
0.94860,0.37932,0.00000,0.60000
0.94870,0.37940,0.00000,0.60000
0.94880,0.37948,0.00000,0.60000
0.94890,0.37956,0.00000,0.60000
0.94900,0.37964,0.00000,0.60000
0.94910,0.37972,0.00000,0.60000
0.94920,0.37980,0.00000,0.60000
0.94930,0.37988,0.00000,0.60000
0.94940,0.37995,0.00000,0.60000
0.94950,0.38003,0.00000,0.60000
0.94960,0.38011,0.00000,0.60000
0.94970,0.38019,0.00000,0.60000
0.94980,0.38027,0.00000,0.60000
0.94990,0.38034,0.00000,0.60000
0.95000,0.38042,0.00000,0.60000
0.95010,0.38050,0.00000,0.60000
0.95020,0.38058,0.00000,0.60000
0.95030,0.38065,0.00000,0.60000
0.95040,0.38073,0.00000,0.60000
0.95050,0.38081,0.00000,0.60000
0.95060,0.38089,0.00000,0.60000
0.95070,0.38096,0.00000,0.60000
0.95080,0.38104,0.00000,0.60000
0.95090,0.38112,0.00000,0.60000
0.95100,0.38119,0.00000,0.60000
0.95110,0.38127,0.00000,0.60000
0.95120,0.38134,0.00000,0.60000
0.95130,0.38142,0.00000,0.60000
0.95140,0.38150,0.00000,0.60000
0.95150,0.38157,0.00000,0.60000
0.95160,0.38165,0.00000,0.60000
0.95170,0.38172,0.00000,0.60000
0.95180,0.38180,0.00000,0.60000
0.95190,0.38187,0.00000,0.60000
0.95200,0.38195,0.00000,0.60000
0.95210,0.38202,0.00000,0.60000
0.95220,0.38209,0.00000,0.60000
0.95230,0.38217,0.00000,0.60000
0.95240,0.38224,0.00000,0.60000
0.95250,0.38232,0.00000,0.60000
0.95260,0.38239,0.00000,0.60000
0.95270,0.38246,0.00000,0.60000
0.95280,0.38254,0.00000,0.60000
0.95290,0.38261,0.00000,0.60000
0.95300,0.38268,0.00000,0.60000
0.95310,0.38276,0.00000,0.60000
0.95320,0.38283,0.00000,0.60000
0.95330,0.38290,0.00000,0.60000
0.95340,0.38298,0.00000,0.60000
0.95350,0.38305,0.00000,0.60000
0.95360,0.38312,0.00000,0.60000
0.95370,0.38319,0.00000,0.60000
0.95380,0.38327,0.00000,0.60000
0.95390,0.38334,0.00000,0.60000
0.95400,0.38341,0.00000,0.60000
0.95410,0.38348,0.00000,0.60000
0.95420,0.38355,0.00000,0.60000
0.95430,0.38362,0.00000,0.60000
0.95440,0.38369,0.00000,0.60000
0.95450,0.38376,0.00000,0.60000
0.95460,0.38384,0.00000,0.60000
0.95470,0.38391,0.00000,0.60000
0.95480,0.38398,0.00000,0.60000
0.95490,0.38405,0.00000,0.60000
0.95500,0.38412,0.00000,0.60000
0.95510,0.38419,0.00000,0.60000
0.95520,0.38426,0.00000,0.60000
0.95530,0.38433,0.00000,0.60000
0.95540,0.38440,0.00000,0.60000
0.95550,0.38447,0.00000,0.60000
0.95560,0.38454,0.00000,0.60000
0.95570,0.38460,0.00000,0.60000
0.95580,0.38467,0.00000,0.60000
0.95590,0.38474,0.00000,0.60000
0.95600,0.38481,0.00000,0.60000
0.95610,0.38488,0.00000,0.60000
0.95620,0.38495,0.00000,0.60000
0.95630,0.38502,0.00000,0.60000
0.95640,0.38508,0.00000,0.60000
0.95650,0.38515,0.00000,0.60000
0.95660,0.38522,0.00000,0.60000
0.95670,0.38529,0.00000,0.60000
0.95680,0.38536,0.00000,0.60000
0.95690,0.38542,0.00000,0.60000
0.95700,0.38549,0.00000,0.60000
0.95710,0.38556,0.00000,0.60000
0.95720,0.38562,0.00000,0.60000
0.95730,0.38569,0.00000,0.60000
0.95740,0.38576,0.00000,0.60000
0.95750,0.38582,0.00000,0.60000
0.95760,0.38589,0.00000,0.60000
0.95770,0.38596,0.00000,0.60000
0.95780,0.38602,0.00000,0.60000
0.95790,0.38609,0.00000,0.60000
0.95800,0.38615,0.00000,0.60000
0.95810,0.38622,0.00000,0.60000
0.95820,0.38628,0.00000,0.60000
0.95830,0.38635,0.00000,0.60000
0.95840,0.38641,0.00000,0.60000
0.95850,0.38648,0.00000,0.60000
0.95860,0.38654,0.00000,0.60000
0.95870,0.38661,0.00000,0.60000
0.95880,0.38667,0.00000,0.60000
0.95890,0.38674,0.00000,0.60000
0.95900,0.38680,0.00000,0.60000
0.95910,0.38686,0.00000,0.60000
0.95920,0.38693,0.00000,0.60000
0.95930,0.38699,0.00000,0.60000
0.95940,0.38706,0.00000,0.60000
0.95950,0.38712,0.00000,0.60000
0.95960,0.38718,0.00000,0.60000
0.95970,0.38725,0.00000,0.60000
0.95980,0.38731,0.00000,0.60000
0.95990,0.38737,0.00000,0.60000
0.96000,0.38743,0.00000,0.60000
0.96010,0.38750,0.00000,0.60000
0.96020,0.38756,0.00000,0.60000
0.96030,0.38762,0.00000,0.60000
0.96040,0.38768,0.00000,0.60000
0.96050,0.38774,0.00000,0.60000
0.96060,0.38781,0.00000,0.60000
0.96070,0.38787,0.00000,0.60000
0.96080,0.38793,0.00000,0.60000
0.96090,0.38799,0.00000,0.60000
0.96100,0.38805,0.00000,0.60000
0.96110,0.38811,0.00000,0.60000
0.96120,0.38817,0.00000,0.60000
0.96130,0.38823,0.00000,0.60000
0.96140,0.38829,0.00000,0.60000
0.96150,0.38835,0.00000,0.60000
0.96160,0.38841,0.00000,0.60000
0.96170,0.38847,0.00000,0.60000
0.96180,0.38853,0.00000,0.60000
0.96190,0.38859,0.00000,0.60000
0.96200,0.38865,0.00000,0.60000
0.96210,0.38871,0.00000,0.60000
0.96220,0.38877,0.00000,0.60000
0.96230,0.38883,0.00000,0.60000
0.96240,0.38889,0.00000,0.60000
0.96250,0.38895,0.00000,0.60000
0.96260,0.38901,0.00000,0.60000
0.96270,0.38907,0.00000,0.60000
0.96280,0.38912,0.00000,0.60000
0.96290,0.38918,0.00000,0.60000
0.96300,0.38924,0.00000,0.60000
0.96310,0.38930,0.00000,0.60000
0.96320,0.38935,0.00000,0.60000
0.96330,0.38941,0.00000,0.60000
0.96340,0.38947,0.00000,0.60000
0.96350,0.38953,0.00000,0.60000
0.96360,0.38958,0.00000,0.60000
0.96370,0.38964,0.00000,0.60000
0.96380,0.38970,0.00000,0.60000
0.96390,0.38975,0.00000,0.60000
0.96400,0.38981,0.00000,0.60000
0.96410,0.38987,0.00000,0.60000
0.96420,0.38992,0.00000,0.60000
0.96430,0.38998,0.00000,0.60000
0.96440,0.39003,0.00000,0.60000
0.96450,0.39009,0.00000,0.60000
0.96460,0.39015,0.00000,0.60000
0.96470,0.39020,0.00000,0.60000
0.96480,0.39026,0.00000,0.60000
0.96490,0.39031,0.00000,0.60000
0.96500,0.39037,0.00000,0.60000
0.96510,0.39042,0.00000,0.60000
0.96520,0.39048,0.00000,0.60000
0.96530,0.39053,0.00000,0.60000
0.96540,0.39058,0.00000,0.60000
0.96550,0.39064,0.00000,0.60000
0.96560,0.39069,0.00000,0.60000
0.96570,0.39075,0.00000,0.60000
0.96580,0.39080,0.00000,0.60000
0.96590,0.39085,0.00000,0.60000
0.96600,0.39091,0.00000,0.60000
0.96610,0.39096,0.00000,0.60000
0.96620,0.39101,0.00000,0.60000
0.96630,0.39107,0.00000,0.60000
0.96640,0.39112,0.00000,0.60000
0.96650,0.39117,0.00000,0.60000
0.96660,0.39122,0.00000,0.60000
0.96670,0.39128,0.00000,0.60000
0.96680,0.39133,0.00000,0.60000
0.96690,0.39138,0.00000,0.60000
0.96700,0.39143,0.00000,0.60000
0.96710,0.39148,0.00000,0.60000
0.96720,0.39154,0.00000,0.60000
0.96730,0.39159,0.00000,0.60000
0.96740,0.39164,0.00000,0.60000
0.96750,0.39169,0.00000,0.60000
0.96760,0.39174,0.00000,0.60000
0.96770,0.39179,0.00000,0.60000
0.96780,0.39184,0.00000,0.60000
0.96790,0.39189,0.00000,0.60000
0.96800,0.39194,0.00000,0.60000
0.96810,0.39199,0.00000,0.60000
0.96820,0.39204,0.00000,0.60000
0.96830,0.39209,0.00000,0.60000
0.96840,0.39214,0.00000,0.60000
0.96850,0.39219,0.00000,0.60000
0.96860,0.39224,0.00000,0.60000
0.96870,0.39229,0.00000,0.60000
0.96880,0.39234,0.00000,0.60000
0.96890,0.39239,0.00000,0.60000
0.96900,0.39244,0.00000,0.60000
0.96910,0.39248,0.00000,0.60000
0.96920,0.39253,0.00000,0.60000
0.96930,0.39258,0.00000,0.60000
0.96940,0.39263,0.00000,0.60000
0.96950,0.39268,0.00000,0.60000
0.96960,0.39273,0.00000,0.60000
0.96970,0.39277,0.00000,0.60000
0.96980,0.39282,0.00000,0.60000
0.96990,0.39287,0.00000,0.60000
0.97000,0.39291,0.00000,0.60000
0.97010,0.39296,0.00000,0.60000
0.97020,0.39301,0.00000,0.60000
0.97030,0.39306,0.00000,0.60000
0.97040,0.39310,0.00000,0.60000
0.97050,0.39315,0.00000,0.60000
0.97060,0.39319,0.00000,0.60000
0.97070,0.39324,0.00000,0.60000
0.97080,0.39329,0.00000,0.60000
0.97090,0.39333,0.00000,0.60000
0.97100,0.39338,0.00000,0.60000
0.97110,0.39342,0.00000,0.60000
0.97120,0.39347,0.00000,0.60000
0.97130,0.39351,0.00000,0.60000
0.97140,0.39356,0.00000,0.60000
0.97150,0.39360,0.00000,0.60000
0.97160,0.39365,0.00000,0.60000
0.97170,0.39369,0.00000,0.60000
0.97180,0.39374,0.00000,0.60000
0.97190,0.39378,0.00000,0.60000
0.97200,0.39383,0.00000,0.60000
0.97210,0.39387,0.00000,0.60000
0.97220,0.39391,0.00000,0.60000
0.97230,0.39396,0.00000,0.60000
0.97240,0.39400,0.00000,0.60000
0.97250,0.39404,0.00000,0.60000
0.97260,0.39409,0.00000,0.60000
0.97270,0.39413,0.00000,0.60000
0.97280,0.39417,0.00000,0.60000
0.97290,0.39422,0.00000,0.60000
0.97300,0.39426,0.00000,0.60000
0.97310,0.39430,0.00000,0.60000
0.97320,0.39434,0.00000,0.60000
0.97330,0.39438,0.00000,0.60000
0.97340,0.39443,0.00000,0.60000
0.97350,0.39447,0.00000,0.60000
0.97360,0.39451,0.00000,0.60000
0.97370,0.39455,0.00000,0.60000
0.97380,0.39459,0.00000,0.60000
0.97390,0.39463,0.00000,0.60000
0.97400,0.39467,0.00000,0.60000
0.97410,0.39472,0.00000,0.60000
0.97420,0.39476,0.00000,0.60000
0.97430,0.39480,0.00000,0.60000
0.97440,0.39484,0.00000,0.60000
0.97450,0.39488,0.00000,0.60000
0.97460,0.39492,0.00000,0.60000
0.97470,0.39496,0.00000,0.60000
0.97480,0.39500,0.00000,0.60000
0.97490,0.39504,0.00000,0.60000
0.97500,0.39508,0.00000,0.60000
0.97510,0.39511,0.00000,0.60000
0.97520,0.39515,0.00000,0.60000
0.97530,0.39519,0.00000,0.60000
0.97540,0.39523,0.00000,0.60000
0.97550,0.39527,0.00000,0.60000
0.97560,0.39531,0.00000,0.60000
0.97570,0.39535,0.00000,0.60000
0.97580,0.39538,0.00000,0.60000
0.97590,0.39542,0.00000,0.60000
0.97600,0.39546,0.00000,0.60000
0.97610,0.39550,0.00000,0.60000
0.97620,0.39554,0.00000,0.60000
0.97630,0.39557,0.00000,0.60000
0.97640,0.39561,0.00000,0.60000
0.97650,0.39565,0.00000,0.60000
0.97660,0.39568,0.00000,0.60000
0.97670,0.39572,0.00000,0.60000
0.97680,0.39576,0.00000,0.60000
0.97690,0.39579,0.00000,0.60000
0.97700,0.39583,0.00000,0.60000
0.97710,0.39587,0.00000,0.60000
0.97720,0.39590,0.00000,0.60000
0.97730,0.39594,0.00000,0.60000
0.97740,0.39597,0.00000,0.60000
0.97750,0.39601,0.00000,0.60000
0.97760,0.39604,0.00000,0.60000
0.97770,0.39608,0.00000,0.60000
0.97780,0.39611,0.00000,0.60000
0.97790,0.39615,0.00000,0.60000
0.97800,0.39618,0.00000,0.60000
0.97810,0.39622,0.00000,0.60000
0.97820,0.39625,0.00000,0.60000
0.97830,0.39629,0.00000,0.60000
0.97840,0.39632,0.00000,0.60000
0.97850,0.39636,0.00000,0.60000
0.97860,0.39639,0.00000,0.60000
0.97870,0.39642,0.00000,0.60000
0.97880,0.39646,0.00000,0.60000
0.97890,0.39649,0.00000,0.60000
0.97900,0.39652,0.00000,0.60000
0.97910,0.39656,0.00000,0.60000
0.97920,0.39659,0.00000,0.60000
0.97930,0.39662,0.00000,0.60000
0.97940,0.39665,0.00000,0.60000
0.97950,0.39669,0.00000,0.60000
0.97960,0.39672,0.00000,0.60000
0.97970,0.39675,0.00000,0.60000
0.97980,0.39678,0.00000,0.60000
0.97990,0.39681,0.00000,0.60000
0.98000,0.39685,0.00000,0.60000
0.98010,0.39688,0.00000,0.60000
0.98020,0.39691,0.00000,0.60000
0.98030,0.39694,0.00000,0.60000
0.98040,0.39697,0.00000,0.60000
0.98050,0.39700,0.00000,0.60000
0.98060,0.39703,0.00000,0.60000
0.98070,0.39706,0.00000,0.60000
0.98080,0.39709,0.00000,0.60000
0.98090,0.39712,0.00000,0.60000
0.98100,0.39715,0.00000,0.60000
0.98110,0.39718,0.00000,0.60000
0.98120,0.39721,0.00000,0.60000
0.98130,0.39724,0.00000,0.60000
0.98140,0.39727,0.00000,0.60000
0.98150,0.39730,0.00000,0.60000
0.98160,0.39733,0.00000,0.60000
0.98170,0.39736,0.00000,0.60000
0.98180,0.39739,0.00000,0.60000
0.98190,0.39742,0.00000,0.60000
0.98200,0.39744,0.00000,0.60000
0.98210,0.39747,0.00000,0.60000
0.98220,0.39750,0.00000,0.60000
0.98230,0.39753,0.00000,0.60000
0.98240,0.39756,0.00000,0.60000
0.98250,0.39758,0.00000,0.60000
0.98260,0.39761,0.00000,0.60000
0.98270,0.39764,0.00000,0.60000
0.98280,0.39767,0.00000,0.60000
0.98290,0.39769,0.00000,0.60000
0.98300,0.39772,0.00000,0.60000
0.98310,0.39775,0.00000,0.60000
0.98320,0.39777,0.00000,0.60000
0.98330,0.39780,0.00000,0.60000
0.98340,0.39783,0.00000,0.60000
0.98350,0.39785,0.00000,0.60000
0.98360,0.39788,0.00000,0.60000
0.98370,0.39790,0.00000,0.60000
0.98380,0.39793,0.00000,0.60000
0.98390,0.39796,0.00000,0.60000
0.98400,0.39798,0.00000,0.60000
0.98410,0.39801,0.00000,0.60000
0.98420,0.39803,0.00000,0.60000
0.98430,0.39806,0.00000,0.60000
0.98440,0.39808,0.00000,0.60000
0.98450,0.39810,0.00000,0.60000
0.98460,0.39813,0.00000,0.60000
0.98470,0.39815,0.00000,0.60000
0.98480,0.39818,0.00000,0.60000
0.98490,0.39820,0.00000,0.60000
0.98500,0.39822,0.00000,0.60000
0.98510,0.39825,0.00000,0.60000
0.98520,0.39827,0.00000,0.60000
0.98530,0.39830,0.00000,0.60000
0.98540,0.39832,0.00000,0.60000
0.98550,0.39834,0.00000,0.60000
0.98560,0.39836,0.00000,0.60000
0.98570,0.39839,0.00000,0.60000
0.98580,0.39841,0.00000,0.60000
0.98590,0.39843,0.00000,0.60000
0.98600,0.39845,0.00000,0.60000
0.98610,0.39848,0.00000,0.60000
0.98620,0.39850,0.00000,0.60000
0.98630,0.39852,0.00000,0.60000
0.98640,0.39854,0.00000,0.60000
0.98650,0.39856,0.00000,0.60000
0.98660,0.39858,0.00000,0.60000
0.98670,0.39860,0.00000,0.60000
0.98680,0.39863,0.00000,0.60000
0.98690,0.39865,0.00000,0.60000
0.98700,0.39867,0.00000,0.60000
0.98710,0.39869,0.00000,0.60000
0.98720,0.39871,0.00000,0.60000
0.98730,0.39873,0.00000,0.60000
0.98740,0.39875,0.00000,0.60000
0.98750,0.39877,0.00000,0.60000
0.98760,0.39879,0.00000,0.60000
0.98770,0.39881,0.00000,0.60000
0.98780,0.39883,0.00000,0.60000
0.98790,0.39884,0.00000,0.60000
0.98800,0.39886,0.00000,0.60000
0.98810,0.39888,0.00000,0.60000
0.98820,0.39890,0.00000,0.60000
0.98830,0.39892,0.00000,0.60000
0.98840,0.39894,0.00000,0.60000
0.98850,0.39896,0.00000,0.60000
0.98860,0.39897,0.00000,0.60000
0.98870,0.39899,0.00000,0.60000
0.98880,0.39901,0.00000,0.60000
0.98890,0.39903,0.00000,0.60000
0.98900,0.39905,0.00000,0.60000
0.98910,0.39906,0.00000,0.60000
0.98920,0.39908,0.00000,0.60000
0.98930,0.39910,0.00000,0.60000
0.98940,0.39911,0.00000,0.60000
0.98950,0.39913,0.00000,0.60000
0.98960,0.39915,0.00000,0.60000
0.98970,0.39916,0.00000,0.60000
0.98980,0.39918,0.00000,0.60000
0.98990,0.39919,0.00000,0.60000
0.99000,0.39921,0.00000,0.60000
0.99010,0.39923,0.00000,0.60000
0.99020,0.39924,0.00000,0.60000
0.99030,0.39926,0.00000,0.60000
0.99040,0.39927,0.00000,0.60000
0.99050,0.39929,0.00000,0.60000
0.99060,0.39930,0.00000,0.60000
0.99070,0.39932,0.00000,0.60000
0.99080,0.39933,0.00000,0.60000
0.99090,0.39935,0.00000,0.60000
0.99100,0.39936,0.00000,0.60000
0.99110,0.39937,0.00000,0.60000
0.99120,0.39939,0.00000,0.60000
0.99130,0.39940,0.00000,0.60000
0.99140,0.39942,0.00000,0.60000
0.99150,0.39943,0.00000,0.60000
0.99160,0.39944,0.00000,0.60000
0.99170,0.39946,0.00000,0.60000
0.99180,0.39947,0.00000,0.60000
0.99190,0.39948,0.00000,0.60000
0.99200,0.39949,0.00000,0.60000
0.99210,0.39951,0.00000,0.60000
0.99220,0.39952,0.00000,0.60000
0.99230,0.39953,0.00000,0.60000
0.99240,0.39954,0.00000,0.60000
0.99250,0.39956,0.00000,0.60000
0.99260,0.39957,0.00000,0.60000
0.99270,0.39958,0.00000,0.60000
0.99280,0.39959,0.00000,0.60000
0.99290,0.39960,0.00000,0.60000
0.99300,0.39961,0.00000,0.60000
0.99310,0.39962,0.00000,0.60000
0.99320,0.39963,0.00000,0.60000
0.99330,0.39965,0.00000,0.60000
0.99340,0.39966,0.00000,0.60000
0.99350,0.39967,0.00000,0.60000
0.99360,0.39968,0.00000,0.60000
0.99370,0.39969,0.00000,0.60000
0.99380,0.39970,0.00000,0.60000
0.99390,0.39971,0.00000,0.60000
0.99400,0.39972,0.00000,0.60000
0.99410,0.39973,0.00000,0.60000
0.99420,0.39973,0.00000,0.60000
0.99430,0.39974,0.00000,0.60000
0.99440,0.39975,0.00000,0.60000
0.99450,0.39976,0.00000,0.60000
0.99460,0.39977,0.00000,0.60000
0.99470,0.39978,0.00000,0.60000
0.99480,0.39979,0.00000,0.60000
0.99490,0.39979,0.00000,0.60000
0.99500,0.39980,0.00000,0.60000
0.99510,0.39981,0.00000,0.60000
0.99520,0.39982,0.00000,0.60000
0.99530,0.39983,0.00000,0.60000
0.99540,0.39983,0.00000,0.60000
0.99550,0.39984,0.00000,0.60000
0.99560,0.39985,0.00000,0.60000
0.99570,0.39985,0.00000,0.60000
0.99580,0.39986,0.00000,0.60000
0.99590,0.39987,0.00000,0.60000
0.99600,0.39987,0.00000,0.60000
0.99610,0.39988,0.00000,0.60000
0.99620,0.39989,0.00000,0.60000
0.99630,0.39989,0.00000,0.60000
0.99640,0.39990,0.00000,0.60000
0.99650,0.39990,0.00000,0.60000
0.99660,0.39991,0.00000,0.60000
0.99670,0.39991,0.00000,0.60000
0.99680,0.39992,0.00000,0.60000
0.99690,0.39992,0.00000,0.60000
0.99700,0.39993,0.00000,0.60000
0.99710,0.39993,0.00000,0.60000
0.99720,0.39994,0.00000,0.60000
0.99730,0.39994,0.00000,0.60000
0.99740,0.39995,0.00000,0.60000
0.99750,0.39995,0.00000,0.60000
0.99760,0.39995,0.00000,0.60000
0.99770,0.39996,0.00000,0.60000
0.99780,0.39996,0.00000,0.60000
0.99790,0.39997,0.00000,0.60000
0.99800,0.39997,0.00000,0.60000
0.99810,0.39997,0.00000,0.60000
0.99820,0.39997,0.00000,0.60000
0.99830,0.39998,0.00000,0.60000
0.99840,0.39998,0.00000,0.60000
0.99850,0.39998,0.00000,0.60000
0.99860,0.39998,0.00000,0.60000
0.99870,0.39999,0.00000,0.60000
0.99880,0.39999,0.00000,0.60000
0.99890,0.39999,0.00000,0.60000
0.99900,0.39999,0.00000,0.60000
0.99910,0.39999,0.00000,0.60000
0.99920,0.39999,0.00000,0.60000
0.99930,0.40000,0.00000,0.60000
0.99940,0.40000,0.00000,0.60000
0.99950,0.40000,0.00000,0.60000
0.99960,0.40000,0.00000,0.60000
0.99970,0.40000,0.00000,0.60000
0.99980,0.40000,0.00000,0.60000
0.99990,0.40000,0.00000,0.60000
1.00000,0.40000,0.00000,0.60000
1.00010,0.40000,0.00000,0.60000
1.00020,0.40000,0.00000,0.60000
1.00030,0.40000,0.00000,0.60000
1.00040,0.40000,0.00000,0.60000
1.00050,0.40000,0.00000,0.60000
1.00060,0.40000,0.00000,0.60000
1.00070,0.40000,0.00000,0.60000
1.00080,0.39999,0.00000,0.60000
1.00090,0.39999,0.00000,0.60000
1.00100,0.39999,0.00000,0.60000
1.00110,0.39999,0.00000,0.60000
1.00120,0.39999,0.00000,0.60000
1.00130,0.39999,0.00000,0.60000
1.00140,0.39998,0.00000,0.60000
1.00150,0.39998,0.00000,0.60000
1.00160,0.39998,0.00000,0.60000
1.00170,0.39998,0.00000,0.60000
1.00180,0.39997,0.00000,0.60000
1.00190,0.39997,0.00000,0.60000
1.00200,0.39997,0.00000,0.60000
1.00210,0.39997,0.00000,0.60000
1.00220,0.39996,0.00000,0.60000
1.00230,0.39996,0.00000,0.60000
1.00240,0.39995,0.00000,0.60000
1.00250,0.39995,0.00000,0.60000
1.00260,0.39995,0.00000,0.60000
1.00270,0.39994,0.00000,0.60000
1.00280,0.39994,0.00000,0.60000
1.00290,0.39993,0.00000,0.60000
1.00300,0.39993,0.00000,0.60000
1.00310,0.39992,0.00000,0.60000
1.00320,0.39992,0.00000,0.60000
1.00330,0.39991,0.00000,0.60000
1.00340,0.39991,0.00000,0.60000
1.00350,0.39990,0.00000,0.60000
1.00360,0.39990,0.00000,0.60000
1.00370,0.39989,0.00000,0.60000
1.00380,0.39989,0.00000,0.60000
1.00390,0.39988,0.00000,0.60000
1.00400,0.39987,0.00000,0.60000
1.00410,0.39987,0.00000,0.60000
1.00420,0.39986,0.00000,0.60000
1.00430,0.39985,0.00000,0.60000
1.00440,0.39985,0.00000,0.60000
1.00450,0.39984,0.00000,0.60000
1.00460,0.39983,0.00000,0.60000
1.00470,0.39983,0.00000,0.60000
1.00480,0.39982,0.00000,0.60000
1.00490,0.39981,0.00000,0.60000
1.00500,0.39980,0.00000,0.60000
1.00510,0.39979,0.00000,0.60000
1.00520,0.39979,0.00000,0.60000
1.00530,0.39978,0.00000,0.60000
1.00540,0.39977,0.00000,0.60000
1.00550,0.39976,0.00000,0.60000
1.00560,0.39975,0.00000,0.60000
1.00570,0.39974,0.00000,0.60000
1.00580,0.39973,0.00000,0.60000
1.00590,0.39973,0.00000,0.60000
1.00600,0.39972,0.00000,0.60000
1.00610,0.39971,0.00000,0.60000
1.00620,0.39970,0.00000,0.60000
1.00630,0.39969,0.00000,0.60000
1.00640,0.39968,0.00000,0.60000
1.00650,0.39967,0.00000,0.60000
1.00660,0.39966,0.00000,0.60000
1.00670,0.39965,0.00000,0.60000
1.00680,0.39963,0.00000,0.60000
1.00690,0.39962,0.00000,0.60000
1.00700,0.39961,0.00000,0.60000
1.00710,0.39960,0.00000,0.60000
1.00720,0.39959,0.00000,0.60000
1.00730,0.39958,0.00000,0.60000
1.00740,0.39957,0.00000,0.60000
1.00750,0.39956,0.00000,0.60000
1.00760,0.39954,0.00000,0.60000
1.00770,0.39953,0.00000,0.60000
1.00780,0.39952,0.00000,0.60000
1.00790,0.39951,0.00000,0.60000
1.00800,0.39949,0.00000,0.60000
1.00810,0.39948,0.00000,0.60000
1.00820,0.39947,0.00000,0.60000
1.00830,0.39946,0.00000,0.60000
1.00840,0.39944,0.00000,0.60000
1.00850,0.39943,0.00000,0.60000
1.00860,0.39942,0.00000,0.60000
1.00870,0.39940,0.00000,0.60000
1.00880,0.39939,0.00000,0.60000
1.00890,0.39937,0.00000,0.60000
1.00900,0.39936,0.00000,0.60000
1.00910,0.39935,0.00000,0.60000
1.00920,0.39933,0.00000,0.60000
1.00930,0.39932,0.00000,0.60000
1.00940,0.39930,0.00000,0.60000
1.00950,0.39929,0.00000,0.60000
1.00960,0.39927,0.00000,0.60000
1.00970,0.39926,0.00000,0.60000
1.00980,0.39924,0.00000,0.60000
1.00990,0.39923,0.00000,0.60000
1.01000,0.39921,0.00000,0.60000
1.01010,0.39919,0.00000,0.60000
1.01020,0.39918,0.00000,0.60000
1.01030,0.39916,0.00000,0.60000
1.01040,0.39915,0.00000,0.60000
1.01050,0.39913,0.00000,0.60000
1.01060,0.39911,0.00000,0.60000
1.01070,0.39910,0.00000,0.60000
1.01080,0.39908,0.00000,0.60000
1.01090,0.39906,0.00000,0.60000
1.01100,0.39905,0.00000,0.60000
1.01110,0.39903,0.00000,0.60000
1.01120,0.39901,0.00000,0.60000
1.01130,0.39899,0.00000,0.60000
1.01140,0.39897,0.00000,0.60000
1.01150,0.39896,0.00000,0.60000
1.01160,0.39894,0.00000,0.60000
1.01170,0.39892,0.00000,0.60000
1.01180,0.39890,0.00000,0.60000
1.01190,0.39888,0.00000,0.60000
1.01200,0.39886,0.00000,0.60000
1.01210,0.39884,0.00000,0.60000
1.01220,0.39883,0.00000,0.60000
1.01230,0.39881,0.00000,0.60000
1.01240,0.39879,0.00000,0.60000
1.01250,0.39877,0.00000,0.60000
1.01260,0.39875,0.00000,0.60000
1.01270,0.39873,0.00000,0.60000
1.01280,0.39871,0.00000,0.60000
1.01290,0.39869,0.00000,0.60000
1.01300,0.39867,0.00000,0.60000
1.01310,0.39865,0.00000,0.60000
1.01320,0.39863,0.00000,0.60000
1.01330,0.39860,0.00000,0.60000
1.01340,0.39858,0.00000,0.60000
1.01350,0.39856,0.00000,0.60000
1.01360,0.39854,0.00000,0.60000
1.01370,0.39852,0.00000,0.60000
1.01380,0.39850,0.00000,0.60000
1.01390,0.39848,0.00000,0.60000
1.01400,0.39845,0.00000,0.60000
1.01410,0.39843,0.00000,0.60000
1.01420,0.39841,0.00000,0.60000
1.01430,0.39839,0.00000,0.60000
1.01440,0.39836,0.00000,0.60000
1.01450,0.39834,0.00000,0.60000
1.01460,0.39832,0.00000,0.60000
1.01470,0.39830,0.00000,0.60000
1.01480,0.39827,0.00000,0.60000
1.01490,0.39825,0.00000,0.60000
1.01500,0.39822,0.00000,0.60000
1.01510,0.39820,0.00000,0.60000
1.01520,0.39818,0.00000,0.60000
1.01530,0.39815,0.00000,0.60000
1.01540,0.39813,0.00000,0.60000
1.01550,0.39810,0.00000,0.60000
1.01560,0.39808,0.00000,0.60000
1.01570,0.39806,0.00000,0.60000
1.01580,0.39803,0.00000,0.60000
1.01590,0.39801,0.00000,0.60000
1.01600,0.39798,0.00000,0.60000
1.01610,0.39796,0.00000,0.60000
1.01620,0.39793,0.00000,0.60000
1.01630,0.39790,0.00000,0.60000
1.01640,0.39788,0.00000,0.60000
1.01650,0.39785,0.00000,0.60000
1.01660,0.39783,0.00000,0.60000
1.01670,0.39780,0.00000,0.60000
1.01680,0.39777,0.00000,0.60000
1.01690,0.39775,0.00000,0.60000
1.01700,0.39772,0.00000,0.60000
1.01710,0.39769,0.00000,0.60000
1.01720,0.39767,0.00000,0.60000
1.01730,0.39764,0.00000,0.60000
1.01740,0.39761,0.00000,0.60000
1.01750,0.39758,0.00000,0.60000
1.01760,0.39756,0.00000,0.60000
1.01770,0.39753,0.00000,0.60000
1.01780,0.39750,0.00000,0.60000
1.01790,0.39747,0.00000,0.60000
1.01800,0.39744,0.00000,0.60000
1.01810,0.39742,0.00000,0.60000
1.01820,0.39739,0.00000,0.60000
1.01830,0.39736,0.00000,0.60000
1.01840,0.39733,0.00000,0.60000
1.01850,0.39730,0.00000,0.60000
1.01860,0.39727,0.00000,0.60000
1.01870,0.39724,0.00000,0.60000
1.01880,0.39721,0.00000,0.60000
1.01890,0.39718,0.00000,0.60000
1.01900,0.39715,0.00000,0.60000
1.01910,0.39712,0.00000,0.60000
1.01920,0.39709,0.00000,0.60000
1.01930,0.39706,0.00000,0.60000
1.01940,0.39703,0.00000,0.60000
1.01950,0.39700,0.00000,0.60000
1.01960,0.39697,0.00000,0.60000
1.01970,0.39694,0.00000,0.60000
1.01980,0.39691,0.00000,0.60000
1.01990,0.39688,0.00000,0.60000
1.02000,0.39685,0.00000,0.60000
1.02010,0.39681,0.00000,0.60000
1.02020,0.39678,0.00000,0.60000
1.02030,0.39675,0.00000,0.60000
1.02040,0.39672,0.00000,0.60000
1.02050,0.39669,0.00000,0.60000
1.02060,0.39665,0.00000,0.60000
1.02070,0.39662,0.00000,0.60000
1.02080,0.39659,0.00000,0.60000
1.02090,0.39656,0.00000,0.60000
1.02100,0.39652,0.00000,0.60000
1.02110,0.39649,0.00000,0.60000
1.02120,0.39646,0.00000,0.60000
1.02130,0.39642,0.00000,0.60000
1.02140,0.39639,0.00000,0.60000
1.02150,0.39636,0.00000,0.60000
1.02160,0.39632,0.00000,0.60000
1.02170,0.39629,0.00000,0.60000
1.02180,0.39625,0.00000,0.60000
1.02190,0.39622,0.00000,0.60000
1.02200,0.39618,0.00000,0.60000
1.02210,0.39615,0.00000,0.60000
1.02220,0.39611,0.00000,0.60000
1.02230,0.39608,0.00000,0.60000
1.02240,0.39604,0.00000,0.60000
1.02250,0.39601,0.00000,0.60000
1.02260,0.39597,0.00000,0.60000
1.02270,0.39594,0.00000,0.60000
1.02280,0.39590,0.00000,0.60000
1.02290,0.39587,0.00000,0.60000
1.02300,0.39583,0.00000,0.60000
1.02310,0.39579,0.00000,0.60000
1.02320,0.39576,0.00000,0.60000
1.02330,0.39572,0.00000,0.60000
1.02340,0.39568,0.00000,0.60000
1.02350,0.39565,0.00000,0.60000
1.02360,0.39561,0.00000,0.60000
1.02370,0.39557,0.00000,0.60000
1.02380,0.39554,0.00000,0.60000
1.02390,0.39550,0.00000,0.60000
1.02400,0.39546,0.00000,0.60000
1.02410,0.39542,0.00000,0.60000
1.02420,0.39538,0.00000,0.60000
1.02430,0.39535,0.00000,0.60000
1.02440,0.39531,0.00000,0.60000
1.02450,0.39527,0.00000,0.60000
1.02460,0.39523,0.00000,0.60000
1.02470,0.39519,0.00000,0.60000
1.02480,0.39515,0.00000,0.60000
1.02490,0.39511,0.00000,0.60000
1.02500,0.39508,0.00000,0.60000
1.02510,0.39504,0.00000,0.60000
1.02520,0.39500,0.00000,0.60000
1.02530,0.39496,0.00000,0.60000
1.02540,0.39492,0.00000,0.60000
1.02550,0.39488,0.00000,0.60000
1.02560,0.39484,0.00000,0.60000
1.02570,0.39480,0.00000,0.60000
1.02580,0.39476,0.00000,0.60000
1.02590,0.39472,0.00000,0.60000
1.02600,0.39467,0.00000,0.60000
1.02610,0.39463,0.00000,0.60000
1.02620,0.39459,0.00000,0.60000
1.02630,0.39455,0.00000,0.60000
1.02640,0.39451,0.00000,0.60000
1.02650,0.39447,0.00000,0.60000
1.02660,0.39443,0.00000,0.60000
1.02670,0.39438,0.00000,0.60000
1.02680,0.39434,0.00000,0.60000
1.02690,0.39430,0.00000,0.60000
1.02700,0.39426,0.00000,0.60000
1.02710,0.39422,0.00000,0.60000
1.02720,0.39417,0.00000,0.60000
1.02730,0.39413,0.00000,0.60000
1.02740,0.39409,0.00000,0.60000
1.02750,0.39404,0.00000,0.60000
1.02760,0.39400,0.00000,0.60000
1.02770,0.39396,0.00000,0.60000
1.02780,0.39391,0.00000,0.60000
1.02790,0.39387,0.00000,0.60000
1.02800,0.39383,0.00000,0.60000
1.02810,0.39378,0.00000,0.60000
1.02820,0.39374,0.00000,0.60000
1.02830,0.39369,0.00000,0.60000
1.02840,0.39365,0.00000,0.60000
1.02850,0.39360,0.00000,0.60000
1.02860,0.39356,0.00000,0.60000
1.02870,0.39351,0.00000,0.60000
1.02880,0.39347,0.00000,0.60000
1.02890,0.39342,0.00000,0.60000
1.02900,0.39338,0.00000,0.60000
1.02910,0.39333,0.00000,0.60000
1.02920,0.39329,0.00000,0.60000
1.02930,0.39324,0.00000,0.60000
1.02940,0.39319,0.00000,0.60000
1.02950,0.39315,0.00000,0.60000
1.02960,0.39310,0.00000,0.60000
1.02970,0.39306,0.00000,0.60000
1.02980,0.39301,0.00000,0.60000
1.02990,0.39296,0.00000,0.60000
1.03000,0.39291,0.00000,0.60000
1.03010,0.39287,0.00000,0.60000
1.03020,0.39282,0.00000,0.60000
1.03030,0.39277,0.00000,0.60000
1.03040,0.39273,0.00000,0.60000
1.03050,0.39268,0.00000,0.60000
1.03060,0.39263,0.00000,0.60000
1.03070,0.39258,0.00000,0.60000
1.03080,0.39253,0.00000,0.60000
1.03090,0.39248,0.00000,0.60000
1.03100,0.39244,0.00000,0.60000
1.03110,0.39239,0.00000,0.60000
1.03120,0.39234,0.00000,0.60000
1.03130,0.39229,0.00000,0.60000
1.03140,0.39224,0.00000,0.60000
1.03150,0.39219,0.00000,0.60000
1.03160,0.39214,0.00000,0.60000
1.03170,0.39209,0.00000,0.60000
1.03180,0.39204,0.00000,0.60000
1.03190,0.39199,0.00000,0.60000
1.03200,0.39194,0.00000,0.60000
1.03210,0.39189,0.00000,0.60000
1.03220,0.39184,0.00000,0.60000
1.03230,0.39179,0.00000,0.60000
1.03240,0.39174,0.00000,0.60000
1.03250,0.39169,0.00000,0.60000
1.03260,0.39164,0.00000,0.60000
1.03270,0.39159,0.00000,0.60000
1.03280,0.39154,0.00000,0.60000
1.03290,0.39148,0.00000,0.60000
1.03300,0.39143,0.00000,0.60000
1.03310,0.39138,0.00000,0.60000
1.03320,0.39133,0.00000,0.60000
1.03330,0.39128,0.00000,0.60000
1.03340,0.39122,0.00000,0.60000
1.03350,0.39117,0.00000,0.60000
1.03360,0.39112,0.00000,0.60000
1.03370,0.39107,0.00000,0.60000
1.03380,0.39101,0.00000,0.60000
1.03390,0.39096,0.00000,0.60000
1.03400,0.39091,0.00000,0.60000
1.03410,0.39085,0.00000,0.60000
1.03420,0.39080,0.00000,0.60000
1.03430,0.39075,0.00000,0.60000
1.03440,0.39069,0.00000,0.60000
1.03450,0.39064,0.00000,0.60000
1.03460,0.39058,0.00000,0.60000
1.03470,0.39053,0.00000,0.60000
1.03480,0.39048,0.00000,0.60000
1.03490,0.39042,0.00000,0.60000
1.03500,0.39037,0.00000,0.60000
1.03510,0.39031,0.00000,0.60000
1.03520,0.39026,0.00000,0.60000
1.03530,0.39020,0.00000,0.60000
1.03540,0.39015,0.00000,0.60000
1.03550,0.39009,0.00000,0.60000
1.03560,0.39003,0.00000,0.60000
1.03570,0.38998,0.00000,0.60000
1.03580,0.38992,0.00000,0.60000
1.03590,0.38987,0.00000,0.60000
1.03600,0.38981,0.00000,0.60000
1.03610,0.38975,0.00000,0.60000
1.03620,0.38970,0.00000,0.60000
1.03630,0.38964,0.00000,0.60000
1.03640,0.38958,0.00000,0.60000
1.03650,0.38953,0.00000,0.60000
1.03660,0.38947,0.00000,0.60000
1.03670,0.38941,0.00000,0.60000
1.03680,0.38935,0.00000,0.60000
1.03690,0.38930,0.00000,0.60000
1.03700,0.38924,0.00000,0.60000
1.03710,0.38918,0.00000,0.60000
1.03720,0.38912,0.00000,0.60000
1.03730,0.38907,0.00000,0.60000
1.03740,0.38901,0.00000,0.60000
1.03750,0.38895,0.00000,0.60000
1.03760,0.38889,0.00000,0.60000
1.03770,0.38883,0.00000,0.60000
1.03780,0.38877,0.00000,0.60000
1.03790,0.38871,0.00000,0.60000
1.03800,0.38865,0.00000,0.60000
1.03810,0.38859,0.00000,0.60000
1.03820,0.38853,0.00000,0.60000
1.03830,0.38847,0.00000,0.60000
1.03840,0.38841,0.00000,0.60000
1.03850,0.38835,0.00000,0.60000
1.03860,0.38829,0.00000,0.60000
1.03870,0.38823,0.00000,0.60000
1.03880,0.38817,0.00000,0.60000
1.03890,0.38811,0.00000,0.60000
1.03900,0.38805,0.00000,0.60000
1.03910,0.38799,0.00000,0.60000
1.03920,0.38793,0.00000,0.60000
1.03930,0.38787,0.00000,0.60000
1.03940,0.38781,0.00000,0.60000
1.03950,0.38774,0.00000,0.60000
1.03960,0.38768,0.00000,0.60000
1.03970,0.38762,0.00000,0.60000
1.03980,0.38756,0.00000,0.60000
1.03990,0.38750,0.00000,0.60000
1.04000,0.38743,0.00000,0.60000
1.04010,0.38737,0.00000,0.60000
1.04020,0.38731,0.00000,0.60000
1.04030,0.38725,0.00000,0.60000
1.04040,0.38718,0.00000,0.60000
1.04050,0.38712,0.00000,0.60000
1.04060,0.38706,0.00000,0.60000
1.04070,0.38699,0.00000,0.60000
1.04080,0.38693,0.00000,0.60000
1.04090,0.38686,0.00000,0.60000
1.04100,0.38680,0.00000,0.60000
1.04110,0.38674,0.00000,0.60000
1.04120,0.38667,0.00000,0.60000
1.04130,0.38661,0.00000,0.60000
1.04140,0.38654,0.00000,0.60000
1.04150,0.38648,0.00000,0.60000
1.04160,0.38641,0.00000,0.60000
1.04170,0.38635,0.00000,0.60000
1.04180,0.38628,0.00000,0.60000
1.04190,0.38622,0.00000,0.60000
1.04200,0.38615,0.00000,0.60000
1.04210,0.38609,0.00000,0.60000
1.04220,0.38602,0.00000,0.60000
1.04230,0.38596,0.00000,0.60000
1.04240,0.38589,0.00000,0.60000
1.04250,0.38582,0.00000,0.60000
1.04260,0.38576,0.00000,0.60000
1.04270,0.38569,0.00000,0.60000
1.04280,0.38562,0.00000,0.60000
1.04290,0.38556,0.00000,0.60000
1.04300,0.38549,0.00000,0.60000
1.04310,0.38542,0.00000,0.60000
1.04320,0.38536,0.00000,0.60000
1.04330,0.38529,0.00000,0.60000
1.04340,0.38522,0.00000,0.60000
1.04350,0.38515,0.00000,0.60000
1.04360,0.38508,0.00000,0.60000
1.04370,0.38502,0.00000,0.60000
1.04380,0.38495,0.00000,0.60000
1.04390,0.38488,0.00000,0.60000
1.04400,0.38481,0.00000,0.60000
1.04410,0.38474,0.00000,0.60000
1.04420,0.38467,0.00000,0.60000
1.04430,0.38460,0.00000,0.60000
1.04440,0.38454,0.00000,0.60000
1.04450,0.38447,0.00000,0.60000
1.04460,0.38440,0.00000,0.60000
1.04470,0.38433,0.00000,0.60000
1.04480,0.38426,0.00000,0.60000
1.04490,0.38419,0.00000,0.60000
1.04500,0.38412,0.00000,0.60000
1.04510,0.38405,0.00000,0.60000
1.04520,0.38398,0.00000,0.60000
1.04530,0.38391,0.00000,0.60000
1.04540,0.38384,0.00000,0.60000
1.04550,0.38376,0.00000,0.60000
1.04560,0.38369,0.00000,0.60000
1.04570,0.38362,0.00000,0.60000
1.04580,0.38355,0.00000,0.60000
1.04590,0.38348,0.00000,0.60000
1.04600,0.38341,0.00000,0.60000
1.04610,0.38334,0.00000,0.60000
1.04620,0.38327,0.00000,0.60000
1.04630,0.38319,0.00000,0.60000
1.04640,0.38312,0.00000,0.60000
1.04650,0.38305,0.00000,0.60000
1.04660,0.38298,0.00000,0.60000
1.04670,0.38290,0.00000,0.60000
1.04680,0.38283,0.00000,0.60000
1.04690,0.38276,0.00000,0.60000
1.04700,0.38268,0.00000,0.60000
1.04710,0.38261,0.00000,0.60000
1.04720,0.38254,0.00000,0.60000
1.04730,0.38246,0.00000,0.60000
1.04740,0.38239,0.00000,0.60000
1.04750,0.38232,0.00000,0.60000
1.04760,0.38224,0.00000,0.60000
1.04770,0.38217,0.00000,0.60000
1.04780,0.38209,0.00000,0.60000
1.04790,0.38202,0.00000,0.60000
1.04800,0.38195,0.00000,0.60000
1.04810,0.38187,0.00000,0.60000
1.04820,0.38180,0.00000,0.60000
1.04830,0.38172,0.00000,0.60000
1.04840,0.38165,0.00000,0.60000
1.04850,0.38157,0.00000,0.60000
1.04860,0.38150,0.00000,0.60000
1.04870,0.38142,0.00000,0.60000
1.04880,0.38134,0.00000,0.60000
1.04890,0.38127,0.00000,0.60000
1.04900,0.38119,0.00000,0.60000
1.04910,0.38112,0.00000,0.60000
1.04920,0.38104,0.00000,0.60000
1.04930,0.38096,0.00000,0.60000
1.04940,0.38089,0.00000,0.60000
1.04950,0.38081,0.00000,0.60000
1.04960,0.38073,0.00000,0.60000
1.04970,0.38065,0.00000,0.60000
1.04980,0.38058,0.00000,0.60000
1.04990,0.38050,0.00000,0.60000
1.05000,0.38042,0.00000,0.60000
1.05010,0.38034,0.00000,0.60000
1.05020,0.38027,0.00000,0.60000
1.05030,0.38019,0.00000,0.60000
1.05040,0.38011,0.00000,0.60000
1.05050,0.38003,0.00000,0.60000
1.05060,0.37995,0.00000,0.60000
1.05070,0.37988,0.00000,0.60000
1.05080,0.37980,0.00000,0.60000
1.05090,0.37972,0.00000,0.60000
1.05100,0.37964,0.00000,0.60000
1.05110,0.37956,0.00000,0.60000
1.05120,0.37948,0.00000,0.60000
1.05130,0.37940,0.00000,0.60000
1.05140,0.37932,0.00000,0.60000
1.05150,0.37924,0.00000,0.60000
1.05160,0.37916,0.00000,0.60000
1.05170,0.37908,0.00000,0.60000
1.05180,0.37900,0.00000,0.60000
1.05190,0.37892,0.00000,0.60000
1.05200,0.37884,0.00000,0.60000
1.05210,0.37876,0.00000,0.60000
1.05220,0.37868,0.00000,0.60000
1.05230,0.37860,0.00000,0.60000
1.05240,0.37852,0.00000,0.60000
1.05250,0.37843,0.00000,0.60000
1.05260,0.37835,0.00000,0.60000
1.05270,0.37827,0.00000,0.60000
1.05280,0.37819,0.00000,0.60000
1.05290,0.37811,0.00000,0.60000
1.05300,0.37803,0.00000,0.60000
1.05310,0.37794,0.00000,0.60000
1.05320,0.37786,0.00000,0.60000
1.05330,0.37778,0.00000,0.60000
1.05340,0.37770,0.00000,0.60000
1.05350,0.37761,0.00000,0.60000
1.05360,0.37753,0.00000,0.60000
1.05370,0.37745,0.00000,0.60000
1.05380,0.37736,0.00000,0.60000
1.05390,0.37728,0.00000,0.60000
1.05400,0.37720,0.00000,0.60000
1.05410,0.37711,0.00000,0.60000
1.05420,0.37703,0.00000,0.60000
1.05430,0.37694,0.00000,0.60000
1.05440,0.37686,0.00000,0.60000
1.05450,0.37678,0.00000,0.60000
1.05460,0.37669,0.00000,0.60000
1.05470,0.37661,0.00000,0.60000
1.05480,0.37652,0.00000,0.60000
1.05490,0.37644,0.00000,0.60000
1.05500,0.37635,0.00000,0.60000
1.05510,0.37627,0.00000,0.60000
1.05520,0.37618,0.00000,0.60000
1.05530,0.37610,0.00000,0.60000
1.05540,0.37601,0.00000,0.60000
1.05550,0.37592,0.00000,0.60000
1.05560,0.37584,0.00000,0.60000
1.05570,0.37575,0.00000,0.60000
1.05580,0.37567,0.00000,0.60000
1.05590,0.37558,0.00000,0.60000
1.05600,0.37549,0.00000,0.60000
1.05610,0.37541,0.00000,0.60000
1.05620,0.37532,0.00000,0.60000
1.05630,0.37523,0.00000,0.60000
1.05640,0.37515,0.00000,0.60000
1.05650,0.37506,0.00000,0.60000
1.05660,0.37497,0.00000,0.60000
1.05670,0.37488,0.00000,0.60000
1.05680,0.37480,0.00000,0.60000
1.05690,0.37471,0.00000,0.60000
1.05700,0.37462,0.00000,0.60000
1.05710,0.37453,0.00000,0.60000
1.05720,0.37444,0.00000,0.60000
1.05730,0.37435,0.00000,0.60000
1.05740,0.37427,0.00000,0.60000
1.05750,0.37418,0.00000,0.60000
1.05760,0.37409,0.00000,0.60000
1.05770,0.37400,0.00000,0.60000
1.05780,0.37391,0.00000,0.60000
1.05790,0.37382,0.00000,0.60000
1.05800,0.37373,0.00000,0.60000
1.05810,0.37364,0.00000,0.60000
1.05820,0.37355,0.00000,0.60000
1.05830,0.37346,0.00000,0.60000
1.05840,0.37337,0.00000,0.60000
1.05850,0.37328,0.00000,0.60000
1.05860,0.37319,0.00000,0.60000
1.05870,0.37310,0.00000,0.60000
1.05880,0.37301,0.00000,0.60000
1.05890,0.37292,0.00000,0.60000
1.05900,0.37283,0.00000,0.60000
1.05910,0.37274,0.00000,0.60000
1.05920,0.37265,0.00000,0.60000
1.05930,0.37255,0.00000,0.60000
1.05940,0.37246,0.00000,0.60000
1.05950,0.37237,0.00000,0.60000
1.05960,0.37228,0.00000,0.60000
1.05970,0.37219,0.00000,0.60000
1.05980,0.37210,0.00000,0.60000
1.05990,0.37200,0.00000,0.60000
1.06000,0.37191,0.00000,0.60000
1.06010,0.37182,0.00000,0.60000
1.06020,0.37173,0.00000,0.60000
1.06030,0.37163,0.00000,0.60000
1.06040,0.37154,0.00000,0.60000
1.06050,0.37145,0.00000,0.60000
1.06060,0.37135,0.00000,0.60000
1.06070,0.37126,0.00000,0.60000
1.06080,0.37117,0.00000,0.60000
1.06090,0.37107,0.00000,0.60000
1.06100,0.37098,0.00000,0.60000
1.06110,0.37088,0.00000,0.60000
1.06120,0.37079,0.00000,0.60000
1.06130,0.37070,0.00000,0.60000
1.06140,0.37060,0.00000,0.60000
1.06150,0.37051,0.00000,0.60000
1.06160,0.37041,0.00000,0.60000
1.06170,0.37032,0.00000,0.60000
1.06180,0.37022,0.00000,0.60000
1.06190,0.37013,0.00000,0.60000
1.06200,0.37003,0.00000,0.60000
1.06210,0.36994,0.00000,0.60000
1.06220,0.36984,0.00000,0.60000
1.06230,0.36974,0.00000,0.60000
1.06240,0.36965,0.00000,0.60000
1.06250,0.36955,0.00000,0.60000
1.06260,0.36946,0.00000,0.60000
1.06270,0.36936,0.00000,0.60000
1.06280,0.36926,0.00000,0.60000
1.06290,0.36917,0.00000,0.60000
1.06300,0.36907,0.00000,0.60000
1.06310,0.36897,0.00000,0.60000
1.06320,0.36887,0.00000,0.60000
1.06330,0.36878,0.00000,0.60000
1.06340,0.36868,0.00000,0.60000
1.06350,0.36858,0.00000,0.60000
1.06360,0.36849,0.00000,0.60000
1.06370,0.36839,0.00000,0.60000
1.06380,0.36829,0.00000,0.60000
1.06390,0.36819,0.00000,0.60000
1.06400,0.36809,0.00000,0.60000
1.06410,0.36799,0.00000,0.60000
1.06420,0.36790,0.00000,0.60000
1.06430,0.36780,0.00000,0.60000
1.06440,0.36770,0.00000,0.60000
1.06450,0.36760,0.00000,0.60000
1.06460,0.36750,0.00000,0.60000
1.06470,0.36740,0.00000,0.60000
1.06480,0.36730,0.00000,0.60000
1.06490,0.36720,0.00000,0.60000
1.06500,0.36710,0.00000,0.60000
1.06510,0.36700,0.00000,0.60000
1.06520,0.36690,0.00000,0.60000
1.06530,0.36680,0.00000,0.60000
1.06540,0.36670,0.00000,0.60000
1.06550,0.36660,0.00000,0.60000
1.06560,0.36650,0.00000,0.60000
1.06570,0.36640,0.00000,0.60000
1.06580,0.36630,0.00000,0.60000
1.06590,0.36620,0.00000,0.60000
1.06600,0.36610,0.00000,0.60000
1.06610,0.36600,0.00000,0.60000
1.06620,0.36589,0.00000,0.60000
1.06630,0.36579,0.00000,0.60000
1.06640,0.36569,0.00000,0.60000
1.06650,0.36559,0.00000,0.60000
1.06660,0.36549,0.00000,0.60000
1.06670,0.36538,0.00000,0.60000
1.06680,0.36528,0.00000,0.60000
1.06690,0.36518,0.00000,0.60000
1.06700,0.36508,0.00000,0.60000
1.06710,0.36497,0.00000,0.60000
1.06720,0.36487,0.00000,0.60000
1.06730,0.36477,0.00000,0.60000
1.06740,0.36466,0.00000,0.60000
1.06750,0.36456,0.00000,0.60000
1.06760,0.36446,0.00000,0.60000
1.06770,0.36435,0.00000,0.60000
1.06780,0.36425,0.00000,0.60000
1.06790,0.36415,0.00000,0.60000
1.06800,0.36404,0.00000,0.60000
1.06810,0.36394,0.00000,0.60000
1.06820,0.36383,0.00000,0.60000
1.06830,0.36373,0.00000,0.60000
1.06840,0.36362,0.00000,0.60000
1.06850,0.36352,0.00000,0.60000
1.06860,0.36341,0.00000,0.60000
1.06870,0.36331,0.00000,0.60000
1.06880,0.36320,0.00000,0.60000
1.06890,0.36310,0.00000,0.60000
1.06900,0.36299,0.00000,0.60000
1.06910,0.36289,0.00000,0.60000
1.06920,0.36278,0.00000,0.60000
1.06930,0.36268,0.00000,0.60000
1.06940,0.36257,0.00000,0.60000
1.06950,0.36246,0.00000,0.60000
1.06960,0.36236,0.00000,0.60000
1.06970,0.36225,0.00000,0.60000
1.06980,0.36214,0.00000,0.60000
1.06990,0.36204,0.00000,0.60000
1.07000,0.36193,0.00000,0.60000
1.07010,0.36182,0.00000,0.60000
1.07020,0.36172,0.00000,0.60000
1.07030,0.36161,0.00000,0.60000
1.07040,0.36150,0.00000,0.60000
1.07050,0.36139,0.00000,0.60000
1.07060,0.36129,0.00000,0.60000
1.07070,0.36118,0.00000,0.60000
1.07080,0.36107,0.00000,0.60000
1.07090,0.36096,0.00000,0.60000
1.07100,0.36085,0.00000,0.60000
1.07110,0.36075,0.00000,0.60000
1.07120,0.36064,0.00000,0.60000
1.07130,0.36053,0.00000,0.60000
1.07140,0.36042,0.00000,0.60000
1.07150,0.36031,0.00000,0.60000
1.07160,0.36020,0.00000,0.60000
1.07170,0.36009,0.00000,0.60000
1.07180,0.35998,0.00000,0.60000
1.07190,0.35987,0.00000,0.60000
1.07200,0.35976,0.00000,0.60000
1.07210,0.35965,0.00000,0.60000
1.07220,0.35954,0.00000,0.60000
1.07230,0.35943,0.00000,0.60000
1.07240,0.35932,0.00000,0.60000
1.07250,0.35921,0.00000,0.60000
1.07260,0.35910,0.00000,0.60000
1.07270,0.35899,0.00000,0.60000
1.07280,0.35888,0.00000,0.60000
1.07290,0.35877,0.00000,0.60000
1.07300,0.35866,0.00000,0.60000
1.07310,0.35855,0.00000,0.60000
1.07320,0.35843,0.00000,0.60000
1.07330,0.35832,0.00000,0.60000
1.07340,0.35821,0.00000,0.60000
1.07350,0.35810,0.00000,0.60000
1.07360,0.35799,0.00000,0.60000
1.07370,0.35787,0.00000,0.60000
1.07380,0.35776,0.00000,0.60000
1.07390,0.35765,0.00000,0.60000
1.07400,0.35754,0.00000,0.60000
1.07410,0.35742,0.00000,0.60000
1.07420,0.35731,0.00000,0.60000
1.07430,0.35720,0.00000,0.60000
1.07440,0.35708,0.00000,0.60000
1.07450,0.35697,0.00000,0.60000
1.07460,0.35686,0.00000,0.60000
1.07470,0.35674,0.00000,0.60000
1.07480,0.35663,0.00000,0.60000
1.07490,0.35652,0.00000,0.60000
1.07500,0.35640,0.00000,0.60000
1.07510,0.35629,0.00000,0.60000
1.07520,0.35617,0.00000,0.60000
1.07530,0.35606,0.00000,0.60000
1.07540,0.35595,0.00000,0.60000
1.07550,0.35583,0.00000,0.60000
1.07560,0.35572,0.00000,0.60000
1.07570,0.35560,0.00000,0.60000
1.07580,0.35549,0.00000,0.60000
1.07590,0.35537,0.00000,0.60000
1.07600,0.35525,0.00000,0.60000
1.07610,0.35514,0.00000,0.60000
1.07620,0.35502,0.00000,0.60000
1.07630,0.35491,0.00000,0.60000
1.07640,0.35479,0.00000,0.60000
1.07650,0.35468,0.00000,0.60000
1.07660,0.35456,0.00000,0.60000
1.07670,0.35444,0.00000,0.60000
1.07680,0.35433,0.00000,0.60000
1.07690,0.35421,0.00000,0.60000
1.07700,0.35409,0.00000,0.60000
1.07710,0.35398,0.00000,0.60000
1.07720,0.35386,0.00000,0.60000
1.07730,0.35374,0.00000,0.60000
1.07740,0.35362,0.00000,0.60000
1.07750,0.35351,0.00000,0.60000
1.07760,0.35339,0.00000,0.60000
1.07770,0.35327,0.00000,0.60000
1.07780,0.35315,0.00000,0.60000
1.07790,0.35303,0.00000,0.60000
1.07800,0.35292,0.00000,0.60000
1.07810,0.35280,0.00000,0.60000
1.07820,0.35268,0.00000,0.60000
1.07830,0.35256,0.00000,0.60000
1.07840,0.35244,0.00000,0.60000
1.07850,0.35232,0.00000,0.60000
1.07860,0.35220,0.00000,0.60000
1.07870,0.35208,0.00000,0.60000
1.07880,0.35197,0.00000,0.60000
1.07890,0.35185,0.00000,0.60000
1.07900,0.35173,0.00000,0.60000
1.07910,0.35161,0.00000,0.60000
1.07920,0.35149,0.00000,0.60000
1.07930,0.35137,0.00000,0.60000
1.07940,0.35125,0.00000,0.60000
1.07950,0.35113,0.00000,0.60000
1.07960,0.35101,0.00000,0.60000
1.07970,0.35089,0.00000,0.60000
1.07980,0.35076,0.00000,0.60000
1.07990,0.35064,0.00000,0.60000
1.08000,0.35052,0.00000,0.60000
1.08010,0.35040,0.00000,0.60000
1.08020,0.35028,0.00000,0.60000
1.08030,0.35016,0.00000,0.60000
1.08040,0.35004,0.00000,0.60000
1.08050,0.34992,0.00000,0.60000
1.08060,0.34979,0.00000,0.60000
1.08070,0.34967,0.00000,0.60000
1.08080,0.34955,0.00000,0.60000
1.08090,0.34943,0.00000,0.60000
1.08100,0.34930,0.00000,0.60000
1.08110,0.34918,0.00000,0.60000
1.08120,0.34906,0.00000,0.60000
1.08130,0.34894,0.00000,0.60000
1.08140,0.34881,0.00000,0.60000
1.08150,0.34869,0.00000,0.60000
1.08160,0.34857,0.00000,0.60000
1.08170,0.34844,0.00000,0.60000
1.08180,0.34832,0.00000,0.60000
1.08190,0.34820,0.00000,0.60000
1.08200,0.34807,0.00000,0.60000
1.08210,0.34795,0.00000,0.60000
1.08220,0.34783,0.00000,0.60000
1.08230,0.34770,0.00000,0.60000
1.08240,0.34758,0.00000,0.60000
1.08250,0.34745,0.00000,0.60000
1.08260,0.34733,0.00000,0.60000
1.08270,0.34720,0.00000,0.60000
1.08280,0.34708,0.00000,0.60000
1.08290,0.34695,0.00000,0.60000
1.08300,0.34683,0.00000,0.60000
1.08310,0.34670,0.00000,0.60000
1.08320,0.34658,0.00000,0.60000
1.08330,0.34645,0.00000,0.60000
1.08340,0.34633,0.00000,0.60000
1.08350,0.34620,0.00000,0.60000
1.08360,0.34607,0.00000,0.60000
1.08370,0.34595,0.00000,0.60000
1.08380,0.34582,0.00000,0.60000
1.08390,0.34570,0.00000,0.60000
1.08400,0.34557,0.00000,0.60000
1.08410,0.34544,0.00000,0.60000
1.08420,0.34532,0.00000,0.60000
1.08430,0.34519,0.00000,0.60000
1.08440,0.34506,0.00000,0.60000
1.08450,0.34493,0.00000,0.60000
1.08460,0.34481,0.00000,0.60000
1.08470,0.34468,0.00000,0.60000
1.08480,0.34455,0.00000,0.60000
1.08490,0.34442,0.00000,0.60000
1.08500,0.34430,0.00000,0.60000
1.08510,0.34417,0.00000,0.60000
1.08520,0.34404,0.00000,0.60000
1.08530,0.34391,0.00000,0.60000
1.08540,0.34378,0.00000,0.60000
1.08550,0.34366,0.00000,0.60000
1.08560,0.34353,0.00000,0.60000
1.08570,0.34340,0.00000,0.60000
1.08580,0.34327,0.00000,0.60000
1.08590,0.34314,0.00000,0.60000
1.08600,0.34301,0.00000,0.60000
1.08610,0.34288,0.00000,0.60000
1.08620,0.34275,0.00000,0.60000
1.08630,0.34262,0.00000,0.60000
1.08640,0.34249,0.00000,0.60000
1.08650,0.34236,0.00000,0.60000
1.08660,0.34223,0.00000,0.60000
1.08670,0.34210,0.00000,0.60000
1.08680,0.34197,0.00000,0.60000
1.08690,0.34184,0.00000,0.60000
1.08700,0.34171,0.00000,0.60000
1.08710,0.34158,0.00000,0.60000
1.08720,0.34145,0.00000,0.60000
1.08730,0.34132,0.00000,0.60000
1.08740,0.34119,0.00000,0.60000
1.08750,0.34106,0.00000,0.60000
1.08760,0.34092,0.00000,0.60000
1.08770,0.34079,0.00000,0.60000
1.08780,0.34066,0.00000,0.60000
1.08790,0.34053,0.00000,0.60000
1.08800,0.34040,0.00000,0.60000
1.08810,0.34027,0.00000,0.60000
1.08820,0.34013,0.00000,0.60000
1.08830,0.34000,0.00000,0.60000
1.08840,0.33987,0.00000,0.60000
1.08850,0.33974,0.00000,0.60000
1.08860,0.33960,0.00000,0.60000
1.08870,0.33947,0.00000,0.60000
1.08880,0.33934,0.00000,0.60000
1.08890,0.33920,0.00000,0.60000
1.08900,0.33907,0.00000,0.60000
1.08910,0.33894,0.00000,0.60000
1.08920,0.33880,0.00000,0.60000
1.08930,0.33867,0.00000,0.60000
1.08940,0.33854,0.00000,0.60000
1.08950,0.33840,0.00000,0.60000
1.08960,0.33827,0.00000,0.60000
1.08970,0.33813,0.00000,0.60000
1.08980,0.33800,0.00000,0.60000
1.08990,0.33787,0.00000,0.60000
1.09000,0.33773,0.00000,0.60000
1.09010,0.33760,0.00000,0.60000
1.09020,0.33746,0.00000,0.60000
1.09030,0.33733,0.00000,0.60000
1.09040,0.33719,0.00000,0.60000
1.09050,0.33706,0.00000,0.60000
1.09060,0.33692,0.00000,0.60000
1.09070,0.33679,0.00000,0.60000
1.09080,0.33665,0.00000,0.60000
1.09090,0.33651,0.00000,0.60000
1.09100,0.33638,0.00000,0.60000
1.09110,0.33624,0.00000,0.60000
1.09120,0.33611,0.00000,0.60000
1.09130,0.33597,0.00000,0.60000
1.09140,0.33583,0.00000,0.60000
1.09150,0.33570,0.00000,0.60000
1.09160,0.33556,0.00000,0.60000
1.09170,0.33542,0.00000,0.60000
1.09180,0.33529,0.00000,0.60000
1.09190,0.33515,0.00000,0.60000
1.09200,0.33501,0.00000,0.60000
1.09210,0.33487,0.00000,0.60000
1.09220,0.33474,0.00000,0.60000
1.09230,0.33460,0.00000,0.60000
1.09240,0.33446,0.00000,0.60000
1.09250,0.33432,0.00000,0.60000
1.09260,0.33418,0.00000,0.60000
1.09270,0.33405,0.00000,0.60000
1.09280,0.33391,0.00000,0.60000
1.09290,0.33377,0.00000,0.60000
1.09300,0.33363,0.00000,0.60000
1.09310,0.33349,0.00000,0.60000
1.09320,0.33335,0.00000,0.60000
1.09330,0.33321,0.00000,0.60000
1.09340,0.33308,0.00000,0.60000
1.09350,0.33294,0.00000,0.60000
1.09360,0.33280,0.00000,0.60000
1.09370,0.33266,0.00000,0.60000
1.09380,0.33252,0.00000,0.60000
1.09390,0.33238,0.00000,0.60000
1.09400,0.33224,0.00000,0.60000
1.09410,0.33210,0.00000,0.60000
1.09420,0.33196,0.00000,0.60000
1.09430,0.33182,0.00000,0.60000
1.09440,0.33168,0.00000,0.60000
1.09450,0.33154,0.00000,0.60000
1.09460,0.33140,0.00000,0.60000
1.09470,0.33126,0.00000,0.60000
1.09480,0.33111,0.00000,0.60000
1.09490,0.33097,0.00000,0.60000
1.09500,0.33083,0.00000,0.60000
1.09510,0.33069,0.00000,0.60000
1.09520,0.33055,0.00000,0.60000
1.09530,0.33041,0.00000,0.60000
1.09540,0.33027,0.00000,0.60000
1.09550,0.33012,0.00000,0.60000
1.09560,0.32998,0.00000,0.60000
1.09570,0.32984,0.00000,0.60000
1.09580,0.32970,0.00000,0.60000
1.09590,0.32956,0.00000,0.60000
1.09600,0.32941,0.00000,0.60000
1.09610,0.32927,0.00000,0.60000
1.09620,0.32913,0.00000,0.60000
1.09630,0.32898,0.00000,0.60000
1.09640,0.32884,0.00000,0.60000
1.09650,0.32870,0.00000,0.60000
1.09660,0.32856,0.00000,0.60000
1.09670,0.32841,0.00000,0.60000
1.09680,0.32827,0.00000,0.60000
1.09690,0.32812,0.00000,0.60000
1.09700,0.32798,0.00000,0.60000
1.09710,0.32784,0.00000,0.60000
1.09720,0.32769,0.00000,0.60000
1.09730,0.32755,0.00000,0.60000
1.09740,0.32740,0.00000,0.60000
1.09750,0.32726,0.00000,0.60000
1.09760,0.32712,0.00000,0.60000
1.09770,0.32697,0.00000,0.60000
1.09780,0.32683,0.00000,0.60000
1.09790,0.32668,0.00000,0.60000
1.09800,0.32654,0.00000,0.60000
1.09810,0.32639,0.00000,0.60000
1.09820,0.32625,0.00000,0.60000
1.09830,0.32610,0.00000,0.60000
1.09840,0.32595,0.00000,0.60000
1.09850,0.32581,0.00000,0.60000
1.09860,0.32566,0.00000,0.60000
1.09870,0.32552,0.00000,0.60000
1.09880,0.32537,0.00000,0.60000
1.09890,0.32522,0.00000,0.60000
1.09900,0.32508,0.00000,0.60000
1.09910,0.32493,0.00000,0.60000
1.09920,0.32478,0.00000,0.60000
1.09930,0.32464,0.00000,0.60000
1.09940,0.32449,0.00000,0.60000
1.09950,0.32434,0.00000,0.60000
1.09960,0.32420,0.00000,0.60000
1.09970,0.32405,0.00000,0.60000
1.09980,0.32390,0.00000,0.60000
1.09990,0.32375,0.00000,0.60000
1.10000,0.32361,0.00000,0.60000
1.10010,0.32346,0.00000,0.60000
1.10020,0.32331,0.00000,0.60000
1.10030,0.32316,0.00000,0.60000
1.10040,0.32301,0.00000,0.60000
1.10050,0.32287,0.00000,0.60000
1.10060,0.32272,0.00000,0.60000
1.10070,0.32257,0.00000,0.60000
1.10080,0.32242,0.00000,0.60000
1.10090,0.32227,0.00000,0.60000
1.10100,0.32212,0.00000,0.60000
1.10110,0.32197,0.00000,0.60000
1.10120,0.32182,0.00000,0.60000
1.10130,0.32168,0.00000,0.60000
1.10140,0.32153,0.00000,0.60000
1.10150,0.32138,0.00000,0.60000
1.10160,0.32123,0.00000,0.60000
1.10170,0.32108,0.00000,0.60000
1.10180,0.32093,0.00000,0.60000
1.10190,0.32078,0.00000,0.60000
1.10200,0.32063,0.00000,0.60000
1.10210,0.32048,0.00000,0.60000
1.10220,0.32033,0.00000,0.60000
1.10230,0.32018,0.00000,0.60000
1.10240,0.32002,0.00000,0.60000
1.10250,0.31987,0.00000,0.60000
1.10260,0.31972,0.00000,0.60000
1.10270,0.31957,0.00000,0.60000
1.10280,0.31942,0.00000,0.60000
1.10290,0.31927,0.00000,0.60000
1.10300,0.31912,0.00000,0.60000
1.10310,0.31897,0.00000,0.60000
1.10320,0.31881,0.00000,0.60000
1.10330,0.31866,0.00000,0.60000
1.10340,0.31851,0.00000,0.60000
1.10350,0.31836,0.00000,0.60000
1.10360,0.31821,0.00000,0.60000
1.10370,0.31805,0.00000,0.60000
1.10380,0.31790,0.00000,0.60000
1.10390,0.31775,0.00000,0.60000
1.10400,0.31760,0.00000,0.60000
1.10410,0.31744,0.00000,0.60000
1.10420,0.31729,0.00000,0.60000
1.10430,0.31714,0.00000,0.60000
1.10440,0.31698,0.00000,0.60000
1.10450,0.31683,0.00000,0.60000
1.10460,0.31668,0.00000,0.60000
1.10470,0.31652,0.00000,0.60000
1.10480,0.31637,0.00000,0.60000
1.10490,0.31622,0.00000,0.60000
1.10500,0.31606,0.00000,0.60000
1.10510,0.31591,0.00000,0.60000
1.10520,0.31575,0.00000,0.60000
1.10530,0.31560,0.00000,0.60000
1.10540,0.31544,0.00000,0.60000
1.10550,0.31529,0.00000,0.60000
1.10560,0.31514,0.00000,0.60000
1.10570,0.31498,0.00000,0.60000
1.10580,0.31483,0.00000,0.60000
1.10590,0.31467,0.00000,0.60000
1.10600,0.31452,0.00000,0.60000
1.10610,0.31436,0.00000,0.60000
1.10620,0.31420,0.00000,0.60000
1.10630,0.31405,0.00000,0.60000
1.10640,0.31389,0.00000,0.60000
1.10650,0.31374,0.00000,0.60000
1.10660,0.31358,0.00000,0.60000
1.10670,0.31343,0.00000,0.60000
1.10680,0.31327,0.00000,0.60000
1.10690,0.31311,0.00000,0.60000
1.10700,0.31296,0.00000,0.60000
1.10710,0.31280,0.00000,0.60000
1.10720,0.31264,0.00000,0.60000
1.10730,0.31249,0.00000,0.60000
1.10740,0.31233,0.00000,0.60000
1.10750,0.31217,0.00000,0.60000
1.10760,0.31201,0.00000,0.60000
1.10770,0.31186,0.00000,0.60000
1.10780,0.31170,0.00000,0.60000
1.10790,0.31154,0.00000,0.60000
1.10800,0.31138,0.00000,0.60000
1.10810,0.31123,0.00000,0.60000
1.10820,0.31107,0.00000,0.60000
1.10830,0.31091,0.00000,0.60000
1.10840,0.31075,0.00000,0.60000
1.10850,0.31059,0.00000,0.60000
1.10860,0.31044,0.00000,0.60000
1.10870,0.31028,0.00000,0.60000
1.10880,0.31012,0.00000,0.60000
1.10890,0.30996,0.00000,0.60000
1.10900,0.30980,0.00000,0.60000
1.10910,0.30964,0.00000,0.60000
1.10920,0.30948,0.00000,0.60000
1.10930,0.30932,0.00000,0.60000
1.10940,0.30916,0.00000,0.60000
1.10950,0.30900,0.00000,0.60000
1.10960,0.30885,0.00000,0.60000
1.10970,0.30869,0.00000,0.60000
1.10980,0.30853,0.00000,0.60000
1.10990,0.30837,0.00000,0.60000
1.11000,0.30821,0.00000,0.60000
1.11010,0.30805,0.00000,0.60000
1.11020,0.30788,0.00000,0.60000
1.11030,0.30772,0.00000,0.60000
1.11040,0.30756,0.00000,0.60000
1.11050,0.30740,0.00000,0.60000
1.11060,0.30724,0.00000,0.60000
1.11070,0.30708,0.00000,0.60000
1.11080,0.30692,0.00000,0.60000
1.11090,0.30676,0.00000,0.60000
1.11100,0.30660,0.00000,0.60000
1.11110,0.30644,0.00000,0.60000
1.11120,0.30627,0.00000,0.60000
1.11130,0.30611,0.00000,0.60000
1.11140,0.30595,0.00000,0.60000
1.11150,0.30579,0.00000,0.60000
1.11160,0.30563,0.00000,0.60000
1.11170,0.30546,0.00000,0.60000
1.11180,0.30530,0.00000,0.60000
1.11190,0.30514,0.00000,0.60000
1.11200,0.30498,0.00000,0.60000
1.11210,0.30481,0.00000,0.60000
1.11220,0.30465,0.00000,0.60000
1.11230,0.30449,0.00000,0.60000
1.11240,0.30433,0.00000,0.60000
1.11250,0.30416,0.00000,0.60000
1.11260,0.30400,0.00000,0.60000
1.11270,0.30384,0.00000,0.60000
1.11280,0.30367,0.00000,0.60000
1.11290,0.30351,0.00000,0.60000
1.11300,0.30334,0.00000,0.60000
1.11310,0.30318,0.00000,0.60000
1.11320,0.30302,0.00000,0.60000
1.11330,0.30285,0.00000,0.60000
1.11340,0.30269,0.00000,0.60000
1.11350,0.30252,0.00000,0.60000
1.11360,0.30236,0.00000,0.60000
1.11370,0.30220,0.00000,0.60000
1.11380,0.30203,0.00000,0.60000
1.11390,0.30187,0.00000,0.60000
1.11400,0.30170,0.00000,0.60000
1.11410,0.30154,0.00000,0.60000
1.11420,0.30137,0.00000,0.60000
1.11430,0.30120,0.00000,0.60000
1.11440,0.30104,0.00000,0.60000
1.11450,0.30087,0.00000,0.60000
1.11460,0.30071,0.00000,0.60000
1.11470,0.30054,0.00000,0.60000
1.11480,0.30038,0.00000,0.60000
1.11490,0.30021,0.00000,0.60000
1.11500,0.30004,0.00000,0.60000
1.11510,0.29988,0.00000,0.60000
1.11520,0.29971,0.00000,0.60000
1.11530,0.29955,0.00000,0.60000
1.11540,0.29938,0.00000,0.60000
1.11550,0.29921,0.00000,0.60000
1.11560,0.29905,0.00000,0.60000
1.11570,0.29888,0.00000,0.60000
1.11580,0.29871,0.00000,0.60000
1.11590,0.29854,0.00000,0.60000
1.11600,0.29838,0.00000,0.60000
1.11610,0.29821,0.00000,0.60000
1.11620,0.29804,0.00000,0.60000
1.11630,0.29787,0.00000,0.60000
1.11640,0.29771,0.00000,0.60000
1.11650,0.29754,0.00000,0.60000
1.11660,0.29737,0.00000,0.60000
1.11670,0.29720,0.00000,0.60000
1.11680,0.29703,0.00000,0.60000
1.11690,0.29687,0.00000,0.60000
1.11700,0.29670,0.00000,0.60000
1.11710,0.29653,0.00000,0.60000
1.11720,0.29636,0.00000,0.60000
1.11730,0.29619,0.00000,0.60000
1.11740,0.29602,0.00000,0.60000
1.11750,0.29585,0.00000,0.60000
1.11760,0.29568,0.00000,0.60000
1.11770,0.29551,0.00000,0.60000
1.11780,0.29534,0.00000,0.60000
1.11790,0.29517,0.00000,0.60000
1.11800,0.29501,0.00000,0.60000
1.11810,0.29484,0.00000,0.60000
1.11820,0.29467,0.00000,0.60000
1.11830,0.29450,0.00000,0.60000
1.11840,0.29433,0.00000,0.60000
1.11850,0.29416,0.00000,0.60000
1.11860,0.29398,0.00000,0.60000
1.11870,0.29381,0.00000,0.60000
1.11880,0.29364,0.00000,0.60000
1.11890,0.29347,0.00000,0.60000
1.11900,0.29330,0.00000,0.60000
1.11910,0.29313,0.00000,0.60000
1.11920,0.29296,0.00000,0.60000
1.11930,0.29279,0.00000,0.60000
1.11940,0.29262,0.00000,0.60000
1.11950,0.29245,0.00000,0.60000
1.11960,0.29227,0.00000,0.60000
1.11970,0.29210,0.00000,0.60000
1.11980,0.29193,0.00000,0.60000
1.11990,0.29176,0.00000,0.60000
1.12000,0.29159,0.00000,0.60000
1.12010,0.29142,0.00000,0.60000
1.12020,0.29124,0.00000,0.60000
1.12030,0.29107,0.00000,0.60000
1.12040,0.29090,0.00000,0.60000
1.12050,0.29073,0.00000,0.60000
1.12060,0.29055,0.00000,0.60000
1.12070,0.29038,0.00000,0.60000
1.12080,0.29021,0.00000,0.60000
1.12090,0.29003,0.00000,0.60000
1.12100,0.28986,0.00000,0.60000
1.12110,0.28969,0.00000,0.60000
1.12120,0.28951,0.00000,0.60000
1.12130,0.28934,0.00000,0.60000
1.12140,0.28917,0.00000,0.60000
1.12150,0.28899,0.00000,0.60000
1.12160,0.28882,0.00000,0.60000
1.12170,0.28865,0.00000,0.60000
1.12180,0.28847,0.00000,0.60000
1.12190,0.28830,0.00000,0.60000
1.12200,0.28812,0.00000,0.60000
1.12210,0.28795,0.00000,0.60000
1.12220,0.28777,0.00000,0.60000
1.12230,0.28760,0.00000,0.60000
1.12240,0.28743,0.00000,0.60000
1.12250,0.28725,0.00000,0.60000
1.12260,0.28708,0.00000,0.60000
1.12270,0.28690,0.00000,0.60000
1.12280,0.28673,0.00000,0.60000
1.12290,0.28655,0.00000,0.60000
1.12300,0.28637,0.00000,0.60000
1.12310,0.28620,0.00000,0.60000
1.12320,0.28602,0.00000,0.60000
1.12330,0.28585,0.00000,0.60000
1.12340,0.28567,0.00000,0.60000
1.12350,0.28550,0.00000,0.60000
1.12360,0.28532,0.00000,0.60000
1.12370,0.28514,0.00000,0.60000
1.12380,0.28497,0.00000,0.60000
1.12390,0.28479,0.00000,0.60000
1.12400,0.28461,0.00000,0.60000
1.12410,0.28444,0.00000,0.60000
1.12420,0.28426,0.00000,0.60000
1.12430,0.28408,0.00000,0.60000
1.12440,0.28391,0.00000,0.60000
1.12450,0.28373,0.00000,0.60000
1.12460,0.28355,0.00000,0.60000
1.12470,0.28338,0.00000,0.60000
1.12480,0.28320,0.00000,0.60000
1.12490,0.28302,0.00000,0.60000
1.12500,0.28284,0.00000,0.60000
1.12510,0.28266,0.00000,0.60000
1.12520,0.28249,0.00000,0.60000
1.12530,0.28231,0.00000,0.60000
1.12540,0.28213,0.00000,0.60000
1.12550,0.28195,0.00000,0.60000
1.12560,0.28177,0.00000,0.60000
1.12570,0.28160,0.00000,0.60000
1.12580,0.28142,0.00000,0.60000
1.12590,0.28124,0.00000,0.60000
1.12600,0.28106,0.00000,0.60000
1.12610,0.28088,0.00000,0.60000
1.12620,0.28070,0.00000,0.60000
1.12630,0.28052,0.00000,0.60000
1.12640,0.28034,0.00000,0.60000
1.12650,0.28016,0.00000,0.60000
1.12660,0.27999,0.00000,0.60000
1.12670,0.27981,0.00000,0.60000
1.12680,0.27963,0.00000,0.60000
1.12690,0.27945,0.00000,0.60000
1.12700,0.27927,0.00000,0.60000
1.12710,0.27909,0.00000,0.60000
1.12720,0.27891,0.00000,0.60000
1.12730,0.27873,0.00000,0.60000
1.12740,0.27855,0.00000,0.60000
1.12750,0.27837,0.00000,0.60000
1.12760,0.27818,0.00000,0.60000
1.12770,0.27800,0.00000,0.60000
1.12780,0.27782,0.00000,0.60000
1.12790,0.27764,0.00000,0.60000
1.12800,0.27746,0.00000,0.60000
1.12810,0.27728,0.00000,0.60000
1.12820,0.27710,0.00000,0.60000
1.12830,0.27692,0.00000,0.60000
1.12840,0.27674,0.00000,0.60000
1.12850,0.27655,0.00000,0.60000
1.12860,0.27637,0.00000,0.60000
1.12870,0.27619,0.00000,0.60000
1.12880,0.27601,0.00000,0.60000
1.12890,0.27583,0.00000,0.60000
1.12900,0.27565,0.00000,0.60000
1.12910,0.27546,0.00000,0.60000
1.12920,0.27528,0.00000,0.60000
1.12930,0.27510,0.00000,0.60000
1.12940,0.27492,0.00000,0.60000
1.12950,0.27473,0.00000,0.60000
1.12960,0.27455,0.00000,0.60000
1.12970,0.27437,0.00000,0.60000
1.12980,0.27419,0.00000,0.60000
1.12990,0.27400,0.00000,0.60000
1.13000,0.27382,0.00000,0.60000
1.13010,0.27364,0.00000,0.60000
1.13020,0.27345,0.00000,0.60000
1.13030,0.27327,0.00000,0.60000
1.13040,0.27309,0.00000,0.60000
1.13050,0.27290,0.00000,0.60000
1.13060,0.27272,0.00000,0.60000
1.13070,0.27253,0.00000,0.60000
1.13080,0.27235,0.00000,0.60000
1.13090,0.27217,0.00000,0.60000
1.13100,0.27198,0.00000,0.60000
1.13110,0.27180,0.00000,0.60000
1.13120,0.27161,0.00000,0.60000
1.13130,0.27143,0.00000,0.60000
1.13140,0.27124,0.00000,0.60000
1.13150,0.27106,0.00000,0.60000
1.13160,0.27087,0.00000,0.60000
1.13170,0.27069,0.00000,0.60000
1.13180,0.27050,0.00000,0.60000
1.13190,0.27032,0.00000,0.60000
1.13200,0.27013,0.00000,0.60000
1.13210,0.26995,0.00000,0.60000
1.13220,0.26976,0.00000,0.60000
1.13230,0.26958,0.00000,0.60000
1.13240,0.26939,0.00000,0.60000
1.13250,0.26921,0.00000,0.60000
1.13260,0.26902,0.00000,0.60000
1.13270,0.26883,0.00000,0.60000
1.13280,0.26865,0.00000,0.60000
1.13290,0.26846,0.00000,0.60000
1.13300,0.26827,0.00000,0.60000
1.13310,0.26809,0.00000,0.60000
1.13320,0.26790,0.00000,0.60000
1.13330,0.26771,0.00000,0.60000
1.13340,0.26753,0.00000,0.60000
1.13350,0.26734,0.00000,0.60000
1.13360,0.26715,0.00000,0.60000
1.13370,0.26697,0.00000,0.60000
1.13380,0.26678,0.00000,0.60000
1.13390,0.26659,0.00000,0.60000
1.13400,0.26640,0.00000,0.60000
1.13410,0.26622,0.00000,0.60000
1.13420,0.26603,0.00000,0.60000
1.13430,0.26584,0.00000,0.60000
1.13440,0.26565,0.00000,0.60000
1.13450,0.26547,0.00000,0.60000
1.13460,0.26528,0.00000,0.60000
1.13470,0.26509,0.00000,0.60000
1.13480,0.26490,0.00000,0.60000
1.13490,0.26471,0.00000,0.60000
1.13500,0.26452,0.00000,0.60000
1.13510,0.26434,0.00000,0.60000
1.13520,0.26415,0.00000,0.60000
1.13530,0.26396,0.00000,0.60000
1.13540,0.26377,0.00000,0.60000
1.13550,0.26358,0.00000,0.60000
1.13560,0.26339,0.00000,0.60000
1.13570,0.26320,0.00000,0.60000
1.13580,0.26301,0.00000,0.60000
1.13590,0.26282,0.00000,0.60000
1.13600,0.26263,0.00000,0.60000
1.13610,0.26244,0.00000,0.60000
1.13620,0.26225,0.00000,0.60000
1.13630,0.26207,0.00000,0.60000
1.13640,0.26188,0.00000,0.60000
1.13650,0.26169,0.00000,0.60000
1.13660,0.26150,0.00000,0.60000
1.13670,0.26130,0.00000,0.60000
1.13680,0.26111,0.00000,0.60000
1.13690,0.26092,0.00000,0.60000
1.13700,0.26073,0.00000,0.60000
1.13710,0.26054,0.00000,0.60000
1.13720,0.26035,0.00000,0.60000
1.13730,0.26016,0.00000,0.60000
1.13740,0.25997,0.00000,0.60000
1.13750,0.25978,0.00000,0.60000
1.13760,0.25959,0.00000,0.60000
1.13770,0.25940,0.00000,0.60000
1.13780,0.25921,0.00000,0.60000
1.13790,0.25901,0.00000,0.60000
1.13800,0.25882,0.00000,0.60000
1.13810,0.25863,0.00000,0.60000
1.13820,0.25844,0.00000,0.60000
1.13830,0.25825,0.00000,0.60000
1.13840,0.25806,0.00000,0.60000
1.13850,0.25786,0.00000,0.60000
1.13860,0.25767,0.00000,0.60000
1.13870,0.25748,0.00000,0.60000
1.13880,0.25729,0.00000,0.60000
1.13890,0.25709,0.00000,0.60000
1.13900,0.25690,0.00000,0.60000
1.13910,0.25671,0.00000,0.60000
1.13920,0.25652,0.00000,0.60000
1.13930,0.25632,0.00000,0.60000
1.13940,0.25613,0.00000,0.60000
1.13950,0.25594,0.00000,0.60000
1.13960,0.25574,0.00000,0.60000
1.13970,0.25555,0.00000,0.60000
1.13980,0.25536,0.00000,0.60000
1.13990,0.25516,0.00000,0.60000
1.14000,0.25497,0.00000,0.60000
1.14010,0.25478,0.00000,0.60000
1.14020,0.25458,0.00000,0.60000
1.14030,0.25439,0.00000,0.60000
1.14040,0.25419,0.00000,0.60000
1.14050,0.25400,0.00000,0.60000
1.14060,0.25381,0.00000,0.60000
1.14070,0.25361,0.00000,0.60000
1.14080,0.25342,0.00000,0.60000
1.14090,0.25322,0.00000,0.60000
1.14100,0.25303,0.00000,0.60000
1.14110,0.25283,0.00000,0.60000
1.14120,0.25264,0.00000,0.60000
1.14130,0.25244,0.00000,0.60000
1.14140,0.25225,0.00000,0.60000
1.14150,0.25205,0.00000,0.60000
1.14160,0.25186,0.00000,0.60000
1.14170,0.25166,0.00000,0.60000
1.14180,0.25147,0.00000,0.60000
1.14190,0.25127,0.00000,0.60000
1.14200,0.25108,0.00000,0.60000
1.14210,0.25088,0.00000,0.60000
1.14220,0.25069,0.00000,0.60000
1.14230,0.25049,0.00000,0.60000
1.14240,0.25029,0.00000,0.60000
1.14250,0.25010,0.00000,0.60000
1.14260,0.24990,0.00000,0.60000
1.14270,0.24970,0.00000,0.60000
1.14280,0.24951,0.00000,0.60000
1.14290,0.24931,0.00000,0.60000
1.14300,0.24912,0.00000,0.60000
1.14310,0.24892,0.00000,0.60000
1.14320,0.24872,0.00000,0.60000
1.14330,0.24852,0.00000,0.60000
1.14340,0.24833,0.00000,0.60000
1.14350,0.24813,0.00000,0.60000
1.14360,0.24793,0.00000,0.60000
1.14370,0.24774,0.00000,0.60000
1.14380,0.24754,0.00000,0.60000
1.14390,0.24734,0.00000,0.60000
1.14400,0.24714,0.00000,0.60000
1.14410,0.24695,0.00000,0.60000
1.14420,0.24675,0.00000,0.60000
1.14430,0.24655,0.00000,0.60000
1.14440,0.24635,0.00000,0.60000
1.14450,0.24615,0.00000,0.60000
1.14460,0.24596,0.00000,0.60000
1.14470,0.24576,0.00000,0.60000
1.14480,0.24556,0.00000,0.60000
1.14490,0.24536,0.00000,0.60000
1.14500,0.24516,0.00000,0.60000
1.14510,0.24496,0.00000,0.60000
1.14520,0.24477,0.00000,0.60000
1.14530,0.24457,0.00000,0.60000
1.14540,0.24437,0.00000,0.60000
1.14550,0.24417,0.00000,0.60000
1.14560,0.24397,0.00000,0.60000
1.14570,0.24377,0.00000,0.60000
1.14580,0.24357,0.00000,0.60000
1.14590,0.24337,0.00000,0.60000
1.14600,0.24317,0.00000,0.60000
1.14610,0.24297,0.00000,0.60000
1.14620,0.24277,0.00000,0.60000
1.14630,0.24257,0.00000,0.60000
1.14640,0.24237,0.00000,0.60000
1.14650,0.24217,0.00000,0.60000
1.14660,0.24197,0.00000,0.60000
1.14670,0.24177,0.00000,0.60000
1.14680,0.24157,0.00000,0.60000
1.14690,0.24137,0.00000,0.60000
1.14700,0.24117,0.00000,0.60000
1.14710,0.24097,0.00000,0.60000
1.14720,0.24077,0.00000,0.60000
1.14730,0.24057,0.00000,0.60000
1.14740,0.24037,0.00000,0.60000
1.14750,0.24017,0.00000,0.60000
1.14760,0.23997,0.00000,0.60000
1.14770,0.23977,0.00000,0.60000
1.14780,0.23956,0.00000,0.60000
1.14790,0.23936,0.00000,0.60000
1.14800,0.23916,0.00000,0.60000
1.14810,0.23896,0.00000,0.60000
1.14820,0.23876,0.00000,0.60000
1.14830,0.23856,0.00000,0.60000
1.14840,0.23836,0.00000,0.60000
1.14850,0.23815,0.00000,0.60000
1.14860,0.23795,0.00000,0.60000
1.14870,0.23775,0.00000,0.60000
1.14880,0.23755,0.00000,0.60000
1.14890,0.23735,0.00000,0.60000
1.14900,0.23714,0.00000,0.60000
1.14910,0.23694,0.00000,0.60000
1.14920,0.23674,0.00000,0.60000
1.14930,0.23654,0.00000,0.60000
1.14940,0.23633,0.00000,0.60000
1.14950,0.23613,0.00000,0.60000
1.14960,0.23593,0.00000,0.60000
1.14970,0.23572,0.00000,0.60000
1.14980,0.23552,0.00000,0.60000
1.14990,0.23532,0.00000,0.60000
1.15000,0.23511,0.00000,0.60000
1.15010,0.23491,0.00000,0.60000
1.15020,0.23471,0.00000,0.60000
1.15030,0.23450,0.00000,0.60000
1.15040,0.23430,0.00000,0.60000
1.15050,0.23410,0.00000,0.60000
1.15060,0.23389,0.00000,0.60000
1.15070,0.23369,0.00000,0.60000
1.15080,0.23348,0.00000,0.60000
1.15090,0.23328,0.00000,0.60000
1.15100,0.23308,0.00000,0.60000
1.15110,0.23287,0.00000,0.60000
1.15120,0.23267,0.00000,0.60000
1.15130,0.23246,0.00000,0.60000
1.15140,0.23226,0.00000,0.60000
1.15150,0.23205,0.00000,0.60000
1.15160,0.23185,0.00000,0.60000
1.15170,0.23164,0.00000,0.60000
1.15180,0.23144,0.00000,0.60000
1.15190,0.23123,0.00000,0.60000
1.15200,0.23103,0.00000,0.60000
1.15210,0.23082,0.00000,0.60000
1.15220,0.23062,0.00000,0.60000
1.15230,0.23041,0.00000,0.60000
1.15240,0.23021,0.00000,0.60000
1.15250,0.23000,0.00000,0.60000
1.15260,0.22980,0.00000,0.60000
1.15270,0.22959,0.00000,0.60000
1.15280,0.22938,0.00000,0.60000
1.15290,0.22918,0.00000,0.60000
1.15300,0.22897,0.00000,0.60000
1.15310,0.22877,0.00000,0.60000
1.15320,0.22856,0.00000,0.60000
1.15330,0.22835,0.00000,0.60000
1.15340,0.22815,0.00000,0.60000
1.15350,0.22794,0.00000,0.60000
1.15360,0.22773,0.00000,0.60000
1.15370,0.22753,0.00000,0.60000
1.15380,0.22732,0.00000,0.60000
1.15390,0.22711,0.00000,0.60000
1.15400,0.22691,0.00000,0.60000
1.15410,0.22670,0.00000,0.60000
1.15420,0.22649,0.00000,0.60000
1.15430,0.22629,0.00000,0.60000
1.15440,0.22608,0.00000,0.60000
1.15450,0.22587,0.00000,0.60000
1.15460,0.22566,0.00000,0.60000
1.15470,0.22546,0.00000,0.60000
1.15480,0.22525,0.00000,0.60000
1.15490,0.22504,0.00000,0.60000
1.15500,0.22483,0.00000,0.60000
1.15510,0.22463,0.00000,0.60000
1.15520,0.22442,0.00000,0.60000
1.15530,0.22421,0.00000,0.60000
1.15540,0.22400,0.00000,0.60000
1.15550,0.22379,0.00000,0.60000
1.15560,0.22358,0.00000,0.60000
1.15570,0.22338,0.00000,0.60000
1.15580,0.22317,0.00000,0.60000
1.15590,0.22296,0.00000,0.60000
1.15600,0.22275,0.00000,0.60000
1.15610,0.22254,0.00000,0.60000
1.15620,0.22233,0.00000,0.60000
1.15630,0.22212,0.00000,0.60000
1.15640,0.22191,0.00000,0.60000
1.15650,0.22171,0.00000,0.60000
1.15660,0.22150,0.00000,0.60000
1.15670,0.22129,0.00000,0.60000
1.15680,0.22108,0.00000,0.60000
1.15690,0.22087,0.00000,0.60000
1.15700,0.22066,0.00000,0.60000
1.15710,0.22045,0.00000,0.60000
1.15720,0.22024,0.00000,0.60000
1.15730,0.22003,0.00000,0.60000
1.15740,0.21982,0.00000,0.60000
1.15750,0.21961,0.00000,0.60000
1.15760,0.21940,0.00000,0.60000
1.15770,0.21919,0.00000,0.60000
1.15780,0.21898,0.00000,0.60000
1.15790,0.21877,0.00000,0.60000
1.15800,0.21856,0.00000,0.60000
1.15810,0.21835,0.00000,0.60000
1.15820,0.21814,0.00000,0.60000
1.15830,0.21793,0.00000,0.60000
1.15840,0.21772,0.00000,0.60000
1.15850,0.21750,0.00000,0.60000
1.15860,0.21729,0.00000,0.60000
1.15870,0.21708,0.00000,0.60000
1.15880,0.21687,0.00000,0.60000
1.15890,0.21666,0.00000,0.60000
1.15900,0.21645,0.00000,0.60000
1.15910,0.21624,0.00000,0.60000
1.15920,0.21603,0.00000,0.60000
1.15930,0.21581,0.00000,0.60000
1.15940,0.21560,0.00000,0.60000
1.15950,0.21539,0.00000,0.60000
1.15960,0.21518,0.00000,0.60000
1.15970,0.21497,0.00000,0.60000
1.15980,0.21475,0.00000,0.60000
1.15990,0.21454,0.00000,0.60000
1.16000,0.21433,0.00000,0.60000
1.16010,0.21412,0.00000,0.60000
1.16020,0.21391,0.00000,0.60000
1.16030,0.21369,0.00000,0.60000
1.16040,0.21348,0.00000,0.60000
1.16050,0.21327,0.00000,0.60000
1.16060,0.21306,0.00000,0.60000
1.16070,0.21284,0.00000,0.60000
1.16080,0.21263,0.00000,0.60000
1.16090,0.21242,0.00000,0.60000
1.16100,0.21220,0.00000,0.60000
1.16110,0.21199,0.00000,0.60000
1.16120,0.21178,0.00000,0.60000
1.16130,0.21156,0.00000,0.60000
1.16140,0.21135,0.00000,0.60000
1.16150,0.21114,0.00000,0.60000
1.16160,0.21092,0.00000,0.60000
1.16170,0.21071,0.00000,0.60000
1.16180,0.21050,0.00000,0.60000
1.16190,0.21028,0.00000,0.60000
1.16200,0.21007,0.00000,0.60000
1.16210,0.20986,0.00000,0.60000
1.16220,0.20964,0.00000,0.60000
1.16230,0.20943,0.00000,0.60000
1.16240,0.20921,0.00000,0.60000
1.16250,0.20900,0.00000,0.60000
1.16260,0.20879,0.00000,0.60000
1.16270,0.20857,0.00000,0.60000
1.16280,0.20836,0.00000,0.60000
1.16290,0.20814,0.00000,0.60000
1.16300,0.20793,0.00000,0.60000
1.16310,0.20771,0.00000,0.60000
1.16320,0.20750,0.00000,0.60000
1.16330,0.20728,0.00000,0.60000
1.16340,0.20707,0.00000,0.60000
1.16350,0.20685,0.00000,0.60000
1.16360,0.20664,0.00000,0.60000
1.16370,0.20642,0.00000,0.60000
1.16380,0.20621,0.00000,0.60000
1.16390,0.20599,0.00000,0.60000
1.16400,0.20578,0.00000,0.60000
1.16410,0.20556,0.00000,0.60000
1.16420,0.20534,0.00000,0.60000
1.16430,0.20513,0.00000,0.60000
1.16440,0.20491,0.00000,0.60000
1.16450,0.20470,0.00000,0.60000
1.16460,0.20448,0.00000,0.60000
1.16470,0.20427,0.00000,0.60000
1.16480,0.20405,0.00000,0.60000
1.16490,0.20383,0.00000,0.60000
1.16500,0.20362,0.00000,0.60000
1.16510,0.20340,0.00000,0.60000
1.16520,0.20318,0.00000,0.60000
1.16530,0.20297,0.00000,0.60000
1.16540,0.20275,0.00000,0.60000
1.16550,0.20253,0.00000,0.60000
1.16560,0.20232,0.00000,0.60000
1.16570,0.20210,0.00000,0.60000
1.16580,0.20188,0.00000,0.60000
1.16590,0.20167,0.00000,0.60000
1.16600,0.20145,0.00000,0.60000
1.16610,0.20123,0.00000,0.60000
1.16620,0.20101,0.00000,0.60000
1.16630,0.20080,0.00000,0.60000
1.16640,0.20058,0.00000,0.60000
1.16650,0.20036,0.00000,0.60000
1.16660,0.20015,0.00000,0.60000
1.16670,0.19993,0.00000,0.60000
1.16680,0.19971,0.00000,0.60000
1.16690,0.19949,0.00000,0.60000
1.16700,0.19927,0.00000,0.60000
1.16710,0.19906,0.00000,0.60000
1.16720,0.19884,0.00000,0.60000
1.16730,0.19862,0.00000,0.60000
1.16740,0.19840,0.00000,0.60000
1.16750,0.19818,0.00000,0.60000
1.16760,0.19797,0.00000,0.60000
1.16770,0.19775,0.00000,0.60000
1.16780,0.19753,0.00000,0.60000
1.16790,0.19731,0.00000,0.60000
1.16800,0.19709,0.00000,0.60000
1.16810,0.19687,0.00000,0.60000
1.16820,0.19665,0.00000,0.60000
1.16830,0.19643,0.00000,0.60000
1.16840,0.19622,0.00000,0.60000
1.16850,0.19600,0.00000,0.60000
1.16860,0.19578,0.00000,0.60000
1.16870,0.19556,0.00000,0.60000
1.16880,0.19534,0.00000,0.60000
1.16890,0.19512,0.00000,0.60000
1.16900,0.19490,0.00000,0.60000
1.16910,0.19468,0.00000,0.60000
1.16920,0.19446,0.00000,0.60000
1.16930,0.19424,0.00000,0.60000
1.16940,0.19402,0.00000,0.60000
1.16950,0.19380,0.00000,0.60000
1.16960,0.19358,0.00000,0.60000
1.16970,0.19336,0.00000,0.60000
1.16980,0.19314,0.00000,0.60000
1.16990,0.19292,0.00000,0.60000
1.17000,0.19270,0.00000,0.60000
1.17010,0.19248,0.00000,0.60000
1.17020,0.19226,0.00000,0.60000
1.17030,0.19204,0.00000,0.60000
1.17040,0.19182,0.00000,0.60000
1.17050,0.19160,0.00000,0.60000
1.17060,0.19138,0.00000,0.60000
1.17070,0.19116,0.00000,0.60000
1.17080,0.19094,0.00000,0.60000
1.17090,0.19072,0.00000,0.60000
1.17100,0.19050,0.00000,0.60000
1.17110,0.19027,0.00000,0.60000
1.17120,0.19005,0.00000,0.60000
1.17130,0.18983,0.00000,0.60000
1.17140,0.18961,0.00000,0.60000
1.17150,0.18939,0.00000,0.60000
1.17160,0.18917,0.00000,0.60000
1.17170,0.18895,0.00000,0.60000
1.17180,0.18872,0.00000,0.60000
1.17190,0.18850,0.00000,0.60000
1.17200,0.18828,0.00000,0.60000
1.17210,0.18806,0.00000,0.60000
1.17220,0.18784,0.00000,0.60000
1.17230,0.18762,0.00000,0.60000
1.17240,0.18739,0.00000,0.60000
1.17250,0.18717,0.00000,0.60000
1.17260,0.18695,0.00000,0.60000
1.17270,0.18673,0.00000,0.60000
1.17280,0.18651,0.00000,0.60000
1.17290,0.18628,0.00000,0.60000
1.17300,0.18606,0.00000,0.60000
1.17310,0.18584,0.00000,0.60000
1.17320,0.18562,0.00000,0.60000
1.17330,0.18539,0.00000,0.60000
1.17340,0.18517,0.00000,0.60000
1.17350,0.18495,0.00000,0.60000
1.17360,0.18472,0.00000,0.60000
1.17370,0.18450,0.00000,0.60000
1.17380,0.18428,0.00000,0.60000
1.17390,0.18406,0.00000,0.60000
1.17400,0.18383,0.00000,0.60000
1.17410,0.18361,0.00000,0.60000
1.17420,0.18339,0.00000,0.60000
1.17430,0.18316,0.00000,0.60000
1.17440,0.18294,0.00000,0.60000
1.17450,0.18271,0.00000,0.60000
1.17460,0.18249,0.00000,0.60000
1.17470,0.18227,0.00000,0.60000
1.17480,0.18204,0.00000,0.60000
1.17490,0.18182,0.00000,0.60000
1.17500,0.18160,0.00000,0.60000
1.17510,0.18137,0.00000,0.60000
1.17520,0.18115,0.00000,0.60000
1.17530,0.18092,0.00000,0.60000
1.17540,0.18070,0.00000,0.60000
1.17550,0.18048,0.00000,0.60000
1.17560,0.18025,0.00000,0.60000
1.17570,0.18003,0.00000,0.60000
1.17580,0.17980,0.00000,0.60000
1.17590,0.17958,0.00000,0.60000
1.17600,0.17935,0.00000,0.60000
1.17610,0.17913,0.00000,0.60000
1.17620,0.17890,0.00000,0.60000
1.17630,0.17868,0.00000,0.60000
1.17640,0.17845,0.00000,0.60000
1.17650,0.17823,0.00000,0.60000
1.17660,0.17800,0.00000,0.60000
1.17670,0.17778,0.00000,0.60000
1.17680,0.17755,0.00000,0.60000
1.17690,0.17733,0.00000,0.60000
1.17700,0.17710,0.00000,0.60000
1.17710,0.17688,0.00000,0.60000
1.17720,0.17665,0.00000,0.60000
1.17730,0.17643,0.00000,0.60000
1.17740,0.17620,0.00000,0.60000
1.17750,0.17598,0.00000,0.60000
1.17760,0.17575,0.00000,0.60000
1.17770,0.17552,0.00000,0.60000
1.17780,0.17530,0.00000,0.60000
1.17790,0.17507,0.00000,0.60000
1.17800,0.17485,0.00000,0.60000
1.17810,0.17462,0.00000,0.60000
1.17820,0.17439,0.00000,0.60000
1.17830,0.17417,0.00000,0.60000
1.17840,0.17394,0.00000,0.60000
1.17850,0.17372,0.00000,0.60000
1.17860,0.17349,0.00000,0.60000
1.17870,0.17326,0.00000,0.60000
1.17880,0.17304,0.00000,0.60000
1.17890,0.17281,0.00000,0.60000
1.17900,0.17258,0.00000,0.60000
1.17910,0.17236,0.00000,0.60000
1.17920,0.17213,0.00000,0.60000
1.17930,0.17190,0.00000,0.60000
1.17940,0.17167,0.00000,0.60000
1.17950,0.17145,0.00000,0.60000
1.17960,0.17122,0.00000,0.60000
1.17970,0.17099,0.00000,0.60000
1.17980,0.17077,0.00000,0.60000
1.17990,0.17054,0.00000,0.60000
1.18000,0.17031,0.00000,0.60000
1.18010,0.17008,0.00000,0.60000
1.18020,0.16986,0.00000,0.60000
1.18030,0.16963,0.00000,0.60000
1.18040,0.16940,0.00000,0.60000
1.18050,0.16917,0.00000,0.60000
1.18060,0.16895,0.00000,0.60000
1.18070,0.16872,0.00000,0.60000
1.18080,0.16849,0.00000,0.60000
1.18090,0.16826,0.00000,0.60000
1.18100,0.16803,0.00000,0.60000
1.18110,0.16781,0.00000,0.60000
1.18120,0.16758,0.00000,0.60000
1.18130,0.16735,0.00000,0.60000
1.18140,0.16712,0.00000,0.60000
1.18150,0.16689,0.00000,0.60000
1.18160,0.16666,0.00000,0.60000
1.18170,0.16644,0.00000,0.60000
1.18180,0.16621,0.00000,0.60000
1.18190,0.16598,0.00000,0.60000
1.18200,0.16575,0.00000,0.60000
1.18210,0.16552,0.00000,0.60000
1.18220,0.16529,0.00000,0.60000
1.18230,0.16506,0.00000,0.60000
1.18240,0.16483,0.00000,0.60000
1.18250,0.16461,0.00000,0.60000
1.18260,0.16438,0.00000,0.60000
1.18270,0.16415,0.00000,0.60000
1.18280,0.16392,0.00000,0.60000
1.18290,0.16369,0.00000,0.60000
1.18300,0.16346,0.00000,0.60000
1.18310,0.16323,0.00000,0.60000
1.18320,0.16300,0.00000,0.60000
1.18330,0.16277,0.00000,0.60000
1.18340,0.16254,0.00000,0.60000
1.18350,0.16231,0.00000,0.60000
1.18360,0.16208,0.00000,0.60000
1.18370,0.16185,0.00000,0.60000
1.18380,0.16162,0.00000,0.60000
1.18390,0.16139,0.00000,0.60000
1.18400,0.16116,0.00000,0.60000
1.18410,0.16093,0.00000,0.60000
1.18420,0.16070,0.00000,0.60000
1.18430,0.16047,0.00000,0.60000
1.18440,0.16024,0.00000,0.60000
1.18450,0.16001,0.00000,0.60000
1.18460,0.15978,0.00000,0.60000
1.18470,0.15955,0.00000,0.60000
1.18480,0.15932,0.00000,0.60000
1.18490,0.15909,0.00000,0.60000
1.18500,0.15886,0.00000,0.60000
1.18510,0.15863,0.00000,0.60000
1.18520,0.15840,0.00000,0.60000
1.18530,0.15817,0.00000,0.60000
1.18540,0.15794,0.00000,0.60000
1.18550,0.15771,0.00000,0.60000
1.18560,0.15747,0.00000,0.60000
1.18570,0.15724,0.00000,0.60000
1.18580,0.15701,0.00000,0.60000
1.18590,0.15678,0.00000,0.60000
1.18600,0.15655,0.00000,0.60000
1.18610,0.15632,0.00000,0.60000
1.18620,0.15609,0.00000,0.60000
1.18630,0.15586,0.00000,0.60000
1.18640,0.15562,0.00000,0.60000
1.18650,0.15539,0.00000,0.60000
1.18660,0.15516,0.00000,0.60000
1.18670,0.15493,0.00000,0.60000
1.18680,0.15470,0.00000,0.60000
1.18690,0.15447,0.00000,0.60000
1.18700,0.15423,0.00000,0.60000
1.18710,0.15400,0.00000,0.60000
1.18720,0.15377,0.00000,0.60000
1.18730,0.15354,0.00000,0.60000
1.18740,0.15331,0.00000,0.60000
1.18750,0.15307,0.00000,0.60000
1.18760,0.15284,0.00000,0.60000
1.18770,0.15261,0.00000,0.60000
1.18780,0.15238,0.00000,0.60000
1.18790,0.15214,0.00000,0.60000
1.18800,0.15191,0.00000,0.60000
1.18810,0.15168,0.00000,0.60000
1.18820,0.15145,0.00000,0.60000
1.18830,0.15121,0.00000,0.60000
1.18840,0.15098,0.00000,0.60000
1.18850,0.15075,0.00000,0.60000
1.18860,0.15052,0.00000,0.60000
1.18870,0.15028,0.00000,0.60000
1.18880,0.15005,0.00000,0.60000
1.18890,0.14982,0.00000,0.60000
1.18900,0.14958,0.00000,0.60000
1.18910,0.14935,0.00000,0.60000
1.18920,0.14912,0.00000,0.60000
1.18930,0.14888,0.00000,0.60000
1.18940,0.14865,0.00000,0.60000
1.18950,0.14842,0.00000,0.60000
1.18960,0.14818,0.00000,0.60000
1.18970,0.14795,0.00000,0.60000
1.18980,0.14772,0.00000,0.60000
1.18990,0.14748,0.00000,0.60000
1.19000,0.14725,0.00000,0.60000
1.19010,0.14702,0.00000,0.60000
1.19020,0.14678,0.00000,0.60000
1.19030,0.14655,0.00000,0.60000
1.19040,0.14631,0.00000,0.60000
1.19050,0.14608,0.00000,0.60000
1.19060,0.14585,0.00000,0.60000
1.19070,0.14561,0.00000,0.60000
1.19080,0.14538,0.00000,0.60000
1.19090,0.14514,0.00000,0.60000
1.19100,0.14491,0.00000,0.60000
1.19110,0.14468,0.00000,0.60000
1.19120,0.14444,0.00000,0.60000
1.19130,0.14421,0.00000,0.60000
1.19140,0.14397,0.00000,0.60000
1.19150,0.14374,0.00000,0.60000
1.19160,0.14350,0.00000,0.60000
1.19170,0.14327,0.00000,0.60000
1.19180,0.14303,0.00000,0.60000
1.19190,0.14280,0.00000,0.60000
1.19200,0.14256,0.00000,0.60000
1.19210,0.14233,0.00000,0.60000
1.19220,0.14209,0.00000,0.60000
1.19230,0.14186,0.00000,0.60000
1.19240,0.14163,0.00000,0.60000
1.19250,0.14139,0.00000,0.60000
1.19260,0.14115,0.00000,0.60000
1.19270,0.14092,0.00000,0.60000
1.19280,0.14068,0.00000,0.60000
1.19290,0.14045,0.00000,0.60000
1.19300,0.14021,0.00000,0.60000
1.19310,0.13998,0.00000,0.60000
1.19320,0.13974,0.00000,0.60000
1.19330,0.13951,0.00000,0.60000
1.19340,0.13927,0.00000,0.60000
1.19350,0.13904,0.00000,0.60000
1.19360,0.13880,0.00000,0.60000
1.19370,0.13856,0.00000,0.60000
1.19380,0.13833,0.00000,0.60000
1.19390,0.13809,0.00000,0.60000
1.19400,0.13786,0.00000,0.60000
1.19410,0.13762,0.00000,0.60000
1.19420,0.13739,0.00000,0.60000
1.19430,0.13715,0.00000,0.60000
1.19440,0.13691,0.00000,0.60000
1.19450,0.13668,0.00000,0.60000
1.19460,0.13644,0.00000,0.60000
1.19470,0.13620,0.00000,0.60000
1.19480,0.13597,0.00000,0.60000
1.19490,0.13573,0.00000,0.60000
1.19500,0.13550,0.00000,0.60000
1.19510,0.13526,0.00000,0.60000
1.19520,0.13502,0.00000,0.60000
1.19530,0.13479,0.00000,0.60000
1.19540,0.13455,0.00000,0.60000
1.19550,0.13431,0.00000,0.60000
1.19560,0.13408,0.00000,0.60000
1.19570,0.13384,0.00000,0.60000
1.19580,0.13360,0.00000,0.60000
1.19590,0.13336,0.00000,0.60000
1.19600,0.13313,0.00000,0.60000
1.19610,0.13289,0.00000,0.60000
1.19620,0.13265,0.00000,0.60000
1.19630,0.13242,0.00000,0.60000
1.19640,0.13218,0.00000,0.60000
1.19650,0.13194,0.00000,0.60000
1.19660,0.13170,0.00000,0.60000
1.19670,0.13147,0.00000,0.60000
1.19680,0.13123,0.00000,0.60000
1.19690,0.13099,0.00000,0.60000
1.19700,0.13076,0.00000,0.60000
1.19710,0.13052,0.00000,0.60000
1.19720,0.13028,0.00000,0.60000
1.19730,0.13004,0.00000,0.60000
1.19740,0.12980,0.00000,0.60000
1.19750,0.12957,0.00000,0.60000
1.19760,0.12933,0.00000,0.60000
1.19770,0.12909,0.00000,0.60000
1.19780,0.12885,0.00000,0.60000
1.19790,0.12862,0.00000,0.60000
1.19800,0.12838,0.00000,0.60000
1.19810,0.12814,0.00000,0.60000
1.19820,0.12790,0.00000,0.60000
1.19830,0.12766,0.00000,0.60000
1.19840,0.12742,0.00000,0.60000
1.19850,0.12719,0.00000,0.60000
1.19860,0.12695,0.00000,0.60000
1.19870,0.12671,0.00000,0.60000
1.19880,0.12647,0.00000,0.60000
1.19890,0.12623,0.00000,0.60000
1.19900,0.12599,0.00000,0.60000
1.19910,0.12576,0.00000,0.60000
1.19920,0.12552,0.00000,0.60000
1.19930,0.12528,0.00000,0.60000
1.19940,0.12504,0.00000,0.60000
1.19950,0.12480,0.00000,0.60000
1.19960,0.12456,0.00000,0.60000
1.19970,0.12432,0.00000,0.60000
1.19980,0.12408,0.00000,0.60000
1.19990,0.12385,0.00000,0.60000
1.20000,0.12361,0.00000,0.60000
1.20010,0.12337,0.00000,0.60000
1.20020,0.12313,0.00000,0.60000
1.20030,0.12289,0.00000,0.60000
1.20040,0.12265,0.00000,0.60000
1.20050,0.12241,0.00000,0.60000
1.20060,0.12217,0.00000,0.60000
1.20070,0.12193,0.00000,0.60000
1.20080,0.12169,0.00000,0.60000
1.20090,0.12145,0.00000,0.60000
1.20100,0.12121,0.00000,0.60000
1.20110,0.12097,0.00000,0.60000
1.20120,0.12073,0.00000,0.60000
1.20130,0.12050,0.00000,0.60000
1.20140,0.12026,0.00000,0.60000
1.20150,0.12002,0.00000,0.60000
1.20160,0.11978,0.00000,0.60000
1.20170,0.11954,0.00000,0.60000
1.20180,0.11930,0.00000,0.60000
1.20190,0.11906,0.00000,0.60000
1.20200,0.11882,0.00000,0.60000
1.20210,0.11858,0.00000,0.60000
1.20220,0.11834,0.00000,0.60000
1.20230,0.11810,0.00000,0.60000
1.20240,0.11786,0.00000,0.60000
1.20250,0.11762,0.00000,0.60000
1.20260,0.11738,0.00000,0.60000
1.20270,0.11714,0.00000,0.60000
1.20280,0.11690,0.00000,0.60000
1.20290,0.11665,0.00000,0.60000
1.20300,0.11641,0.00000,0.60000
1.20310,0.11617,0.00000,0.60000
1.20320,0.11593,0.00000,0.60000
1.20330,0.11569,0.00000,0.60000
1.20340,0.11545,0.00000,0.60000
1.20350,0.11521,0.00000,0.60000
1.20360,0.11497,0.00000,0.60000
1.20370,0.11473,0.00000,0.60000
1.20380,0.11449,0.00000,0.60000
1.20390,0.11425,0.00000,0.60000
1.20400,0.11401,0.00000,0.60000
1.20410,0.11377,0.00000,0.60000
1.20420,0.11353,0.00000,0.60000
1.20430,0.11328,0.00000,0.60000
1.20440,0.11304,0.00000,0.60000
1.20450,0.11280,0.00000,0.60000
1.20460,0.11256,0.00000,0.60000
1.20470,0.11232,0.00000,0.60000
1.20480,0.11208,0.00000,0.60000
1.20490,0.11184,0.00000,0.60000
1.20500,0.11160,0.00000,0.60000
1.20510,0.11136,0.00000,0.60000
1.20520,0.11111,0.00000,0.60000
1.20530,0.11087,0.00000,0.60000
1.20540,0.11063,0.00000,0.60000
1.20550,0.11039,0.00000,0.60000
1.20560,0.11015,0.00000,0.60000
1.20570,0.10991,0.00000,0.60000
1.20580,0.10966,0.00000,0.60000
1.20590,0.10942,0.00000,0.60000
1.20600,0.10918,0.00000,0.60000
1.20610,0.10894,0.00000,0.60000
1.20620,0.10870,0.00000,0.60000
1.20630,0.10846,0.00000,0.60000
1.20640,0.10821,0.00000,0.60000
1.20650,0.10797,0.00000,0.60000
1.20660,0.10773,0.00000,0.60000
1.20670,0.10749,0.00000,0.60000
1.20680,0.10725,0.00000,0.60000
1.20690,0.10700,0.00000,0.60000
1.20700,0.10676,0.00000,0.60000
1.20710,0.10652,0.00000,0.60000
1.20720,0.10628,0.00000,0.60000
1.20730,0.10603,0.00000,0.60000
1.20740,0.10579,0.00000,0.60000
1.20750,0.10555,0.00000,0.60000
1.20760,0.10531,0.00000,0.60000
1.20770,0.10506,0.00000,0.60000
1.20780,0.10482,0.00000,0.60000
1.20790,0.10458,0.00000,0.60000
1.20800,0.10434,0.00000,0.60000
1.20810,0.10409,0.00000,0.60000
1.20820,0.10385,0.00000,0.60000
1.20830,0.10361,0.00000,0.60000
1.20840,0.10337,0.00000,0.60000
1.20850,0.10312,0.00000,0.60000
1.20860,0.10288,0.00000,0.60000
1.20870,0.10264,0.00000,0.60000
1.20880,0.10239,0.00000,0.60000
1.20890,0.10215,0.00000,0.60000
1.20900,0.10191,0.00000,0.60000
1.20910,0.10167,0.00000,0.60000
1.20920,0.10142,0.00000,0.60000
1.20930,0.10118,0.00000,0.60000
1.20940,0.10094,0.00000,0.60000
1.20950,0.10069,0.00000,0.60000
1.20960,0.10045,0.00000,0.60000
1.20970,0.10021,0.00000,0.60000
1.20980,0.09996,0.00000,0.60000
1.20990,0.09972,0.00000,0.60000
1.21000,0.09948,0.00000,0.60000
1.21010,0.09923,0.00000,0.60000
1.21020,0.09899,0.00000,0.60000
1.21030,0.09875,0.00000,0.60000
1.21040,0.09850,0.00000,0.60000
1.21050,0.09826,0.00000,0.60000
1.21060,0.09801,0.00000,0.60000
1.21070,0.09777,0.00000,0.60000
1.21080,0.09753,0.00000,0.60000
1.21090,0.09728,0.00000,0.60000
1.21100,0.09704,0.00000,0.60000
1.21110,0.09680,0.00000,0.60000
1.21120,0.09655,0.00000,0.60000
1.21130,0.09631,0.00000,0.60000
1.21140,0.09606,0.00000,0.60000
1.21150,0.09582,0.00000,0.60000
1.21160,0.09558,0.00000,0.60000
1.21170,0.09533,0.00000,0.60000
1.21180,0.09509,0.00000,0.60000
1.21190,0.09484,0.00000,0.60000
1.21200,0.09460,0.00000,0.60000
1.21210,0.09436,0.00000,0.60000
1.21220,0.09411,0.00000,0.60000
1.21230,0.09387,0.00000,0.60000
1.21240,0.09362,0.00000,0.60000
1.21250,0.09338,0.00000,0.60000
1.21260,0.09313,0.00000,0.60000
1.21270,0.09289,0.00000,0.60000
1.21280,0.09264,0.00000,0.60000
1.21290,0.09240,0.00000,0.60000
1.21300,0.09216,0.00000,0.60000
1.21310,0.09191,0.00000,0.60000
1.21320,0.09167,0.00000,0.60000
1.21330,0.09142,0.00000,0.60000
1.21340,0.09118,0.00000,0.60000
1.21350,0.09093,0.00000,0.60000
1.21360,0.09069,0.00000,0.60000
1.21370,0.09044,0.00000,0.60000
1.21380,0.09020,0.00000,0.60000
1.21390,0.08995,0.00000,0.60000
1.21400,0.08971,0.00000,0.60000
1.21410,0.08946,0.00000,0.60000
1.21420,0.08922,0.00000,0.60000
1.21430,0.08897,0.00000,0.60000
1.21440,0.08873,0.00000,0.60000
1.21450,0.08848,0.00000,0.60000
1.21460,0.08824,0.00000,0.60000
1.21470,0.08799,0.00000,0.60000
1.21480,0.08775,0.00000,0.60000
1.21490,0.08750,0.00000,0.60000
1.21500,0.08726,0.00000,0.60000
1.21510,0.08701,0.00000,0.60000
1.21520,0.08677,0.00000,0.60000
1.21530,0.08652,0.00000,0.60000
1.21540,0.08628,0.00000,0.60000
1.21550,0.08603,0.00000,0.60000
1.21560,0.08579,0.00000,0.60000
1.21570,0.08554,0.00000,0.60000
1.21580,0.08529,0.00000,0.60000
1.21590,0.08505,0.00000,0.60000
1.21600,0.08480,0.00000,0.60000
1.21610,0.08456,0.00000,0.60000
1.21620,0.08431,0.00000,0.60000
1.21630,0.08407,0.00000,0.60000
1.21640,0.08382,0.00000,0.60000
1.21650,0.08357,0.00000,0.60000
1.21660,0.08333,0.00000,0.60000
1.21670,0.08308,0.00000,0.60000
1.21680,0.08284,0.00000,0.60000
1.21690,0.08259,0.00000,0.60000
1.21700,0.08235,0.00000,0.60000
1.21710,0.08210,0.00000,0.60000
1.21720,0.08185,0.00000,0.60000
1.21730,0.08161,0.00000,0.60000
1.21740,0.08136,0.00000,0.60000
1.21750,0.08111,0.00000,0.60000
1.21760,0.08087,0.00000,0.60000
1.21770,0.08062,0.00000,0.60000
1.21780,0.08038,0.00000,0.60000
1.21790,0.08013,0.00000,0.60000
1.21800,0.07988,0.00000,0.60000
1.21810,0.07964,0.00000,0.60000
1.21820,0.07939,0.00000,0.60000
1.21830,0.07915,0.00000,0.60000
1.21840,0.07890,0.00000,0.60000
1.21850,0.07865,0.00000,0.60000
1.21860,0.07841,0.00000,0.60000
1.21870,0.07816,0.00000,0.60000
1.21880,0.07791,0.00000,0.60000
1.21890,0.07767,0.00000,0.60000
1.21900,0.07742,0.00000,0.60000
1.21910,0.07717,0.00000,0.60000
1.21920,0.07693,0.00000,0.60000
1.21930,0.07668,0.00000,0.60000
1.21940,0.07643,0.00000,0.60000
1.21950,0.07619,0.00000,0.60000
1.21960,0.07594,0.00000,0.60000
1.21970,0.07569,0.00000,0.60000
1.21980,0.07545,0.00000,0.60000
1.21990,0.07520,0.00000,0.60000
1.22000,0.07495,0.00000,0.60000
1.22010,0.07471,0.00000,0.60000
1.22020,0.07446,0.00000,0.60000
1.22030,0.07421,0.00000,0.60000
1.22040,0.07396,0.00000,0.60000
1.22050,0.07372,0.00000,0.60000
1.22060,0.07347,0.00000,0.60000
1.22070,0.07322,0.00000,0.60000
1.22080,0.07298,0.00000,0.60000
1.22090,0.07273,0.00000,0.60000
1.22100,0.07248,0.00000,0.60000
1.22110,0.07224,0.00000,0.60000
1.22120,0.07199,0.00000,0.60000
1.22130,0.07174,0.00000,0.60000
1.22140,0.07149,0.00000,0.60000
1.22150,0.07125,0.00000,0.60000
1.22160,0.07100,0.00000,0.60000
1.22170,0.07075,0.00000,0.60000
1.22180,0.07050,0.00000,0.60000
1.22190,0.07026,0.00000,0.60000
1.22200,0.07001,0.00000,0.60000
1.22210,0.06976,0.00000,0.60000
1.22220,0.06951,0.00000,0.60000
1.22230,0.06927,0.00000,0.60000
1.22240,0.06902,0.00000,0.60000
1.22250,0.06877,0.00000,0.60000
1.22260,0.06852,0.00000,0.60000
1.22270,0.06828,0.00000,0.60000
1.22280,0.06803,0.00000,0.60000
1.22290,0.06778,0.00000,0.60000
1.22300,0.06753,0.00000,0.60000
1.22310,0.06729,0.00000,0.60000
1.22320,0.06704,0.00000,0.60000
1.22330,0.06679,0.00000,0.60000
1.22340,0.06654,0.00000,0.60000
1.22350,0.06629,0.00000,0.60000
1.22360,0.06605,0.00000,0.60000
1.22370,0.06580,0.00000,0.60000
1.22380,0.06555,0.00000,0.60000
1.22390,0.06530,0.00000,0.60000
1.22400,0.06505,0.00000,0.60000
1.22410,0.06481,0.00000,0.60000
1.22420,0.06456,0.00000,0.60000
1.22430,0.06431,0.00000,0.60000
1.22440,0.06406,0.00000,0.60000
1.22450,0.06381,0.00000,0.60000
1.22460,0.06357,0.00000,0.60000
1.22470,0.06332,0.00000,0.60000
1.22480,0.06307,0.00000,0.60000
1.22490,0.06282,0.00000,0.60000
1.22500,0.06257,0.00000,0.60000
1.22510,0.06233,0.00000,0.60000
1.22520,0.06208,0.00000,0.60000
1.22530,0.06183,0.00000,0.60000
1.22540,0.06158,0.00000,0.60000
1.22550,0.06133,0.00000,0.60000
1.22560,0.06108,0.00000,0.60000
1.22570,0.06084,0.00000,0.60000
1.22580,0.06059,0.00000,0.60000
1.22590,0.06034,0.00000,0.60000
1.22600,0.06009,0.00000,0.60000
1.22610,0.05984,0.00000,0.60000
1.22620,0.05959,0.00000,0.60000
1.22630,0.05934,0.00000,0.60000
1.22640,0.05910,0.00000,0.60000
1.22650,0.05885,0.00000,0.60000
1.22660,0.05860,0.00000,0.60000
1.22670,0.05835,0.00000,0.60000
1.22680,0.05810,0.00000,0.60000
1.22690,0.05785,0.00000,0.60000
1.22700,0.05760,0.00000,0.60000
1.22710,0.05736,0.00000,0.60000
1.22720,0.05711,0.00000,0.60000
1.22730,0.05686,0.00000,0.60000
1.22740,0.05661,0.00000,0.60000
1.22750,0.05636,0.00000,0.60000
1.22760,0.05611,0.00000,0.60000
1.22770,0.05586,0.00000,0.60000
1.22780,0.05561,0.00000,0.60000
1.22790,0.05537,0.00000,0.60000
1.22800,0.05512,0.00000,0.60000
1.22810,0.05487,0.00000,0.60000
1.22820,0.05462,0.00000,0.60000
1.22830,0.05437,0.00000,0.60000
1.22840,0.05412,0.00000,0.60000
1.22850,0.05387,0.00000,0.60000
1.22860,0.05362,0.00000,0.60000
1.22870,0.05337,0.00000,0.60000
1.22880,0.05312,0.00000,0.60000
1.22890,0.05287,0.00000,0.60000
1.22900,0.05263,0.00000,0.60000
1.22910,0.05238,0.00000,0.60000
1.22920,0.05213,0.00000,0.60000
1.22930,0.05188,0.00000,0.60000
1.22940,0.05163,0.00000,0.60000
1.22950,0.05138,0.00000,0.60000
1.22960,0.05113,0.00000,0.60000
1.22970,0.05088,0.00000,0.60000
1.22980,0.05063,0.00000,0.60000
1.22990,0.05038,0.00000,0.60000
1.23000,0.05013,0.00000,0.60000
1.23010,0.04988,0.00000,0.60000
1.23020,0.04963,0.00000,0.60000
1.23030,0.04939,0.00000,0.60000
1.23040,0.04914,0.00000,0.60000
1.23050,0.04889,0.00000,0.60000
1.23060,0.04864,0.00000,0.60000
1.23070,0.04839,0.00000,0.60000
1.23080,0.04814,0.00000,0.60000
1.23090,0.04789,0.00000,0.60000
1.23100,0.04764,0.00000,0.60000
1.23110,0.04739,0.00000,0.60000
1.23120,0.04714,0.00000,0.60000
1.23130,0.04689,0.00000,0.60000
1.23140,0.04664,0.00000,0.60000
1.23150,0.04639,0.00000,0.60000
1.23160,0.04614,0.00000,0.60000
1.23170,0.04589,0.00000,0.60000
1.23180,0.04564,0.00000,0.60000
1.23190,0.04539,0.00000,0.60000
1.23200,0.04514,0.00000,0.60000
1.23210,0.04489,0.00000,0.60000
1.23220,0.04464,0.00000,0.60000
1.23230,0.04439,0.00000,0.60000
1.23240,0.04414,0.00000,0.60000
1.23250,0.04389,0.00000,0.60000
1.23260,0.04364,0.00000,0.60000
1.23270,0.04339,0.00000,0.60000
1.23280,0.04314,0.00000,0.60000
1.23290,0.04289,0.00000,0.60000
1.23300,0.04264,0.00000,0.60000
1.23310,0.04239,0.00000,0.60000
1.23320,0.04214,0.00000,0.60000
1.23330,0.04189,0.00000,0.60000
1.23340,0.04164,0.00000,0.60000
1.23350,0.04139,0.00000,0.60000
1.23360,0.04114,0.00000,0.60000
1.23370,0.04089,0.00000,0.60000
1.23380,0.04064,0.00000,0.60000
1.23390,0.04039,0.00000,0.60000
1.23400,0.04014,0.00000,0.60000
1.23410,0.03989,0.00000,0.60000
1.23420,0.03964,0.00000,0.60000
1.23430,0.03939,0.00000,0.60000
1.23440,0.03914,0.00000,0.60000
1.23450,0.03889,0.00000,0.60000
1.23460,0.03864,0.00000,0.60000
1.23470,0.03839,0.00000,0.60000
1.23480,0.03814,0.00000,0.60000
1.23490,0.03789,0.00000,0.60000
1.23500,0.03764,0.00000,0.60000
1.23510,0.03739,0.00000,0.60000
1.23520,0.03714,0.00000,0.60000
1.23530,0.03689,0.00000,0.60000
1.23540,0.03664,0.00000,0.60000
1.23550,0.03639,0.00000,0.60000
1.23560,0.03614,0.00000,0.60000
1.23570,0.03589,0.00000,0.60000
1.23580,0.03564,0.00000,0.60000
1.23590,0.03539,0.00000,0.60000
1.23600,0.03514,0.00000,0.60000
1.23610,0.03489,0.00000,0.60000
1.23620,0.03464,0.00000,0.60000
1.23630,0.03439,0.00000,0.60000
1.23640,0.03414,0.00000,0.60000
1.23650,0.03389,0.00000,0.60000
1.23660,0.03364,0.00000,0.60000
1.23670,0.03339,0.00000,0.60000
1.23680,0.03314,0.00000,0.60000
1.23690,0.03289,0.00000,0.60000
1.23700,0.03264,0.00000,0.60000
1.23710,0.03239,0.00000,0.60000
1.23720,0.03214,0.00000,0.60000
1.23730,0.03188,0.00000,0.60000
1.23740,0.03163,0.00000,0.60000
1.23750,0.03138,0.00000,0.60000
1.23760,0.03113,0.00000,0.60000
1.23770,0.03088,0.00000,0.60000
1.23780,0.03063,0.00000,0.60000
1.23790,0.03038,0.00000,0.60000
1.23800,0.03013,0.00000,0.60000
1.23810,0.02988,0.00000,0.60000
1.23820,0.02963,0.00000,0.60000
1.23830,0.02938,0.00000,0.60000
1.23840,0.02913,0.00000,0.60000
1.23850,0.02888,0.00000,0.60000
1.23860,0.02863,0.00000,0.60000
1.23870,0.02838,0.00000,0.60000
1.23880,0.02813,0.00000,0.60000
1.23890,0.02787,0.00000,0.60000
1.23900,0.02762,0.00000,0.60000
1.23910,0.02737,0.00000,0.60000
1.23920,0.02712,0.00000,0.60000
1.23930,0.02687,0.00000,0.60000
1.23940,0.02662,0.00000,0.60000
1.23950,0.02637,0.00000,0.60000
1.23960,0.02612,0.00000,0.60000
1.23970,0.02587,0.00000,0.60000
1.23980,0.02562,0.00000,0.60000
1.23990,0.02537,0.00000,0.60000
1.24000,0.02512,0.00000,0.60000
1.24010,0.02487,0.00000,0.60000
1.24020,0.02461,0.00000,0.60000
1.24030,0.02436,0.00000,0.60000
1.24040,0.02411,0.00000,0.60000
1.24050,0.02386,0.00000,0.60000
1.24060,0.02361,0.00000,0.60000
1.24070,0.02336,0.00000,0.60000
1.24080,0.02311,0.00000,0.60000
1.24090,0.02286,0.00000,0.60000
1.24100,0.02261,0.00000,0.60000
1.24110,0.02236,0.00000,0.60000
1.24120,0.02211,0.00000,0.60000
1.24130,0.02185,0.00000,0.60000
1.24140,0.02160,0.00000,0.60000
1.24150,0.02135,0.00000,0.60000
1.24160,0.02110,0.00000,0.60000
1.24170,0.02085,0.00000,0.60000
1.24180,0.02060,0.00000,0.60000
1.24190,0.02035,0.00000,0.60000
1.24200,0.02010,0.00000,0.60000
1.24210,0.01985,0.00000,0.60000
1.24220,0.01960,0.00000,0.60000
1.24230,0.01934,0.00000,0.60000
1.24240,0.01909,0.00000,0.60000
1.24250,0.01884,0.00000,0.60000
1.24260,0.01859,0.00000,0.60000
1.24270,0.01834,0.00000,0.60000
1.24280,0.01809,0.00000,0.60000
1.24290,0.01784,0.00000,0.60000
1.24300,0.01759,0.00000,0.60000
1.24310,0.01734,0.00000,0.60000
1.24320,0.01709,0.00000,0.60000
1.24330,0.01683,0.00000,0.60000
1.24340,0.01658,0.00000,0.60000
1.24350,0.01633,0.00000,0.60000
1.24360,0.01608,0.00000,0.60000
1.24370,0.01583,0.00000,0.60000
1.24380,0.01558,0.00000,0.60000
1.24390,0.01533,0.00000,0.60000
1.24400,0.01508,0.00000,0.60000
1.24410,0.01482,0.00000,0.60000
1.24420,0.01457,0.00000,0.60000
1.24430,0.01432,0.00000,0.60000
1.24440,0.01407,0.00000,0.60000
1.24450,0.01382,0.00000,0.60000
1.24460,0.01357,0.00000,0.60000
1.24470,0.01332,0.00000,0.60000
1.24480,0.01307,0.00000,0.60000
1.24490,0.01282,0.00000,0.60000
1.24500,0.01256,0.00000,0.60000
1.24510,0.01231,0.00000,0.60000
1.24520,0.01206,0.00000,0.60000
1.24530,0.01181,0.00000,0.60000
1.24540,0.01156,0.00000,0.60000
1.24550,0.01131,0.00000,0.60000
1.24560,0.01106,0.00000,0.60000
1.24570,0.01081,0.00000,0.60000
1.24580,0.01055,0.00000,0.60000
1.24590,0.01030,0.00000,0.60000
1.24600,0.01005,0.00000,0.60000
1.24610,0.00980,0.00000,0.60000
1.24620,0.00955,0.00000,0.60000
1.24630,0.00930,0.00000,0.60000
1.24640,0.00905,0.00000,0.60000
1.24650,0.00880,0.00000,0.60000
1.24660,0.00854,0.00000,0.60000
1.24670,0.00829,0.00000,0.60000
1.24680,0.00804,0.00000,0.60000
1.24690,0.00779,0.00000,0.60000
1.24700,0.00754,0.00000,0.60000
1.24710,0.00729,0.00000,0.60000
1.24720,0.00704,0.00000,0.60000
1.24730,0.00679,0.00000,0.60000
1.24740,0.00653,0.00000,0.60000
1.24750,0.00628,0.00000,0.60000
1.24760,0.00603,0.00000,0.60000
1.24770,0.00578,0.00000,0.60000
1.24780,0.00553,0.00000,0.60000
1.24790,0.00528,0.00000,0.60000
1.24800,0.00503,0.00000,0.60000
1.24810,0.00478,0.00000,0.60000
1.24820,0.00452,0.00000,0.60000
1.24830,0.00427,0.00000,0.60000
1.24840,0.00402,0.00000,0.60000
1.24850,0.00377,0.00000,0.60000
1.24860,0.00352,0.00000,0.60000
1.24870,0.00327,0.00000,0.60000
1.24880,0.00302,0.00000,0.60000
1.24890,0.00276,0.00000,0.60000
1.24900,0.00251,0.00000,0.60000
1.24910,0.00226,0.00000,0.60000
1.24920,0.00201,0.00000,0.60000
1.24930,0.00176,0.00000,0.60000
1.24940,0.00151,0.00000,0.60000
1.24950,0.00126,0.00000,0.60000
1.24960,0.00101,0.00000,0.60000
1.24970,0.00075,0.00000,0.60000
1.24980,0.00050,0.00000,0.60000
1.24990,0.00025,0.00000,0.60000
1.25000,0.00000,0.00000,0.60000
1.25010,-0.00025,0.00000,0.60000
1.25020,-0.00050,0.00000,0.60000
1.25030,-0.00075,0.00000,0.60000
1.25040,-0.00101,0.00000,0.60000
1.25050,-0.00126,0.00000,0.60000
1.25060,-0.00151,0.00000,0.60000
1.25070,-0.00176,0.00000,0.60000
1.25080,-0.00201,0.00000,0.60000
1.25090,-0.00226,0.00000,0.60000
1.25100,-0.00251,0.00000,0.60000
1.25110,-0.00276,0.00000,0.60000
1.25120,-0.00302,0.00000,0.60000
1.25130,-0.00327,0.00000,0.60000
1.25140,-0.00352,0.00000,0.60000
1.25150,-0.00377,0.00000,0.60000
1.25160,-0.00402,0.00000,0.60000
1.25170,-0.00427,0.00000,0.60000
1.25180,-0.00452,0.00000,0.60000
1.25190,-0.00478,0.00000,0.60000
1.25200,-0.00503,0.00000,0.60000
1.25210,-0.00528,0.00000,0.60000
1.25220,-0.00553,0.00000,0.60000
1.25230,-0.00578,0.00000,0.60000
1.25240,-0.00603,0.00000,0.60000
1.25250,-0.00628,0.00000,0.60000
1.25260,-0.00653,0.00000,0.60000
1.25270,-0.00679,0.00000,0.60000
1.25280,-0.00704,0.00000,0.60000
1.25290,-0.00729,0.00000,0.60000
1.25300,-0.00754,0.00000,0.60000
1.25310,-0.00779,0.00000,0.60000
1.25320,-0.00804,0.00000,0.60000
1.25330,-0.00829,0.00000,0.60000
1.25340,-0.00854,0.00000,0.60000
1.25350,-0.00880,0.00000,0.60000
1.25360,-0.00905,0.00000,0.60000
1.25370,-0.00930,0.00000,0.60000
1.25380,-0.00955,0.00000,0.60000
1.25390,-0.00980,0.00000,0.60000
1.25400,-0.01005,0.00000,0.60000
1.25410,-0.01030,0.00000,0.60000
1.25420,-0.01055,0.00000,0.60000
1.25430,-0.01081,0.00000,0.60000
1.25440,-0.01106,0.00000,0.60000
1.25450,-0.01131,0.00000,0.60000
1.25460,-0.01156,0.00000,0.60000
1.25470,-0.01181,0.00000,0.60000
1.25480,-0.01206,0.00000,0.60000
1.25490,-0.01231,0.00000,0.60000
1.25500,-0.01256,0.00000,0.60000
1.25510,-0.01282,0.00000,0.60000
1.25520,-0.01307,0.00000,0.60000
1.25530,-0.01332,0.00000,0.60000
1.25540,-0.01357,0.00000,0.60000
1.25550,-0.01382,0.00000,0.60000
1.25560,-0.01407,0.00000,0.60000
1.25570,-0.01432,0.00000,0.60000
1.25580,-0.01457,0.00000,0.60000
1.25590,-0.01482,0.00000,0.60000
1.25600,-0.01508,0.00000,0.60000
1.25610,-0.01533,0.00000,0.60000
1.25620,-0.01558,0.00000,0.60000
1.25630,-0.01583,0.00000,0.60000
1.25640,-0.01608,0.00000,0.60000
1.25650,-0.01633,0.00000,0.60000
1.25660,-0.01658,0.00000,0.60000
1.25670,-0.01683,0.00000,0.60000
1.25680,-0.01709,0.00000,0.60000
1.25690,-0.01734,0.00000,0.60000
1.25700,-0.01759,0.00000,0.60000
1.25710,-0.01784,0.00000,0.60000
1.25720,-0.01809,0.00000,0.60000
1.25730,-0.01834,0.00000,0.60000
1.25740,-0.01859,0.00000,0.60000
1.25750,-0.01884,0.00000,0.60000
1.25760,-0.01909,0.00000,0.60000
1.25770,-0.01934,0.00000,0.60000
1.25780,-0.01960,0.00000,0.60000
1.25790,-0.01985,0.00000,0.60000
1.25800,-0.02010,0.00000,0.60000
1.25810,-0.02035,0.00000,0.60000
1.25820,-0.02060,0.00000,0.60000
1.25830,-0.02085,0.00000,0.60000
1.25840,-0.02110,0.00000,0.60000
1.25850,-0.02135,0.00000,0.60000
1.25860,-0.02160,0.00000,0.60000
1.25870,-0.02185,0.00000,0.60000
1.25880,-0.02211,0.00000,0.60000
1.25890,-0.02236,0.00000,0.60000
1.25900,-0.02261,0.00000,0.60000
1.25910,-0.02286,0.00000,0.60000
1.25920,-0.02311,0.00000,0.60000
1.25930,-0.02336,0.00000,0.60000
1.25940,-0.02361,0.00000,0.60000
1.25950,-0.02386,0.00000,0.60000
1.25960,-0.02411,0.00000,0.60000
1.25970,-0.02436,0.00000,0.60000
1.25980,-0.02461,0.00000,0.60000
1.25990,-0.02487,0.00000,0.60000
1.26000,-0.02512,0.00000,0.60000
1.26010,-0.02537,0.00000,0.60000
1.26020,-0.02562,0.00000,0.60000
1.26030,-0.02587,0.00000,0.60000
1.26040,-0.02612,0.00000,0.60000
1.26050,-0.02637,0.00000,0.60000
1.26060,-0.02662,0.00000,0.60000
1.26070,-0.02687,0.00000,0.60000
1.26080,-0.02712,0.00000,0.60000
1.26090,-0.02737,0.00000,0.60000
1.26100,-0.02762,0.00000,0.60000
1.26110,-0.02787,0.00000,0.60000
1.26120,-0.02813,0.00000,0.60000
1.26130,-0.02838,0.00000,0.60000
1.26140,-0.02863,0.00000,0.60000
1.26150,-0.02888,0.00000,0.60000
1.26160,-0.02913,0.00000,0.60000
1.26170,-0.02938,0.00000,0.60000
1.26180,-0.02963,0.00000,0.60000
1.26190,-0.02988,0.00000,0.60000
1.26200,-0.03013,0.00000,0.60000
1.26210,-0.03038,0.00000,0.60000
1.26220,-0.03063,0.00000,0.60000
1.26230,-0.03088,0.00000,0.60000
1.26240,-0.03113,0.00000,0.60000
1.26250,-0.03138,0.00000,0.60000
1.26260,-0.03163,0.00000,0.60000
1.26270,-0.03188,0.00000,0.60000
1.26280,-0.03214,0.00000,0.60000
1.26290,-0.03239,0.00000,0.60000
1.26300,-0.03264,0.00000,0.60000
1.26310,-0.03289,0.00000,0.60000
1.26320,-0.03314,0.00000,0.60000
1.26330,-0.03339,0.00000,0.60000
1.26340,-0.03364,0.00000,0.60000
1.26350,-0.03389,0.00000,0.60000
1.26360,-0.03414,0.00000,0.60000
1.26370,-0.03439,0.00000,0.60000
1.26380,-0.03464,0.00000,0.60000
1.26390,-0.03489,0.00000,0.60000
1.26400,-0.03514,0.00000,0.60000
1.26410,-0.03539,0.00000,0.60000
1.26420,-0.03564,0.00000,0.60000
1.26430,-0.03589,0.00000,0.60000
1.26440,-0.03614,0.00000,0.60000
1.26450,-0.03639,0.00000,0.60000
1.26460,-0.03664,0.00000,0.60000
1.26470,-0.03689,0.00000,0.60000
1.26480,-0.03714,0.00000,0.60000
1.26490,-0.03739,0.00000,0.60000
1.26500,-0.03764,0.00000,0.60000
1.26510,-0.03789,0.00000,0.60000
1.26520,-0.03814,0.00000,0.60000
1.26530,-0.03839,0.00000,0.60000
1.26540,-0.03864,0.00000,0.60000
1.26550,-0.03889,0.00000,0.60000
1.26560,-0.03914,0.00000,0.60000
1.26570,-0.03939,0.00000,0.60000
1.26580,-0.03964,0.00000,0.60000
1.26590,-0.03989,0.00000,0.60000
1.26600,-0.04014,0.00000,0.60000
1.26610,-0.04039,0.00000,0.60000
1.26620,-0.04064,0.00000,0.60000
1.26630,-0.04089,0.00000,0.60000
1.26640,-0.04114,0.00000,0.60000
1.26650,-0.04139,0.00000,0.60000
1.26660,-0.04164,0.00000,0.60000
1.26670,-0.04189,0.00000,0.60000
1.26680,-0.04214,0.00000,0.60000
1.26690,-0.04239,0.00000,0.60000
1.26700,-0.04264,0.00000,0.60000
1.26710,-0.04289,0.00000,0.60000
1.26720,-0.04314,0.00000,0.60000
1.26730,-0.04339,0.00000,0.60000
1.26740,-0.04364,0.00000,0.60000
1.26750,-0.04389,0.00000,0.60000
1.26760,-0.04414,0.00000,0.60000
1.26770,-0.04439,0.00000,0.60000
1.26780,-0.04464,0.00000,0.60000
1.26790,-0.04489,0.00000,0.60000
1.26800,-0.04514,0.00000,0.60000
1.26810,-0.04539,0.00000,0.60000
1.26820,-0.04564,0.00000,0.60000
1.26830,-0.04589,0.00000,0.60000
1.26840,-0.04614,0.00000,0.60000
1.26850,-0.04639,0.00000,0.60000
1.26860,-0.04664,0.00000,0.60000
1.26870,-0.04689,0.00000,0.60000
1.26880,-0.04714,0.00000,0.60000
1.26890,-0.04739,0.00000,0.60000
1.26900,-0.04764,0.00000,0.60000
1.26910,-0.04789,0.00000,0.60000
1.26920,-0.04814,0.00000,0.60000
1.26930,-0.04839,0.00000,0.60000
1.26940,-0.04864,0.00000,0.60000
1.26950,-0.04889,0.00000,0.60000
1.26960,-0.04914,0.00000,0.60000
1.26970,-0.04939,0.00000,0.60000
1.26980,-0.04963,0.00000,0.60000
1.26990,-0.04988,0.00000,0.60000
1.27000,-0.05013,0.00000,0.60000
1.27010,-0.05038,0.00000,0.60000
1.27020,-0.05063,0.00000,0.60000
1.27030,-0.05088,0.00000,0.60000
1.27040,-0.05113,0.00000,0.60000
1.27050,-0.05138,0.00000,0.60000
1.27060,-0.05163,0.00000,0.60000
1.27070,-0.05188,0.00000,0.60000
1.27080,-0.05213,0.00000,0.60000
1.27090,-0.05238,0.00000,0.60000
1.27100,-0.05263,0.00000,0.60000
1.27110,-0.05287,0.00000,0.60000
1.27120,-0.05312,0.00000,0.60000
1.27130,-0.05337,0.00000,0.60000
1.27140,-0.05362,0.00000,0.60000
1.27150,-0.05387,0.00000,0.60000
1.27160,-0.05412,0.00000,0.60000
1.27170,-0.05437,0.00000,0.60000
1.27180,-0.05462,0.00000,0.60000
1.27190,-0.05487,0.00000,0.60000
1.27200,-0.05512,0.00000,0.60000
1.27210,-0.05537,0.00000,0.60000
1.27220,-0.05561,0.00000,0.60000
1.27230,-0.05586,0.00000,0.60000
1.27240,-0.05611,0.00000,0.60000
1.27250,-0.05636,0.00000,0.60000
1.27260,-0.05661,0.00000,0.60000
1.27270,-0.05686,0.00000,0.60000
1.27280,-0.05711,0.00000,0.60000
1.27290,-0.05736,0.00000,0.60000
1.27300,-0.05760,0.00000,0.60000
1.27310,-0.05785,0.00000,0.60000
1.27320,-0.05810,0.00000,0.60000
1.27330,-0.05835,0.00000,0.60000
1.27340,-0.05860,0.00000,0.60000
1.27350,-0.05885,0.00000,0.60000
1.27360,-0.05910,0.00000,0.60000
1.27370,-0.05934,0.00000,0.60000
1.27380,-0.05959,0.00000,0.60000
1.27390,-0.05984,0.00000,0.60000
1.27400,-0.06009,0.00000,0.60000
1.27410,-0.06034,0.00000,0.60000
1.27420,-0.06059,0.00000,0.60000
1.27430,-0.06084,0.00000,0.60000
1.27440,-0.06108,0.00000,0.60000
1.27450,-0.06133,0.00000,0.60000
1.27460,-0.06158,0.00000,0.60000
1.27470,-0.06183,0.00000,0.60000
1.27480,-0.06208,0.00000,0.60000
1.27490,-0.06233,0.00000,0.60000
1.27500,-0.06257,0.00000,0.60000
1.27510,-0.06282,0.00000,0.60000
1.27520,-0.06307,0.00000,0.60000
1.27530,-0.06332,0.00000,0.60000
1.27540,-0.06357,0.00000,0.60000
1.27550,-0.06381,0.00000,0.60000
1.27560,-0.06406,0.00000,0.60000
1.27570,-0.06431,0.00000,0.60000
1.27580,-0.06456,0.00000,0.60000
1.27590,-0.06481,0.00000,0.60000
1.27600,-0.06505,0.00000,0.60000
1.27610,-0.06530,0.00000,0.60000
1.27620,-0.06555,0.00000,0.60000
1.27630,-0.06580,0.00000,0.60000
1.27640,-0.06605,0.00000,0.60000
1.27650,-0.06629,0.00000,0.60000
1.27660,-0.06654,0.00000,0.60000
1.27670,-0.06679,0.00000,0.60000
1.27680,-0.06704,0.00000,0.60000
1.27690,-0.06729,0.00000,0.60000
1.27700,-0.06753,0.00000,0.60000
1.27710,-0.06778,0.00000,0.60000
1.27720,-0.06803,0.00000,0.60000
1.27730,-0.06828,0.00000,0.60000
1.27740,-0.06852,0.00000,0.60000
1.27750,-0.06877,0.00000,0.60000
1.27760,-0.06902,0.00000,0.60000
1.27770,-0.06927,0.00000,0.60000
1.27780,-0.06951,0.00000,0.60000
1.27790,-0.06976,0.00000,0.60000
1.27800,-0.07001,0.00000,0.60000
1.27810,-0.07026,0.00000,0.60000
1.27820,-0.07050,0.00000,0.60000
1.27830,-0.07075,0.00000,0.60000
1.27840,-0.07100,0.00000,0.60000
1.27850,-0.07125,0.00000,0.60000
1.27860,-0.07149,0.00000,0.60000
1.27870,-0.07174,0.00000,0.60000
1.27880,-0.07199,0.00000,0.60000
1.27890,-0.07224,0.00000,0.60000
1.27900,-0.07248,0.00000,0.60000
1.27910,-0.07273,0.00000,0.60000
1.27920,-0.07298,0.00000,0.60000
1.27930,-0.07322,0.00000,0.60000
1.27940,-0.07347,0.00000,0.60000
1.27950,-0.07372,0.00000,0.60000
1.27960,-0.07396,0.00000,0.60000
1.27970,-0.07421,0.00000,0.60000
1.27980,-0.07446,0.00000,0.60000
1.27990,-0.07471,0.00000,0.60000
1.28000,-0.07495,0.00000,0.60000
1.28010,-0.07520,0.00000,0.60000
1.28020,-0.07545,0.00000,0.60000
1.28030,-0.07569,0.00000,0.60000
1.28040,-0.07594,0.00000,0.60000
1.28050,-0.07619,0.00000,0.60000
1.28060,-0.07643,0.00000,0.60000
1.28070,-0.07668,0.00000,0.60000
1.28080,-0.07693,0.00000,0.60000
1.28090,-0.07717,0.00000,0.60000
1.28100,-0.07742,0.00000,0.60000
1.28110,-0.07767,0.00000,0.60000
1.28120,-0.07791,0.00000,0.60000
1.28130,-0.07816,0.00000,0.60000
1.28140,-0.07841,0.00000,0.60000
1.28150,-0.07865,0.00000,0.60000
1.28160,-0.07890,0.00000,0.60000
1.28170,-0.07915,0.00000,0.60000
1.28180,-0.07939,0.00000,0.60000
1.28190,-0.07964,0.00000,0.60000
1.28200,-0.07988,0.00000,0.60000
1.28210,-0.08013,0.00000,0.60000
1.28220,-0.08038,0.00000,0.60000
1.28230,-0.08062,0.00000,0.60000
1.28240,-0.08087,0.00000,0.60000
1.28250,-0.08111,0.00000,0.60000
1.28260,-0.08136,0.00000,0.60000
1.28270,-0.08161,0.00000,0.60000
1.28280,-0.08185,0.00000,0.60000
1.28290,-0.08210,0.00000,0.60000
1.28300,-0.08235,0.00000,0.60000
1.28310,-0.08259,0.00000,0.60000
1.28320,-0.08284,0.00000,0.60000
1.28330,-0.08308,0.00000,0.60000
1.28340,-0.08333,0.00000,0.60000
1.28350,-0.08357,0.00000,0.60000
1.28360,-0.08382,0.00000,0.60000
1.28370,-0.08407,0.00000,0.60000
1.28380,-0.08431,0.00000,0.60000
1.28390,-0.08456,0.00000,0.60000
1.28400,-0.08480,0.00000,0.60000
1.28410,-0.08505,0.00000,0.60000
1.28420,-0.08529,0.00000,0.60000
1.28430,-0.08554,0.00000,0.60000
1.28440,-0.08579,0.00000,0.60000
1.28450,-0.08603,0.00000,0.60000
1.28460,-0.08628,0.00000,0.60000
1.28470,-0.08652,0.00000,0.60000
1.28480,-0.08677,0.00000,0.60000
1.28490,-0.08701,0.00000,0.60000
1.28500,-0.08726,0.00000,0.60000
1.28510,-0.08750,0.00000,0.60000
1.28520,-0.08775,0.00000,0.60000
1.28530,-0.08799,0.00000,0.60000
1.28540,-0.08824,0.00000,0.60000
1.28550,-0.08848,0.00000,0.60000
1.28560,-0.08873,0.00000,0.60000
1.28570,-0.08897,0.00000,0.60000
1.28580,-0.08922,0.00000,0.60000
1.28590,-0.08946,0.00000,0.60000
1.28600,-0.08971,0.00000,0.60000
1.28610,-0.08995,0.00000,0.60000
1.28620,-0.09020,0.00000,0.60000
1.28630,-0.09044,0.00000,0.60000
1.28640,-0.09069,0.00000,0.60000
1.28650,-0.09093,0.00000,0.60000
1.28660,-0.09118,0.00000,0.60000
1.28670,-0.09142,0.00000,0.60000
1.28680,-0.09167,0.00000,0.60000
1.28690,-0.09191,0.00000,0.60000
1.28700,-0.09216,0.00000,0.60000
1.28710,-0.09240,0.00000,0.60000
1.28720,-0.09264,0.00000,0.60000
1.28730,-0.09289,0.00000,0.60000
1.28740,-0.09313,0.00000,0.60000
1.28750,-0.09338,0.00000,0.60000
1.28760,-0.09362,0.00000,0.60000
1.28770,-0.09387,0.00000,0.60000
1.28780,-0.09411,0.00000,0.60000
1.28790,-0.09436,0.00000,0.60000
1.28800,-0.09460,0.00000,0.60000
1.28810,-0.09484,0.00000,0.60000
1.28820,-0.09509,0.00000,0.60000
1.28830,-0.09533,0.00000,0.60000
1.28840,-0.09558,0.00000,0.60000
1.28850,-0.09582,0.00000,0.60000
1.28860,-0.09606,0.00000,0.60000
1.28870,-0.09631,0.00000,0.60000
1.28880,-0.09655,0.00000,0.60000
1.28890,-0.09680,0.00000,0.60000
1.28900,-0.09704,0.00000,0.60000
1.28910,-0.09728,0.00000,0.60000
1.28920,-0.09753,0.00000,0.60000
1.28930,-0.09777,0.00000,0.60000
1.28940,-0.09801,0.00000,0.60000
1.28950,-0.09826,0.00000,0.60000
1.28960,-0.09850,0.00000,0.60000
1.28970,-0.09875,0.00000,0.60000
1.28980,-0.09899,0.00000,0.60000
1.28990,-0.09923,0.00000,0.60000
1.29000,-0.09948,0.00000,0.60000
1.29010,-0.09972,0.00000,0.60000
1.29020,-0.09996,0.00000,0.60000
1.29030,-0.10021,0.00000,0.60000
1.29040,-0.10045,0.00000,0.60000
1.29050,-0.10069,0.00000,0.60000
1.29060,-0.10094,0.00000,0.60000
1.29070,-0.10118,0.00000,0.60000
1.29080,-0.10142,0.00000,0.60000
1.29090,-0.10167,0.00000,0.60000
1.29100,-0.10191,0.00000,0.60000
1.29110,-0.10215,0.00000,0.60000
1.29120,-0.10239,0.00000,0.60000
1.29130,-0.10264,0.00000,0.60000
1.29140,-0.10288,0.00000,0.60000
1.29150,-0.10312,0.00000,0.60000
1.29160,-0.10337,0.00000,0.60000
1.29170,-0.10361,0.00000,0.60000
1.29180,-0.10385,0.00000,0.60000
1.29190,-0.10409,0.00000,0.60000
1.29200,-0.10434,0.00000,0.60000
1.29210,-0.10458,0.00000,0.60000
1.29220,-0.10482,0.00000,0.60000
1.29230,-0.10506,0.00000,0.60000
1.29240,-0.10531,0.00000,0.60000
1.29250,-0.10555,0.00000,0.60000
1.29260,-0.10579,0.00000,0.60000
1.29270,-0.10603,0.00000,0.60000
1.29280,-0.10628,0.00000,0.60000
1.29290,-0.10652,0.00000,0.60000
1.29300,-0.10676,0.00000,0.60000
1.29310,-0.10700,0.00000,0.60000
1.29320,-0.10725,0.00000,0.60000
1.29330,-0.10749,0.00000,0.60000
1.29340,-0.10773,0.00000,0.60000
1.29350,-0.10797,0.00000,0.60000
1.29360,-0.10821,0.00000,0.60000
1.29370,-0.10846,0.00000,0.60000
1.29380,-0.10870,0.00000,0.60000
1.29390,-0.10894,0.00000,0.60000
1.29400,-0.10918,0.00000,0.60000
1.29410,-0.10942,0.00000,0.60000
1.29420,-0.10966,0.00000,0.60000
1.29430,-0.10991,0.00000,0.60000
1.29440,-0.11015,0.00000,0.60000
1.29450,-0.11039,0.00000,0.60000
1.29460,-0.11063,0.00000,0.60000
1.29470,-0.11087,0.00000,0.60000
1.29480,-0.11111,0.00000,0.60000
1.29490,-0.11136,0.00000,0.60000
1.29500,-0.11160,0.00000,0.60000
1.29510,-0.11184,0.00000,0.60000
1.29520,-0.11208,0.00000,0.60000
1.29530,-0.11232,0.00000,0.60000
1.29540,-0.11256,0.00000,0.60000
1.29550,-0.11280,0.00000,0.60000
1.29560,-0.11304,0.00000,0.60000
1.29570,-0.11328,0.00000,0.60000
1.29580,-0.11353,0.00000,0.60000
1.29590,-0.11377,0.00000,0.60000
1.29600,-0.11401,0.00000,0.60000
1.29610,-0.11425,0.00000,0.60000
1.29620,-0.11449,0.00000,0.60000
1.29630,-0.11473,0.00000,0.60000
1.29640,-0.11497,0.00000,0.60000
1.29650,-0.11521,0.00000,0.60000
1.29660,-0.11545,0.00000,0.60000
1.29670,-0.11569,0.00000,0.60000
1.29680,-0.11593,0.00000,0.60000
1.29690,-0.11617,0.00000,0.60000
1.29700,-0.11641,0.00000,0.60000
1.29710,-0.11665,0.00000,0.60000
1.29720,-0.11690,0.00000,0.60000
1.29730,-0.11714,0.00000,0.60000
1.29740,-0.11738,0.00000,0.60000
1.29750,-0.11762,0.00000,0.60000
1.29760,-0.11786,0.00000,0.60000
1.29770,-0.11810,0.00000,0.60000
1.29780,-0.11834,0.00000,0.60000
1.29790,-0.11858,0.00000,0.60000
1.29800,-0.11882,0.00000,0.60000
1.29810,-0.11906,0.00000,0.60000
1.29820,-0.11930,0.00000,0.60000
1.29830,-0.11954,0.00000,0.60000
1.29840,-0.11978,0.00000,0.60000
1.29850,-0.12002,0.00000,0.60000
1.29860,-0.12026,0.00000,0.60000
1.29870,-0.12050,0.00000,0.60000
1.29880,-0.12073,0.00000,0.60000
1.29890,-0.12097,0.00000,0.60000
1.29900,-0.12121,0.00000,0.60000
1.29910,-0.12145,0.00000,0.60000
1.29920,-0.12169,0.00000,0.60000
1.29930,-0.12193,0.00000,0.60000
1.29940,-0.12217,0.00000,0.60000
1.29950,-0.12241,0.00000,0.60000
1.29960,-0.12265,0.00000,0.60000
1.29970,-0.12289,0.00000,0.60000
1.29980,-0.12313,0.00000,0.60000
1.29990,-0.12337,0.00000,0.60000
1.30000,-0.12361,0.00000,0.60000
1.30010,-0.12385,0.00000,0.60000
1.30020,-0.12408,0.00000,0.60000
1.30030,-0.12432,0.00000,0.60000
1.30040,-0.12456,0.00000,0.60000
1.30050,-0.12480,0.00000,0.60000
1.30060,-0.12504,0.00000,0.60000
1.30070,-0.12528,0.00000,0.60000
1.30080,-0.12552,0.00000,0.60000
1.30090,-0.12576,0.00000,0.60000
1.30100,-0.12599,0.00000,0.60000
1.30110,-0.12623,0.00000,0.60000
1.30120,-0.12647,0.00000,0.60000
1.30130,-0.12671,0.00000,0.60000
1.30140,-0.12695,0.00000,0.60000
1.30150,-0.12719,0.00000,0.60000
1.30160,-0.12742,0.00000,0.60000
1.30170,-0.12766,0.00000,0.60000
1.30180,-0.12790,0.00000,0.60000
1.30190,-0.12814,0.00000,0.60000
1.30200,-0.12838,0.00000,0.60000
1.30210,-0.12862,0.00000,0.60000
1.30220,-0.12885,0.00000,0.60000
1.30230,-0.12909,0.00000,0.60000
1.30240,-0.12933,0.00000,0.60000
1.30250,-0.12957,0.00000,0.60000
1.30260,-0.12980,0.00000,0.60000
1.30270,-0.13004,0.00000,0.60000
1.30280,-0.13028,0.00000,0.60000
1.30290,-0.13052,0.00000,0.60000
1.30300,-0.13076,0.00000,0.60000
1.30310,-0.13099,0.00000,0.60000
1.30320,-0.13123,0.00000,0.60000
1.30330,-0.13147,0.00000,0.60000
1.30340,-0.13170,0.00000,0.60000
1.30350,-0.13194,0.00000,0.60000
1.30360,-0.13218,0.00000,0.60000
1.30370,-0.13242,0.00000,0.60000
1.30380,-0.13265,0.00000,0.60000
1.30390,-0.13289,0.00000,0.60000
1.30400,-0.13313,0.00000,0.60000
1.30410,-0.13336,0.00000,0.60000
1.30420,-0.13360,0.00000,0.60000
1.30430,-0.13384,0.00000,0.60000
1.30440,-0.13408,0.00000,0.60000
1.30450,-0.13431,0.00000,0.60000
1.30460,-0.13455,0.00000,0.60000
1.30470,-0.13479,0.00000,0.60000
1.30480,-0.13502,0.00000,0.60000
1.30490,-0.13526,0.00000,0.60000
1.30500,-0.13550,0.00000,0.60000
1.30510,-0.13573,0.00000,0.60000
1.30520,-0.13597,0.00000,0.60000
1.30530,-0.13620,0.00000,0.60000
1.30540,-0.13644,0.00000,0.60000
1.30550,-0.13668,0.00000,0.60000
1.30560,-0.13691,0.00000,0.60000
1.30570,-0.13715,0.00000,0.60000
1.30580,-0.13739,0.00000,0.60000
1.30590,-0.13762,0.00000,0.60000
1.30600,-0.13786,0.00000,0.60000
1.30610,-0.13809,0.00000,0.60000
1.30620,-0.13833,0.00000,0.60000
1.30630,-0.13856,0.00000,0.60000
1.30640,-0.13880,0.00000,0.60000
1.30650,-0.13904,0.00000,0.60000
1.30660,-0.13927,0.00000,0.60000
1.30670,-0.13951,0.00000,0.60000
1.30680,-0.13974,0.00000,0.60000
1.30690,-0.13998,0.00000,0.60000
1.30700,-0.14021,0.00000,0.60000
1.30710,-0.14045,0.00000,0.60000
1.30720,-0.14068,0.00000,0.60000
1.30730,-0.14092,0.00000,0.60000
1.30740,-0.14115,0.00000,0.60000
1.30750,-0.14139,0.00000,0.60000
1.30760,-0.14163,0.00000,0.60000
1.30770,-0.14186,0.00000,0.60000
1.30780,-0.14209,0.00000,0.60000
1.30790,-0.14233,0.00000,0.60000
1.30800,-0.14256,0.00000,0.60000
1.30810,-0.14280,0.00000,0.60000
1.30820,-0.14303,0.00000,0.60000
1.30830,-0.14327,0.00000,0.60000
1.30840,-0.14350,0.00000,0.60000
1.30850,-0.14374,0.00000,0.60000
1.30860,-0.14397,0.00000,0.60000
1.30870,-0.14421,0.00000,0.60000
1.30880,-0.14444,0.00000,0.60000
1.30890,-0.14468,0.00000,0.60000
1.30900,-0.14491,0.00000,0.60000
1.30910,-0.14514,0.00000,0.60000
1.30920,-0.14538,0.00000,0.60000
1.30930,-0.14561,0.00000,0.60000
1.30940,-0.14585,0.00000,0.60000
1.30950,-0.14608,0.00000,0.60000
1.30960,-0.14631,0.00000,0.60000
1.30970,-0.14655,0.00000,0.60000
1.30980,-0.14678,0.00000,0.60000
1.30990,-0.14702,0.00000,0.60000
1.31000,-0.14725,0.00000,0.60000
1.31010,-0.14748,0.00000,0.60000
1.31020,-0.14772,0.00000,0.60000
1.31030,-0.14795,0.00000,0.60000
1.31040,-0.14818,0.00000,0.60000
1.31050,-0.14842,0.00000,0.60000
1.31060,-0.14865,0.00000,0.60000
1.31070,-0.14888,0.00000,0.60000
1.31080,-0.14912,0.00000,0.60000
1.31090,-0.14935,0.00000,0.60000
1.31100,-0.14958,0.00000,0.60000
1.31110,-0.14982,0.00000,0.60000
1.31120,-0.15005,0.00000,0.60000
1.31130,-0.15028,0.00000,0.60000
1.31140,-0.15052,0.00000,0.60000
1.31150,-0.15075,0.00000,0.60000
1.31160,-0.15098,0.00000,0.60000
1.31170,-0.15121,0.00000,0.60000
1.31180,-0.15145,0.00000,0.60000
1.31190,-0.15168,0.00000,0.60000
1.31200,-0.15191,0.00000,0.60000
1.31210,-0.15214,0.00000,0.60000
1.31220,-0.15238,0.00000,0.60000
1.31230,-0.15261,0.00000,0.60000
1.31240,-0.15284,0.00000,0.60000
1.31250,-0.15307,0.00000,0.60000
1.31260,-0.15331,0.00000,0.60000
1.31270,-0.15354,0.00000,0.60000
1.31280,-0.15377,0.00000,0.60000
1.31290,-0.15400,0.00000,0.60000
1.31300,-0.15423,0.00000,0.60000
1.31310,-0.15447,0.00000,0.60000
1.31320,-0.15470,0.00000,0.60000
1.31330,-0.15493,0.00000,0.60000
1.31340,-0.15516,0.00000,0.60000
1.31350,-0.15539,0.00000,0.60000
1.31360,-0.15562,0.00000,0.60000
1.31370,-0.15586,0.00000,0.60000
1.31380,-0.15609,0.00000,0.60000
1.31390,-0.15632,0.00000,0.60000
1.31400,-0.15655,0.00000,0.60000
1.31410,-0.15678,0.00000,0.60000
1.31420,-0.15701,0.00000,0.60000
1.31430,-0.15724,0.00000,0.60000
1.31440,-0.15747,0.00000,0.60000
1.31450,-0.15771,0.00000,0.60000
1.31460,-0.15794,0.00000,0.60000
1.31470,-0.15817,0.00000,0.60000
1.31480,-0.15840,0.00000,0.60000
1.31490,-0.15863,0.00000,0.60000
1.31500,-0.15886,0.00000,0.60000
1.31510,-0.15909,0.00000,0.60000
1.31520,-0.15932,0.00000,0.60000
1.31530,-0.15955,0.00000,0.60000
1.31540,-0.15978,0.00000,0.60000
1.31550,-0.16001,0.00000,0.60000
1.31560,-0.16024,0.00000,0.60000
1.31570,-0.16047,0.00000,0.60000
1.31580,-0.16070,0.00000,0.60000
1.31590,-0.16093,0.00000,0.60000
1.31600,-0.16116,0.00000,0.60000
1.31610,-0.16139,0.00000,0.60000
1.31620,-0.16162,0.00000,0.60000
1.31630,-0.16185,0.00000,0.60000
1.31640,-0.16208,0.00000,0.60000
1.31650,-0.16231,0.00000,0.60000
1.31660,-0.16254,0.00000,0.60000
1.31670,-0.16277,0.00000,0.60000
1.31680,-0.16300,0.00000,0.60000
1.31690,-0.16323,0.00000,0.60000
1.31700,-0.16346,0.00000,0.60000
1.31710,-0.16369,0.00000,0.60000
1.31720,-0.16392,0.00000,0.60000
1.31730,-0.16415,0.00000,0.60000
1.31740,-0.16438,0.00000,0.60000
1.31750,-0.16461,0.00000,0.60000
1.31760,-0.16483,0.00000,0.60000
1.31770,-0.16506,0.00000,0.60000
1.31780,-0.16529,0.00000,0.60000
1.31790,-0.16552,0.00000,0.60000
1.31800,-0.16575,0.00000,0.60000
1.31810,-0.16598,0.00000,0.60000
1.31820,-0.16621,0.00000,0.60000
1.31830,-0.16644,0.00000,0.60000
1.31840,-0.16666,0.00000,0.60000
1.31850,-0.16689,0.00000,0.60000
1.31860,-0.16712,0.00000,0.60000
1.31870,-0.16735,0.00000,0.60000
1.31880,-0.16758,0.00000,0.60000
1.31890,-0.16781,0.00000,0.60000
1.31900,-0.16803,0.00000,0.60000
1.31910,-0.16826,0.00000,0.60000
1.31920,-0.16849,0.00000,0.60000
1.31930,-0.16872,0.00000,0.60000
1.31940,-0.16895,0.00000,0.60000
1.31950,-0.16917,0.00000,0.60000
1.31960,-0.16940,0.00000,0.60000
1.31970,-0.16963,0.00000,0.60000
1.31980,-0.16986,0.00000,0.60000
1.31990,-0.17008,0.00000,0.60000
1.32000,-0.17031,0.00000,0.60000
1.32010,-0.17054,0.00000,0.60000
1.32020,-0.17077,0.00000,0.60000
1.32030,-0.17099,0.00000,0.60000
1.32040,-0.17122,0.00000,0.60000
1.32050,-0.17145,0.00000,0.60000
1.32060,-0.17167,0.00000,0.60000
1.32070,-0.17190,0.00000,0.60000
1.32080,-0.17213,0.00000,0.60000
1.32090,-0.17236,0.00000,0.60000
1.32100,-0.17258,0.00000,0.60000
1.32110,-0.17281,0.00000,0.60000
1.32120,-0.17304,0.00000,0.60000
1.32130,-0.17326,0.00000,0.60000
1.32140,-0.17349,0.00000,0.60000
1.32150,-0.17372,0.00000,0.60000
1.32160,-0.17394,0.00000,0.60000
1.32170,-0.17417,0.00000,0.60000
1.32180,-0.17439,0.00000,0.60000
1.32190,-0.17462,0.00000,0.60000
1.32200,-0.17485,0.00000,0.60000
1.32210,-0.17507,0.00000,0.60000
1.32220,-0.17530,0.00000,0.60000
1.32230,-0.17552,0.00000,0.60000
1.32240,-0.17575,0.00000,0.60000
1.32250,-0.17598,0.00000,0.60000
1.32260,-0.17620,0.00000,0.60000
1.32270,-0.17643,0.00000,0.60000
1.32280,-0.17665,0.00000,0.60000
1.32290,-0.17688,0.00000,0.60000
1.32300,-0.17710,0.00000,0.60000
1.32310,-0.17733,0.00000,0.60000
1.32320,-0.17755,0.00000,0.60000
1.32330,-0.17778,0.00000,0.60000
1.32340,-0.17800,0.00000,0.60000
1.32350,-0.17823,0.00000,0.60000
1.32360,-0.17845,0.00000,0.60000
1.32370,-0.17868,0.00000,0.60000
1.32380,-0.17890,0.00000,0.60000
1.32390,-0.17913,0.00000,0.60000
1.32400,-0.17935,0.00000,0.60000
1.32410,-0.17958,0.00000,0.60000
1.32420,-0.17980,0.00000,0.60000
1.32430,-0.18003,0.00000,0.60000
1.32440,-0.18025,0.00000,0.60000
1.32450,-0.18048,0.00000,0.60000
1.32460,-0.18070,0.00000,0.60000
1.32470,-0.18092,0.00000,0.60000
1.32480,-0.18115,0.00000,0.60000
1.32490,-0.18137,0.00000,0.60000
1.32500,-0.18160,0.00000,0.60000
1.32510,-0.18182,0.00000,0.60000
1.32520,-0.18204,0.00000,0.60000
1.32530,-0.18227,0.00000,0.60000
1.32540,-0.18249,0.00000,0.60000
1.32550,-0.18271,0.00000,0.60000
1.32560,-0.18294,0.00000,0.60000
1.32570,-0.18316,0.00000,0.60000
1.32580,-0.18339,0.00000,0.60000
1.32590,-0.18361,0.00000,0.60000
1.32600,-0.18383,0.00000,0.60000
1.32610,-0.18406,0.00000,0.60000
1.32620,-0.18428,0.00000,0.60000
1.32630,-0.18450,0.00000,0.60000
1.32640,-0.18472,0.00000,0.60000
1.32650,-0.18495,0.00000,0.60000
1.32660,-0.18517,0.00000,0.60000
1.32670,-0.18539,0.00000,0.60000
1.32680,-0.18562,0.00000,0.60000
1.32690,-0.18584,0.00000,0.60000
1.32700,-0.18606,0.00000,0.60000
1.32710,-0.18628,0.00000,0.60000
1.32720,-0.18651,0.00000,0.60000
1.32730,-0.18673,0.00000,0.60000
1.32740,-0.18695,0.00000,0.60000
1.32750,-0.18717,0.00000,0.60000
1.32760,-0.18739,0.00000,0.60000
1.32770,-0.18762,0.00000,0.60000
1.32780,-0.18784,0.00000,0.60000
1.32790,-0.18806,0.00000,0.60000
1.32800,-0.18828,0.00000,0.60000
1.32810,-0.18850,0.00000,0.60000
1.32820,-0.18872,0.00000,0.60000
1.32830,-0.18895,0.00000,0.60000
1.32840,-0.18917,0.00000,0.60000
1.32850,-0.18939,0.00000,0.60000
1.32860,-0.18961,0.00000,0.60000
1.32870,-0.18983,0.00000,0.60000
1.32880,-0.19005,0.00000,0.60000
1.32890,-0.19027,0.00000,0.60000
1.32900,-0.19050,0.00000,0.60000
1.32910,-0.19072,0.00000,0.60000
1.32920,-0.19094,0.00000,0.60000
1.32930,-0.19116,0.00000,0.60000
1.32940,-0.19138,0.00000,0.60000
1.32950,-0.19160,0.00000,0.60000
1.32960,-0.19182,0.00000,0.60000
1.32970,-0.19204,0.00000,0.60000
1.32980,-0.19226,0.00000,0.60000
1.32990,-0.19248,0.00000,0.60000
1.33000,-0.19270,0.00000,0.60000
1.33010,-0.19292,0.00000,0.60000
1.33020,-0.19314,0.00000,0.60000
1.33030,-0.19336,0.00000,0.60000
1.33040,-0.19358,0.00000,0.60000
1.33050,-0.19380,0.00000,0.60000
1.33060,-0.19402,0.00000,0.60000
1.33070,-0.19424,0.00000,0.60000
1.33080,-0.19446,0.00000,0.60000
1.33090,-0.19468,0.00000,0.60000
1.33100,-0.19490,0.00000,0.60000
1.33110,-0.19512,0.00000,0.60000
1.33120,-0.19534,0.00000,0.60000
1.33130,-0.19556,0.00000,0.60000
1.33140,-0.19578,0.00000,0.60000
1.33150,-0.19600,0.00000,0.60000
1.33160,-0.19622,0.00000,0.60000
1.33170,-0.19643,0.00000,0.60000
1.33180,-0.19665,0.00000,0.60000
1.33190,-0.19687,0.00000,0.60000
1.33200,-0.19709,0.00000,0.60000
1.33210,-0.19731,0.00000,0.60000
1.33220,-0.19753,0.00000,0.60000
1.33230,-0.19775,0.00000,0.60000
1.33240,-0.19797,0.00000,0.60000
1.33250,-0.19818,0.00000,0.60000
1.33260,-0.19840,0.00000,0.60000
1.33270,-0.19862,0.00000,0.60000
1.33280,-0.19884,0.00000,0.60000
1.33290,-0.19906,0.00000,0.60000
1.33300,-0.19927,0.00000,0.60000
1.33310,-0.19949,0.00000,0.60000
1.33320,-0.19971,0.00000,0.60000
1.33330,-0.19993,0.00000,0.60000
1.33340,-0.20015,0.00000,0.60000
1.33350,-0.20036,0.00000,0.60000
1.33360,-0.20058,0.00000,0.60000
1.33370,-0.20080,0.00000,0.60000
1.33380,-0.20101,0.00000,0.60000
1.33390,-0.20123,0.00000,0.60000
1.33400,-0.20145,0.00000,0.60000
1.33410,-0.20167,0.00000,0.60000
1.33420,-0.20188,0.00000,0.60000
1.33430,-0.20210,0.00000,0.60000
1.33440,-0.20232,0.00000,0.60000
1.33450,-0.20253,0.00000,0.60000
1.33460,-0.20275,0.00000,0.60000
1.33470,-0.20297,0.00000,0.60000
1.33480,-0.20318,0.00000,0.60000
1.33490,-0.20340,0.00000,0.60000
1.33500,-0.20362,0.00000,0.60000
1.33510,-0.20383,0.00000,0.60000
1.33520,-0.20405,0.00000,0.60000
1.33530,-0.20427,0.00000,0.60000
1.33540,-0.20448,0.00000,0.60000
1.33550,-0.20470,0.00000,0.60000
1.33560,-0.20491,0.00000,0.60000
1.33570,-0.20513,0.00000,0.60000
1.33580,-0.20534,0.00000,0.60000
1.33590,-0.20556,0.00000,0.60000
1.33600,-0.20578,0.00000,0.60000
1.33610,-0.20599,0.00000,0.60000
1.33620,-0.20621,0.00000,0.60000
1.33630,-0.20642,0.00000,0.60000
1.33640,-0.20664,0.00000,0.60000
1.33650,-0.20685,0.00000,0.60000
1.33660,-0.20707,0.00000,0.60000
1.33670,-0.20728,0.00000,0.60000
1.33680,-0.20750,0.00000,0.60000
1.33690,-0.20771,0.00000,0.60000
1.33700,-0.20793,0.00000,0.60000
1.33710,-0.20814,0.00000,0.60000
1.33720,-0.20836,0.00000,0.60000
1.33730,-0.20857,0.00000,0.60000
1.33740,-0.20879,0.00000,0.60000
1.33750,-0.20900,0.00000,0.60000
1.33760,-0.20921,0.00000,0.60000
1.33770,-0.20943,0.00000,0.60000
1.33780,-0.20964,0.00000,0.60000
1.33790,-0.20986,0.00000,0.60000
1.33800,-0.21007,0.00000,0.60000
1.33810,-0.21028,0.00000,0.60000
1.33820,-0.21050,0.00000,0.60000
1.33830,-0.21071,0.00000,0.60000
1.33840,-0.21092,0.00000,0.60000
1.33850,-0.21114,0.00000,0.60000
1.33860,-0.21135,0.00000,0.60000
1.33870,-0.21156,0.00000,0.60000
1.33880,-0.21178,0.00000,0.60000
1.33890,-0.21199,0.00000,0.60000
1.33900,-0.21220,0.00000,0.60000
1.33910,-0.21242,0.00000,0.60000
1.33920,-0.21263,0.00000,0.60000
1.33930,-0.21284,0.00000,0.60000
1.33940,-0.21306,0.00000,0.60000
1.33950,-0.21327,0.00000,0.60000
1.33960,-0.21348,0.00000,0.60000
1.33970,-0.21369,0.00000,0.60000
1.33980,-0.21391,0.00000,0.60000
1.33990,-0.21412,0.00000,0.60000
1.34000,-0.21433,0.00000,0.60000
1.34010,-0.21454,0.00000,0.60000
1.34020,-0.21475,0.00000,0.60000
1.34030,-0.21497,0.00000,0.60000
1.34040,-0.21518,0.00000,0.60000
1.34050,-0.21539,0.00000,0.60000
1.34060,-0.21560,0.00000,0.60000
1.34070,-0.21581,0.00000,0.60000
1.34080,-0.21603,0.00000,0.60000
1.34090,-0.21624,0.00000,0.60000
1.34100,-0.21645,0.00000,0.60000
1.34110,-0.21666,0.00000,0.60000
1.34120,-0.21687,0.00000,0.60000
1.34130,-0.21708,0.00000,0.60000
1.34140,-0.21729,0.00000,0.60000
1.34150,-0.21750,0.00000,0.60000
1.34160,-0.21772,0.00000,0.60000
1.34170,-0.21793,0.00000,0.60000
1.34180,-0.21814,0.00000,0.60000
1.34190,-0.21835,0.00000,0.60000
1.34200,-0.21856,0.00000,0.60000
1.34210,-0.21877,0.00000,0.60000
1.34220,-0.21898,0.00000,0.60000
1.34230,-0.21919,0.00000,0.60000
1.34240,-0.21940,0.00000,0.60000
1.34250,-0.21961,0.00000,0.60000
1.34260,-0.21982,0.00000,0.60000
1.34270,-0.22003,0.00000,0.60000
1.34280,-0.22024,0.00000,0.60000
1.34290,-0.22045,0.00000,0.60000
1.34300,-0.22066,0.00000,0.60000
1.34310,-0.22087,0.00000,0.60000
1.34320,-0.22108,0.00000,0.60000
1.34330,-0.22129,0.00000,0.60000
1.34340,-0.22150,0.00000,0.60000
1.34350,-0.22171,0.00000,0.60000
1.34360,-0.22191,0.00000,0.60000
1.34370,-0.22212,0.00000,0.60000
1.34380,-0.22233,0.00000,0.60000
1.34390,-0.22254,0.00000,0.60000
1.34400,-0.22275,0.00000,0.60000
1.34410,-0.22296,0.00000,0.60000
1.34420,-0.22317,0.00000,0.60000
1.34430,-0.22338,0.00000,0.60000
1.34440,-0.22358,0.00000,0.60000
1.34450,-0.22379,0.00000,0.60000
1.34460,-0.22400,0.00000,0.60000
1.34470,-0.22421,0.00000,0.60000
1.34480,-0.22442,0.00000,0.60000
1.34490,-0.22463,0.00000,0.60000
1.34500,-0.22483,0.00000,0.60000
1.34510,-0.22504,0.00000,0.60000
1.34520,-0.22525,0.00000,0.60000
1.34530,-0.22546,0.00000,0.60000
1.34540,-0.22566,0.00000,0.60000
1.34550,-0.22587,0.00000,0.60000
1.34560,-0.22608,0.00000,0.60000
1.34570,-0.22629,0.00000,0.60000
1.34580,-0.22649,0.00000,0.60000
1.34590,-0.22670,0.00000,0.60000
1.34600,-0.22691,0.00000,0.60000
1.34610,-0.22711,0.00000,0.60000
1.34620,-0.22732,0.00000,0.60000
1.34630,-0.22753,0.00000,0.60000
1.34640,-0.22773,0.00000,0.60000
1.34650,-0.22794,0.00000,0.60000
1.34660,-0.22815,0.00000,0.60000
1.34670,-0.22835,0.00000,0.60000
1.34680,-0.22856,0.00000,0.60000
1.34690,-0.22877,0.00000,0.60000
1.34700,-0.22897,0.00000,0.60000
1.34710,-0.22918,0.00000,0.60000
1.34720,-0.22938,0.00000,0.60000
1.34730,-0.22959,0.00000,0.60000
1.34740,-0.22980,0.00000,0.60000
1.34750,-0.23000,0.00000,0.60000
1.34760,-0.23021,0.00000,0.60000
1.34770,-0.23041,0.00000,0.60000
1.34780,-0.23062,0.00000,0.60000
1.34790,-0.23082,0.00000,0.60000
1.34800,-0.23103,0.00000,0.60000
1.34810,-0.23123,0.00000,0.60000
1.34820,-0.23144,0.00000,0.60000
1.34830,-0.23164,0.00000,0.60000
1.34840,-0.23185,0.00000,0.60000
1.34850,-0.23205,0.00000,0.60000
1.34860,-0.23226,0.00000,0.60000
1.34870,-0.23246,0.00000,0.60000
1.34880,-0.23267,0.00000,0.60000
1.34890,-0.23287,0.00000,0.60000
1.34900,-0.23308,0.00000,0.60000
1.34910,-0.23328,0.00000,0.60000
1.34920,-0.23348,0.00000,0.60000
1.34930,-0.23369,0.00000,0.60000
1.34940,-0.23389,0.00000,0.60000
1.34950,-0.23410,0.00000,0.60000
1.34960,-0.23430,0.00000,0.60000
1.34970,-0.23450,0.00000,0.60000
1.34980,-0.23471,0.00000,0.60000
1.34990,-0.23491,0.00000,0.60000
1.35000,-0.23511,0.00000,0.60000
1.35010,-0.23532,0.00000,0.60000
1.35020,-0.23552,0.00000,0.60000
1.35030,-0.23572,0.00000,0.60000
1.35040,-0.23593,0.00000,0.60000
1.35050,-0.23613,0.00000,0.60000
1.35060,-0.23633,0.00000,0.60000
1.35070,-0.23654,0.00000,0.60000
1.35080,-0.23674,0.00000,0.60000
1.35090,-0.23694,0.00000,0.60000
1.35100,-0.23714,0.00000,0.60000
1.35110,-0.23735,0.00000,0.60000
1.35120,-0.23755,0.00000,0.60000
1.35130,-0.23775,0.00000,0.60000
1.35140,-0.23795,0.00000,0.60000
1.35150,-0.23815,0.00000,0.60000
1.35160,-0.23836,0.00000,0.60000
1.35170,-0.23856,0.00000,0.60000
1.35180,-0.23876,0.00000,0.60000
1.35190,-0.23896,0.00000,0.60000
1.35200,-0.23916,0.00000,0.60000
1.35210,-0.23936,0.00000,0.60000
1.35220,-0.23956,0.00000,0.60000
1.35230,-0.23977,0.00000,0.60000
1.35240,-0.23997,0.00000,0.60000
1.35250,-0.24017,0.00000,0.60000
1.35260,-0.24037,0.00000,0.60000
1.35270,-0.24057,0.00000,0.60000
1.35280,-0.24077,0.00000,0.60000
1.35290,-0.24097,0.00000,0.60000
1.35300,-0.24117,0.00000,0.60000
1.35310,-0.24137,0.00000,0.60000
1.35320,-0.24157,0.00000,0.60000
1.35330,-0.24177,0.00000,0.60000
1.35340,-0.24197,0.00000,0.60000
1.35350,-0.24217,0.00000,0.60000
1.35360,-0.24237,0.00000,0.60000
1.35370,-0.24257,0.00000,0.60000
1.35380,-0.24277,0.00000,0.60000
1.35390,-0.24297,0.00000,0.60000
1.35400,-0.24317,0.00000,0.60000
1.35410,-0.24337,0.00000,0.60000
1.35420,-0.24357,0.00000,0.60000
1.35430,-0.24377,0.00000,0.60000
1.35440,-0.24397,0.00000,0.60000
1.35450,-0.24417,0.00000,0.60000
1.35460,-0.24437,0.00000,0.60000
1.35470,-0.24457,0.00000,0.60000
1.35480,-0.24477,0.00000,0.60000
1.35490,-0.24496,0.00000,0.60000
1.35500,-0.24516,0.00000,0.60000
1.35510,-0.24536,0.00000,0.60000
1.35520,-0.24556,0.00000,0.60000
1.35530,-0.24576,0.00000,0.60000
1.35540,-0.24596,0.00000,0.60000
1.35550,-0.24615,0.00000,0.60000
1.35560,-0.24635,0.00000,0.60000
1.35570,-0.24655,0.00000,0.60000
1.35580,-0.24675,0.00000,0.60000
1.35590,-0.24695,0.00000,0.60000
1.35600,-0.24714,0.00000,0.60000
1.35610,-0.24734,0.00000,0.60000
1.35620,-0.24754,0.00000,0.60000
1.35630,-0.24774,0.00000,0.60000
1.35640,-0.24793,0.00000,0.60000
1.35650,-0.24813,0.00000,0.60000
1.35660,-0.24833,0.00000,0.60000
1.35670,-0.24852,0.00000,0.60000
1.35680,-0.24872,0.00000,0.60000
1.35690,-0.24892,0.00000,0.60000
1.35700,-0.24912,0.00000,0.60000
1.35710,-0.24931,0.00000,0.60000
1.35720,-0.24951,0.00000,0.60000
1.35730,-0.24970,0.00000,0.60000
1.35740,-0.24990,0.00000,0.60000
1.35750,-0.25010,0.00000,0.60000
1.35760,-0.25029,0.00000,0.60000
1.35770,-0.25049,0.00000,0.60000
1.35780,-0.25069,0.00000,0.60000
1.35790,-0.25088,0.00000,0.60000
1.35800,-0.25108,0.00000,0.60000
1.35810,-0.25127,0.00000,0.60000
1.35820,-0.25147,0.00000,0.60000
1.35830,-0.25166,0.00000,0.60000
1.35840,-0.25186,0.00000,0.60000
1.35850,-0.25205,0.00000,0.60000
1.35860,-0.25225,0.00000,0.60000
1.35870,-0.25244,0.00000,0.60000
1.35880,-0.25264,0.00000,0.60000
1.35890,-0.25283,0.00000,0.60000
1.35900,-0.25303,0.00000,0.60000
1.35910,-0.25322,0.00000,0.60000
1.35920,-0.25342,0.00000,0.60000
1.35930,-0.25361,0.00000,0.60000
1.35940,-0.25381,0.00000,0.60000
1.35950,-0.25400,0.00000,0.60000
1.35960,-0.25419,0.00000,0.60000
1.35970,-0.25439,0.00000,0.60000
1.35980,-0.25458,0.00000,0.60000
1.35990,-0.25478,0.00000,0.60000
1.36000,-0.25497,0.00000,0.60000
1.36010,-0.25516,0.00000,0.60000
1.36020,-0.25536,0.00000,0.60000
1.36030,-0.25555,0.00000,0.60000
1.36040,-0.25574,0.00000,0.60000
1.36050,-0.25594,0.00000,0.60000
1.36060,-0.25613,0.00000,0.60000
1.36070,-0.25632,0.00000,0.60000
1.36080,-0.25652,0.00000,0.60000
1.36090,-0.25671,0.00000,0.60000
1.36100,-0.25690,0.00000,0.60000
1.36110,-0.25709,0.00000,0.60000
1.36120,-0.25729,0.00000,0.60000
1.36130,-0.25748,0.00000,0.60000
1.36140,-0.25767,0.00000,0.60000
1.36150,-0.25786,0.00000,0.60000
1.36160,-0.25806,0.00000,0.60000
1.36170,-0.25825,0.00000,0.60000
1.36180,-0.25844,0.00000,0.60000
1.36190,-0.25863,0.00000,0.60000
1.36200,-0.25882,0.00000,0.60000
1.36210,-0.25901,0.00000,0.60000
1.36220,-0.25921,0.00000,0.60000
1.36230,-0.25940,0.00000,0.60000
1.36240,-0.25959,0.00000,0.60000
1.36250,-0.25978,0.00000,0.60000
1.36260,-0.25997,0.00000,0.60000
1.36270,-0.26016,0.00000,0.60000
1.36280,-0.26035,0.00000,0.60000
1.36290,-0.26054,0.00000,0.60000
1.36300,-0.26073,0.00000,0.60000
1.36310,-0.26092,0.00000,0.60000
1.36320,-0.26111,0.00000,0.60000
1.36330,-0.26130,0.00000,0.60000
1.36340,-0.26150,0.00000,0.60000
1.36350,-0.26169,0.00000,0.60000
1.36360,-0.26188,0.00000,0.60000
1.36370,-0.26207,0.00000,0.60000
1.36380,-0.26225,0.00000,0.60000
1.36390,-0.26244,0.00000,0.60000
1.36400,-0.26263,0.00000,0.60000
1.36410,-0.26282,0.00000,0.60000
1.36420,-0.26301,0.00000,0.60000
1.36430,-0.26320,0.00000,0.60000
1.36440,-0.26339,0.00000,0.60000
1.36450,-0.26358,0.00000,0.60000
1.36460,-0.26377,0.00000,0.60000
1.36470,-0.26396,0.00000,0.60000
1.36480,-0.26415,0.00000,0.60000
1.36490,-0.26434,0.00000,0.60000
1.36500,-0.26452,0.00000,0.60000
1.36510,-0.26471,0.00000,0.60000
1.36520,-0.26490,0.00000,0.60000
1.36530,-0.26509,0.00000,0.60000
1.36540,-0.26528,0.00000,0.60000
1.36550,-0.26547,0.00000,0.60000
1.36560,-0.26565,0.00000,0.60000
1.36570,-0.26584,0.00000,0.60000
1.36580,-0.26603,0.00000,0.60000
1.36590,-0.26622,0.00000,0.60000
1.36600,-0.26640,0.00000,0.60000
1.36610,-0.26659,0.00000,0.60000
1.36620,-0.26678,0.00000,0.60000
1.36630,-0.26697,0.00000,0.60000
1.36640,-0.26715,0.00000,0.60000
1.36650,-0.26734,0.00000,0.60000
1.36660,-0.26753,0.00000,0.60000
1.36670,-0.26771,0.00000,0.60000
1.36680,-0.26790,0.00000,0.60000
1.36690,-0.26809,0.00000,0.60000
1.36700,-0.26827,0.00000,0.60000
1.36710,-0.26846,0.00000,0.60000
1.36720,-0.26865,0.00000,0.60000
1.36730,-0.26883,0.00000,0.60000
1.36740,-0.26902,0.00000,0.60000
1.36750,-0.26921,0.00000,0.60000
1.36760,-0.26939,0.00000,0.60000
1.36770,-0.26958,0.00000,0.60000
1.36780,-0.26976,0.00000,0.60000
1.36790,-0.26995,0.00000,0.60000
1.36800,-0.27013,0.00000,0.60000
1.36810,-0.27032,0.00000,0.60000
1.36820,-0.27050,0.00000,0.60000
1.36830,-0.27069,0.00000,0.60000
1.36840,-0.27087,0.00000,0.60000
1.36850,-0.27106,0.00000,0.60000
1.36860,-0.27124,0.00000,0.60000
1.36870,-0.27143,0.00000,0.60000
1.36880,-0.27161,0.00000,0.60000
1.36890,-0.27180,0.00000,0.60000
1.36900,-0.27198,0.00000,0.60000
1.36910,-0.27217,0.00000,0.60000
1.36920,-0.27235,0.00000,0.60000
1.36930,-0.27253,0.00000,0.60000
1.36940,-0.27272,0.00000,0.60000
1.36950,-0.27290,0.00000,0.60000
1.36960,-0.27309,0.00000,0.60000
1.36970,-0.27327,0.00000,0.60000
1.36980,-0.27345,0.00000,0.60000
1.36990,-0.27364,0.00000,0.60000
1.37000,-0.27382,0.00000,0.60000
1.37010,-0.27400,0.00000,0.60000
1.37020,-0.27419,0.00000,0.60000
1.37030,-0.27437,0.00000,0.60000
1.37040,-0.27455,0.00000,0.60000
1.37050,-0.27473,0.00000,0.60000
1.37060,-0.27492,0.00000,0.60000
1.37070,-0.27510,0.00000,0.60000
1.37080,-0.27528,0.00000,0.60000
1.37090,-0.27546,0.00000,0.60000
1.37100,-0.27565,0.00000,0.60000
1.37110,-0.27583,0.00000,0.60000
1.37120,-0.27601,0.00000,0.60000
1.37130,-0.27619,0.00000,0.60000
1.37140,-0.27637,0.00000,0.60000
1.37150,-0.27655,0.00000,0.60000
1.37160,-0.27674,0.00000,0.60000
1.37170,-0.27692,0.00000,0.60000
1.37180,-0.27710,0.00000,0.60000
1.37190,-0.27728,0.00000,0.60000
1.37200,-0.27746,0.00000,0.60000
1.37210,-0.27764,0.00000,0.60000
1.37220,-0.27782,0.00000,0.60000
1.37230,-0.27800,0.00000,0.60000
1.37240,-0.27818,0.00000,0.60000
1.37250,-0.27837,0.00000,0.60000
1.37260,-0.27855,0.00000,0.60000
1.37270,-0.27873,0.00000,0.60000
1.37280,-0.27891,0.00000,0.60000
1.37290,-0.27909,0.00000,0.60000
1.37300,-0.27927,0.00000,0.60000
1.37310,-0.27945,0.00000,0.60000
1.37320,-0.27963,0.00000,0.60000
1.37330,-0.27981,0.00000,0.60000
1.37340,-0.27999,0.00000,0.60000
1.37350,-0.28016,0.00000,0.60000
1.37360,-0.28034,0.00000,0.60000
1.37370,-0.28052,0.00000,0.60000
1.37380,-0.28070,0.00000,0.60000
1.37390,-0.28088,0.00000,0.60000
1.37400,-0.28106,0.00000,0.60000
1.37410,-0.28124,0.00000,0.60000
1.37420,-0.28142,0.00000,0.60000
1.37430,-0.28160,0.00000,0.60000
1.37440,-0.28177,0.00000,0.60000
1.37450,-0.28195,0.00000,0.60000
1.37460,-0.28213,0.00000,0.60000
1.37470,-0.28231,0.00000,0.60000
1.37480,-0.28249,0.00000,0.60000
1.37490,-0.28266,0.00000,0.60000
1.37500,-0.28284,0.00000,0.60000
1.37510,-0.28302,0.00000,0.60000
1.37520,-0.28320,0.00000,0.60000
1.37530,-0.28338,0.00000,0.60000
1.37540,-0.28355,0.00000,0.60000
1.37550,-0.28373,0.00000,0.60000
1.37560,-0.28391,0.00000,0.60000
1.37570,-0.28408,0.00000,0.60000
1.37580,-0.28426,0.00000,0.60000
1.37590,-0.28444,0.00000,0.60000
1.37600,-0.28461,0.00000,0.60000
1.37610,-0.28479,0.00000,0.60000
1.37620,-0.28497,0.00000,0.60000
1.37630,-0.28514,0.00000,0.60000
1.37640,-0.28532,0.00000,0.60000
1.37650,-0.28550,0.00000,0.60000
1.37660,-0.28567,0.00000,0.60000
1.37670,-0.28585,0.00000,0.60000
1.37680,-0.28602,0.00000,0.60000
1.37690,-0.28620,0.00000,0.60000
1.37700,-0.28637,0.00000,0.60000
1.37710,-0.28655,0.00000,0.60000
1.37720,-0.28673,0.00000,0.60000
1.37730,-0.28690,0.00000,0.60000
1.37740,-0.28708,0.00000,0.60000
1.37750,-0.28725,0.00000,0.60000
1.37760,-0.28743,0.00000,0.60000
1.37770,-0.28760,0.00000,0.60000
1.37780,-0.28777,0.00000,0.60000
1.37790,-0.28795,0.00000,0.60000
1.37800,-0.28812,0.00000,0.60000
1.37810,-0.28830,0.00000,0.60000
1.37820,-0.28847,0.00000,0.60000
1.37830,-0.28865,0.00000,0.60000
1.37840,-0.28882,0.00000,0.60000
1.37850,-0.28899,0.00000,0.60000
1.37860,-0.28917,0.00000,0.60000
1.37870,-0.28934,0.00000,0.60000
1.37880,-0.28951,0.00000,0.60000
1.37890,-0.28969,0.00000,0.60000
1.37900,-0.28986,0.00000,0.60000
1.37910,-0.29003,0.00000,0.60000
1.37920,-0.29021,0.00000,0.60000
1.37930,-0.29038,0.00000,0.60000
1.37940,-0.29055,0.00000,0.60000
1.37950,-0.29073,0.00000,0.60000
1.37960,-0.29090,0.00000,0.60000
1.37970,-0.29107,0.00000,0.60000
1.37980,-0.29124,0.00000,0.60000
1.37990,-0.29142,0.00000,0.60000
1.38000,-0.29159,0.00000,0.60000
1.38010,-0.29176,0.00000,0.60000
1.38020,-0.29193,0.00000,0.60000
1.38030,-0.29210,0.00000,0.60000
1.38040,-0.29227,0.00000,0.60000
1.38050,-0.29245,0.00000,0.60000
1.38060,-0.29262,0.00000,0.60000
1.38070,-0.29279,0.00000,0.60000
1.38080,-0.29296,0.00000,0.60000
1.38090,-0.29313,0.00000,0.60000
1.38100,-0.29330,0.00000,0.60000
1.38110,-0.29347,0.00000,0.60000
1.38120,-0.29364,0.00000,0.60000
1.38130,-0.29381,0.00000,0.60000
1.38140,-0.29398,0.00000,0.60000
1.38150,-0.29416,0.00000,0.60000
1.38160,-0.29433,0.00000,0.60000
1.38170,-0.29450,0.00000,0.60000
1.38180,-0.29467,0.00000,0.60000
1.38190,-0.29484,0.00000,0.60000
1.38200,-0.29501,0.00000,0.60000
1.38210,-0.29517,0.00000,0.60000
1.38220,-0.29534,0.00000,0.60000
1.38230,-0.29551,0.00000,0.60000
1.38240,-0.29568,0.00000,0.60000
1.38250,-0.29585,0.00000,0.60000
1.38260,-0.29602,0.00000,0.60000
1.38270,-0.29619,0.00000,0.60000
1.38280,-0.29636,0.00000,0.60000
1.38290,-0.29653,0.00000,0.60000
1.38300,-0.29670,0.00000,0.60000
1.38310,-0.29687,0.00000,0.60000
1.38320,-0.29703,0.00000,0.60000
1.38330,-0.29720,0.00000,0.60000
1.38340,-0.29737,0.00000,0.60000
1.38350,-0.29754,0.00000,0.60000
1.38360,-0.29771,0.00000,0.60000
1.38370,-0.29787,0.00000,0.60000
1.38380,-0.29804,0.00000,0.60000
1.38390,-0.29821,0.00000,0.60000
1.38400,-0.29838,0.00000,0.60000
1.38410,-0.29854,0.00000,0.60000
1.38420,-0.29871,0.00000,0.60000
1.38430,-0.29888,0.00000,0.60000
1.38440,-0.29905,0.00000,0.60000
1.38450,-0.29921,0.00000,0.60000
1.38460,-0.29938,0.00000,0.60000
1.38470,-0.29955,0.00000,0.60000
1.38480,-0.29971,0.00000,0.60000
1.38490,-0.29988,0.00000,0.60000
1.38500,-0.30004,0.00000,0.60000
1.38510,-0.30021,0.00000,0.60000
1.38520,-0.30038,0.00000,0.60000
1.38530,-0.30054,0.00000,0.60000
1.38540,-0.30071,0.00000,0.60000
1.38550,-0.30087,0.00000,0.60000
1.38560,-0.30104,0.00000,0.60000
1.38570,-0.30120,0.00000,0.60000
1.38580,-0.30137,0.00000,0.60000
1.38590,-0.30154,0.00000,0.60000
1.38600,-0.30170,0.00000,0.60000
1.38610,-0.30187,0.00000,0.60000
1.38620,-0.30203,0.00000,0.60000
1.38630,-0.30220,0.00000,0.60000
1.38640,-0.30236,0.00000,0.60000
1.38650,-0.30252,0.00000,0.60000
1.38660,-0.30269,0.00000,0.60000
1.38670,-0.30285,0.00000,0.60000
1.38680,-0.30302,0.00000,0.60000
1.38690,-0.30318,0.00000,0.60000
1.38700,-0.30334,0.00000,0.60000
1.38710,-0.30351,0.00000,0.60000
1.38720,-0.30367,0.00000,0.60000
1.38730,-0.30384,0.00000,0.60000
1.38740,-0.30400,0.00000,0.60000
1.38750,-0.30416,0.00000,0.60000
1.38760,-0.30433,0.00000,0.60000
1.38770,-0.30449,0.00000,0.60000
1.38780,-0.30465,0.00000,0.60000
1.38790,-0.30481,0.00000,0.60000
1.38800,-0.30498,0.00000,0.60000
1.38810,-0.30514,0.00000,0.60000
1.38820,-0.30530,0.00000,0.60000
1.38830,-0.30546,0.00000,0.60000
1.38840,-0.30563,0.00000,0.60000
1.38850,-0.30579,0.00000,0.60000
1.38860,-0.30595,0.00000,0.60000
1.38870,-0.30611,0.00000,0.60000
1.38880,-0.30627,0.00000,0.60000
1.38890,-0.30644,0.00000,0.60000
1.38900,-0.30660,0.00000,0.60000
1.38910,-0.30676,0.00000,0.60000
1.38920,-0.30692,0.00000,0.60000
1.38930,-0.30708,0.00000,0.60000
1.38940,-0.30724,0.00000,0.60000
1.38950,-0.30740,0.00000,0.60000
1.38960,-0.30756,0.00000,0.60000
1.38970,-0.30772,0.00000,0.60000
1.38980,-0.30788,0.00000,0.60000
1.38990,-0.30805,0.00000,0.60000
1.39000,-0.30821,0.00000,0.60000
1.39010,-0.30837,0.00000,0.60000
1.39020,-0.30853,0.00000,0.60000
1.39030,-0.30869,0.00000,0.60000
1.39040,-0.30885,0.00000,0.60000
1.39050,-0.30900,0.00000,0.60000
1.39060,-0.30916,0.00000,0.60000
1.39070,-0.30932,0.00000,0.60000
1.39080,-0.30948,0.00000,0.60000
1.39090,-0.30964,0.00000,0.60000
1.39100,-0.30980,0.00000,0.60000
1.39110,-0.30996,0.00000,0.60000
1.39120,-0.31012,0.00000,0.60000
1.39130,-0.31028,0.00000,0.60000
1.39140,-0.31044,0.00000,0.60000
1.39150,-0.31059,0.00000,0.60000
1.39160,-0.31075,0.00000,0.60000
1.39170,-0.31091,0.00000,0.60000
1.39180,-0.31107,0.00000,0.60000
1.39190,-0.31123,0.00000,0.60000
1.39200,-0.31138,0.00000,0.60000
1.39210,-0.31154,0.00000,0.60000
1.39220,-0.31170,0.00000,0.60000
1.39230,-0.31186,0.00000,0.60000
1.39240,-0.31201,0.00000,0.60000
1.39250,-0.31217,0.00000,0.60000
1.39260,-0.31233,0.00000,0.60000
1.39270,-0.31249,0.00000,0.60000
1.39280,-0.31264,0.00000,0.60000
1.39290,-0.31280,0.00000,0.60000
1.39300,-0.31296,0.00000,0.60000
1.39310,-0.31311,0.00000,0.60000
1.39320,-0.31327,0.00000,0.60000
1.39330,-0.31343,0.00000,0.60000
1.39340,-0.31358,0.00000,0.60000
1.39350,-0.31374,0.00000,0.60000
1.39360,-0.31389,0.00000,0.60000
1.39370,-0.31405,0.00000,0.60000
1.39380,-0.31420,0.00000,0.60000
1.39390,-0.31436,0.00000,0.60000
1.39400,-0.31452,0.00000,0.60000
1.39410,-0.31467,0.00000,0.60000
1.39420,-0.31483,0.00000,0.60000
1.39430,-0.31498,0.00000,0.60000
1.39440,-0.31514,0.00000,0.60000
1.39450,-0.31529,0.00000,0.60000
1.39460,-0.31544,0.00000,0.60000
1.39470,-0.31560,0.00000,0.60000
1.39480,-0.31575,0.00000,0.60000
1.39490,-0.31591,0.00000,0.60000
1.39500,-0.31606,0.00000,0.60000
1.39510,-0.31622,0.00000,0.60000
1.39520,-0.31637,0.00000,0.60000
1.39530,-0.31652,0.00000,0.60000
1.39540,-0.31668,0.00000,0.60000
1.39550,-0.31683,0.00000,0.60000
1.39560,-0.31698,0.00000,0.60000
1.39570,-0.31714,0.00000,0.60000
1.39580,-0.31729,0.00000,0.60000
1.39590,-0.31744,0.00000,0.60000
1.39600,-0.31760,0.00000,0.60000
1.39610,-0.31775,0.00000,0.60000
1.39620,-0.31790,0.00000,0.60000
1.39630,-0.31805,0.00000,0.60000
1.39640,-0.31821,0.00000,0.60000
1.39650,-0.31836,0.00000,0.60000
1.39660,-0.31851,0.00000,0.60000
1.39670,-0.31866,0.00000,0.60000
1.39680,-0.31881,0.00000,0.60000
1.39690,-0.31897,0.00000,0.60000
1.39700,-0.31912,0.00000,0.60000
1.39710,-0.31927,0.00000,0.60000
1.39720,-0.31942,0.00000,0.60000
1.39730,-0.31957,0.00000,0.60000
1.39740,-0.31972,0.00000,0.60000
1.39750,-0.31987,0.00000,0.60000
1.39760,-0.32002,0.00000,0.60000
1.39770,-0.32018,0.00000,0.60000
1.39780,-0.32033,0.00000,0.60000
1.39790,-0.32048,0.00000,0.60000
1.39800,-0.32063,0.00000,0.60000
1.39810,-0.32078,0.00000,0.60000
1.39820,-0.32093,0.00000,0.60000
1.39830,-0.32108,0.00000,0.60000
1.39840,-0.32123,0.00000,0.60000
1.39850,-0.32138,0.00000,0.60000
1.39860,-0.32153,0.00000,0.60000
1.39870,-0.32168,0.00000,0.60000
1.39880,-0.32182,0.00000,0.60000
1.39890,-0.32197,0.00000,0.60000
1.39900,-0.32212,0.00000,0.60000
1.39910,-0.32227,0.00000,0.60000
1.39920,-0.32242,0.00000,0.60000
1.39930,-0.32257,0.00000,0.60000
1.39940,-0.32272,0.00000,0.60000
1.39950,-0.32287,0.00000,0.60000
1.39960,-0.32301,0.00000,0.60000
1.39970,-0.32316,0.00000,0.60000
1.39980,-0.32331,0.00000,0.60000
1.39990,-0.32346,0.00000,0.60000
1.40000,-0.32361,0.00000,0.60000
1.40010,-0.32375,0.00000,0.60000
1.40020,-0.32390,0.00000,0.60000
1.40030,-0.32405,0.00000,0.60000
1.40040,-0.32420,0.00000,0.60000
1.40050,-0.32434,0.00000,0.60000
1.40060,-0.32449,0.00000,0.60000
1.40070,-0.32464,0.00000,0.60000
1.40080,-0.32478,0.00000,0.60000
1.40090,-0.32493,0.00000,0.60000
1.40100,-0.32508,0.00000,0.60000
1.40110,-0.32522,0.00000,0.60000
1.40120,-0.32537,0.00000,0.60000
1.40130,-0.32552,0.00000,0.60000
1.40140,-0.32566,0.00000,0.60000
1.40150,-0.32581,0.00000,0.60000
1.40160,-0.32595,0.00000,0.60000
1.40170,-0.32610,0.00000,0.60000
1.40180,-0.32625,0.00000,0.60000
1.40190,-0.32639,0.00000,0.60000
1.40200,-0.32654,0.00000,0.60000
1.40210,-0.32668,0.00000,0.60000
1.40220,-0.32683,0.00000,0.60000
1.40230,-0.32697,0.00000,0.60000
1.40240,-0.32712,0.00000,0.60000
1.40250,-0.32726,0.00000,0.60000
1.40260,-0.32740,0.00000,0.60000
1.40270,-0.32755,0.00000,0.60000
1.40280,-0.32769,0.00000,0.60000
1.40290,-0.32784,0.00000,0.60000
1.40300,-0.32798,0.00000,0.60000
1.40310,-0.32812,0.00000,0.60000
1.40320,-0.32827,0.00000,0.60000
1.40330,-0.32841,0.00000,0.60000
1.40340,-0.32856,0.00000,0.60000
1.40350,-0.32870,0.00000,0.60000
1.40360,-0.32884,0.00000,0.60000
1.40370,-0.32898,0.00000,0.60000
1.40380,-0.32913,0.00000,0.60000
1.40390,-0.32927,0.00000,0.60000
1.40400,-0.32941,0.00000,0.60000
1.40410,-0.32956,0.00000,0.60000
1.40420,-0.32970,0.00000,0.60000
1.40430,-0.32984,0.00000,0.60000
1.40440,-0.32998,0.00000,0.60000
1.40450,-0.33012,0.00000,0.60000
1.40460,-0.33027,0.00000,0.60000
1.40470,-0.33041,0.00000,0.60000
1.40480,-0.33055,0.00000,0.60000
1.40490,-0.33069,0.00000,0.60000
1.40500,-0.33083,0.00000,0.60000
1.40510,-0.33097,0.00000,0.60000
1.40520,-0.33111,0.00000,0.60000
1.40530,-0.33126,0.00000,0.60000
1.40540,-0.33140,0.00000,0.60000
1.40550,-0.33154,0.00000,0.60000
1.40560,-0.33168,0.00000,0.60000
1.40570,-0.33182,0.00000,0.60000
1.40580,-0.33196,0.00000,0.60000
1.40590,-0.33210,0.00000,0.60000
1.40600,-0.33224,0.00000,0.60000
1.40610,-0.33238,0.00000,0.60000
1.40620,-0.33252,0.00000,0.60000
1.40630,-0.33266,0.00000,0.60000
1.40640,-0.33280,0.00000,0.60000
1.40650,-0.33294,0.00000,0.60000
1.40660,-0.33308,0.00000,0.60000
1.40670,-0.33321,0.00000,0.60000
1.40680,-0.33335,0.00000,0.60000
1.40690,-0.33349,0.00000,0.60000
1.40700,-0.33363,0.00000,0.60000
1.40710,-0.33377,0.00000,0.60000
1.40720,-0.33391,0.00000,0.60000
1.40730,-0.33405,0.00000,0.60000
1.40740,-0.33418,0.00000,0.60000
1.40750,-0.33432,0.00000,0.60000
1.40760,-0.33446,0.00000,0.60000
1.40770,-0.33460,0.00000,0.60000
1.40780,-0.33474,0.00000,0.60000
1.40790,-0.33487,0.00000,0.60000
1.40800,-0.33501,0.00000,0.60000
1.40810,-0.33515,0.00000,0.60000
1.40820,-0.33529,0.00000,0.60000
1.40830,-0.33542,0.00000,0.60000
1.40840,-0.33556,0.00000,0.60000
1.40850,-0.33570,0.00000,0.60000
1.40860,-0.33583,0.00000,0.60000
1.40870,-0.33597,0.00000,0.60000
1.40880,-0.33611,0.00000,0.60000
1.40890,-0.33624,0.00000,0.60000
1.40900,-0.33638,0.00000,0.60000
1.40910,-0.33651,0.00000,0.60000
1.40920,-0.33665,0.00000,0.60000
1.40930,-0.33679,0.00000,0.60000
1.40940,-0.33692,0.00000,0.60000
1.40950,-0.33706,0.00000,0.60000
1.40960,-0.33719,0.00000,0.60000
1.40970,-0.33733,0.00000,0.60000
1.40980,-0.33746,0.00000,0.60000
1.40990,-0.33760,0.00000,0.60000
1.41000,-0.33773,0.00000,0.60000
1.41010,-0.33787,0.00000,0.60000
1.41020,-0.33800,0.00000,0.60000
1.41030,-0.33813,0.00000,0.60000
1.41040,-0.33827,0.00000,0.60000
1.41050,-0.33840,0.00000,0.60000
1.41060,-0.33854,0.00000,0.60000
1.41070,-0.33867,0.00000,0.60000
1.41080,-0.33880,0.00000,0.60000
1.41090,-0.33894,0.00000,0.60000
1.41100,-0.33907,0.00000,0.60000
1.41110,-0.33920,0.00000,0.60000
1.41120,-0.33934,0.00000,0.60000
1.41130,-0.33947,0.00000,0.60000
1.41140,-0.33960,0.00000,0.60000
1.41150,-0.33974,0.00000,0.60000
1.41160,-0.33987,0.00000,0.60000
1.41170,-0.34000,0.00000,0.60000
1.41180,-0.34013,0.00000,0.60000
1.41190,-0.34027,0.00000,0.60000
1.41200,-0.34040,0.00000,0.60000
1.41210,-0.34053,0.00000,0.60000
1.41220,-0.34066,0.00000,0.60000
1.41230,-0.34079,0.00000,0.60000
1.41240,-0.34092,0.00000,0.60000
1.41250,-0.34106,0.00000,0.60000
1.41260,-0.34119,0.00000,0.60000
1.41270,-0.34132,0.00000,0.60000
1.41280,-0.34145,0.00000,0.60000
1.41290,-0.34158,0.00000,0.60000
1.41300,-0.34171,0.00000,0.60000
1.41310,-0.34184,0.00000,0.60000
1.41320,-0.34197,0.00000,0.60000
1.41330,-0.34210,0.00000,0.60000
1.41340,-0.34223,0.00000,0.60000
1.41350,-0.34236,0.00000,0.60000
1.41360,-0.34249,0.00000,0.60000
1.41370,-0.34262,0.00000,0.60000
1.41380,-0.34275,0.00000,0.60000
1.41390,-0.34288,0.00000,0.60000
1.41400,-0.34301,0.00000,0.60000
1.41410,-0.34314,0.00000,0.60000
1.41420,-0.34327,0.00000,0.60000
1.41430,-0.34340,0.00000,0.60000
1.41440,-0.34353,0.00000,0.60000
1.41450,-0.34366,0.00000,0.60000
1.41460,-0.34378,0.00000,0.60000
1.41470,-0.34391,0.00000,0.60000
1.41480,-0.34404,0.00000,0.60000
1.41490,-0.34417,0.00000,0.60000
1.41500,-0.34430,0.00000,0.60000
1.41510,-0.34442,0.00000,0.60000
1.41520,-0.34455,0.00000,0.60000
1.41530,-0.34468,0.00000,0.60000
1.41540,-0.34481,0.00000,0.60000
1.41550,-0.34493,0.00000,0.60000
1.41560,-0.34506,0.00000,0.60000
1.41570,-0.34519,0.00000,0.60000
1.41580,-0.34532,0.00000,0.60000
1.41590,-0.34544,0.00000,0.60000
1.41600,-0.34557,0.00000,0.60000
1.41610,-0.34570,0.00000,0.60000
1.41620,-0.34582,0.00000,0.60000
1.41630,-0.34595,0.00000,0.60000
1.41640,-0.34607,0.00000,0.60000
1.41650,-0.34620,0.00000,0.60000
1.41660,-0.34633,0.00000,0.60000
1.41670,-0.34645,0.00000,0.60000
1.41680,-0.34658,0.00000,0.60000
1.41690,-0.34670,0.00000,0.60000
1.41700,-0.34683,0.00000,0.60000
1.41710,-0.34695,0.00000,0.60000
1.41720,-0.34708,0.00000,0.60000
1.41730,-0.34720,0.00000,0.60000
1.41740,-0.34733,0.00000,0.60000
1.41750,-0.34745,0.00000,0.60000
1.41760,-0.34758,0.00000,0.60000
1.41770,-0.34770,0.00000,0.60000
1.41780,-0.34783,0.00000,0.60000
1.41790,-0.34795,0.00000,0.60000
1.41800,-0.34807,0.00000,0.60000
1.41810,-0.34820,0.00000,0.60000
1.41820,-0.34832,0.00000,0.60000
1.41830,-0.34844,0.00000,0.60000
1.41840,-0.34857,0.00000,0.60000
1.41850,-0.34869,0.00000,0.60000
1.41860,-0.34881,0.00000,0.60000
1.41870,-0.34894,0.00000,0.60000
1.41880,-0.34906,0.00000,0.60000
1.41890,-0.34918,0.00000,0.60000
1.41900,-0.34930,0.00000,0.60000
1.41910,-0.34943,0.00000,0.60000
1.41920,-0.34955,0.00000,0.60000
1.41930,-0.34967,0.00000,0.60000
1.41940,-0.34979,0.00000,0.60000
1.41950,-0.34992,0.00000,0.60000
1.41960,-0.35004,0.00000,0.60000
1.41970,-0.35016,0.00000,0.60000
1.41980,-0.35028,0.00000,0.60000
1.41990,-0.35040,0.00000,0.60000
1.42000,-0.35052,0.00000,0.60000
1.42010,-0.35064,0.00000,0.60000
1.42020,-0.35076,0.00000,0.60000
1.42030,-0.35089,0.00000,0.60000
1.42040,-0.35101,0.00000,0.60000
1.42050,-0.35113,0.00000,0.60000
1.42060,-0.35125,0.00000,0.60000
1.42070,-0.35137,0.00000,0.60000
1.42080,-0.35149,0.00000,0.60000
1.42090,-0.35161,0.00000,0.60000
1.42100,-0.35173,0.00000,0.60000
1.42110,-0.35185,0.00000,0.60000
1.42120,-0.35197,0.00000,0.60000
1.42130,-0.35208,0.00000,0.60000
1.42140,-0.35220,0.00000,0.60000
1.42150,-0.35232,0.00000,0.60000
1.42160,-0.35244,0.00000,0.60000
1.42170,-0.35256,0.00000,0.60000
1.42180,-0.35268,0.00000,0.60000
1.42190,-0.35280,0.00000,0.60000
1.42200,-0.35292,0.00000,0.60000
1.42210,-0.35303,0.00000,0.60000
1.42220,-0.35315,0.00000,0.60000
1.42230,-0.35327,0.00000,0.60000
1.42240,-0.35339,0.00000,0.60000
1.42250,-0.35351,0.00000,0.60000
1.42260,-0.35362,0.00000,0.60000
1.42270,-0.35374,0.00000,0.60000
1.42280,-0.35386,0.00000,0.60000
1.42290,-0.35398,0.00000,0.60000
1.42300,-0.35409,0.00000,0.60000
1.42310,-0.35421,0.00000,0.60000
1.42320,-0.35433,0.00000,0.60000
1.42330,-0.35444,0.00000,0.60000
1.42340,-0.35456,0.00000,0.60000
1.42350,-0.35468,0.00000,0.60000
1.42360,-0.35479,0.00000,0.60000
1.42370,-0.35491,0.00000,0.60000
1.42380,-0.35502,0.00000,0.60000
1.42390,-0.35514,0.00000,0.60000
1.42400,-0.35525,0.00000,0.60000
1.42410,-0.35537,0.00000,0.60000
1.42420,-0.35549,0.00000,0.60000
1.42430,-0.35560,0.00000,0.60000
1.42440,-0.35572,0.00000,0.60000
1.42450,-0.35583,0.00000,0.60000
1.42460,-0.35595,0.00000,0.60000
1.42470,-0.35606,0.00000,0.60000
1.42480,-0.35617,0.00000,0.60000
1.42490,-0.35629,0.00000,0.60000
1.42500,-0.35640,0.00000,0.60000
1.42510,-0.35652,0.00000,0.60000
1.42520,-0.35663,0.00000,0.60000
1.42530,-0.35674,0.00000,0.60000
1.42540,-0.35686,0.00000,0.60000
1.42550,-0.35697,0.00000,0.60000
1.42560,-0.35708,0.00000,0.60000
1.42570,-0.35720,0.00000,0.60000
1.42580,-0.35731,0.00000,0.60000
1.42590,-0.35742,0.00000,0.60000
1.42600,-0.35754,0.00000,0.60000
1.42610,-0.35765,0.00000,0.60000
1.42620,-0.35776,0.00000,0.60000
1.42630,-0.35787,0.00000,0.60000
1.42640,-0.35799,0.00000,0.60000
1.42650,-0.35810,0.00000,0.60000
1.42660,-0.35821,0.00000,0.60000
1.42670,-0.35832,0.00000,0.60000
1.42680,-0.35843,0.00000,0.60000
1.42690,-0.35855,0.00000,0.60000
1.42700,-0.35866,0.00000,0.60000
1.42710,-0.35877,0.00000,0.60000
1.42720,-0.35888,0.00000,0.60000
1.42730,-0.35899,0.00000,0.60000
1.42740,-0.35910,0.00000,0.60000
1.42750,-0.35921,0.00000,0.60000
1.42760,-0.35932,0.00000,0.60000
1.42770,-0.35943,0.00000,0.60000
1.42780,-0.35954,0.00000,0.60000
1.42790,-0.35965,0.00000,0.60000
1.42800,-0.35976,0.00000,0.60000
1.42810,-0.35987,0.00000,0.60000
1.42820,-0.35998,0.00000,0.60000
1.42830,-0.36009,0.00000,0.60000
1.42840,-0.36020,0.00000,0.60000
1.42850,-0.36031,0.00000,0.60000
1.42860,-0.36042,0.00000,0.60000
1.42870,-0.36053,0.00000,0.60000
1.42880,-0.36064,0.00000,0.60000
1.42890,-0.36075,0.00000,0.60000
1.42900,-0.36085,0.00000,0.60000
1.42910,-0.36096,0.00000,0.60000
1.42920,-0.36107,0.00000,0.60000
1.42930,-0.36118,0.00000,0.60000
1.42940,-0.36129,0.00000,0.60000
1.42950,-0.36139,0.00000,0.60000
1.42960,-0.36150,0.00000,0.60000
1.42970,-0.36161,0.00000,0.60000
1.42980,-0.36172,0.00000,0.60000
1.42990,-0.36182,0.00000,0.60000
1.43000,-0.36193,0.00000,0.60000
1.43010,-0.36204,0.00000,0.60000
1.43020,-0.36214,0.00000,0.60000
1.43030,-0.36225,0.00000,0.60000
1.43040,-0.36236,0.00000,0.60000
1.43050,-0.36246,0.00000,0.60000
1.43060,-0.36257,0.00000,0.60000
1.43070,-0.36268,0.00000,0.60000
1.43080,-0.36278,0.00000,0.60000
1.43090,-0.36289,0.00000,0.60000
1.43100,-0.36299,0.00000,0.60000
1.43110,-0.36310,0.00000,0.60000
1.43120,-0.36320,0.00000,0.60000
1.43130,-0.36331,0.00000,0.60000
1.43140,-0.36341,0.00000,0.60000
1.43150,-0.36352,0.00000,0.60000
1.43160,-0.36362,0.00000,0.60000
1.43170,-0.36373,0.00000,0.60000
1.43180,-0.36383,0.00000,0.60000
1.43190,-0.36394,0.00000,0.60000
1.43200,-0.36404,0.00000,0.60000
1.43210,-0.36415,0.00000,0.60000
1.43220,-0.36425,0.00000,0.60000
1.43230,-0.36435,0.00000,0.60000
1.43240,-0.36446,0.00000,0.60000
1.43250,-0.36456,0.00000,0.60000
1.43260,-0.36466,0.00000,0.60000
1.43270,-0.36477,0.00000,0.60000
1.43280,-0.36487,0.00000,0.60000
1.43290,-0.36497,0.00000,0.60000
1.43300,-0.36508,0.00000,0.60000
1.43310,-0.36518,0.00000,0.60000
1.43320,-0.36528,0.00000,0.60000
1.43330,-0.36538,0.00000,0.60000
1.43340,-0.36549,0.00000,0.60000
1.43350,-0.36559,0.00000,0.60000
1.43360,-0.36569,0.00000,0.60000
1.43370,-0.36579,0.00000,0.60000
1.43380,-0.36589,0.00000,0.60000
1.43390,-0.36600,0.00000,0.60000
1.43400,-0.36610,0.00000,0.60000
1.43410,-0.36620,0.00000,0.60000
1.43420,-0.36630,0.00000,0.60000
1.43430,-0.36640,0.00000,0.60000
1.43440,-0.36650,0.00000,0.60000
1.43450,-0.36660,0.00000,0.60000
1.43460,-0.36670,0.00000,0.60000
1.43470,-0.36680,0.00000,0.60000
1.43480,-0.36690,0.00000,0.60000
1.43490,-0.36700,0.00000,0.60000
1.43500,-0.36710,0.00000,0.60000
1.43510,-0.36720,0.00000,0.60000
1.43520,-0.36730,0.00000,0.60000
1.43530,-0.36740,0.00000,0.60000
1.43540,-0.36750,0.00000,0.60000
1.43550,-0.36760,0.00000,0.60000
1.43560,-0.36770,0.00000,0.60000
1.43570,-0.36780,0.00000,0.60000
1.43580,-0.36790,0.00000,0.60000
1.43590,-0.36799,0.00000,0.60000
1.43600,-0.36809,0.00000,0.60000
1.43610,-0.36819,0.00000,0.60000
1.43620,-0.36829,0.00000,0.60000
1.43630,-0.36839,0.00000,0.60000
1.43640,-0.36849,0.00000,0.60000
1.43650,-0.36858,0.00000,0.60000
1.43660,-0.36868,0.00000,0.60000
1.43670,-0.36878,0.00000,0.60000
1.43680,-0.36887,0.00000,0.60000
1.43690,-0.36897,0.00000,0.60000
1.43700,-0.36907,0.00000,0.60000
1.43710,-0.36917,0.00000,0.60000
1.43720,-0.36926,0.00000,0.60000
1.43730,-0.36936,0.00000,0.60000
1.43740,-0.36946,0.00000,0.60000
1.43750,-0.36955,0.00000,0.60000
1.43760,-0.36965,0.00000,0.60000
1.43770,-0.36974,0.00000,0.60000
1.43780,-0.36984,0.00000,0.60000
1.43790,-0.36994,0.00000,0.60000
1.43800,-0.37003,0.00000,0.60000
1.43810,-0.37013,0.00000,0.60000
1.43820,-0.37022,0.00000,0.60000
1.43830,-0.37032,0.00000,0.60000
1.43840,-0.37041,0.00000,0.60000
1.43850,-0.37051,0.00000,0.60000
1.43860,-0.37060,0.00000,0.60000
1.43870,-0.37070,0.00000,0.60000
1.43880,-0.37079,0.00000,0.60000
1.43890,-0.37088,0.00000,0.60000
1.43900,-0.37098,0.00000,0.60000
1.43910,-0.37107,0.00000,0.60000
1.43920,-0.37117,0.00000,0.60000
1.43930,-0.37126,0.00000,0.60000
1.43940,-0.37135,0.00000,0.60000
1.43950,-0.37145,0.00000,0.60000
1.43960,-0.37154,0.00000,0.60000
1.43970,-0.37163,0.00000,0.60000
1.43980,-0.37173,0.00000,0.60000
1.43990,-0.37182,0.00000,0.60000
1.44000,-0.37191,0.00000,0.60000
1.44010,-0.37200,0.00000,0.60000
1.44020,-0.37210,0.00000,0.60000
1.44030,-0.37219,0.00000,0.60000
1.44040,-0.37228,0.00000,0.60000
1.44050,-0.37237,0.00000,0.60000
1.44060,-0.37246,0.00000,0.60000
1.44070,-0.37255,0.00000,0.60000
1.44080,-0.37265,0.00000,0.60000
1.44090,-0.37274,0.00000,0.60000
1.44100,-0.37283,0.00000,0.60000
1.44110,-0.37292,0.00000,0.60000
1.44120,-0.37301,0.00000,0.60000
1.44130,-0.37310,0.00000,0.60000
1.44140,-0.37319,0.00000,0.60000
1.44150,-0.37328,0.00000,0.60000
1.44160,-0.37337,0.00000,0.60000
1.44170,-0.37346,0.00000,0.60000
1.44180,-0.37355,0.00000,0.60000
1.44190,-0.37364,0.00000,0.60000
1.44200,-0.37373,0.00000,0.60000
1.44210,-0.37382,0.00000,0.60000
1.44220,-0.37391,0.00000,0.60000
1.44230,-0.37400,0.00000,0.60000
1.44240,-0.37409,0.00000,0.60000
1.44250,-0.37418,0.00000,0.60000
1.44260,-0.37427,0.00000,0.60000
1.44270,-0.37435,0.00000,0.60000
1.44280,-0.37444,0.00000,0.60000
1.44290,-0.37453,0.00000,0.60000
1.44300,-0.37462,0.00000,0.60000
1.44310,-0.37471,0.00000,0.60000
1.44320,-0.37480,0.00000,0.60000
1.44330,-0.37488,0.00000,0.60000
1.44340,-0.37497,0.00000,0.60000
1.44350,-0.37506,0.00000,0.60000
1.44360,-0.37515,0.00000,0.60000
1.44370,-0.37523,0.00000,0.60000
1.44380,-0.37532,0.00000,0.60000
1.44390,-0.37541,0.00000,0.60000
1.44400,-0.37549,0.00000,0.60000
1.44410,-0.37558,0.00000,0.60000
1.44420,-0.37567,0.00000,0.60000
1.44430,-0.37575,0.00000,0.60000
1.44440,-0.37584,0.00000,0.60000
1.44450,-0.37592,0.00000,0.60000
1.44460,-0.37601,0.00000,0.60000
1.44470,-0.37610,0.00000,0.60000
1.44480,-0.37618,0.00000,0.60000
1.44490,-0.37627,0.00000,0.60000
1.44500,-0.37635,0.00000,0.60000
1.44510,-0.37644,0.00000,0.60000
1.44520,-0.37652,0.00000,0.60000
1.44530,-0.37661,0.00000,0.60000
1.44540,-0.37669,0.00000,0.60000
1.44550,-0.37678,0.00000,0.60000
1.44560,-0.37686,0.00000,0.60000
1.44570,-0.37694,0.00000,0.60000
1.44580,-0.37703,0.00000,0.60000
1.44590,-0.37711,0.00000,0.60000
1.44600,-0.37720,0.00000,0.60000
1.44610,-0.37728,0.00000,0.60000
1.44620,-0.37736,0.00000,0.60000
1.44630,-0.37745,0.00000,0.60000
1.44640,-0.37753,0.00000,0.60000
1.44650,-0.37761,0.00000,0.60000
1.44660,-0.37770,0.00000,0.60000
1.44670,-0.37778,0.00000,0.60000
1.44680,-0.37786,0.00000,0.60000
1.44690,-0.37794,0.00000,0.60000
1.44700,-0.37803,0.00000,0.60000
1.44710,-0.37811,0.00000,0.60000
1.44720,-0.37819,0.00000,0.60000
1.44730,-0.37827,0.00000,0.60000
1.44740,-0.37835,0.00000,0.60000
1.44750,-0.37843,0.00000,0.60000
1.44760,-0.37852,0.00000,0.60000
1.44770,-0.37860,0.00000,0.60000
1.44780,-0.37868,0.00000,0.60000
1.44790,-0.37876,0.00000,0.60000
1.44800,-0.37884,0.00000,0.60000
1.44810,-0.37892,0.00000,0.60000
1.44820,-0.37900,0.00000,0.60000
1.44830,-0.37908,0.00000,0.60000
1.44840,-0.37916,0.00000,0.60000
1.44850,-0.37924,0.00000,0.60000
1.44860,-0.37932,0.00000,0.60000
1.44870,-0.37940,0.00000,0.60000
1.44880,-0.37948,0.00000,0.60000
1.44890,-0.37956,0.00000,0.60000
1.44900,-0.37964,0.00000,0.60000
1.44910,-0.37972,0.00000,0.60000
1.44920,-0.37980,0.00000,0.60000
1.44930,-0.37988,0.00000,0.60000
1.44940,-0.37995,0.00000,0.60000
1.44950,-0.38003,0.00000,0.60000
1.44960,-0.38011,0.00000,0.60000
1.44970,-0.38019,0.00000,0.60000
1.44980,-0.38027,0.00000,0.60000
1.44990,-0.38034,0.00000,0.60000
1.45000,-0.38042,0.00000,0.60000
1.45010,-0.38050,0.00000,0.60000
1.45020,-0.38058,0.00000,0.60000
1.45030,-0.38065,0.00000,0.60000
1.45040,-0.38073,0.00000,0.60000
1.45050,-0.38081,0.00000,0.60000
1.45060,-0.38089,0.00000,0.60000
1.45070,-0.38096,0.00000,0.60000
1.45080,-0.38104,0.00000,0.60000
1.45090,-0.38112,0.00000,0.60000
1.45100,-0.38119,0.00000,0.60000
1.45110,-0.38127,0.00000,0.60000
1.45120,-0.38134,0.00000,0.60000
1.45130,-0.38142,0.00000,0.60000
1.45140,-0.38150,0.00000,0.60000
1.45150,-0.38157,0.00000,0.60000
1.45160,-0.38165,0.00000,0.60000
1.45170,-0.38172,0.00000,0.60000
1.45180,-0.38180,0.00000,0.60000
1.45190,-0.38187,0.00000,0.60000
1.45200,-0.38195,0.00000,0.60000
1.45210,-0.38202,0.00000,0.60000
1.45220,-0.38209,0.00000,0.60000
1.45230,-0.38217,0.00000,0.60000
1.45240,-0.38224,0.00000,0.60000
1.45250,-0.38232,0.00000,0.60000
1.45260,-0.38239,0.00000,0.60000
1.45270,-0.38246,0.00000,0.60000
1.45280,-0.38254,0.00000,0.60000
1.45290,-0.38261,0.00000,0.60000
1.45300,-0.38268,0.00000,0.60000
1.45310,-0.38276,0.00000,0.60000
1.45320,-0.38283,0.00000,0.60000
1.45330,-0.38290,0.00000,0.60000
1.45340,-0.38298,0.00000,0.60000
1.45350,-0.38305,0.00000,0.60000
1.45360,-0.38312,0.00000,0.60000
1.45370,-0.38319,0.00000,0.60000
1.45380,-0.38327,0.00000,0.60000
1.45390,-0.38334,0.00000,0.60000
1.45400,-0.38341,0.00000,0.60000
1.45410,-0.38348,0.00000,0.60000
1.45420,-0.38355,0.00000,0.60000
1.45430,-0.38362,0.00000,0.60000
1.45440,-0.38369,0.00000,0.60000
1.45450,-0.38376,0.00000,0.60000
1.45460,-0.38384,0.00000,0.60000
1.45470,-0.38391,0.00000,0.60000
1.45480,-0.38398,0.00000,0.60000
1.45490,-0.38405,0.00000,0.60000
1.45500,-0.38412,0.00000,0.60000
1.45510,-0.38419,0.00000,0.60000
1.45520,-0.38426,0.00000,0.60000
1.45530,-0.38433,0.00000,0.60000
1.45540,-0.38440,0.00000,0.60000
1.45550,-0.38447,0.00000,0.60000
1.45560,-0.38454,0.00000,0.60000
1.45570,-0.38460,0.00000,0.60000
1.45580,-0.38467,0.00000,0.60000
1.45590,-0.38474,0.00000,0.60000
1.45600,-0.38481,0.00000,0.60000
1.45610,-0.38488,0.00000,0.60000
1.45620,-0.38495,0.00000,0.60000
1.45630,-0.38502,0.00000,0.60000
1.45640,-0.38508,0.00000,0.60000
1.45650,-0.38515,0.00000,0.60000
1.45660,-0.38522,0.00000,0.60000
1.45670,-0.38529,0.00000,0.60000
1.45680,-0.38536,0.00000,0.60000
1.45690,-0.38542,0.00000,0.60000
1.45700,-0.38549,0.00000,0.60000
1.45710,-0.38556,0.00000,0.60000
1.45720,-0.38562,0.00000,0.60000
1.45730,-0.38569,0.00000,0.60000
1.45740,-0.38576,0.00000,0.60000
1.45750,-0.38582,0.00000,0.60000
1.45760,-0.38589,0.00000,0.60000
1.45770,-0.38596,0.00000,0.60000
1.45780,-0.38602,0.00000,0.60000
1.45790,-0.38609,0.00000,0.60000
1.45800,-0.38615,0.00000,0.60000
1.45810,-0.38622,0.00000,0.60000
1.45820,-0.38628,0.00000,0.60000
1.45830,-0.38635,0.00000,0.60000
1.45840,-0.38641,0.00000,0.60000
1.45850,-0.38648,0.00000,0.60000
1.45860,-0.38654,0.00000,0.60000
1.45870,-0.38661,0.00000,0.60000
1.45880,-0.38667,0.00000,0.60000
1.45890,-0.38674,0.00000,0.60000
1.45900,-0.38680,0.00000,0.60000
1.45910,-0.38686,0.00000,0.60000
1.45920,-0.38693,0.00000,0.60000
1.45930,-0.38699,0.00000,0.60000
1.45940,-0.38706,0.00000,0.60000
1.45950,-0.38712,0.00000,0.60000
1.45960,-0.38718,0.00000,0.60000
1.45970,-0.38725,0.00000,0.60000
1.45980,-0.38731,0.00000,0.60000
1.45990,-0.38737,0.00000,0.60000
1.46000,-0.38743,0.00000,0.60000
1.46010,-0.38750,0.00000,0.60000
1.46020,-0.38756,0.00000,0.60000
1.46030,-0.38762,0.00000,0.60000
1.46040,-0.38768,0.00000,0.60000
1.46050,-0.38774,0.00000,0.60000
1.46060,-0.38781,0.00000,0.60000
1.46070,-0.38787,0.00000,0.60000
1.46080,-0.38793,0.00000,0.60000
1.46090,-0.38799,0.00000,0.60000
1.46100,-0.38805,0.00000,0.60000
1.46110,-0.38811,0.00000,0.60000
1.46120,-0.38817,0.00000,0.60000
1.46130,-0.38823,0.00000,0.60000
1.46140,-0.38829,0.00000,0.60000
1.46150,-0.38835,0.00000,0.60000
1.46160,-0.38841,0.00000,0.60000
1.46170,-0.38847,0.00000,0.60000
1.46180,-0.38853,0.00000,0.60000
1.46190,-0.38859,0.00000,0.60000
1.46200,-0.38865,0.00000,0.60000
1.46210,-0.38871,0.00000,0.60000
1.46220,-0.38877,0.00000,0.60000
1.46230,-0.38883,0.00000,0.60000
1.46240,-0.38889,0.00000,0.60000
1.46250,-0.38895,0.00000,0.60000
1.46260,-0.38901,0.00000,0.60000
1.46270,-0.38907,0.00000,0.60000
1.46280,-0.38912,0.00000,0.60000
1.46290,-0.38918,0.00000,0.60000
1.46300,-0.38924,0.00000,0.60000
1.46310,-0.38930,0.00000,0.60000
1.46320,-0.38935,0.00000,0.60000
1.46330,-0.38941,0.00000,0.60000
1.46340,-0.38947,0.00000,0.60000
1.46350,-0.38953,0.00000,0.60000
1.46360,-0.38958,0.00000,0.60000
1.46370,-0.38964,0.00000,0.60000
1.46380,-0.38970,0.00000,0.60000
1.46390,-0.38975,0.00000,0.60000
1.46400,-0.38981,0.00000,0.60000
1.46410,-0.38987,0.00000,0.60000
1.46420,-0.38992,0.00000,0.60000
1.46430,-0.38998,0.00000,0.60000
1.46440,-0.39003,0.00000,0.60000
1.46450,-0.39009,0.00000,0.60000
1.46460,-0.39015,0.00000,0.60000
1.46470,-0.39020,0.00000,0.60000
1.46480,-0.39026,0.00000,0.60000
1.46490,-0.39031,0.00000,0.60000
1.46500,-0.39037,0.00000,0.60000
1.46510,-0.39042,0.00000,0.60000
1.46520,-0.39048,0.00000,0.60000
1.46530,-0.39053,0.00000,0.60000
1.46540,-0.39058,0.00000,0.60000
1.46550,-0.39064,0.00000,0.60000
1.46560,-0.39069,0.00000,0.60000
1.46570,-0.39075,0.00000,0.60000
1.46580,-0.39080,0.00000,0.60000
1.46590,-0.39085,0.00000,0.60000
1.46600,-0.39091,0.00000,0.60000
1.46610,-0.39096,0.00000,0.60000
1.46620,-0.39101,0.00000,0.60000
1.46630,-0.39107,0.00000,0.60000
1.46640,-0.39112,0.00000,0.60000
1.46650,-0.39117,0.00000,0.60000
1.46660,-0.39122,0.00000,0.60000
1.46670,-0.39128,0.00000,0.60000
1.46680,-0.39133,0.00000,0.60000
1.46690,-0.39138,0.00000,0.60000
1.46700,-0.39143,0.00000,0.60000
1.46710,-0.39148,0.00000,0.60000
1.46720,-0.39154,0.00000,0.60000
1.46730,-0.39159,0.00000,0.60000
1.46740,-0.39164,0.00000,0.60000
1.46750,-0.39169,0.00000,0.60000
1.46760,-0.39174,0.00000,0.60000
1.46770,-0.39179,0.00000,0.60000
1.46780,-0.39184,0.00000,0.60000
1.46790,-0.39189,0.00000,0.60000
1.46800,-0.39194,0.00000,0.60000
1.46810,-0.39199,0.00000,0.60000
1.46820,-0.39204,0.00000,0.60000
1.46830,-0.39209,0.00000,0.60000
1.46840,-0.39214,0.00000,0.60000
1.46850,-0.39219,0.00000,0.60000
1.46860,-0.39224,0.00000,0.60000
1.46870,-0.39229,0.00000,0.60000
1.46880,-0.39234,0.00000,0.60000
1.46890,-0.39239,0.00000,0.60000
1.46900,-0.39244,0.00000,0.60000
1.46910,-0.39248,0.00000,0.60000
1.46920,-0.39253,0.00000,0.60000
1.46930,-0.39258,0.00000,0.60000
1.46940,-0.39263,0.00000,0.60000
1.46950,-0.39268,0.00000,0.60000
1.46960,-0.39273,0.00000,0.60000
1.46970,-0.39277,0.00000,0.60000
1.46980,-0.39282,0.00000,0.60000
1.46990,-0.39287,0.00000,0.60000
1.47000,-0.39291,0.00000,0.60000
1.47010,-0.39296,0.00000,0.60000
1.47020,-0.39301,0.00000,0.60000
1.47030,-0.39306,0.00000,0.60000
1.47040,-0.39310,0.00000,0.60000
1.47050,-0.39315,0.00000,0.60000
1.47060,-0.39319,0.00000,0.60000
1.47070,-0.39324,0.00000,0.60000
1.47080,-0.39329,0.00000,0.60000
1.47090,-0.39333,0.00000,0.60000
1.47100,-0.39338,0.00000,0.60000
1.47110,-0.39342,0.00000,0.60000
1.47120,-0.39347,0.00000,0.60000
1.47130,-0.39351,0.00000,0.60000
1.47140,-0.39356,0.00000,0.60000
1.47150,-0.39360,0.00000,0.60000
1.47160,-0.39365,0.00000,0.60000
1.47170,-0.39369,0.00000,0.60000
1.47180,-0.39374,0.00000,0.60000
1.47190,-0.39378,0.00000,0.60000
1.47200,-0.39383,0.00000,0.60000
1.47210,-0.39387,0.00000,0.60000
1.47220,-0.39391,0.00000,0.60000
1.47230,-0.39396,0.00000,0.60000
1.47240,-0.39400,0.00000,0.60000
1.47250,-0.39404,0.00000,0.60000
1.47260,-0.39409,0.00000,0.60000
1.47270,-0.39413,0.00000,0.60000
1.47280,-0.39417,0.00000,0.60000
1.47290,-0.39422,0.00000,0.60000
1.47300,-0.39426,0.00000,0.60000
1.47310,-0.39430,0.00000,0.60000
1.47320,-0.39434,0.00000,0.60000
1.47330,-0.39438,0.00000,0.60000
1.47340,-0.39443,0.00000,0.60000
1.47350,-0.39447,0.00000,0.60000
1.47360,-0.39451,0.00000,0.60000
1.47370,-0.39455,0.00000,0.60000
1.47380,-0.39459,0.00000,0.60000
1.47390,-0.39463,0.00000,0.60000
1.47400,-0.39467,0.00000,0.60000
1.47410,-0.39472,0.00000,0.60000
1.47420,-0.39476,0.00000,0.60000
1.47430,-0.39480,0.00000,0.60000
1.47440,-0.39484,0.00000,0.60000
1.47450,-0.39488,0.00000,0.60000
1.47460,-0.39492,0.00000,0.60000
1.47470,-0.39496,0.00000,0.60000
1.47480,-0.39500,0.00000,0.60000
1.47490,-0.39504,0.00000,0.60000
1.47500,-0.39508,0.00000,0.60000
1.47510,-0.39511,0.00000,0.60000
1.47520,-0.39515,0.00000,0.60000
1.47530,-0.39519,0.00000,0.60000
1.47540,-0.39523,0.00000,0.60000
1.47550,-0.39527,0.00000,0.60000
1.47560,-0.39531,0.00000,0.60000
1.47570,-0.39535,0.00000,0.60000
1.47580,-0.39538,0.00000,0.60000
1.47590,-0.39542,0.00000,0.60000
1.47600,-0.39546,0.00000,0.60000
1.47610,-0.39550,0.00000,0.60000
1.47620,-0.39554,0.00000,0.60000
1.47630,-0.39557,0.00000,0.60000
1.47640,-0.39561,0.00000,0.60000
1.47650,-0.39565,0.00000,0.60000
1.47660,-0.39568,0.00000,0.60000
1.47670,-0.39572,0.00000,0.60000
1.47680,-0.39576,0.00000,0.60000
1.47690,-0.39579,0.00000,0.60000
1.47700,-0.39583,0.00000,0.60000
1.47710,-0.39587,0.00000,0.60000
1.47720,-0.39590,0.00000,0.60000
1.47730,-0.39594,0.00000,0.60000
1.47740,-0.39597,0.00000,0.60000
1.47750,-0.39601,0.00000,0.60000
1.47760,-0.39604,0.00000,0.60000
1.47770,-0.39608,0.00000,0.60000
1.47780,-0.39611,0.00000,0.60000
1.47790,-0.39615,0.00000,0.60000
1.47800,-0.39618,0.00000,0.60000
1.47810,-0.39622,0.00000,0.60000
1.47820,-0.39625,0.00000,0.60000
1.47830,-0.39629,0.00000,0.60000
1.47840,-0.39632,0.00000,0.60000
1.47850,-0.39636,0.00000,0.60000
1.47860,-0.39639,0.00000,0.60000
1.47870,-0.39642,0.00000,0.60000
1.47880,-0.39646,0.00000,0.60000
1.47890,-0.39649,0.00000,0.60000
1.47900,-0.39652,0.00000,0.60000
1.47910,-0.39656,0.00000,0.60000
1.47920,-0.39659,0.00000,0.60000
1.47930,-0.39662,0.00000,0.60000
1.47940,-0.39665,0.00000,0.60000
1.47950,-0.39669,0.00000,0.60000
1.47960,-0.39672,0.00000,0.60000
1.47970,-0.39675,0.00000,0.60000
1.47980,-0.39678,0.00000,0.60000
1.47990,-0.39681,0.00000,0.60000
1.48000,-0.39685,0.00000,0.60000
1.48010,-0.39688,0.00000,0.60000
1.48020,-0.39691,0.00000,0.60000
1.48030,-0.39694,0.00000,0.60000
1.48040,-0.39697,0.00000,0.60000
1.48050,-0.39700,0.00000,0.60000
1.48060,-0.39703,0.00000,0.60000
1.48070,-0.39706,0.00000,0.60000
1.48080,-0.39709,0.00000,0.60000
1.48090,-0.39712,0.00000,0.60000
1.48100,-0.39715,0.00000,0.60000
1.48110,-0.39718,0.00000,0.60000
1.48120,-0.39721,0.00000,0.60000
1.48130,-0.39724,0.00000,0.60000
1.48140,-0.39727,0.00000,0.60000
1.48150,-0.39730,0.00000,0.60000
1.48160,-0.39733,0.00000,0.60000
1.48170,-0.39736,0.00000,0.60000
1.48180,-0.39739,0.00000,0.60000
1.48190,-0.39742,0.00000,0.60000
1.48200,-0.39744,0.00000,0.60000
1.48210,-0.39747,0.00000,0.60000
1.48220,-0.39750,0.00000,0.60000
1.48230,-0.39753,0.00000,0.60000
1.48240,-0.39756,0.00000,0.60000
1.48250,-0.39758,0.00000,0.60000
1.48260,-0.39761,0.00000,0.60000
1.48270,-0.39764,0.00000,0.60000
1.48280,-0.39767,0.00000,0.60000
1.48290,-0.39769,0.00000,0.60000
1.48300,-0.39772,0.00000,0.60000
1.48310,-0.39775,0.00000,0.60000
1.48320,-0.39777,0.00000,0.60000
1.48330,-0.39780,0.00000,0.60000
1.48340,-0.39783,0.00000,0.60000
1.48350,-0.39785,0.00000,0.60000
1.48360,-0.39788,0.00000,0.60000
1.48370,-0.39790,0.00000,0.60000
1.48380,-0.39793,0.00000,0.60000
1.48390,-0.39796,0.00000,0.60000
1.48400,-0.39798,0.00000,0.60000
1.48410,-0.39801,0.00000,0.60000
1.48420,-0.39803,0.00000,0.60000
1.48430,-0.39806,0.00000,0.60000
1.48440,-0.39808,0.00000,0.60000
1.48450,-0.39810,0.00000,0.60000
1.48460,-0.39813,0.00000,0.60000
1.48470,-0.39815,0.00000,0.60000
1.48480,-0.39818,0.00000,0.60000
1.48490,-0.39820,0.00000,0.60000
1.48500,-0.39822,0.00000,0.60000
1.48510,-0.39825,0.00000,0.60000
1.48520,-0.39827,0.00000,0.60000
1.48530,-0.39830,0.00000,0.60000
1.48540,-0.39832,0.00000,0.60000
1.48550,-0.39834,0.00000,0.60000
1.48560,-0.39836,0.00000,0.60000
1.48570,-0.39839,0.00000,0.60000
1.48580,-0.39841,0.00000,0.60000
1.48590,-0.39843,0.00000,0.60000
1.48600,-0.39845,0.00000,0.60000
1.48610,-0.39848,0.00000,0.60000
1.48620,-0.39850,0.00000,0.60000
1.48630,-0.39852,0.00000,0.60000
1.48640,-0.39854,0.00000,0.60000
1.48650,-0.39856,0.00000,0.60000
1.48660,-0.39858,0.00000,0.60000
1.48670,-0.39860,0.00000,0.60000
1.48680,-0.39863,0.00000,0.60000
1.48690,-0.39865,0.00000,0.60000
1.48700,-0.39867,0.00000,0.60000
1.48710,-0.39869,0.00000,0.60000
1.48720,-0.39871,0.00000,0.60000
1.48730,-0.39873,0.00000,0.60000
1.48740,-0.39875,0.00000,0.60000
1.48750,-0.39877,0.00000,0.60000
1.48760,-0.39879,0.00000,0.60000
1.48770,-0.39881,0.00000,0.60000
1.48780,-0.39883,0.00000,0.60000
1.48790,-0.39884,0.00000,0.60000
1.48800,-0.39886,0.00000,0.60000
1.48810,-0.39888,0.00000,0.60000
1.48820,-0.39890,0.00000,0.60000
1.48830,-0.39892,0.00000,0.60000
1.48840,-0.39894,0.00000,0.60000
1.48850,-0.39896,0.00000,0.60000
1.48860,-0.39897,0.00000,0.60000
1.48870,-0.39899,0.00000,0.60000
1.48880,-0.39901,0.00000,0.60000
1.48890,-0.39903,0.00000,0.60000
1.48900,-0.39905,0.00000,0.60000
1.48910,-0.39906,0.00000,0.60000
1.48920,-0.39908,0.00000,0.60000
1.48930,-0.39910,0.00000,0.60000
1.48940,-0.39911,0.00000,0.60000
1.48950,-0.39913,0.00000,0.60000
1.48960,-0.39915,0.00000,0.60000
1.48970,-0.39916,0.00000,0.60000
1.48980,-0.39918,0.00000,0.60000
1.48990,-0.39919,0.00000,0.60000
1.49000,-0.39921,0.00000,0.60000
1.49010,-0.39923,0.00000,0.60000
1.49020,-0.39924,0.00000,0.60000
1.49030,-0.39926,0.00000,0.60000
1.49040,-0.39927,0.00000,0.60000
1.49050,-0.39929,0.00000,0.60000
1.49060,-0.39930,0.00000,0.60000
1.49070,-0.39932,0.00000,0.60000
1.49080,-0.39933,0.00000,0.60000
1.49090,-0.39935,0.00000,0.60000
1.49100,-0.39936,0.00000,0.60000
1.49110,-0.39937,0.00000,0.60000
1.49120,-0.39939,0.00000,0.60000
1.49130,-0.39940,0.00000,0.60000
1.49140,-0.39942,0.00000,0.60000
1.49150,-0.39943,0.00000,0.60000
1.49160,-0.39944,0.00000,0.60000
1.49170,-0.39946,0.00000,0.60000
1.49180,-0.39947,0.00000,0.60000
1.49190,-0.39948,0.00000,0.60000
1.49200,-0.39949,0.00000,0.60000
1.49210,-0.39951,0.00000,0.60000
1.49220,-0.39952,0.00000,0.60000
1.49230,-0.39953,0.00000,0.60000
1.49240,-0.39954,0.00000,0.60000
1.49250,-0.39956,0.00000,0.60000
1.49260,-0.39957,0.00000,0.60000
1.49270,-0.39958,0.00000,0.60000
1.49280,-0.39959,0.00000,0.60000
1.49290,-0.39960,0.00000,0.60000
1.49300,-0.39961,0.00000,0.60000
1.49310,-0.39962,0.00000,0.60000
1.49320,-0.39963,0.00000,0.60000
1.49330,-0.39965,0.00000,0.60000
1.49340,-0.39966,0.00000,0.60000
1.49350,-0.39967,0.00000,0.60000
1.49360,-0.39968,0.00000,0.60000
1.49370,-0.39969,0.00000,0.60000
1.49380,-0.39970,0.00000,0.60000
1.49390,-0.39971,0.00000,0.60000
1.49400,-0.39972,0.00000,0.60000
1.49410,-0.39973,0.00000,0.60000
1.49420,-0.39973,0.00000,0.60000
1.49430,-0.39974,0.00000,0.60000
1.49440,-0.39975,0.00000,0.60000
1.49450,-0.39976,0.00000,0.60000
1.49460,-0.39977,0.00000,0.60000
1.49470,-0.39978,0.00000,0.60000
1.49480,-0.39979,0.00000,0.60000
1.49490,-0.39979,0.00000,0.60000
1.49500,-0.39980,0.00000,0.60000
1.49510,-0.39981,0.00000,0.60000
1.49520,-0.39982,0.00000,0.60000
1.49530,-0.39983,0.00000,0.60000
1.49540,-0.39983,0.00000,0.60000
1.49550,-0.39984,0.00000,0.60000
1.49560,-0.39985,0.00000,0.60000
1.49570,-0.39985,0.00000,0.60000
1.49580,-0.39986,0.00000,0.60000
1.49590,-0.39987,0.00000,0.60000
1.49600,-0.39987,0.00000,0.60000
1.49610,-0.39988,0.00000,0.60000
1.49620,-0.39989,0.00000,0.60000
1.49630,-0.39989,0.00000,0.60000
1.49640,-0.39990,0.00000,0.60000
1.49650,-0.39990,0.00000,0.60000
1.49660,-0.39991,0.00000,0.60000
1.49670,-0.39991,0.00000,0.60000
1.49680,-0.39992,0.00000,0.60000
1.49690,-0.39992,0.00000,0.60000
1.49700,-0.39993,0.00000,0.60000
1.49710,-0.39993,0.00000,0.60000
1.49720,-0.39994,0.00000,0.60000
1.49730,-0.39994,0.00000,0.60000
1.49740,-0.39995,0.00000,0.60000
1.49750,-0.39995,0.00000,0.60000
1.49760,-0.39995,0.00000,0.60000
1.49770,-0.39996,0.00000,0.60000
1.49780,-0.39996,0.00000,0.60000
1.49790,-0.39997,0.00000,0.60000
1.49800,-0.39997,0.00000,0.60000
1.49810,-0.39997,0.00000,0.60000
1.49820,-0.39997,0.00000,0.60000
1.49830,-0.39998,0.00000,0.60000
1.49840,-0.39998,0.00000,0.60000
1.49850,-0.39998,0.00000,0.60000
1.49860,-0.39998,0.00000,0.60000
1.49870,-0.39999,0.00000,0.60000
1.49880,-0.39999,0.00000,0.60000
1.49890,-0.39999,0.00000,0.60000
1.49900,-0.39999,0.00000,0.60000
1.49910,-0.39999,0.00000,0.60000
1.49920,-0.39999,0.00000,0.60000
1.49930,-0.40000,0.00000,0.60000
1.49940,-0.40000,0.00000,0.60000
1.49950,-0.40000,0.00000,0.60000
1.49960,-0.40000,0.00000,0.60000
1.49970,-0.40000,0.00000,0.60000
1.49980,-0.40000,0.00000,0.60000
1.49990,-0.40000,0.00000,0.60000
1.50000,-0.40000,0.00000,0.60000
1.50010,-0.40000,0.00000,0.60000
1.50020,-0.40000,0.00000,0.60000
1.50030,-0.40000,0.00000,0.60000
1.50040,-0.40000,0.00000,0.60000
1.50050,-0.40000,0.00000,0.60000
1.50060,-0.40000,0.00000,0.60000
1.50070,-0.40000,0.00000,0.60000
1.50080,-0.39999,0.00000,0.60000
1.50090,-0.39999,0.00000,0.60000
1.50100,-0.39999,0.00000,0.60000
1.50110,-0.39999,0.00000,0.60000
1.50120,-0.39999,0.00000,0.60000
1.50130,-0.39999,0.00000,0.60000
1.50140,-0.39998,0.00000,0.60000
1.50150,-0.39998,0.00000,0.60000
1.50160,-0.39998,0.00000,0.60000
1.50170,-0.39998,0.00000,0.60000
1.50180,-0.39997,0.00000,0.60000
1.50190,-0.39997,0.00000,0.60000
1.50200,-0.39997,0.00000,0.60000
1.50210,-0.39997,0.00000,0.60000
1.50220,-0.39996,0.00000,0.60000
1.50230,-0.39996,0.00000,0.60000
1.50240,-0.39995,0.00000,0.60000
1.50250,-0.39995,0.00000,0.60000
1.50260,-0.39995,0.00000,0.60000
1.50270,-0.39994,0.00000,0.60000
1.50280,-0.39994,0.00000,0.60000
1.50290,-0.39993,0.00000,0.60000
1.50300,-0.39993,0.00000,0.60000
1.50310,-0.39992,0.00000,0.60000
1.50320,-0.39992,0.00000,0.60000
1.50330,-0.39991,0.00000,0.60000
1.50340,-0.39991,0.00000,0.60000
1.50350,-0.39990,0.00000,0.60000
1.50360,-0.39990,0.00000,0.60000
1.50370,-0.39989,0.00000,0.60000
1.50380,-0.39989,0.00000,0.60000
1.50390,-0.39988,0.00000,0.60000
1.50400,-0.39987,0.00000,0.60000
1.50410,-0.39987,0.00000,0.60000
1.50420,-0.39986,0.00000,0.60000
1.50430,-0.39985,0.00000,0.60000
1.50440,-0.39985,0.00000,0.60000
1.50450,-0.39984,0.00000,0.60000
1.50460,-0.39983,0.00000,0.60000
1.50470,-0.39983,0.00000,0.60000
1.50480,-0.39982,0.00000,0.60000
1.50490,-0.39981,0.00000,0.60000
1.50500,-0.39980,0.00000,0.60000
1.50510,-0.39979,0.00000,0.60000
1.50520,-0.39979,0.00000,0.60000
1.50530,-0.39978,0.00000,0.60000
1.50540,-0.39977,0.00000,0.60000
1.50550,-0.39976,0.00000,0.60000
1.50560,-0.39975,0.00000,0.60000
1.50570,-0.39974,0.00000,0.60000
1.50580,-0.39973,0.00000,0.60000
1.50590,-0.39973,0.00000,0.60000
1.50600,-0.39972,0.00000,0.60000
1.50610,-0.39971,0.00000,0.60000
1.50620,-0.39970,0.00000,0.60000
1.50630,-0.39969,0.00000,0.60000
1.50640,-0.39968,0.00000,0.60000
1.50650,-0.39967,0.00000,0.60000
1.50660,-0.39966,0.00000,0.60000
1.50670,-0.39965,0.00000,0.60000
1.50680,-0.39963,0.00000,0.60000
1.50690,-0.39962,0.00000,0.60000
1.50700,-0.39961,0.00000,0.60000
1.50710,-0.39960,0.00000,0.60000
1.50720,-0.39959,0.00000,0.60000
1.50730,-0.39958,0.00000,0.60000
1.50740,-0.39957,0.00000,0.60000
1.50750,-0.39956,0.00000,0.60000
1.50760,-0.39954,0.00000,0.60000
1.50770,-0.39953,0.00000,0.60000
1.50780,-0.39952,0.00000,0.60000
1.50790,-0.39951,0.00000,0.60000
1.50800,-0.39949,0.00000,0.60000
1.50810,-0.39948,0.00000,0.60000
1.50820,-0.39947,0.00000,0.60000
1.50830,-0.39946,0.00000,0.60000
1.50840,-0.39944,0.00000,0.60000
1.50850,-0.39943,0.00000,0.60000
1.50860,-0.39942,0.00000,0.60000
1.50870,-0.39940,0.00000,0.60000
1.50880,-0.39939,0.00000,0.60000
1.50890,-0.39937,0.00000,0.60000
1.50900,-0.39936,0.00000,0.60000
1.50910,-0.39935,0.00000,0.60000
1.50920,-0.39933,0.00000,0.60000
1.50930,-0.39932,0.00000,0.60000
1.50940,-0.39930,0.00000,0.60000
1.50950,-0.39929,0.00000,0.60000
1.50960,-0.39927,0.00000,0.60000
1.50970,-0.39926,0.00000,0.60000
1.50980,-0.39924,0.00000,0.60000
1.50990,-0.39923,0.00000,0.60000
1.51000,-0.39921,0.00000,0.60000
1.51010,-0.39919,0.00000,0.60000
1.51020,-0.39918,0.00000,0.60000
1.51030,-0.39916,0.00000,0.60000
1.51040,-0.39915,0.00000,0.60000
1.51050,-0.39913,0.00000,0.60000
1.51060,-0.39911,0.00000,0.60000
1.51070,-0.39910,0.00000,0.60000
1.51080,-0.39908,0.00000,0.60000
1.51090,-0.39906,0.00000,0.60000
1.51100,-0.39905,0.00000,0.60000
1.51110,-0.39903,0.00000,0.60000
1.51120,-0.39901,0.00000,0.60000
1.51130,-0.39899,0.00000,0.60000
1.51140,-0.39897,0.00000,0.60000
1.51150,-0.39896,0.00000,0.60000
1.51160,-0.39894,0.00000,0.60000
1.51170,-0.39892,0.00000,0.60000
1.51180,-0.39890,0.00000,0.60000
1.51190,-0.39888,0.00000,0.60000
1.51200,-0.39886,0.00000,0.60000
1.51210,-0.39884,0.00000,0.60000
1.51220,-0.39883,0.00000,0.60000
1.51230,-0.39881,0.00000,0.60000
1.51240,-0.39879,0.00000,0.60000
1.51250,-0.39877,0.00000,0.60000
1.51260,-0.39875,0.00000,0.60000
1.51270,-0.39873,0.00000,0.60000
1.51280,-0.39871,0.00000,0.60000
1.51290,-0.39869,0.00000,0.60000
1.51300,-0.39867,0.00000,0.60000
1.51310,-0.39865,0.00000,0.60000
1.51320,-0.39863,0.00000,0.60000
1.51330,-0.39860,0.00000,0.60000
1.51340,-0.39858,0.00000,0.60000
1.51350,-0.39856,0.00000,0.60000
1.51360,-0.39854,0.00000,0.60000
1.51370,-0.39852,0.00000,0.60000
1.51380,-0.39850,0.00000,0.60000
1.51390,-0.39848,0.00000,0.60000
1.51400,-0.39845,0.00000,0.60000
1.51410,-0.39843,0.00000,0.60000
1.51420,-0.39841,0.00000,0.60000
1.51430,-0.39839,0.00000,0.60000
1.51440,-0.39836,0.00000,0.60000
1.51450,-0.39834,0.00000,0.60000
1.51460,-0.39832,0.00000,0.60000
1.51470,-0.39830,0.00000,0.60000
1.51480,-0.39827,0.00000,0.60000
1.51490,-0.39825,0.00000,0.60000
1.51500,-0.39822,0.00000,0.60000
1.51510,-0.39820,0.00000,0.60000
1.51520,-0.39818,0.00000,0.60000
1.51530,-0.39815,0.00000,0.60000
1.51540,-0.39813,0.00000,0.60000
1.51550,-0.39810,0.00000,0.60000
1.51560,-0.39808,0.00000,0.60000
1.51570,-0.39806,0.00000,0.60000
1.51580,-0.39803,0.00000,0.60000
1.51590,-0.39801,0.00000,0.60000
1.51600,-0.39798,0.00000,0.60000
1.51610,-0.39796,0.00000,0.60000
1.51620,-0.39793,0.00000,0.60000
1.51630,-0.39790,0.00000,0.60000
1.51640,-0.39788,0.00000,0.60000
1.51650,-0.39785,0.00000,0.60000
1.51660,-0.39783,0.00000,0.60000
1.51670,-0.39780,0.00000,0.60000
1.51680,-0.39777,0.00000,0.60000
1.51690,-0.39775,0.00000,0.60000
1.51700,-0.39772,0.00000,0.60000
1.51710,-0.39769,0.00000,0.60000
1.51720,-0.39767,0.00000,0.60000
1.51730,-0.39764,0.00000,0.60000
1.51740,-0.39761,0.00000,0.60000
1.51750,-0.39758,0.00000,0.60000
1.51760,-0.39756,0.00000,0.60000
1.51770,-0.39753,0.00000,0.60000
1.51780,-0.39750,0.00000,0.60000
1.51790,-0.39747,0.00000,0.60000
1.51800,-0.39744,0.00000,0.60000
1.51810,-0.39742,0.00000,0.60000
1.51820,-0.39739,0.00000,0.60000
1.51830,-0.39736,0.00000,0.60000
1.51840,-0.39733,0.00000,0.60000
1.51850,-0.39730,0.00000,0.60000
1.51860,-0.39727,0.00000,0.60000
1.51870,-0.39724,0.00000,0.60000
1.51880,-0.39721,0.00000,0.60000
1.51890,-0.39718,0.00000,0.60000
1.51900,-0.39715,0.00000,0.60000
1.51910,-0.39712,0.00000,0.60000
1.51920,-0.39709,0.00000,0.60000
1.51930,-0.39706,0.00000,0.60000
1.51940,-0.39703,0.00000,0.60000
1.51950,-0.39700,0.00000,0.60000
1.51960,-0.39697,0.00000,0.60000
1.51970,-0.39694,0.00000,0.60000
1.51980,-0.39691,0.00000,0.60000
1.51990,-0.39688,0.00000,0.60000
1.52000,-0.39685,0.00000,0.60000
1.52010,-0.39681,0.00000,0.60000
1.52020,-0.39678,0.00000,0.60000
1.52030,-0.39675,0.00000,0.60000
1.52040,-0.39672,0.00000,0.60000
1.52050,-0.39669,0.00000,0.60000
1.52060,-0.39665,0.00000,0.60000
1.52070,-0.39662,0.00000,0.60000
1.52080,-0.39659,0.00000,0.60000
1.52090,-0.39656,0.00000,0.60000
1.52100,-0.39652,0.00000,0.60000
1.52110,-0.39649,0.00000,0.60000
1.52120,-0.39646,0.00000,0.60000
1.52130,-0.39642,0.00000,0.60000
1.52140,-0.39639,0.00000,0.60000
1.52150,-0.39636,0.00000,0.60000
1.52160,-0.39632,0.00000,0.60000
1.52170,-0.39629,0.00000,0.60000
1.52180,-0.39625,0.00000,0.60000
1.52190,-0.39622,0.00000,0.60000
1.52200,-0.39618,0.00000,0.60000
1.52210,-0.39615,0.00000,0.60000
1.52220,-0.39611,0.00000,0.60000
1.52230,-0.39608,0.00000,0.60000
1.52240,-0.39604,0.00000,0.60000
1.52250,-0.39601,0.00000,0.60000
1.52260,-0.39597,0.00000,0.60000
1.52270,-0.39594,0.00000,0.60000
1.52280,-0.39590,0.00000,0.60000
1.52290,-0.39587,0.00000,0.60000
1.52300,-0.39583,0.00000,0.60000
1.52310,-0.39579,0.00000,0.60000
1.52320,-0.39576,0.00000,0.60000
1.52330,-0.39572,0.00000,0.60000
1.52340,-0.39568,0.00000,0.60000
1.52350,-0.39565,0.00000,0.60000
1.52360,-0.39561,0.00000,0.60000
1.52370,-0.39557,0.00000,0.60000
1.52380,-0.39554,0.00000,0.60000
1.52390,-0.39550,0.00000,0.60000
1.52400,-0.39546,0.00000,0.60000
1.52410,-0.39542,0.00000,0.60000
1.52420,-0.39538,0.00000,0.60000
1.52430,-0.39535,0.00000,0.60000
1.52440,-0.39531,0.00000,0.60000
1.52450,-0.39527,0.00000,0.60000
1.52460,-0.39523,0.00000,0.60000
1.52470,-0.39519,0.00000,0.60000
1.52480,-0.39515,0.00000,0.60000
1.52490,-0.39511,0.00000,0.60000
1.52500,-0.39508,0.00000,0.60000
1.52510,-0.39504,0.00000,0.60000
1.52520,-0.39500,0.00000,0.60000
1.52530,-0.39496,0.00000,0.60000
1.52540,-0.39492,0.00000,0.60000
1.52550,-0.39488,0.00000,0.60000
1.52560,-0.39484,0.00000,0.60000
1.52570,-0.39480,0.00000,0.60000
1.52580,-0.39476,0.00000,0.60000
1.52590,-0.39472,0.00000,0.60000
1.52600,-0.39467,0.00000,0.60000
1.52610,-0.39463,0.00000,0.60000
1.52620,-0.39459,0.00000,0.60000
1.52630,-0.39455,0.00000,0.60000
1.52640,-0.39451,0.00000,0.60000
1.52650,-0.39447,0.00000,0.60000
1.52660,-0.39443,0.00000,0.60000
1.52670,-0.39438,0.00000,0.60000
1.52680,-0.39434,0.00000,0.60000
1.52690,-0.39430,0.00000,0.60000
1.52700,-0.39426,0.00000,0.60000
1.52710,-0.39422,0.00000,0.60000
1.52720,-0.39417,0.00000,0.60000
1.52730,-0.39413,0.00000,0.60000
1.52740,-0.39409,0.00000,0.60000
1.52750,-0.39404,0.00000,0.60000
1.52760,-0.39400,0.00000,0.60000
1.52770,-0.39396,0.00000,0.60000
1.52780,-0.39391,0.00000,0.60000
1.52790,-0.39387,0.00000,0.60000
1.52800,-0.39383,0.00000,0.60000
1.52810,-0.39378,0.00000,0.60000
1.52820,-0.39374,0.00000,0.60000
1.52830,-0.39369,0.00000,0.60000
1.52840,-0.39365,0.00000,0.60000
1.52850,-0.39360,0.00000,0.60000
1.52860,-0.39356,0.00000,0.60000
1.52870,-0.39351,0.00000,0.60000
1.52880,-0.39347,0.00000,0.60000
1.52890,-0.39342,0.00000,0.60000
1.52900,-0.39338,0.00000,0.60000
1.52910,-0.39333,0.00000,0.60000
1.52920,-0.39329,0.00000,0.60000
1.52930,-0.39324,0.00000,0.60000
1.52940,-0.39319,0.00000,0.60000
1.52950,-0.39315,0.00000,0.60000
1.52960,-0.39310,0.00000,0.60000
1.52970,-0.39306,0.00000,0.60000
1.52980,-0.39301,0.00000,0.60000
1.52990,-0.39296,0.00000,0.60000
1.53000,-0.39291,0.00000,0.60000
1.53010,-0.39287,0.00000,0.60000
1.53020,-0.39282,0.00000,0.60000
1.53030,-0.39277,0.00000,0.60000
1.53040,-0.39273,0.00000,0.60000
1.53050,-0.39268,0.00000,0.60000
1.53060,-0.39263,0.00000,0.60000
1.53070,-0.39258,0.00000,0.60000
1.53080,-0.39253,0.00000,0.60000
1.53090,-0.39248,0.00000,0.60000
1.53100,-0.39244,0.00000,0.60000
1.53110,-0.39239,0.00000,0.60000
1.53120,-0.39234,0.00000,0.60000
1.53130,-0.39229,0.00000,0.60000
1.53140,-0.39224,0.00000,0.60000
1.53150,-0.39219,0.00000,0.60000
1.53160,-0.39214,0.00000,0.60000
1.53170,-0.39209,0.00000,0.60000
1.53180,-0.39204,0.00000,0.60000
1.53190,-0.39199,0.00000,0.60000
1.53200,-0.39194,0.00000,0.60000
1.53210,-0.39189,0.00000,0.60000
1.53220,-0.39184,0.00000,0.60000
1.53230,-0.39179,0.00000,0.60000
1.53240,-0.39174,0.00000,0.60000
1.53250,-0.39169,0.00000,0.60000
1.53260,-0.39164,0.00000,0.60000
1.53270,-0.39159,0.00000,0.60000
1.53280,-0.39154,0.00000,0.60000
1.53290,-0.39148,0.00000,0.60000
1.53300,-0.39143,0.00000,0.60000
1.53310,-0.39138,0.00000,0.60000
1.53320,-0.39133,0.00000,0.60000
1.53330,-0.39128,0.00000,0.60000
1.53340,-0.39122,0.00000,0.60000
1.53350,-0.39117,0.00000,0.60000
1.53360,-0.39112,0.00000,0.60000
1.53370,-0.39107,0.00000,0.60000
1.53380,-0.39101,0.00000,0.60000
1.53390,-0.39096,0.00000,0.60000
1.53400,-0.39091,0.00000,0.60000
1.53410,-0.39085,0.00000,0.60000
1.53420,-0.39080,0.00000,0.60000
1.53430,-0.39075,0.00000,0.60000
1.53440,-0.39069,0.00000,0.60000
1.53450,-0.39064,0.00000,0.60000
1.53460,-0.39058,0.00000,0.60000
1.53470,-0.39053,0.00000,0.60000
1.53480,-0.39048,0.00000,0.60000
1.53490,-0.39042,0.00000,0.60000
1.53500,-0.39037,0.00000,0.60000
1.53510,-0.39031,0.00000,0.60000
1.53520,-0.39026,0.00000,0.60000
1.53530,-0.39020,0.00000,0.60000
1.53540,-0.39015,0.00000,0.60000
1.53550,-0.39009,0.00000,0.60000
1.53560,-0.39003,0.00000,0.60000
1.53570,-0.38998,0.00000,0.60000
1.53580,-0.38992,0.00000,0.60000
1.53590,-0.38987,0.00000,0.60000
1.53600,-0.38981,0.00000,0.60000
1.53610,-0.38975,0.00000,0.60000
1.53620,-0.38970,0.00000,0.60000
1.53630,-0.38964,0.00000,0.60000
1.53640,-0.38958,0.00000,0.60000
1.53650,-0.38953,0.00000,0.60000
1.53660,-0.38947,0.00000,0.60000
1.53670,-0.38941,0.00000,0.60000
1.53680,-0.38935,0.00000,0.60000
1.53690,-0.38930,0.00000,0.60000
1.53700,-0.38924,0.00000,0.60000
1.53710,-0.38918,0.00000,0.60000
1.53720,-0.38912,0.00000,0.60000
1.53730,-0.38907,0.00000,0.60000
1.53740,-0.38901,0.00000,0.60000
1.53750,-0.38895,0.00000,0.60000
1.53760,-0.38889,0.00000,0.60000
1.53770,-0.38883,0.00000,0.60000
1.53780,-0.38877,0.00000,0.60000
1.53790,-0.38871,0.00000,0.60000
1.53800,-0.38865,0.00000,0.60000
1.53810,-0.38859,0.00000,0.60000
1.53820,-0.38853,0.00000,0.60000
1.53830,-0.38847,0.00000,0.60000
1.53840,-0.38841,0.00000,0.60000
1.53850,-0.38835,0.00000,0.60000
1.53860,-0.38829,0.00000,0.60000
1.53870,-0.38823,0.00000,0.60000
1.53880,-0.38817,0.00000,0.60000
1.53890,-0.38811,0.00000,0.60000
1.53900,-0.38805,0.00000,0.60000
1.53910,-0.38799,0.00000,0.60000
1.53920,-0.38793,0.00000,0.60000
1.53930,-0.38787,0.00000,0.60000
1.53940,-0.38781,0.00000,0.60000
1.53950,-0.38774,0.00000,0.60000
1.53960,-0.38768,0.00000,0.60000
1.53970,-0.38762,0.00000,0.60000
1.53980,-0.38756,0.00000,0.60000
1.53990,-0.38750,0.00000,0.60000
1.54000,-0.38743,0.00000,0.60000
1.54010,-0.38737,0.00000,0.60000
1.54020,-0.38731,0.00000,0.60000
1.54030,-0.38725,0.00000,0.60000
1.54040,-0.38718,0.00000,0.60000
1.54050,-0.38712,0.00000,0.60000
1.54060,-0.38706,0.00000,0.60000
1.54070,-0.38699,0.00000,0.60000
1.54080,-0.38693,0.00000,0.60000
1.54090,-0.38686,0.00000,0.60000
1.54100,-0.38680,0.00000,0.60000
1.54110,-0.38674,0.00000,0.60000
1.54120,-0.38667,0.00000,0.60000
1.54130,-0.38661,0.00000,0.60000
1.54140,-0.38654,0.00000,0.60000
1.54150,-0.38648,0.00000,0.60000
1.54160,-0.38641,0.00000,0.60000
1.54170,-0.38635,0.00000,0.60000
1.54180,-0.38628,0.00000,0.60000
1.54190,-0.38622,0.00000,0.60000
1.54200,-0.38615,0.00000,0.60000
1.54210,-0.38609,0.00000,0.60000
1.54220,-0.38602,0.00000,0.60000
1.54230,-0.38596,0.00000,0.60000
1.54240,-0.38589,0.00000,0.60000
1.54250,-0.38582,0.00000,0.60000
1.54260,-0.38576,0.00000,0.60000
1.54270,-0.38569,0.00000,0.60000
1.54280,-0.38562,0.00000,0.60000
1.54290,-0.38556,0.00000,0.60000
1.54300,-0.38549,0.00000,0.60000
1.54310,-0.38542,0.00000,0.60000
1.54320,-0.38536,0.00000,0.60000
1.54330,-0.38529,0.00000,0.60000
1.54340,-0.38522,0.00000,0.60000
1.54350,-0.38515,0.00000,0.60000
1.54360,-0.38508,0.00000,0.60000
1.54370,-0.38502,0.00000,0.60000
1.54380,-0.38495,0.00000,0.60000
1.54390,-0.38488,0.00000,0.60000
1.54400,-0.38481,0.00000,0.60000
1.54410,-0.38474,0.00000,0.60000
1.54420,-0.38467,0.00000,0.60000
1.54430,-0.38460,0.00000,0.60000
1.54440,-0.38454,0.00000,0.60000
1.54450,-0.38447,0.00000,0.60000
1.54460,-0.38440,0.00000,0.60000
1.54470,-0.38433,0.00000,0.60000
1.54480,-0.38426,0.00000,0.60000
1.54490,-0.38419,0.00000,0.60000
1.54500,-0.38412,0.00000,0.60000
1.54510,-0.38405,0.00000,0.60000
1.54520,-0.38398,0.00000,0.60000
1.54530,-0.38391,0.00000,0.60000
1.54540,-0.38384,0.00000,0.60000
1.54550,-0.38376,0.00000,0.60000
1.54560,-0.38369,0.00000,0.60000
1.54570,-0.38362,0.00000,0.60000
1.54580,-0.38355,0.00000,0.60000
1.54590,-0.38348,0.00000,0.60000
1.54600,-0.38341,0.00000,0.60000
1.54610,-0.38334,0.00000,0.60000
1.54620,-0.38327,0.00000,0.60000
1.54630,-0.38319,0.00000,0.60000
1.54640,-0.38312,0.00000,0.60000
1.54650,-0.38305,0.00000,0.60000
1.54660,-0.38298,0.00000,0.60000
1.54670,-0.38290,0.00000,0.60000
1.54680,-0.38283,0.00000,0.60000
1.54690,-0.38276,0.00000,0.60000
1.54700,-0.38268,0.00000,0.60000
1.54710,-0.38261,0.00000,0.60000
1.54720,-0.38254,0.00000,0.60000
1.54730,-0.38246,0.00000,0.60000
1.54740,-0.38239,0.00000,0.60000
1.54750,-0.38232,0.00000,0.60000
1.54760,-0.38224,0.00000,0.60000
1.54770,-0.38217,0.00000,0.60000
1.54780,-0.38209,0.00000,0.60000
1.54790,-0.38202,0.00000,0.60000
1.54800,-0.38195,0.00000,0.60000
1.54810,-0.38187,0.00000,0.60000
1.54820,-0.38180,0.00000,0.60000
1.54830,-0.38172,0.00000,0.60000
1.54840,-0.38165,0.00000,0.60000
1.54850,-0.38157,0.00000,0.60000
1.54860,-0.38150,0.00000,0.60000
1.54870,-0.38142,0.00000,0.60000
1.54880,-0.38134,0.00000,0.60000
1.54890,-0.38127,0.00000,0.60000
1.54900,-0.38119,0.00000,0.60000
1.54910,-0.38112,0.00000,0.60000
1.54920,-0.38104,0.00000,0.60000
1.54930,-0.38096,0.00000,0.60000
1.54940,-0.38089,0.00000,0.60000
1.54950,-0.38081,0.00000,0.60000
1.54960,-0.38073,0.00000,0.60000
1.54970,-0.38065,0.00000,0.60000
1.54980,-0.38058,0.00000,0.60000
1.54990,-0.38050,0.00000,0.60000
1.55000,-0.38042,0.00000,0.60000
1.55010,-0.38034,0.00000,0.60000
1.55020,-0.38027,0.00000,0.60000
1.55030,-0.38019,0.00000,0.60000
1.55040,-0.38011,0.00000,0.60000
1.55050,-0.38003,0.00000,0.60000
1.55060,-0.37995,0.00000,0.60000
1.55070,-0.37988,0.00000,0.60000
1.55080,-0.37980,0.00000,0.60000
1.55090,-0.37972,0.00000,0.60000
1.55100,-0.37964,0.00000,0.60000
1.55110,-0.37956,0.00000,0.60000
1.55120,-0.37948,0.00000,0.60000
1.55130,-0.37940,0.00000,0.60000
1.55140,-0.37932,0.00000,0.60000
1.55150,-0.37924,0.00000,0.60000
1.55160,-0.37916,0.00000,0.60000
1.55170,-0.37908,0.00000,0.60000
1.55180,-0.37900,0.00000,0.60000
1.55190,-0.37892,0.00000,0.60000
1.55200,-0.37884,0.00000,0.60000
1.55210,-0.37876,0.00000,0.60000
1.55220,-0.37868,0.00000,0.60000
1.55230,-0.37860,0.00000,0.60000
1.55240,-0.37852,0.00000,0.60000
1.55250,-0.37843,0.00000,0.60000
1.55260,-0.37835,0.00000,0.60000
1.55270,-0.37827,0.00000,0.60000
1.55280,-0.37819,0.00000,0.60000
1.55290,-0.37811,0.00000,0.60000
1.55300,-0.37803,0.00000,0.60000
1.55310,-0.37794,0.00000,0.60000
1.55320,-0.37786,0.00000,0.60000
1.55330,-0.37778,0.00000,0.60000
1.55340,-0.37770,0.00000,0.60000
1.55350,-0.37761,0.00000,0.60000
1.55360,-0.37753,0.00000,0.60000
1.55370,-0.37745,0.00000,0.60000
1.55380,-0.37736,0.00000,0.60000
1.55390,-0.37728,0.00000,0.60000
1.55400,-0.37720,0.00000,0.60000
1.55410,-0.37711,0.00000,0.60000
1.55420,-0.37703,0.00000,0.60000
1.55430,-0.37694,0.00000,0.60000
1.55440,-0.37686,0.00000,0.60000
1.55450,-0.37678,0.00000,0.60000
1.55460,-0.37669,0.00000,0.60000
1.55470,-0.37661,0.00000,0.60000
1.55480,-0.37652,0.00000,0.60000
1.55490,-0.37644,0.00000,0.60000
1.55500,-0.37635,0.00000,0.60000
1.55510,-0.37627,0.00000,0.60000
1.55520,-0.37618,0.00000,0.60000
1.55530,-0.37610,0.00000,0.60000
1.55540,-0.37601,0.00000,0.60000
1.55550,-0.37592,0.00000,0.60000
1.55560,-0.37584,0.00000,0.60000
1.55570,-0.37575,0.00000,0.60000
1.55580,-0.37567,0.00000,0.60000
1.55590,-0.37558,0.00000,0.60000
1.55600,-0.37549,0.00000,0.60000
1.55610,-0.37541,0.00000,0.60000
1.55620,-0.37532,0.00000,0.60000
1.55630,-0.37523,0.00000,0.60000
1.55640,-0.37515,0.00000,0.60000
1.55650,-0.37506,0.00000,0.60000
1.55660,-0.37497,0.00000,0.60000
1.55670,-0.37488,0.00000,0.60000
1.55680,-0.37480,0.00000,0.60000
1.55690,-0.37471,0.00000,0.60000
1.55700,-0.37462,0.00000,0.60000
1.55710,-0.37453,0.00000,0.60000
1.55720,-0.37444,0.00000,0.60000
1.55730,-0.37435,0.00000,0.60000
1.55740,-0.37427,0.00000,0.60000
1.55750,-0.37418,0.00000,0.60000
1.55760,-0.37409,0.00000,0.60000
1.55770,-0.37400,0.00000,0.60000
1.55780,-0.37391,0.00000,0.60000
1.55790,-0.37382,0.00000,0.60000
1.55800,-0.37373,0.00000,0.60000
1.55810,-0.37364,0.00000,0.60000
1.55820,-0.37355,0.00000,0.60000
1.55830,-0.37346,0.00000,0.60000
1.55840,-0.37337,0.00000,0.60000
1.55850,-0.37328,0.00000,0.60000
1.55860,-0.37319,0.00000,0.60000
1.55870,-0.37310,0.00000,0.60000
1.55880,-0.37301,0.00000,0.60000
1.55890,-0.37292,0.00000,0.60000
1.55900,-0.37283,0.00000,0.60000
1.55910,-0.37274,0.00000,0.60000
1.55920,-0.37265,0.00000,0.60000
1.55930,-0.37255,0.00000,0.60000
1.55940,-0.37246,0.00000,0.60000
1.55950,-0.37237,0.00000,0.60000
1.55960,-0.37228,0.00000,0.60000
1.55970,-0.37219,0.00000,0.60000
1.55980,-0.37210,0.00000,0.60000
1.55990,-0.37200,0.00000,0.60000
1.56000,-0.37191,0.00000,0.60000
1.56010,-0.37182,0.00000,0.60000
1.56020,-0.37173,0.00000,0.60000
1.56030,-0.37163,0.00000,0.60000
1.56040,-0.37154,0.00000,0.60000
1.56050,-0.37145,0.00000,0.60000
1.56060,-0.37135,0.00000,0.60000
1.56070,-0.37126,0.00000,0.60000
1.56080,-0.37117,0.00000,0.60000
1.56090,-0.37107,0.00000,0.60000
1.56100,-0.37098,0.00000,0.60000
1.56110,-0.37088,0.00000,0.60000
1.56120,-0.37079,0.00000,0.60000
1.56130,-0.37070,0.00000,0.60000
1.56140,-0.37060,0.00000,0.60000
1.56150,-0.37051,0.00000,0.60000
1.56160,-0.37041,0.00000,0.60000
1.56170,-0.37032,0.00000,0.60000
1.56180,-0.37022,0.00000,0.60000
1.56190,-0.37013,0.00000,0.60000
1.56200,-0.37003,0.00000,0.60000
1.56210,-0.36994,0.00000,0.60000
1.56220,-0.36984,0.00000,0.60000
1.56230,-0.36974,0.00000,0.60000
1.56240,-0.36965,0.00000,0.60000
1.56250,-0.36955,0.00000,0.60000
1.56260,-0.36946,0.00000,0.60000
1.56270,-0.36936,0.00000,0.60000
1.56280,-0.36926,0.00000,0.60000
1.56290,-0.36917,0.00000,0.60000
1.56300,-0.36907,0.00000,0.60000
1.56310,-0.36897,0.00000,0.60000
1.56320,-0.36887,0.00000,0.60000
1.56330,-0.36878,0.00000,0.60000
1.56340,-0.36868,0.00000,0.60000
1.56350,-0.36858,0.00000,0.60000
1.56360,-0.36849,0.00000,0.60000
1.56370,-0.36839,0.00000,0.60000
1.56380,-0.36829,0.00000,0.60000
1.56390,-0.36819,0.00000,0.60000
1.56400,-0.36809,0.00000,0.60000
1.56410,-0.36799,0.00000,0.60000
1.56420,-0.36790,0.00000,0.60000
1.56430,-0.36780,0.00000,0.60000
1.56440,-0.36770,0.00000,0.60000
1.56450,-0.36760,0.00000,0.60000
1.56460,-0.36750,0.00000,0.60000
1.56470,-0.36740,0.00000,0.60000
1.56480,-0.36730,0.00000,0.60000
1.56490,-0.36720,0.00000,0.60000
1.56500,-0.36710,0.00000,0.60000
1.56510,-0.36700,0.00000,0.60000
1.56520,-0.36690,0.00000,0.60000
1.56530,-0.36680,0.00000,0.60000
1.56540,-0.36670,0.00000,0.60000
1.56550,-0.36660,0.00000,0.60000
1.56560,-0.36650,0.00000,0.60000
1.56570,-0.36640,0.00000,0.60000
1.56580,-0.36630,0.00000,0.60000
1.56590,-0.36620,0.00000,0.60000
1.56600,-0.36610,0.00000,0.60000
1.56610,-0.36600,0.00000,0.60000
1.56620,-0.36589,0.00000,0.60000
1.56630,-0.36579,0.00000,0.60000
1.56640,-0.36569,0.00000,0.60000
1.56650,-0.36559,0.00000,0.60000
1.56660,-0.36549,0.00000,0.60000
1.56670,-0.36538,0.00000,0.60000
1.56680,-0.36528,0.00000,0.60000
1.56690,-0.36518,0.00000,0.60000
1.56700,-0.36508,0.00000,0.60000
1.56710,-0.36497,0.00000,0.60000
1.56720,-0.36487,0.00000,0.60000
1.56730,-0.36477,0.00000,0.60000
1.56740,-0.36466,0.00000,0.60000
1.56750,-0.36456,0.00000,0.60000
1.56760,-0.36446,0.00000,0.60000
1.56770,-0.36435,0.00000,0.60000
1.56780,-0.36425,0.00000,0.60000
1.56790,-0.36415,0.00000,0.60000
1.56800,-0.36404,0.00000,0.60000
1.56810,-0.36394,0.00000,0.60000
1.56820,-0.36383,0.00000,0.60000
1.56830,-0.36373,0.00000,0.60000
1.56840,-0.36362,0.00000,0.60000
1.56850,-0.36352,0.00000,0.60000
1.56860,-0.36341,0.00000,0.60000
1.56870,-0.36331,0.00000,0.60000
1.56880,-0.36320,0.00000,0.60000
1.56890,-0.36310,0.00000,0.60000
1.56900,-0.36299,0.00000,0.60000
1.56910,-0.36289,0.00000,0.60000
1.56920,-0.36278,0.00000,0.60000
1.56930,-0.36268,0.00000,0.60000
1.56940,-0.36257,0.00000,0.60000
1.56950,-0.36246,0.00000,0.60000
1.56960,-0.36236,0.00000,0.60000
1.56970,-0.36225,0.00000,0.60000
1.56980,-0.36214,0.00000,0.60000
1.56990,-0.36204,0.00000,0.60000
1.57000,-0.36193,0.00000,0.60000
1.57010,-0.36182,0.00000,0.60000
1.57020,-0.36172,0.00000,0.60000
1.57030,-0.36161,0.00000,0.60000
1.57040,-0.36150,0.00000,0.60000
1.57050,-0.36139,0.00000,0.60000
1.57060,-0.36129,0.00000,0.60000
1.57070,-0.36118,0.00000,0.60000
1.57080,-0.36107,0.00000,0.60000
1.57090,-0.36096,0.00000,0.60000
1.57100,-0.36085,0.00000,0.60000
1.57110,-0.36075,0.00000,0.60000
1.57120,-0.36064,0.00000,0.60000
1.57130,-0.36053,0.00000,0.60000
1.57140,-0.36042,0.00000,0.60000
1.57150,-0.36031,0.00000,0.60000
1.57160,-0.36020,0.00000,0.60000
1.57170,-0.36009,0.00000,0.60000
1.57180,-0.35998,0.00000,0.60000
1.57190,-0.35987,0.00000,0.60000
1.57200,-0.35976,0.00000,0.60000
1.57210,-0.35965,0.00000,0.60000
1.57220,-0.35954,0.00000,0.60000
1.57230,-0.35943,0.00000,0.60000
1.57240,-0.35932,0.00000,0.60000
1.57250,-0.35921,0.00000,0.60000
1.57260,-0.35910,0.00000,0.60000
1.57270,-0.35899,0.00000,0.60000
1.57280,-0.35888,0.00000,0.60000
1.57290,-0.35877,0.00000,0.60000
1.57300,-0.35866,0.00000,0.60000
1.57310,-0.35855,0.00000,0.60000
1.57320,-0.35843,0.00000,0.60000
1.57330,-0.35832,0.00000,0.60000
1.57340,-0.35821,0.00000,0.60000
1.57350,-0.35810,0.00000,0.60000
1.57360,-0.35799,0.00000,0.60000
1.57370,-0.35787,0.00000,0.60000
1.57380,-0.35776,0.00000,0.60000
1.57390,-0.35765,0.00000,0.60000
1.57400,-0.35754,0.00000,0.60000
1.57410,-0.35742,0.00000,0.60000
1.57420,-0.35731,0.00000,0.60000
1.57430,-0.35720,0.00000,0.60000
1.57440,-0.35708,0.00000,0.60000
1.57450,-0.35697,0.00000,0.60000
1.57460,-0.35686,0.00000,0.60000
1.57470,-0.35674,0.00000,0.60000
1.57480,-0.35663,0.00000,0.60000
1.57490,-0.35652,0.00000,0.60000
1.57500,-0.35640,0.00000,0.60000
1.57510,-0.35629,0.00000,0.60000
1.57520,-0.35617,0.00000,0.60000
1.57530,-0.35606,0.00000,0.60000
1.57540,-0.35595,0.00000,0.60000
1.57550,-0.35583,0.00000,0.60000
1.57560,-0.35572,0.00000,0.60000
1.57570,-0.35560,0.00000,0.60000
1.57580,-0.35549,0.00000,0.60000
1.57590,-0.35537,0.00000,0.60000
1.57600,-0.35525,0.00000,0.60000
1.57610,-0.35514,0.00000,0.60000
1.57620,-0.35502,0.00000,0.60000
1.57630,-0.35491,0.00000,0.60000
1.57640,-0.35479,0.00000,0.60000
1.57650,-0.35468,0.00000,0.60000
1.57660,-0.35456,0.00000,0.60000
1.57670,-0.35444,0.00000,0.60000
1.57680,-0.35433,0.00000,0.60000
1.57690,-0.35421,0.00000,0.60000
1.57700,-0.35409,0.00000,0.60000
1.57710,-0.35398,0.00000,0.60000
1.57720,-0.35386,0.00000,0.60000
1.57730,-0.35374,0.00000,0.60000
1.57740,-0.35362,0.00000,0.60000
1.57750,-0.35351,0.00000,0.60000
1.57760,-0.35339,0.00000,0.60000
1.57770,-0.35327,0.00000,0.60000
1.57780,-0.35315,0.00000,0.60000
1.57790,-0.35303,0.00000,0.60000
1.57800,-0.35292,0.00000,0.60000
1.57810,-0.35280,0.00000,0.60000
1.57820,-0.35268,0.00000,0.60000
1.57830,-0.35256,0.00000,0.60000
1.57840,-0.35244,0.00000,0.60000
1.57850,-0.35232,0.00000,0.60000
1.57860,-0.35220,0.00000,0.60000
1.57870,-0.35208,0.00000,0.60000
1.57880,-0.35197,0.00000,0.60000
1.57890,-0.35185,0.00000,0.60000
1.57900,-0.35173,0.00000,0.60000
1.57910,-0.35161,0.00000,0.60000
1.57920,-0.35149,0.00000,0.60000
1.57930,-0.35137,0.00000,0.60000
1.57940,-0.35125,0.00000,0.60000
1.57950,-0.35113,0.00000,0.60000
1.57960,-0.35101,0.00000,0.60000
1.57970,-0.35089,0.00000,0.60000
1.57980,-0.35076,0.00000,0.60000
1.57990,-0.35064,0.00000,0.60000
1.58000,-0.35052,0.00000,0.60000
1.58010,-0.35040,0.00000,0.60000
1.58020,-0.35028,0.00000,0.60000
1.58030,-0.35016,0.00000,0.60000
1.58040,-0.35004,0.00000,0.60000
1.58050,-0.34992,0.00000,0.60000
1.58060,-0.34979,0.00000,0.60000
1.58070,-0.34967,0.00000,0.60000
1.58080,-0.34955,0.00000,0.60000
1.58090,-0.34943,0.00000,0.60000
1.58100,-0.34930,0.00000,0.60000
1.58110,-0.34918,0.00000,0.60000
1.58120,-0.34906,0.00000,0.60000
1.58130,-0.34894,0.00000,0.60000
1.58140,-0.34881,0.00000,0.60000
1.58150,-0.34869,0.00000,0.60000
1.58160,-0.34857,0.00000,0.60000
1.58170,-0.34844,0.00000,0.60000
1.58180,-0.34832,0.00000,0.60000
1.58190,-0.34820,0.00000,0.60000
1.58200,-0.34807,0.00000,0.60000
1.58210,-0.34795,0.00000,0.60000
1.58220,-0.34783,0.00000,0.60000
1.58230,-0.34770,0.00000,0.60000
1.58240,-0.34758,0.00000,0.60000
1.58250,-0.34745,0.00000,0.60000
1.58260,-0.34733,0.00000,0.60000
1.58270,-0.34720,0.00000,0.60000
1.58280,-0.34708,0.00000,0.60000
1.58290,-0.34695,0.00000,0.60000
1.58300,-0.34683,0.00000,0.60000
1.58310,-0.34670,0.00000,0.60000
1.58320,-0.34658,0.00000,0.60000
1.58330,-0.34645,0.00000,0.60000
1.58340,-0.34633,0.00000,0.60000
1.58350,-0.34620,0.00000,0.60000
1.58360,-0.34607,0.00000,0.60000
1.58370,-0.34595,0.00000,0.60000
1.58380,-0.34582,0.00000,0.60000
1.58390,-0.34570,0.00000,0.60000
1.58400,-0.34557,0.00000,0.60000
1.58410,-0.34544,0.00000,0.60000
1.58420,-0.34532,0.00000,0.60000
1.58430,-0.34519,0.00000,0.60000
1.58440,-0.34506,0.00000,0.60000
1.58450,-0.34493,0.00000,0.60000
1.58460,-0.34481,0.00000,0.60000
1.58470,-0.34468,0.00000,0.60000
1.58480,-0.34455,0.00000,0.60000
1.58490,-0.34442,0.00000,0.60000
1.58500,-0.34430,0.00000,0.60000
1.58510,-0.34417,0.00000,0.60000
1.58520,-0.34404,0.00000,0.60000
1.58530,-0.34391,0.00000,0.60000
1.58540,-0.34378,0.00000,0.60000
1.58550,-0.34366,0.00000,0.60000
1.58560,-0.34353,0.00000,0.60000
1.58570,-0.34340,0.00000,0.60000
1.58580,-0.34327,0.00000,0.60000
1.58590,-0.34314,0.00000,0.60000
1.58600,-0.34301,0.00000,0.60000
1.58610,-0.34288,0.00000,0.60000
1.58620,-0.34275,0.00000,0.60000
1.58630,-0.34262,0.00000,0.60000
1.58640,-0.34249,0.00000,0.60000
1.58650,-0.34236,0.00000,0.60000
1.58660,-0.34223,0.00000,0.60000
1.58670,-0.34210,0.00000,0.60000
1.58680,-0.34197,0.00000,0.60000
1.58690,-0.34184,0.00000,0.60000
1.58700,-0.34171,0.00000,0.60000
1.58710,-0.34158,0.00000,0.60000
1.58720,-0.34145,0.00000,0.60000
1.58730,-0.34132,0.00000,0.60000
1.58740,-0.34119,0.00000,0.60000
1.58750,-0.34106,0.00000,0.60000
1.58760,-0.34092,0.00000,0.60000
1.58770,-0.34079,0.00000,0.60000
1.58780,-0.34066,0.00000,0.60000
1.58790,-0.34053,0.00000,0.60000
1.58800,-0.34040,0.00000,0.60000
1.58810,-0.34027,0.00000,0.60000
1.58820,-0.34013,0.00000,0.60000
1.58830,-0.34000,0.00000,0.60000
1.58840,-0.33987,0.00000,0.60000
1.58850,-0.33974,0.00000,0.60000
1.58860,-0.33960,0.00000,0.60000
1.58870,-0.33947,0.00000,0.60000
1.58880,-0.33934,0.00000,0.60000
1.58890,-0.33920,0.00000,0.60000
1.58900,-0.33907,0.00000,0.60000
1.58910,-0.33894,0.00000,0.60000
1.58920,-0.33880,0.00000,0.60000
1.58930,-0.33867,0.00000,0.60000
1.58940,-0.33854,0.00000,0.60000
1.58950,-0.33840,0.00000,0.60000
1.58960,-0.33827,0.00000,0.60000
1.58970,-0.33813,0.00000,0.60000
1.58980,-0.33800,0.00000,0.60000
1.58990,-0.33787,0.00000,0.60000
1.59000,-0.33773,0.00000,0.60000
1.59010,-0.33760,0.00000,0.60000
1.59020,-0.33746,0.00000,0.60000
1.59030,-0.33733,0.00000,0.60000
1.59040,-0.33719,0.00000,0.60000
1.59050,-0.33706,0.00000,0.60000
1.59060,-0.33692,0.00000,0.60000
1.59070,-0.33679,0.00000,0.60000
1.59080,-0.33665,0.00000,0.60000
1.59090,-0.33651,0.00000,0.60000
1.59100,-0.33638,0.00000,0.60000
1.59110,-0.33624,0.00000,0.60000
1.59120,-0.33611,0.00000,0.60000
1.59130,-0.33597,0.00000,0.60000
1.59140,-0.33583,0.00000,0.60000
1.59150,-0.33570,0.00000,0.60000
1.59160,-0.33556,0.00000,0.60000
1.59170,-0.33542,0.00000,0.60000
1.59180,-0.33529,0.00000,0.60000
1.59190,-0.33515,0.00000,0.60000
1.59200,-0.33501,0.00000,0.60000
1.59210,-0.33487,0.00000,0.60000
1.59220,-0.33474,0.00000,0.60000
1.59230,-0.33460,0.00000,0.60000
1.59240,-0.33446,0.00000,0.60000
1.59250,-0.33432,0.00000,0.60000
1.59260,-0.33418,0.00000,0.60000
1.59270,-0.33405,0.00000,0.60000
1.59280,-0.33391,0.00000,0.60000
1.59290,-0.33377,0.00000,0.60000
1.59300,-0.33363,0.00000,0.60000
1.59310,-0.33349,0.00000,0.60000
1.59320,-0.33335,0.00000,0.60000
1.59330,-0.33321,0.00000,0.60000
1.59340,-0.33308,0.00000,0.60000
1.59350,-0.33294,0.00000,0.60000
1.59360,-0.33280,0.00000,0.60000
1.59370,-0.33266,0.00000,0.60000
1.59380,-0.33252,0.00000,0.60000
1.59390,-0.33238,0.00000,0.60000
1.59400,-0.33224,0.00000,0.60000
1.59410,-0.33210,0.00000,0.60000
1.59420,-0.33196,0.00000,0.60000
1.59430,-0.33182,0.00000,0.60000
1.59440,-0.33168,0.00000,0.60000
1.59450,-0.33154,0.00000,0.60000
1.59460,-0.33140,0.00000,0.60000
1.59470,-0.33126,0.00000,0.60000
1.59480,-0.33111,0.00000,0.60000
1.59490,-0.33097,0.00000,0.60000
1.59500,-0.33083,0.00000,0.60000
1.59510,-0.33069,0.00000,0.60000
1.59520,-0.33055,0.00000,0.60000
1.59530,-0.33041,0.00000,0.60000
1.59540,-0.33027,0.00000,0.60000
1.59550,-0.33012,0.00000,0.60000
1.59560,-0.32998,0.00000,0.60000
1.59570,-0.32984,0.00000,0.60000
1.59580,-0.32970,0.00000,0.60000
1.59590,-0.32956,0.00000,0.60000
1.59600,-0.32941,0.00000,0.60000
1.59610,-0.32927,0.00000,0.60000
1.59620,-0.32913,0.00000,0.60000
1.59630,-0.32898,0.00000,0.60000
1.59640,-0.32884,0.00000,0.60000
1.59650,-0.32870,0.00000,0.60000
1.59660,-0.32856,0.00000,0.60000
1.59670,-0.32841,0.00000,0.60000
1.59680,-0.32827,0.00000,0.60000
1.59690,-0.32812,0.00000,0.60000
1.59700,-0.32798,0.00000,0.60000
1.59710,-0.32784,0.00000,0.60000
1.59720,-0.32769,0.00000,0.60000
1.59730,-0.32755,0.00000,0.60000
1.59740,-0.32740,0.00000,0.60000
1.59750,-0.32726,0.00000,0.60000
1.59760,-0.32712,0.00000,0.60000
1.59770,-0.32697,0.00000,0.60000
1.59780,-0.32683,0.00000,0.60000
1.59790,-0.32668,0.00000,0.60000
1.59800,-0.32654,0.00000,0.60000
1.59810,-0.32639,0.00000,0.60000
1.59820,-0.32625,0.00000,0.60000
1.59830,-0.32610,0.00000,0.60000
1.59840,-0.32595,0.00000,0.60000
1.59850,-0.32581,0.00000,0.60000
1.59860,-0.32566,0.00000,0.60000
1.59870,-0.32552,0.00000,0.60000
1.59880,-0.32537,0.00000,0.60000
1.59890,-0.32522,0.00000,0.60000
1.59900,-0.32508,0.00000,0.60000
1.59910,-0.32493,0.00000,0.60000
1.59920,-0.32478,0.00000,0.60000
1.59930,-0.32464,0.00000,0.60000
1.59940,-0.32449,0.00000,0.60000
1.59950,-0.32434,0.00000,0.60000
1.59960,-0.32420,0.00000,0.60000
1.59970,-0.32405,0.00000,0.60000
1.59980,-0.32390,0.00000,0.60000
1.59990,-0.32375,0.00000,0.60000
1.60000,-0.32361,0.00000,0.60000
1.60010,-0.32346,0.00000,0.60000
1.60020,-0.32331,0.00000,0.60000
1.60030,-0.32316,0.00000,0.60000
1.60040,-0.32301,0.00000,0.60000
1.60050,-0.32287,0.00000,0.60000
1.60060,-0.32272,0.00000,0.60000
1.60070,-0.32257,0.00000,0.60000
1.60080,-0.32242,0.00000,0.60000
1.60090,-0.32227,0.00000,0.60000
1.60100,-0.32212,0.00000,0.60000
1.60110,-0.32197,0.00000,0.60000
1.60120,-0.32182,0.00000,0.60000
1.60130,-0.32168,0.00000,0.60000
1.60140,-0.32153,0.00000,0.60000
1.60150,-0.32138,0.00000,0.60000
1.60160,-0.32123,0.00000,0.60000
1.60170,-0.32108,0.00000,0.60000
1.60180,-0.32093,0.00000,0.60000
1.60190,-0.32078,0.00000,0.60000
1.60200,-0.32063,0.00000,0.60000
1.60210,-0.32048,0.00000,0.60000
1.60220,-0.32033,0.00000,0.60000
1.60230,-0.32018,0.00000,0.60000
1.60240,-0.32002,0.00000,0.60000
1.60250,-0.31987,0.00000,0.60000
1.60260,-0.31972,0.00000,0.60000
1.60270,-0.31957,0.00000,0.60000
1.60280,-0.31942,0.00000,0.60000
1.60290,-0.31927,0.00000,0.60000
1.60300,-0.31912,0.00000,0.60000
1.60310,-0.31897,0.00000,0.60000
1.60320,-0.31881,0.00000,0.60000
1.60330,-0.31866,0.00000,0.60000
1.60340,-0.31851,0.00000,0.60000
1.60350,-0.31836,0.00000,0.60000
1.60360,-0.31821,0.00000,0.60000
1.60370,-0.31805,0.00000,0.60000
1.60380,-0.31790,0.00000,0.60000
1.60390,-0.31775,0.00000,0.60000
1.60400,-0.31760,0.00000,0.60000
1.60410,-0.31744,0.00000,0.60000
1.60420,-0.31729,0.00000,0.60000
1.60430,-0.31714,0.00000,0.60000
1.60440,-0.31698,0.00000,0.60000
1.60450,-0.31683,0.00000,0.60000
1.60460,-0.31668,0.00000,0.60000
1.60470,-0.31652,0.00000,0.60000
1.60480,-0.31637,0.00000,0.60000
1.60490,-0.31622,0.00000,0.60000
1.60500,-0.31606,0.00000,0.60000
1.60510,-0.31591,0.00000,0.60000
1.60520,-0.31575,0.00000,0.60000
1.60530,-0.31560,0.00000,0.60000
1.60540,-0.31544,0.00000,0.60000
1.60550,-0.31529,0.00000,0.60000
1.60560,-0.31514,0.00000,0.60000
1.60570,-0.31498,0.00000,0.60000
1.60580,-0.31483,0.00000,0.60000
1.60590,-0.31467,0.00000,0.60000
1.60600,-0.31452,0.00000,0.60000
1.60610,-0.31436,0.00000,0.60000
1.60620,-0.31420,0.00000,0.60000
1.60630,-0.31405,0.00000,0.60000
1.60640,-0.31389,0.00000,0.60000
1.60650,-0.31374,0.00000,0.60000
1.60660,-0.31358,0.00000,0.60000
1.60670,-0.31343,0.00000,0.60000
1.60680,-0.31327,0.00000,0.60000
1.60690,-0.31311,0.00000,0.60000
1.60700,-0.31296,0.00000,0.60000
1.60710,-0.31280,0.00000,0.60000
1.60720,-0.31264,0.00000,0.60000
1.60730,-0.31249,0.00000,0.60000
1.60740,-0.31233,0.00000,0.60000
1.60750,-0.31217,0.00000,0.60000
1.60760,-0.31201,0.00000,0.60000
1.60770,-0.31186,0.00000,0.60000
1.60780,-0.31170,0.00000,0.60000
1.60790,-0.31154,0.00000,0.60000
1.60800,-0.31138,0.00000,0.60000
1.60810,-0.31123,0.00000,0.60000
1.60820,-0.31107,0.00000,0.60000
1.60830,-0.31091,0.00000,0.60000
1.60840,-0.31075,0.00000,0.60000
1.60850,-0.31059,0.00000,0.60000
1.60860,-0.31044,0.00000,0.60000
1.60870,-0.31028,0.00000,0.60000
1.60880,-0.31012,0.00000,0.60000
1.60890,-0.30996,0.00000,0.60000
1.60900,-0.30980,0.00000,0.60000
1.60910,-0.30964,0.00000,0.60000
1.60920,-0.30948,0.00000,0.60000
1.60930,-0.30932,0.00000,0.60000
1.60940,-0.30916,0.00000,0.60000
1.60950,-0.30900,0.00000,0.60000
1.60960,-0.30885,0.00000,0.60000
1.60970,-0.30869,0.00000,0.60000
1.60980,-0.30853,0.00000,0.60000
1.60990,-0.30837,0.00000,0.60000
1.61000,-0.30821,0.00000,0.60000
1.61010,-0.30805,0.00000,0.60000
1.61020,-0.30788,0.00000,0.60000
1.61030,-0.30772,0.00000,0.60000
1.61040,-0.30756,0.00000,0.60000
1.61050,-0.30740,0.00000,0.60000
1.61060,-0.30724,0.00000,0.60000
1.61070,-0.30708,0.00000,0.60000
1.61080,-0.30692,0.00000,0.60000
1.61090,-0.30676,0.00000,0.60000
1.61100,-0.30660,0.00000,0.60000
1.61110,-0.30644,0.00000,0.60000
1.61120,-0.30627,0.00000,0.60000
1.61130,-0.30611,0.00000,0.60000
1.61140,-0.30595,0.00000,0.60000
1.61150,-0.30579,0.00000,0.60000
1.61160,-0.30563,0.00000,0.60000
1.61170,-0.30546,0.00000,0.60000
1.61180,-0.30530,0.00000,0.60000
1.61190,-0.30514,0.00000,0.60000
1.61200,-0.30498,0.00000,0.60000
1.61210,-0.30481,0.00000,0.60000
1.61220,-0.30465,0.00000,0.60000
1.61230,-0.30449,0.00000,0.60000
1.61240,-0.30433,0.00000,0.60000
1.61250,-0.30416,0.00000,0.60000
1.61260,-0.30400,0.00000,0.60000
1.61270,-0.30384,0.00000,0.60000
1.61280,-0.30367,0.00000,0.60000
1.61290,-0.30351,0.00000,0.60000
1.61300,-0.30334,0.00000,0.60000
1.61310,-0.30318,0.00000,0.60000
1.61320,-0.30302,0.00000,0.60000
1.61330,-0.30285,0.00000,0.60000
1.61340,-0.30269,0.00000,0.60000
1.61350,-0.30252,0.00000,0.60000
1.61360,-0.30236,0.00000,0.60000
1.61370,-0.30220,0.00000,0.60000
1.61380,-0.30203,0.00000,0.60000
1.61390,-0.30187,0.00000,0.60000
1.61400,-0.30170,0.00000,0.60000
1.61410,-0.30154,0.00000,0.60000
1.61420,-0.30137,0.00000,0.60000
1.61430,-0.30120,0.00000,0.60000
1.61440,-0.30104,0.00000,0.60000
1.61450,-0.30087,0.00000,0.60000
1.61460,-0.30071,0.00000,0.60000
1.61470,-0.30054,0.00000,0.60000
1.61480,-0.30038,0.00000,0.60000
1.61490,-0.30021,0.00000,0.60000
1.61500,-0.30004,0.00000,0.60000
1.61510,-0.29988,0.00000,0.60000
1.61520,-0.29971,0.00000,0.60000
1.61530,-0.29955,0.00000,0.60000
1.61540,-0.29938,0.00000,0.60000
1.61550,-0.29921,0.00000,0.60000
1.61560,-0.29905,0.00000,0.60000
1.61570,-0.29888,0.00000,0.60000
1.61580,-0.29871,0.00000,0.60000
1.61590,-0.29854,0.00000,0.60000
1.61600,-0.29838,0.00000,0.60000
1.61610,-0.29821,0.00000,0.60000
1.61620,-0.29804,0.00000,0.60000
1.61630,-0.29787,0.00000,0.60000
1.61640,-0.29771,0.00000,0.60000
1.61650,-0.29754,0.00000,0.60000
1.61660,-0.29737,0.00000,0.60000
1.61670,-0.29720,0.00000,0.60000
1.61680,-0.29703,0.00000,0.60000
1.61690,-0.29687,0.00000,0.60000
1.61700,-0.29670,0.00000,0.60000
1.61710,-0.29653,0.00000,0.60000
1.61720,-0.29636,0.00000,0.60000
1.61730,-0.29619,0.00000,0.60000
1.61740,-0.29602,0.00000,0.60000
1.61750,-0.29585,0.00000,0.60000
1.61760,-0.29568,0.00000,0.60000
1.61770,-0.29551,0.00000,0.60000
1.61780,-0.29534,0.00000,0.60000
1.61790,-0.29517,0.00000,0.60000
1.61800,-0.29501,0.00000,0.60000
1.61810,-0.29484,0.00000,0.60000
1.61820,-0.29467,0.00000,0.60000
1.61830,-0.29450,0.00000,0.60000
1.61840,-0.29433,0.00000,0.60000
1.61850,-0.29416,0.00000,0.60000
1.61860,-0.29398,0.00000,0.60000
1.61870,-0.29381,0.00000,0.60000
1.61880,-0.29364,0.00000,0.60000
1.61890,-0.29347,0.00000,0.60000
1.61900,-0.29330,0.00000,0.60000
1.61910,-0.29313,0.00000,0.60000
1.61920,-0.29296,0.00000,0.60000
1.61930,-0.29279,0.00000,0.60000
1.61940,-0.29262,0.00000,0.60000
1.61950,-0.29245,0.00000,0.60000
1.61960,-0.29227,0.00000,0.60000
1.61970,-0.29210,0.00000,0.60000
1.61980,-0.29193,0.00000,0.60000
1.61990,-0.29176,0.00000,0.60000
1.62000,-0.29159,0.00000,0.60000
1.62010,-0.29142,0.00000,0.60000
1.62020,-0.29124,0.00000,0.60000
1.62030,-0.29107,0.00000,0.60000
1.62040,-0.29090,0.00000,0.60000
1.62050,-0.29073,0.00000,0.60000
1.62060,-0.29055,0.00000,0.60000
1.62070,-0.29038,0.00000,0.60000
1.62080,-0.29021,0.00000,0.60000
1.62090,-0.29003,0.00000,0.60000
1.62100,-0.28986,0.00000,0.60000
1.62110,-0.28969,0.00000,0.60000
1.62120,-0.28951,0.00000,0.60000
1.62130,-0.28934,0.00000,0.60000
1.62140,-0.28917,0.00000,0.60000
1.62150,-0.28899,0.00000,0.60000
1.62160,-0.28882,0.00000,0.60000
1.62170,-0.28865,0.00000,0.60000
1.62180,-0.28847,0.00000,0.60000
1.62190,-0.28830,0.00000,0.60000
1.62200,-0.28812,0.00000,0.60000
1.62210,-0.28795,0.00000,0.60000
1.62220,-0.28777,0.00000,0.60000
1.62230,-0.28760,0.00000,0.60000
1.62240,-0.28743,0.00000,0.60000
1.62250,-0.28725,0.00000,0.60000
1.62260,-0.28708,0.00000,0.60000
1.62270,-0.28690,0.00000,0.60000
1.62280,-0.28673,0.00000,0.60000
1.62290,-0.28655,0.00000,0.60000
1.62300,-0.28637,0.00000,0.60000
1.62310,-0.28620,0.00000,0.60000
1.62320,-0.28602,0.00000,0.60000
1.62330,-0.28585,0.00000,0.60000
1.62340,-0.28567,0.00000,0.60000
1.62350,-0.28550,0.00000,0.60000
1.62360,-0.28532,0.00000,0.60000
1.62370,-0.28514,0.00000,0.60000
1.62380,-0.28497,0.00000,0.60000
1.62390,-0.28479,0.00000,0.60000
1.62400,-0.28461,0.00000,0.60000
1.62410,-0.28444,0.00000,0.60000
1.62420,-0.28426,0.00000,0.60000
1.62430,-0.28408,0.00000,0.60000
1.62440,-0.28391,0.00000,0.60000
1.62450,-0.28373,0.00000,0.60000
1.62460,-0.28355,0.00000,0.60000
1.62470,-0.28338,0.00000,0.60000
1.62480,-0.28320,0.00000,0.60000
1.62490,-0.28302,0.00000,0.60000
1.62500,-0.28284,0.00000,0.60000
1.62510,-0.28266,0.00000,0.60000
1.62520,-0.28249,0.00000,0.60000
1.62530,-0.28231,0.00000,0.60000
1.62540,-0.28213,0.00000,0.60000
1.62550,-0.28195,0.00000,0.60000
1.62560,-0.28177,0.00000,0.60000
1.62570,-0.28160,0.00000,0.60000
1.62580,-0.28142,0.00000,0.60000
1.62590,-0.28124,0.00000,0.60000
1.62600,-0.28106,0.00000,0.60000
1.62610,-0.28088,0.00000,0.60000
1.62620,-0.28070,0.00000,0.60000
1.62630,-0.28052,0.00000,0.60000
1.62640,-0.28034,0.00000,0.60000
1.62650,-0.28016,0.00000,0.60000
1.62660,-0.27999,0.00000,0.60000
1.62670,-0.27981,0.00000,0.60000
1.62680,-0.27963,0.00000,0.60000
1.62690,-0.27945,0.00000,0.60000
1.62700,-0.27927,0.00000,0.60000
1.62710,-0.27909,0.00000,0.60000
1.62720,-0.27891,0.00000,0.60000
1.62730,-0.27873,0.00000,0.60000
1.62740,-0.27855,0.00000,0.60000
1.62750,-0.27837,0.00000,0.60000
1.62760,-0.27818,0.00000,0.60000
1.62770,-0.27800,0.00000,0.60000
1.62780,-0.27782,0.00000,0.60000
1.62790,-0.27764,0.00000,0.60000
1.62800,-0.27746,0.00000,0.60000
1.62810,-0.27728,0.00000,0.60000
1.62820,-0.27710,0.00000,0.60000
1.62830,-0.27692,0.00000,0.60000
1.62840,-0.27674,0.00000,0.60000
1.62850,-0.27655,0.00000,0.60000
1.62860,-0.27637,0.00000,0.60000
1.62870,-0.27619,0.00000,0.60000
1.62880,-0.27601,0.00000,0.60000
1.62890,-0.27583,0.00000,0.60000
1.62900,-0.27565,0.00000,0.60000
1.62910,-0.27546,0.00000,0.60000
1.62920,-0.27528,0.00000,0.60000
1.62930,-0.27510,0.00000,0.60000
1.62940,-0.27492,0.00000,0.60000
1.62950,-0.27473,0.00000,0.60000
1.62960,-0.27455,0.00000,0.60000
1.62970,-0.27437,0.00000,0.60000
1.62980,-0.27419,0.00000,0.60000
1.62990,-0.27400,0.00000,0.60000
1.63000,-0.27382,0.00000,0.60000
1.63010,-0.27364,0.00000,0.60000
1.63020,-0.27345,0.00000,0.60000
1.63030,-0.27327,0.00000,0.60000
1.63040,-0.27309,0.00000,0.60000
1.63050,-0.27290,0.00000,0.60000
1.63060,-0.27272,0.00000,0.60000
1.63070,-0.27253,0.00000,0.60000
1.63080,-0.27235,0.00000,0.60000
1.63090,-0.27217,0.00000,0.60000
1.63100,-0.27198,0.00000,0.60000
1.63110,-0.27180,0.00000,0.60000
1.63120,-0.27161,0.00000,0.60000
1.63130,-0.27143,0.00000,0.60000
1.63140,-0.27124,0.00000,0.60000
1.63150,-0.27106,0.00000,0.60000
1.63160,-0.27087,0.00000,0.60000
1.63170,-0.27069,0.00000,0.60000
1.63180,-0.27050,0.00000,0.60000
1.63190,-0.27032,0.00000,0.60000
1.63200,-0.27013,0.00000,0.60000
1.63210,-0.26995,0.00000,0.60000
1.63220,-0.26976,0.00000,0.60000
1.63230,-0.26958,0.00000,0.60000
1.63240,-0.26939,0.00000,0.60000
1.63250,-0.26921,0.00000,0.60000
1.63260,-0.26902,0.00000,0.60000
1.63270,-0.26883,0.00000,0.60000
1.63280,-0.26865,0.00000,0.60000
1.63290,-0.26846,0.00000,0.60000
1.63300,-0.26827,0.00000,0.60000
1.63310,-0.26809,0.00000,0.60000
1.63320,-0.26790,0.00000,0.60000
1.63330,-0.26771,0.00000,0.60000
1.63340,-0.26753,0.00000,0.60000
1.63350,-0.26734,0.00000,0.60000
1.63360,-0.26715,0.00000,0.60000
1.63370,-0.26697,0.00000,0.60000
1.63380,-0.26678,0.00000,0.60000
1.63390,-0.26659,0.00000,0.60000
1.63400,-0.26640,0.00000,0.60000
1.63410,-0.26622,0.00000,0.60000
1.63420,-0.26603,0.00000,0.60000
1.63430,-0.26584,0.00000,0.60000
1.63440,-0.26565,0.00000,0.60000
1.63450,-0.26547,0.00000,0.60000
1.63460,-0.26528,0.00000,0.60000
1.63470,-0.26509,0.00000,0.60000
1.63480,-0.26490,0.00000,0.60000
1.63490,-0.26471,0.00000,0.60000
1.63500,-0.26452,0.00000,0.60000
1.63510,-0.26434,0.00000,0.60000
1.63520,-0.26415,0.00000,0.60000
1.63530,-0.26396,0.00000,0.60000
1.63540,-0.26377,0.00000,0.60000
1.63550,-0.26358,0.00000,0.60000
1.63560,-0.26339,0.00000,0.60000
1.63570,-0.26320,0.00000,0.60000
1.63580,-0.26301,0.00000,0.60000
1.63590,-0.26282,0.00000,0.60000
1.63600,-0.26263,0.00000,0.60000
1.63610,-0.26244,0.00000,0.60000
1.63620,-0.26225,0.00000,0.60000
1.63630,-0.26207,0.00000,0.60000
1.63640,-0.26188,0.00000,0.60000
1.63650,-0.26169,0.00000,0.60000
1.63660,-0.26150,0.00000,0.60000
1.63670,-0.26130,0.00000,0.60000
1.63680,-0.26111,0.00000,0.60000
1.63690,-0.26092,0.00000,0.60000
1.63700,-0.26073,0.00000,0.60000
1.63710,-0.26054,0.00000,0.60000
1.63720,-0.26035,0.00000,0.60000
1.63730,-0.26016,0.00000,0.60000
1.63740,-0.25997,0.00000,0.60000
1.63750,-0.25978,0.00000,0.60000
1.63760,-0.25959,0.00000,0.60000
1.63770,-0.25940,0.00000,0.60000
1.63780,-0.25921,0.00000,0.60000
1.63790,-0.25901,0.00000,0.60000
1.63800,-0.25882,0.00000,0.60000
1.63810,-0.25863,0.00000,0.60000
1.63820,-0.25844,0.00000,0.60000
1.63830,-0.25825,0.00000,0.60000
1.63840,-0.25806,0.00000,0.60000
1.63850,-0.25786,0.00000,0.60000
1.63860,-0.25767,0.00000,0.60000
1.63870,-0.25748,0.00000,0.60000
1.63880,-0.25729,0.00000,0.60000
1.63890,-0.25709,0.00000,0.60000
1.63900,-0.25690,0.00000,0.60000
1.63910,-0.25671,0.00000,0.60000
1.63920,-0.25652,0.00000,0.60000
1.63930,-0.25632,0.00000,0.60000
1.63940,-0.25613,0.00000,0.60000
1.63950,-0.25594,0.00000,0.60000
1.63960,-0.25574,0.00000,0.60000
1.63970,-0.25555,0.00000,0.60000
1.63980,-0.25536,0.00000,0.60000
1.63990,-0.25516,0.00000,0.60000
1.64000,-0.25497,0.00000,0.60000
1.64010,-0.25478,0.00000,0.60000
1.64020,-0.25458,0.00000,0.60000
1.64030,-0.25439,0.00000,0.60000
1.64040,-0.25419,0.00000,0.60000
1.64050,-0.25400,0.00000,0.60000
1.64060,-0.25381,0.00000,0.60000
1.64070,-0.25361,0.00000,0.60000
1.64080,-0.25342,0.00000,0.60000
1.64090,-0.25322,0.00000,0.60000
1.64100,-0.25303,0.00000,0.60000
1.64110,-0.25283,0.00000,0.60000
1.64120,-0.25264,0.00000,0.60000
1.64130,-0.25244,0.00000,0.60000
1.64140,-0.25225,0.00000,0.60000
1.64150,-0.25205,0.00000,0.60000
1.64160,-0.25186,0.00000,0.60000
1.64170,-0.25166,0.00000,0.60000
1.64180,-0.25147,0.00000,0.60000
1.64190,-0.25127,0.00000,0.60000
1.64200,-0.25108,0.00000,0.60000
1.64210,-0.25088,0.00000,0.60000
1.64220,-0.25069,0.00000,0.60000
1.64230,-0.25049,0.00000,0.60000
1.64240,-0.25029,0.00000,0.60000
1.64250,-0.25010,0.00000,0.60000
1.64260,-0.24990,0.00000,0.60000
1.64270,-0.24970,0.00000,0.60000
1.64280,-0.24951,0.00000,0.60000
1.64290,-0.24931,0.00000,0.60000
1.64300,-0.24912,0.00000,0.60000
1.64310,-0.24892,0.00000,0.60000
1.64320,-0.24872,0.00000,0.60000
1.64330,-0.24852,0.00000,0.60000
1.64340,-0.24833,0.00000,0.60000
1.64350,-0.24813,0.00000,0.60000
1.64360,-0.24793,0.00000,0.60000
1.64370,-0.24774,0.00000,0.60000
1.64380,-0.24754,0.00000,0.60000
1.64390,-0.24734,0.00000,0.60000
1.64400,-0.24714,0.00000,0.60000
1.64410,-0.24695,0.00000,0.60000
1.64420,-0.24675,0.00000,0.60000
1.64430,-0.24655,0.00000,0.60000
1.64440,-0.24635,0.00000,0.60000
1.64450,-0.24615,0.00000,0.60000
1.64460,-0.24596,0.00000,0.60000
1.64470,-0.24576,0.00000,0.60000
1.64480,-0.24556,0.00000,0.60000
1.64490,-0.24536,0.00000,0.60000
1.64500,-0.24516,0.00000,0.60000
1.64510,-0.24496,0.00000,0.60000
1.64520,-0.24477,0.00000,0.60000
1.64530,-0.24457,0.00000,0.60000
1.64540,-0.24437,0.00000,0.60000
1.64550,-0.24417,0.00000,0.60000
1.64560,-0.24397,0.00000,0.60000
1.64570,-0.24377,0.00000,0.60000
1.64580,-0.24357,0.00000,0.60000
1.64590,-0.24337,0.00000,0.60000
1.64600,-0.24317,0.00000,0.60000
1.64610,-0.24297,0.00000,0.60000
1.64620,-0.24277,0.00000,0.60000
1.64630,-0.24257,0.00000,0.60000
1.64640,-0.24237,0.00000,0.60000
1.64650,-0.24217,0.00000,0.60000
1.64660,-0.24197,0.00000,0.60000
1.64670,-0.24177,0.00000,0.60000
1.64680,-0.24157,0.00000,0.60000
1.64690,-0.24137,0.00000,0.60000
1.64700,-0.24117,0.00000,0.60000
1.64710,-0.24097,0.00000,0.60000
1.64720,-0.24077,0.00000,0.60000
1.64730,-0.24057,0.00000,0.60000
1.64740,-0.24037,0.00000,0.60000
1.64750,-0.24017,0.00000,0.60000
1.64760,-0.23997,0.00000,0.60000
1.64770,-0.23977,0.00000,0.60000
1.64780,-0.23956,0.00000,0.60000
1.64790,-0.23936,0.00000,0.60000
1.64800,-0.23916,0.00000,0.60000
1.64810,-0.23896,0.00000,0.60000
1.64820,-0.23876,0.00000,0.60000
1.64830,-0.23856,0.00000,0.60000
1.64840,-0.23836,0.00000,0.60000
1.64850,-0.23815,0.00000,0.60000
1.64860,-0.23795,0.00000,0.60000
1.64870,-0.23775,0.00000,0.60000
1.64880,-0.23755,0.00000,0.60000
1.64890,-0.23735,0.00000,0.60000
1.64900,-0.23714,0.00000,0.60000
1.64910,-0.23694,0.00000,0.60000
1.64920,-0.23674,0.00000,0.60000
1.64930,-0.23654,0.00000,0.60000
1.64940,-0.23633,0.00000,0.60000
1.64950,-0.23613,0.00000,0.60000
1.64960,-0.23593,0.00000,0.60000
1.64970,-0.23572,0.00000,0.60000
1.64980,-0.23552,0.00000,0.60000
1.64990,-0.23532,0.00000,0.60000
1.65000,-0.23511,0.00000,0.60000
1.65010,-0.23491,0.00000,0.60000
1.65020,-0.23471,0.00000,0.60000
1.65030,-0.23450,0.00000,0.60000
1.65040,-0.23430,0.00000,0.60000
1.65050,-0.23410,0.00000,0.60000
1.65060,-0.23389,0.00000,0.60000
1.65070,-0.23369,0.00000,0.60000
1.65080,-0.23348,0.00000,0.60000
1.65090,-0.23328,0.00000,0.60000
1.65100,-0.23308,0.00000,0.60000
1.65110,-0.23287,0.00000,0.60000
1.65120,-0.23267,0.00000,0.60000
1.65130,-0.23246,0.00000,0.60000
1.65140,-0.23226,0.00000,0.60000
1.65150,-0.23205,0.00000,0.60000
1.65160,-0.23185,0.00000,0.60000
1.65170,-0.23164,0.00000,0.60000
1.65180,-0.23144,0.00000,0.60000
1.65190,-0.23123,0.00000,0.60000
1.65200,-0.23103,0.00000,0.60000
1.65210,-0.23082,0.00000,0.60000
1.65220,-0.23062,0.00000,0.60000
1.65230,-0.23041,0.00000,0.60000
1.65240,-0.23021,0.00000,0.60000
1.65250,-0.23000,0.00000,0.60000
1.65260,-0.22980,0.00000,0.60000
1.65270,-0.22959,0.00000,0.60000
1.65280,-0.22938,0.00000,0.60000
1.65290,-0.22918,0.00000,0.60000
1.65300,-0.22897,0.00000,0.60000
1.65310,-0.22877,0.00000,0.60000
1.65320,-0.22856,0.00000,0.60000
1.65330,-0.22835,0.00000,0.60000
1.65340,-0.22815,0.00000,0.60000
1.65350,-0.22794,0.00000,0.60000
1.65360,-0.22773,0.00000,0.60000
1.65370,-0.22753,0.00000,0.60000
1.65380,-0.22732,0.00000,0.60000
1.65390,-0.22711,0.00000,0.60000
1.65400,-0.22691,0.00000,0.60000
1.65410,-0.22670,0.00000,0.60000
1.65420,-0.22649,0.00000,0.60000
1.65430,-0.22629,0.00000,0.60000
1.65440,-0.22608,0.00000,0.60000
1.65450,-0.22587,0.00000,0.60000
1.65460,-0.22566,0.00000,0.60000
1.65470,-0.22546,0.00000,0.60000
1.65480,-0.22525,0.00000,0.60000
1.65490,-0.22504,0.00000,0.60000
1.65500,-0.22483,0.00000,0.60000
1.65510,-0.22463,0.00000,0.60000
1.65520,-0.22442,0.00000,0.60000
1.65530,-0.22421,0.00000,0.60000
1.65540,-0.22400,0.00000,0.60000
1.65550,-0.22379,0.00000,0.60000
1.65560,-0.22358,0.00000,0.60000
1.65570,-0.22338,0.00000,0.60000
1.65580,-0.22317,0.00000,0.60000
1.65590,-0.22296,0.00000,0.60000
1.65600,-0.22275,0.00000,0.60000
1.65610,-0.22254,0.00000,0.60000
1.65620,-0.22233,0.00000,0.60000
1.65630,-0.22212,0.00000,0.60000
1.65640,-0.22191,0.00000,0.60000
1.65650,-0.22171,0.00000,0.60000
1.65660,-0.22150,0.00000,0.60000
1.65670,-0.22129,0.00000,0.60000
1.65680,-0.22108,0.00000,0.60000
1.65690,-0.22087,0.00000,0.60000
1.65700,-0.22066,0.00000,0.60000
1.65710,-0.22045,0.00000,0.60000
1.65720,-0.22024,0.00000,0.60000
1.65730,-0.22003,0.00000,0.60000
1.65740,-0.21982,0.00000,0.60000
1.65750,-0.21961,0.00000,0.60000
1.65760,-0.21940,0.00000,0.60000
1.65770,-0.21919,0.00000,0.60000
1.65780,-0.21898,0.00000,0.60000
1.65790,-0.21877,0.00000,0.60000
1.65800,-0.21856,0.00000,0.60000
1.65810,-0.21835,0.00000,0.60000
1.65820,-0.21814,0.00000,0.60000
1.65830,-0.21793,0.00000,0.60000
1.65840,-0.21772,0.00000,0.60000
1.65850,-0.21750,0.00000,0.60000
1.65860,-0.21729,0.00000,0.60000
1.65870,-0.21708,0.00000,0.60000
1.65880,-0.21687,0.00000,0.60000
1.65890,-0.21666,0.00000,0.60000
1.65900,-0.21645,0.00000,0.60000
1.65910,-0.21624,0.00000,0.60000
1.65920,-0.21603,0.00000,0.60000
1.65930,-0.21581,0.00000,0.60000
1.65940,-0.21560,0.00000,0.60000
1.65950,-0.21539,0.00000,0.60000
1.65960,-0.21518,0.00000,0.60000
1.65970,-0.21497,0.00000,0.60000
1.65980,-0.21475,0.00000,0.60000
1.65990,-0.21454,0.00000,0.60000
1.66000,-0.21433,0.00000,0.60000
1.66010,-0.21412,0.00000,0.60000
1.66020,-0.21391,0.00000,0.60000
1.66030,-0.21369,0.00000,0.60000
1.66040,-0.21348,0.00000,0.60000
1.66050,-0.21327,0.00000,0.60000
1.66060,-0.21306,0.00000,0.60000
1.66070,-0.21284,0.00000,0.60000
1.66080,-0.21263,0.00000,0.60000
1.66090,-0.21242,0.00000,0.60000
1.66100,-0.21220,0.00000,0.60000
1.66110,-0.21199,0.00000,0.60000
1.66120,-0.21178,0.00000,0.60000
1.66130,-0.21156,0.00000,0.60000
1.66140,-0.21135,0.00000,0.60000
1.66150,-0.21114,0.00000,0.60000
1.66160,-0.21092,0.00000,0.60000
1.66170,-0.21071,0.00000,0.60000
1.66180,-0.21050,0.00000,0.60000
1.66190,-0.21028,0.00000,0.60000
1.66200,-0.21007,0.00000,0.60000
1.66210,-0.20986,0.00000,0.60000
1.66220,-0.20964,0.00000,0.60000
1.66230,-0.20943,0.00000,0.60000
1.66240,-0.20921,0.00000,0.60000
1.66250,-0.20900,0.00000,0.60000
1.66260,-0.20879,0.00000,0.60000
1.66270,-0.20857,0.00000,0.60000
1.66280,-0.20836,0.00000,0.60000
1.66290,-0.20814,0.00000,0.60000
1.66300,-0.20793,0.00000,0.60000
1.66310,-0.20771,0.00000,0.60000
1.66320,-0.20750,0.00000,0.60000
1.66330,-0.20728,0.00000,0.60000
1.66340,-0.20707,0.00000,0.60000
1.66350,-0.20685,0.00000,0.60000
1.66360,-0.20664,0.00000,0.60000
1.66370,-0.20642,0.00000,0.60000
1.66380,-0.20621,0.00000,0.60000
1.66390,-0.20599,0.00000,0.60000
1.66400,-0.20578,0.00000,0.60000
1.66410,-0.20556,0.00000,0.60000
1.66420,-0.20534,0.00000,0.60000
1.66430,-0.20513,0.00000,0.60000
1.66440,-0.20491,0.00000,0.60000
1.66450,-0.20470,0.00000,0.60000
1.66460,-0.20448,0.00000,0.60000
1.66470,-0.20427,0.00000,0.60000
1.66480,-0.20405,0.00000,0.60000
1.66490,-0.20383,0.00000,0.60000
1.66500,-0.20362,0.00000,0.60000
1.66510,-0.20340,0.00000,0.60000
1.66520,-0.20318,0.00000,0.60000
1.66530,-0.20297,0.00000,0.60000
1.66540,-0.20275,0.00000,0.60000
1.66550,-0.20253,0.00000,0.60000
1.66560,-0.20232,0.00000,0.60000
1.66570,-0.20210,0.00000,0.60000
1.66580,-0.20188,0.00000,0.60000
1.66590,-0.20167,0.00000,0.60000
1.66600,-0.20145,0.00000,0.60000
1.66610,-0.20123,0.00000,0.60000
1.66620,-0.20101,0.00000,0.60000
1.66630,-0.20080,0.00000,0.60000
1.66640,-0.20058,0.00000,0.60000
1.66650,-0.20036,0.00000,0.60000
1.66660,-0.20015,0.00000,0.60000
1.66670,-0.19993,0.00000,0.60000
1.66680,-0.19971,0.00000,0.60000
1.66690,-0.19949,0.00000,0.60000
1.66700,-0.19927,0.00000,0.60000
1.66710,-0.19906,0.00000,0.60000
1.66720,-0.19884,0.00000,0.60000
1.66730,-0.19862,0.00000,0.60000
1.66740,-0.19840,0.00000,0.60000
1.66750,-0.19818,0.00000,0.60000
1.66760,-0.19797,0.00000,0.60000
1.66770,-0.19775,0.00000,0.60000
1.66780,-0.19753,0.00000,0.60000
1.66790,-0.19731,0.00000,0.60000
1.66800,-0.19709,0.00000,0.60000
1.66810,-0.19687,0.00000,0.60000
1.66820,-0.19665,0.00000,0.60000
1.66830,-0.19643,0.00000,0.60000
1.66840,-0.19622,0.00000,0.60000
1.66850,-0.19600,0.00000,0.60000
1.66860,-0.19578,0.00000,0.60000
1.66870,-0.19556,0.00000,0.60000
1.66880,-0.19534,0.00000,0.60000
1.66890,-0.19512,0.00000,0.60000
1.66900,-0.19490,0.00000,0.60000
1.66910,-0.19468,0.00000,0.60000
1.66920,-0.19446,0.00000,0.60000
1.66930,-0.19424,0.00000,0.60000
1.66940,-0.19402,0.00000,0.60000
1.66950,-0.19380,0.00000,0.60000
1.66960,-0.19358,0.00000,0.60000
1.66970,-0.19336,0.00000,0.60000
1.66980,-0.19314,0.00000,0.60000
1.66990,-0.19292,0.00000,0.60000
1.67000,-0.19270,0.00000,0.60000
1.67010,-0.19248,0.00000,0.60000
1.67020,-0.19226,0.00000,0.60000
1.67030,-0.19204,0.00000,0.60000
1.67040,-0.19182,0.00000,0.60000
1.67050,-0.19160,0.00000,0.60000
1.67060,-0.19138,0.00000,0.60000
1.67070,-0.19116,0.00000,0.60000
1.67080,-0.19094,0.00000,0.60000
1.67090,-0.19072,0.00000,0.60000
1.67100,-0.19050,0.00000,0.60000
1.67110,-0.19027,0.00000,0.60000
1.67120,-0.19005,0.00000,0.60000
1.67130,-0.18983,0.00000,0.60000
1.67140,-0.18961,0.00000,0.60000
1.67150,-0.18939,0.00000,0.60000
1.67160,-0.18917,0.00000,0.60000
1.67170,-0.18895,0.00000,0.60000
1.67180,-0.18872,0.00000,0.60000
1.67190,-0.18850,0.00000,0.60000
1.67200,-0.18828,0.00000,0.60000
1.67210,-0.18806,0.00000,0.60000
1.67220,-0.18784,0.00000,0.60000
1.67230,-0.18762,0.00000,0.60000
1.67240,-0.18739,0.00000,0.60000
1.67250,-0.18717,0.00000,0.60000
1.67260,-0.18695,0.00000,0.60000
1.67270,-0.18673,0.00000,0.60000
1.67280,-0.18651,0.00000,0.60000
1.67290,-0.18628,0.00000,0.60000
1.67300,-0.18606,0.00000,0.60000
1.67310,-0.18584,0.00000,0.60000
1.67320,-0.18562,0.00000,0.60000
1.67330,-0.18539,0.00000,0.60000
1.67340,-0.18517,0.00000,0.60000
1.67350,-0.18495,0.00000,0.60000
1.67360,-0.18472,0.00000,0.60000
1.67370,-0.18450,0.00000,0.60000
1.67380,-0.18428,0.00000,0.60000
1.67390,-0.18406,0.00000,0.60000
1.67400,-0.18383,0.00000,0.60000
1.67410,-0.18361,0.00000,0.60000
1.67420,-0.18339,0.00000,0.60000
1.67430,-0.18316,0.00000,0.60000
1.67440,-0.18294,0.00000,0.60000
1.67450,-0.18271,0.00000,0.60000
1.67460,-0.18249,0.00000,0.60000
1.67470,-0.18227,0.00000,0.60000
1.67480,-0.18204,0.00000,0.60000
1.67490,-0.18182,0.00000,0.60000
1.67500,-0.18160,0.00000,0.60000
1.67510,-0.18137,0.00000,0.60000
1.67520,-0.18115,0.00000,0.60000
1.67530,-0.18092,0.00000,0.60000
1.67540,-0.18070,0.00000,0.60000
1.67550,-0.18048,0.00000,0.60000
1.67560,-0.18025,0.00000,0.60000
1.67570,-0.18003,0.00000,0.60000
1.67580,-0.17980,0.00000,0.60000
1.67590,-0.17958,0.00000,0.60000
1.67600,-0.17935,0.00000,0.60000
1.67610,-0.17913,0.00000,0.60000
1.67620,-0.17890,0.00000,0.60000
1.67630,-0.17868,0.00000,0.60000
1.67640,-0.17845,0.00000,0.60000
1.67650,-0.17823,0.00000,0.60000
1.67660,-0.17800,0.00000,0.60000
1.67670,-0.17778,0.00000,0.60000
1.67680,-0.17755,0.00000,0.60000
1.67690,-0.17733,0.00000,0.60000
1.67700,-0.17710,0.00000,0.60000
1.67710,-0.17688,0.00000,0.60000
1.67720,-0.17665,0.00000,0.60000
1.67730,-0.17643,0.00000,0.60000
1.67740,-0.17620,0.00000,0.60000
1.67750,-0.17598,0.00000,0.60000
1.67760,-0.17575,0.00000,0.60000
1.67770,-0.17552,0.00000,0.60000
1.67780,-0.17530,0.00000,0.60000
1.67790,-0.17507,0.00000,0.60000
1.67800,-0.17485,0.00000,0.60000
1.67810,-0.17462,0.00000,0.60000
1.67820,-0.17439,0.00000,0.60000
1.67830,-0.17417,0.00000,0.60000
1.67840,-0.17394,0.00000,0.60000
1.67850,-0.17372,0.00000,0.60000
1.67860,-0.17349,0.00000,0.60000
1.67870,-0.17326,0.00000,0.60000
1.67880,-0.17304,0.00000,0.60000
1.67890,-0.17281,0.00000,0.60000
1.67900,-0.17258,0.00000,0.60000
1.67910,-0.17236,0.00000,0.60000
1.67920,-0.17213,0.00000,0.60000
1.67930,-0.17190,0.00000,0.60000
1.67940,-0.17167,0.00000,0.60000
1.67950,-0.17145,0.00000,0.60000
1.67960,-0.17122,0.00000,0.60000
1.67970,-0.17099,0.00000,0.60000
1.67980,-0.17077,0.00000,0.60000
1.67990,-0.17054,0.00000,0.60000
1.68000,-0.17031,0.00000,0.60000
1.68010,-0.17008,0.00000,0.60000
1.68020,-0.16986,0.00000,0.60000
1.68030,-0.16963,0.00000,0.60000
1.68040,-0.16940,0.00000,0.60000
1.68050,-0.16917,0.00000,0.60000
1.68060,-0.16895,0.00000,0.60000
1.68070,-0.16872,0.00000,0.60000
1.68080,-0.16849,0.00000,0.60000
1.68090,-0.16826,0.00000,0.60000
1.68100,-0.16803,0.00000,0.60000
1.68110,-0.16781,0.00000,0.60000
1.68120,-0.16758,0.00000,0.60000
1.68130,-0.16735,0.00000,0.60000
1.68140,-0.16712,0.00000,0.60000
1.68150,-0.16689,0.00000,0.60000
1.68160,-0.16666,0.00000,0.60000
1.68170,-0.16644,0.00000,0.60000
1.68180,-0.16621,0.00000,0.60000
1.68190,-0.16598,0.00000,0.60000
1.68200,-0.16575,0.00000,0.60000
1.68210,-0.16552,0.00000,0.60000
1.68220,-0.16529,0.00000,0.60000
1.68230,-0.16506,0.00000,0.60000
1.68240,-0.16483,0.00000,0.60000
1.68250,-0.16461,0.00000,0.60000
1.68260,-0.16438,0.00000,0.60000
1.68270,-0.16415,0.00000,0.60000
1.68280,-0.16392,0.00000,0.60000
1.68290,-0.16369,0.00000,0.60000
1.68300,-0.16346,0.00000,0.60000
1.68310,-0.16323,0.00000,0.60000
1.68320,-0.16300,0.00000,0.60000
1.68330,-0.16277,0.00000,0.60000
1.68340,-0.16254,0.00000,0.60000
1.68350,-0.16231,0.00000,0.60000
1.68360,-0.16208,0.00000,0.60000
1.68370,-0.16185,0.00000,0.60000
1.68380,-0.16162,0.00000,0.60000
1.68390,-0.16139,0.00000,0.60000
1.68400,-0.16116,0.00000,0.60000
1.68410,-0.16093,0.00000,0.60000
1.68420,-0.16070,0.00000,0.60000
1.68430,-0.16047,0.00000,0.60000
1.68440,-0.16024,0.00000,0.60000
1.68450,-0.16001,0.00000,0.60000
1.68460,-0.15978,0.00000,0.60000
1.68470,-0.15955,0.00000,0.60000
1.68480,-0.15932,0.00000,0.60000
1.68490,-0.15909,0.00000,0.60000
1.68500,-0.15886,0.00000,0.60000
1.68510,-0.15863,0.00000,0.60000
1.68520,-0.15840,0.00000,0.60000
1.68530,-0.15817,0.00000,0.60000
1.68540,-0.15794,0.00000,0.60000
1.68550,-0.15771,0.00000,0.60000
1.68560,-0.15747,0.00000,0.60000
1.68570,-0.15724,0.00000,0.60000
1.68580,-0.15701,0.00000,0.60000
1.68590,-0.15678,0.00000,0.60000
1.68600,-0.15655,0.00000,0.60000
1.68610,-0.15632,0.00000,0.60000
1.68620,-0.15609,0.00000,0.60000
1.68630,-0.15586,0.00000,0.60000
1.68640,-0.15562,0.00000,0.60000
1.68650,-0.15539,0.00000,0.60000
1.68660,-0.15516,0.00000,0.60000
1.68670,-0.15493,0.00000,0.60000
1.68680,-0.15470,0.00000,0.60000
1.68690,-0.15447,0.00000,0.60000
1.68700,-0.15423,0.00000,0.60000
1.68710,-0.15400,0.00000,0.60000
1.68720,-0.15377,0.00000,0.60000
1.68730,-0.15354,0.00000,0.60000
1.68740,-0.15331,0.00000,0.60000
1.68750,-0.15307,0.00000,0.60000
1.68760,-0.15284,0.00000,0.60000
1.68770,-0.15261,0.00000,0.60000
1.68780,-0.15238,0.00000,0.60000
1.68790,-0.15214,0.00000,0.60000
1.68800,-0.15191,0.00000,0.60000
1.68810,-0.15168,0.00000,0.60000
1.68820,-0.15145,0.00000,0.60000
1.68830,-0.15121,0.00000,0.60000
1.68840,-0.15098,0.00000,0.60000
1.68850,-0.15075,0.00000,0.60000
1.68860,-0.15052,0.00000,0.60000
1.68870,-0.15028,0.00000,0.60000
1.68880,-0.15005,0.00000,0.60000
1.68890,-0.14982,0.00000,0.60000
1.68900,-0.14958,0.00000,0.60000
1.68910,-0.14935,0.00000,0.60000
1.68920,-0.14912,0.00000,0.60000
1.68930,-0.14888,0.00000,0.60000
1.68940,-0.14865,0.00000,0.60000
1.68950,-0.14842,0.00000,0.60000
1.68960,-0.14818,0.00000,0.60000
1.68970,-0.14795,0.00000,0.60000
1.68980,-0.14772,0.00000,0.60000
1.68990,-0.14748,0.00000,0.60000
1.69000,-0.14725,0.00000,0.60000
1.69010,-0.14702,0.00000,0.60000
1.69020,-0.14678,0.00000,0.60000
1.69030,-0.14655,0.00000,0.60000
1.69040,-0.14631,0.00000,0.60000
1.69050,-0.14608,0.00000,0.60000
1.69060,-0.14585,0.00000,0.60000
1.69070,-0.14561,0.00000,0.60000
1.69080,-0.14538,0.00000,0.60000
1.69090,-0.14514,0.00000,0.60000
1.69100,-0.14491,0.00000,0.60000
1.69110,-0.14468,0.00000,0.60000
1.69120,-0.14444,0.00000,0.60000
1.69130,-0.14421,0.00000,0.60000
1.69140,-0.14397,0.00000,0.60000
1.69150,-0.14374,0.00000,0.60000
1.69160,-0.14350,0.00000,0.60000
1.69170,-0.14327,0.00000,0.60000
1.69180,-0.14303,0.00000,0.60000
1.69190,-0.14280,0.00000,0.60000
1.69200,-0.14256,0.00000,0.60000
1.69210,-0.14233,0.00000,0.60000
1.69220,-0.14209,0.00000,0.60000
1.69230,-0.14186,0.00000,0.60000
1.69240,-0.14163,0.00000,0.60000
1.69250,-0.14139,0.00000,0.60000
1.69260,-0.14115,0.00000,0.60000
1.69270,-0.14092,0.00000,0.60000
1.69280,-0.14068,0.00000,0.60000
1.69290,-0.14045,0.00000,0.60000
1.69300,-0.14021,0.00000,0.60000
1.69310,-0.13998,0.00000,0.60000
1.69320,-0.13974,0.00000,0.60000
1.69330,-0.13951,0.00000,0.60000
1.69340,-0.13927,0.00000,0.60000
1.69350,-0.13904,0.00000,0.60000
1.69360,-0.13880,0.00000,0.60000
1.69370,-0.13856,0.00000,0.60000
1.69380,-0.13833,0.00000,0.60000
1.69390,-0.13809,0.00000,0.60000
1.69400,-0.13786,0.00000,0.60000
1.69410,-0.13762,0.00000,0.60000
1.69420,-0.13739,0.00000,0.60000
1.69430,-0.13715,0.00000,0.60000
1.69440,-0.13691,0.00000,0.60000
1.69450,-0.13668,0.00000,0.60000
1.69460,-0.13644,0.00000,0.60000
1.69470,-0.13620,0.00000,0.60000
1.69480,-0.13597,0.00000,0.60000
1.69490,-0.13573,0.00000,0.60000
1.69500,-0.13550,0.00000,0.60000
1.69510,-0.13526,0.00000,0.60000
1.69520,-0.13502,0.00000,0.60000
1.69530,-0.13479,0.00000,0.60000
1.69540,-0.13455,0.00000,0.60000
1.69550,-0.13431,0.00000,0.60000
1.69560,-0.13408,0.00000,0.60000
1.69570,-0.13384,0.00000,0.60000
1.69580,-0.13360,0.00000,0.60000
1.69590,-0.13336,0.00000,0.60000
1.69600,-0.13313,0.00000,0.60000
1.69610,-0.13289,0.00000,0.60000
1.69620,-0.13265,0.00000,0.60000
1.69630,-0.13242,0.00000,0.60000
1.69640,-0.13218,0.00000,0.60000
1.69650,-0.13194,0.00000,0.60000
1.69660,-0.13170,0.00000,0.60000
1.69670,-0.13147,0.00000,0.60000
1.69680,-0.13123,0.00000,0.60000
1.69690,-0.13099,0.00000,0.60000
1.69700,-0.13076,0.00000,0.60000
1.69710,-0.13052,0.00000,0.60000
1.69720,-0.13028,0.00000,0.60000
1.69730,-0.13004,0.00000,0.60000
1.69740,-0.12980,0.00000,0.60000
1.69750,-0.12957,0.00000,0.60000
1.69760,-0.12933,0.00000,0.60000
1.69770,-0.12909,0.00000,0.60000
1.69780,-0.12885,0.00000,0.60000
1.69790,-0.12862,0.00000,0.60000
1.69800,-0.12838,0.00000,0.60000
1.69810,-0.12814,0.00000,0.60000
1.69820,-0.12790,0.00000,0.60000
1.69830,-0.12766,0.00000,0.60000
1.69840,-0.12742,0.00000,0.60000
1.69850,-0.12719,0.00000,0.60000
1.69860,-0.12695,0.00000,0.60000
1.69870,-0.12671,0.00000,0.60000
1.69880,-0.12647,0.00000,0.60000
1.69890,-0.12623,0.00000,0.60000
1.69900,-0.12599,0.00000,0.60000
1.69910,-0.12576,0.00000,0.60000
1.69920,-0.12552,0.00000,0.60000
1.69930,-0.12528,0.00000,0.60000
1.69940,-0.12504,0.00000,0.60000
1.69950,-0.12480,0.00000,0.60000
1.69960,-0.12456,0.00000,0.60000
1.69970,-0.12432,0.00000,0.60000
1.69980,-0.12408,0.00000,0.60000
1.69990,-0.12385,0.00000,0.60000
1.70000,-0.12361,0.00000,0.60000
1.70010,-0.12337,0.00000,0.60000
1.70020,-0.12313,0.00000,0.60000
1.70030,-0.12289,0.00000,0.60000
1.70040,-0.12265,0.00000,0.60000
1.70050,-0.12241,0.00000,0.60000
1.70060,-0.12217,0.00000,0.60000
1.70070,-0.12193,0.00000,0.60000
1.70080,-0.12169,0.00000,0.60000
1.70090,-0.12145,0.00000,0.60000
1.70100,-0.12121,0.00000,0.60000
1.70110,-0.12097,0.00000,0.60000
1.70120,-0.12073,0.00000,0.60000
1.70130,-0.12050,0.00000,0.60000
1.70140,-0.12026,0.00000,0.60000
1.70150,-0.12002,0.00000,0.60000
1.70160,-0.11978,0.00000,0.60000
1.70170,-0.11954,0.00000,0.60000
1.70180,-0.11930,0.00000,0.60000
1.70190,-0.11906,0.00000,0.60000
1.70200,-0.11882,0.00000,0.60000
1.70210,-0.11858,0.00000,0.60000
1.70220,-0.11834,0.00000,0.60000
1.70230,-0.11810,0.00000,0.60000
1.70240,-0.11786,0.00000,0.60000
1.70250,-0.11762,0.00000,0.60000
1.70260,-0.11738,0.00000,0.60000
1.70270,-0.11714,0.00000,0.60000
1.70280,-0.11690,0.00000,0.60000
1.70290,-0.11665,0.00000,0.60000
1.70300,-0.11641,0.00000,0.60000
1.70310,-0.11617,0.00000,0.60000
1.70320,-0.11593,0.00000,0.60000
1.70330,-0.11569,0.00000,0.60000
1.70340,-0.11545,0.00000,0.60000
1.70350,-0.11521,0.00000,0.60000
1.70360,-0.11497,0.00000,0.60000
1.70370,-0.11473,0.00000,0.60000
1.70380,-0.11449,0.00000,0.60000
1.70390,-0.11425,0.00000,0.60000
1.70400,-0.11401,0.00000,0.60000
1.70410,-0.11377,0.00000,0.60000
1.70420,-0.11353,0.00000,0.60000
1.70430,-0.11328,0.00000,0.60000
1.70440,-0.11304,0.00000,0.60000
1.70450,-0.11280,0.00000,0.60000
1.70460,-0.11256,0.00000,0.60000
1.70470,-0.11232,0.00000,0.60000
1.70480,-0.11208,0.00000,0.60000
1.70490,-0.11184,0.00000,0.60000
1.70500,-0.11160,0.00000,0.60000
1.70510,-0.11136,0.00000,0.60000
1.70520,-0.11111,0.00000,0.60000
1.70530,-0.11087,0.00000,0.60000
1.70540,-0.11063,0.00000,0.60000
1.70550,-0.11039,0.00000,0.60000
1.70560,-0.11015,0.00000,0.60000
1.70570,-0.10991,0.00000,0.60000
1.70580,-0.10966,0.00000,0.60000
1.70590,-0.10942,0.00000,0.60000
1.70600,-0.10918,0.00000,0.60000
1.70610,-0.10894,0.00000,0.60000
1.70620,-0.10870,0.00000,0.60000
1.70630,-0.10846,0.00000,0.60000
1.70640,-0.10821,0.00000,0.60000
1.70650,-0.10797,0.00000,0.60000
1.70660,-0.10773,0.00000,0.60000
1.70670,-0.10749,0.00000,0.60000
1.70680,-0.10725,0.00000,0.60000
1.70690,-0.10700,0.00000,0.60000
1.70700,-0.10676,0.00000,0.60000
1.70710,-0.10652,0.00000,0.60000
1.70720,-0.10628,0.00000,0.60000
1.70730,-0.10603,0.00000,0.60000
1.70740,-0.10579,0.00000,0.60000
1.70750,-0.10555,0.00000,0.60000
1.70760,-0.10531,0.00000,0.60000
1.70770,-0.10506,0.00000,0.60000
1.70780,-0.10482,0.00000,0.60000
1.70790,-0.10458,0.00000,0.60000
1.70800,-0.10434,0.00000,0.60000
1.70810,-0.10409,0.00000,0.60000
1.70820,-0.10385,0.00000,0.60000
1.70830,-0.10361,0.00000,0.60000
1.70840,-0.10337,0.00000,0.60000
1.70850,-0.10312,0.00000,0.60000
1.70860,-0.10288,0.00000,0.60000
1.70870,-0.10264,0.00000,0.60000
1.70880,-0.10239,0.00000,0.60000
1.70890,-0.10215,0.00000,0.60000
1.70900,-0.10191,0.00000,0.60000
1.70910,-0.10167,0.00000,0.60000
1.70920,-0.10142,0.00000,0.60000
1.70930,-0.10118,0.00000,0.60000
1.70940,-0.10094,0.00000,0.60000
1.70950,-0.10069,0.00000,0.60000
1.70960,-0.10045,0.00000,0.60000
1.70970,-0.10021,0.00000,0.60000
1.70980,-0.09996,0.00000,0.60000
1.70990,-0.09972,0.00000,0.60000
1.71000,-0.09948,0.00000,0.60000
1.71010,-0.09923,0.00000,0.60000
1.71020,-0.09899,0.00000,0.60000
1.71030,-0.09875,0.00000,0.60000
1.71040,-0.09850,0.00000,0.60000
1.71050,-0.09826,0.00000,0.60000
1.71060,-0.09801,0.00000,0.60000
1.71070,-0.09777,0.00000,0.60000
1.71080,-0.09753,0.00000,0.60000
1.71090,-0.09728,0.00000,0.60000
1.71100,-0.09704,0.00000,0.60000
1.71110,-0.09680,0.00000,0.60000
1.71120,-0.09655,0.00000,0.60000
1.71130,-0.09631,0.00000,0.60000
1.71140,-0.09606,0.00000,0.60000
1.71150,-0.09582,0.00000,0.60000
1.71160,-0.09558,0.00000,0.60000
1.71170,-0.09533,0.00000,0.60000
1.71180,-0.09509,0.00000,0.60000
1.71190,-0.09484,0.00000,0.60000
1.71200,-0.09460,0.00000,0.60000
1.71210,-0.09436,0.00000,0.60000
1.71220,-0.09411,0.00000,0.60000
1.71230,-0.09387,0.00000,0.60000
1.71240,-0.09362,0.00000,0.60000
1.71250,-0.09338,0.00000,0.60000
1.71260,-0.09313,0.00000,0.60000
1.71270,-0.09289,0.00000,0.60000
1.71280,-0.09264,0.00000,0.60000
1.71290,-0.09240,0.00000,0.60000
1.71300,-0.09216,0.00000,0.60000
1.71310,-0.09191,0.00000,0.60000
1.71320,-0.09167,0.00000,0.60000
1.71330,-0.09142,0.00000,0.60000
1.71340,-0.09118,0.00000,0.60000
1.71350,-0.09093,0.00000,0.60000
1.71360,-0.09069,0.00000,0.60000
1.71370,-0.09044,0.00000,0.60000
1.71380,-0.09020,0.00000,0.60000
1.71390,-0.08995,0.00000,0.60000
1.71400,-0.08971,0.00000,0.60000
1.71410,-0.08946,0.00000,0.60000
1.71420,-0.08922,0.00000,0.60000
1.71430,-0.08897,0.00000,0.60000
1.71440,-0.08873,0.00000,0.60000
1.71450,-0.08848,0.00000,0.60000
1.71460,-0.08824,0.00000,0.60000
1.71470,-0.08799,0.00000,0.60000
1.71480,-0.08775,0.00000,0.60000
1.71490,-0.08750,0.00000,0.60000
1.71500,-0.08726,0.00000,0.60000
1.71510,-0.08701,0.00000,0.60000
1.71520,-0.08677,0.00000,0.60000
1.71530,-0.08652,0.00000,0.60000
1.71540,-0.08628,0.00000,0.60000
1.71550,-0.08603,0.00000,0.60000
1.71560,-0.08579,0.00000,0.60000
1.71570,-0.08554,0.00000,0.60000
1.71580,-0.08529,0.00000,0.60000
1.71590,-0.08505,0.00000,0.60000
1.71600,-0.08480,0.00000,0.60000
1.71610,-0.08456,0.00000,0.60000
1.71620,-0.08431,0.00000,0.60000
1.71630,-0.08407,0.00000,0.60000
1.71640,-0.08382,0.00000,0.60000
1.71650,-0.08357,0.00000,0.60000
1.71660,-0.08333,0.00000,0.60000
1.71670,-0.08308,0.00000,0.60000
1.71680,-0.08284,0.00000,0.60000
1.71690,-0.08259,0.00000,0.60000
1.71700,-0.08235,0.00000,0.60000
1.71710,-0.08210,0.00000,0.60000
1.71720,-0.08185,0.00000,0.60000
1.71730,-0.08161,0.00000,0.60000
1.71740,-0.08136,0.00000,0.60000
1.71750,-0.08111,0.00000,0.60000
1.71760,-0.08087,0.00000,0.60000
1.71770,-0.08062,0.00000,0.60000
1.71780,-0.08038,0.00000,0.60000
1.71790,-0.08013,0.00000,0.60000
1.71800,-0.07988,0.00000,0.60000
1.71810,-0.07964,0.00000,0.60000
1.71820,-0.07939,0.00000,0.60000
1.71830,-0.07915,0.00000,0.60000
1.71840,-0.07890,0.00000,0.60000
1.71850,-0.07865,0.00000,0.60000
1.71860,-0.07841,0.00000,0.60000
1.71870,-0.07816,0.00000,0.60000
1.71880,-0.07791,0.00000,0.60000
1.71890,-0.07767,0.00000,0.60000
1.71900,-0.07742,0.00000,0.60000
1.71910,-0.07717,0.00000,0.60000
1.71920,-0.07693,0.00000,0.60000
1.71930,-0.07668,0.00000,0.60000
1.71940,-0.07643,0.00000,0.60000
1.71950,-0.07619,0.00000,0.60000
1.71960,-0.07594,0.00000,0.60000
1.71970,-0.07569,0.00000,0.60000
1.71980,-0.07545,0.00000,0.60000
1.71990,-0.07520,0.00000,0.60000
1.72000,-0.07495,0.00000,0.60000
1.72010,-0.07471,0.00000,0.60000
1.72020,-0.07446,0.00000,0.60000
1.72030,-0.07421,0.00000,0.60000
1.72040,-0.07396,0.00000,0.60000
1.72050,-0.07372,0.00000,0.60000
1.72060,-0.07347,0.00000,0.60000
1.72070,-0.07322,0.00000,0.60000
1.72080,-0.07298,0.00000,0.60000
1.72090,-0.07273,0.00000,0.60000
1.72100,-0.07248,0.00000,0.60000
1.72110,-0.07224,0.00000,0.60000
1.72120,-0.07199,0.00000,0.60000
1.72130,-0.07174,0.00000,0.60000
1.72140,-0.07149,0.00000,0.60000
1.72150,-0.07125,0.00000,0.60000
1.72160,-0.07100,0.00000,0.60000
1.72170,-0.07075,0.00000,0.60000
1.72180,-0.07050,0.00000,0.60000
1.72190,-0.07026,0.00000,0.60000
1.72200,-0.07001,0.00000,0.60000
1.72210,-0.06976,0.00000,0.60000
1.72220,-0.06951,0.00000,0.60000
1.72230,-0.06927,0.00000,0.60000
1.72240,-0.06902,0.00000,0.60000
1.72250,-0.06877,0.00000,0.60000
1.72260,-0.06852,0.00000,0.60000
1.72270,-0.06828,0.00000,0.60000
1.72280,-0.06803,0.00000,0.60000
1.72290,-0.06778,0.00000,0.60000
1.72300,-0.06753,0.00000,0.60000
1.72310,-0.06729,0.00000,0.60000
1.72320,-0.06704,0.00000,0.60000
1.72330,-0.06679,0.00000,0.60000
1.72340,-0.06654,0.00000,0.60000
1.72350,-0.06629,0.00000,0.60000
1.72360,-0.06605,0.00000,0.60000
1.72370,-0.06580,0.00000,0.60000
1.72380,-0.06555,0.00000,0.60000
1.72390,-0.06530,0.00000,0.60000
1.72400,-0.06505,0.00000,0.60000
1.72410,-0.06481,0.00000,0.60000
1.72420,-0.06456,0.00000,0.60000
1.72430,-0.06431,0.00000,0.60000
1.72440,-0.06406,0.00000,0.60000
1.72450,-0.06381,0.00000,0.60000
1.72460,-0.06357,0.00000,0.60000
1.72470,-0.06332,0.00000,0.60000
1.72480,-0.06307,0.00000,0.60000
1.72490,-0.06282,0.00000,0.60000
1.72500,-0.06257,0.00000,0.60000
1.72510,-0.06233,0.00000,0.60000
1.72520,-0.06208,0.00000,0.60000
1.72530,-0.06183,0.00000,0.60000
1.72540,-0.06158,0.00000,0.60000
1.72550,-0.06133,0.00000,0.60000
1.72560,-0.06108,0.00000,0.60000
1.72570,-0.06084,0.00000,0.60000
1.72580,-0.06059,0.00000,0.60000
1.72590,-0.06034,0.00000,0.60000
1.72600,-0.06009,0.00000,0.60000
1.72610,-0.05984,0.00000,0.60000
1.72620,-0.05959,0.00000,0.60000
1.72630,-0.05934,0.00000,0.60000
1.72640,-0.05910,0.00000,0.60000
1.72650,-0.05885,0.00000,0.60000
1.72660,-0.05860,0.00000,0.60000
1.72670,-0.05835,0.00000,0.60000
1.72680,-0.05810,0.00000,0.60000
1.72690,-0.05785,0.00000,0.60000
1.72700,-0.05760,0.00000,0.60000
1.72710,-0.05736,0.00000,0.60000
1.72720,-0.05711,0.00000,0.60000
1.72730,-0.05686,0.00000,0.60000
1.72740,-0.05661,0.00000,0.60000
1.72750,-0.05636,0.00000,0.60000
1.72760,-0.05611,0.00000,0.60000
1.72770,-0.05586,0.00000,0.60000
1.72780,-0.05561,0.00000,0.60000
1.72790,-0.05537,0.00000,0.60000
1.72800,-0.05512,0.00000,0.60000
1.72810,-0.05487,0.00000,0.60000
1.72820,-0.05462,0.00000,0.60000
1.72830,-0.05437,0.00000,0.60000
1.72840,-0.05412,0.00000,0.60000
1.72850,-0.05387,0.00000,0.60000
1.72860,-0.05362,0.00000,0.60000
1.72870,-0.05337,0.00000,0.60000
1.72880,-0.05312,0.00000,0.60000
1.72890,-0.05287,0.00000,0.60000
1.72900,-0.05263,0.00000,0.60000
1.72910,-0.05238,0.00000,0.60000
1.72920,-0.05213,0.00000,0.60000
1.72930,-0.05188,0.00000,0.60000
1.72940,-0.05163,0.00000,0.60000
1.72950,-0.05138,0.00000,0.60000
1.72960,-0.05113,0.00000,0.60000
1.72970,-0.05088,0.00000,0.60000
1.72980,-0.05063,0.00000,0.60000
1.72990,-0.05038,0.00000,0.60000
1.73000,-0.05013,0.00000,0.60000
1.73010,-0.04988,0.00000,0.60000
1.73020,-0.04963,0.00000,0.60000
1.73030,-0.04939,0.00000,0.60000
1.73040,-0.04914,0.00000,0.60000
1.73050,-0.04889,0.00000,0.60000
1.73060,-0.04864,0.00000,0.60000
1.73070,-0.04839,0.00000,0.60000
1.73080,-0.04814,0.00000,0.60000
1.73090,-0.04789,0.00000,0.60000
1.73100,-0.04764,0.00000,0.60000
1.73110,-0.04739,0.00000,0.60000
1.73120,-0.04714,0.00000,0.60000
1.73130,-0.04689,0.00000,0.60000
1.73140,-0.04664,0.00000,0.60000
1.73150,-0.04639,0.00000,0.60000
1.73160,-0.04614,0.00000,0.60000
1.73170,-0.04589,0.00000,0.60000
1.73180,-0.04564,0.00000,0.60000
1.73190,-0.04539,0.00000,0.60000
1.73200,-0.04514,0.00000,0.60000
1.73210,-0.04489,0.00000,0.60000
1.73220,-0.04464,0.00000,0.60000
1.73230,-0.04439,0.00000,0.60000
1.73240,-0.04414,0.00000,0.60000
1.73250,-0.04389,0.00000,0.60000
1.73260,-0.04364,0.00000,0.60000
1.73270,-0.04339,0.00000,0.60000
1.73280,-0.04314,0.00000,0.60000
1.73290,-0.04289,0.00000,0.60000
1.73300,-0.04264,0.00000,0.60000
1.73310,-0.04239,0.00000,0.60000
1.73320,-0.04214,0.00000,0.60000
1.73330,-0.04189,0.00000,0.60000
1.73340,-0.04164,0.00000,0.60000
1.73350,-0.04139,0.00000,0.60000
1.73360,-0.04114,0.00000,0.60000
1.73370,-0.04089,0.00000,0.60000
1.73380,-0.04064,0.00000,0.60000
1.73390,-0.04039,0.00000,0.60000
1.73400,-0.04014,0.00000,0.60000
1.73410,-0.03989,0.00000,0.60000
1.73420,-0.03964,0.00000,0.60000
1.73430,-0.03939,0.00000,0.60000
1.73440,-0.03914,0.00000,0.60000
1.73450,-0.03889,0.00000,0.60000
1.73460,-0.03864,0.00000,0.60000
1.73470,-0.03839,0.00000,0.60000
1.73480,-0.03814,0.00000,0.60000
1.73490,-0.03789,0.00000,0.60000
1.73500,-0.03764,0.00000,0.60000
1.73510,-0.03739,0.00000,0.60000
1.73520,-0.03714,0.00000,0.60000
1.73530,-0.03689,0.00000,0.60000
1.73540,-0.03664,0.00000,0.60000
1.73550,-0.03639,0.00000,0.60000
1.73560,-0.03614,0.00000,0.60000
1.73570,-0.03589,0.00000,0.60000
1.73580,-0.03564,0.00000,0.60000
1.73590,-0.03539,0.00000,0.60000
1.73600,-0.03514,0.00000,0.60000
1.73610,-0.03489,0.00000,0.60000
1.73620,-0.03464,0.00000,0.60000
1.73630,-0.03439,0.00000,0.60000
1.73640,-0.03414,0.00000,0.60000
1.73650,-0.03389,0.00000,0.60000
1.73660,-0.03364,0.00000,0.60000
1.73670,-0.03339,0.00000,0.60000
1.73680,-0.03314,0.00000,0.60000
1.73690,-0.03289,0.00000,0.60000
1.73700,-0.03264,0.00000,0.60000
1.73710,-0.03239,0.00000,0.60000
1.73720,-0.03214,0.00000,0.60000
1.73730,-0.03188,0.00000,0.60000
1.73740,-0.03163,0.00000,0.60000
1.73750,-0.03138,0.00000,0.60000
1.73760,-0.03113,0.00000,0.60000
1.73770,-0.03088,0.00000,0.60000
1.73780,-0.03063,0.00000,0.60000
1.73790,-0.03038,0.00000,0.60000
1.73800,-0.03013,0.00000,0.60000
1.73810,-0.02988,0.00000,0.60000
1.73820,-0.02963,0.00000,0.60000
1.73830,-0.02938,0.00000,0.60000
1.73840,-0.02913,0.00000,0.60000
1.73850,-0.02888,0.00000,0.60000
1.73860,-0.02863,0.00000,0.60000
1.73870,-0.02838,0.00000,0.60000
1.73880,-0.02813,0.00000,0.60000
1.73890,-0.02787,0.00000,0.60000
1.73900,-0.02762,0.00000,0.60000
1.73910,-0.02737,0.00000,0.60000
1.73920,-0.02712,0.00000,0.60000
1.73930,-0.02687,0.00000,0.60000
1.73940,-0.02662,0.00000,0.60000
1.73950,-0.02637,0.00000,0.60000
1.73960,-0.02612,0.00000,0.60000
1.73970,-0.02587,0.00000,0.60000
1.73980,-0.02562,0.00000,0.60000
1.73990,-0.02537,0.00000,0.60000
1.74000,-0.02512,0.00000,0.60000
1.74010,-0.02487,0.00000,0.60000
1.74020,-0.02461,0.00000,0.60000
1.74030,-0.02436,0.00000,0.60000
1.74040,-0.02411,0.00000,0.60000
1.74050,-0.02386,0.00000,0.60000
1.74060,-0.02361,0.00000,0.60000
1.74070,-0.02336,0.00000,0.60000
1.74080,-0.02311,0.00000,0.60000
1.74090,-0.02286,0.00000,0.60000
1.74100,-0.02261,0.00000,0.60000
1.74110,-0.02236,0.00000,0.60000
1.74120,-0.02211,0.00000,0.60000
1.74130,-0.02185,0.00000,0.60000
1.74140,-0.02160,0.00000,0.60000
1.74150,-0.02135,0.00000,0.60000
1.74160,-0.02110,0.00000,0.60000
1.74170,-0.02085,0.00000,0.60000
1.74180,-0.02060,0.00000,0.60000
1.74190,-0.02035,0.00000,0.60000
1.74200,-0.02010,0.00000,0.60000
1.74210,-0.01985,0.00000,0.60000
1.74220,-0.01960,0.00000,0.60000
1.74230,-0.01934,0.00000,0.60000
1.74240,-0.01909,0.00000,0.60000
1.74250,-0.01884,0.00000,0.60000
1.74260,-0.01859,0.00000,0.60000
1.74270,-0.01834,0.00000,0.60000
1.74280,-0.01809,0.00000,0.60000
1.74290,-0.01784,0.00000,0.60000
1.74300,-0.01759,0.00000,0.60000
1.74310,-0.01734,0.00000,0.60000
1.74320,-0.01709,0.00000,0.60000
1.74330,-0.01683,0.00000,0.60000
1.74340,-0.01658,0.00000,0.60000
1.74350,-0.01633,0.00000,0.60000
1.74360,-0.01608,0.00000,0.60000
1.74370,-0.01583,0.00000,0.60000
1.74380,-0.01558,0.00000,0.60000
1.74390,-0.01533,0.00000,0.60000
1.74400,-0.01508,0.00000,0.60000
1.74410,-0.01482,0.00000,0.60000
1.74420,-0.01457,0.00000,0.60000
1.74430,-0.01432,0.00000,0.60000
1.74440,-0.01407,0.00000,0.60000
1.74450,-0.01382,0.00000,0.60000
1.74460,-0.01357,0.00000,0.60000
1.74470,-0.01332,0.00000,0.60000
1.74480,-0.01307,0.00000,0.60000
1.74490,-0.01282,0.00000,0.60000
1.74500,-0.01256,0.00000,0.60000
1.74510,-0.01231,0.00000,0.60000
1.74520,-0.01206,0.00000,0.60000
1.74530,-0.01181,0.00000,0.60000
1.74540,-0.01156,0.00000,0.60000
1.74550,-0.01131,0.00000,0.60000
1.74560,-0.01106,0.00000,0.60000
1.74570,-0.01081,0.00000,0.60000
1.74580,-0.01055,0.00000,0.60000
1.74590,-0.01030,0.00000,0.60000
1.74600,-0.01005,0.00000,0.60000
1.74610,-0.00980,0.00000,0.60000
1.74620,-0.00955,0.00000,0.60000
1.74630,-0.00930,0.00000,0.60000
1.74640,-0.00905,0.00000,0.60000
1.74650,-0.00880,0.00000,0.60000
1.74660,-0.00854,0.00000,0.60000
1.74670,-0.00829,0.00000,0.60000
1.74680,-0.00804,0.00000,0.60000
1.74690,-0.00779,0.00000,0.60000
1.74700,-0.00754,0.00000,0.60000
1.74710,-0.00729,0.00000,0.60000
1.74720,-0.00704,0.00000,0.60000
1.74730,-0.00679,0.00000,0.60000
1.74740,-0.00653,0.00000,0.60000
1.74750,-0.00628,0.00000,0.60000
1.74760,-0.00603,0.00000,0.60000
1.74770,-0.00578,0.00000,0.60000
1.74780,-0.00553,0.00000,0.60000
1.74790,-0.00528,0.00000,0.60000
1.74800,-0.00503,0.00000,0.60000
1.74810,-0.00478,0.00000,0.60000
1.74820,-0.00452,0.00000,0.60000
1.74830,-0.00427,0.00000,0.60000
1.74840,-0.00402,0.00000,0.60000
1.74850,-0.00377,0.00000,0.60000
1.74860,-0.00352,0.00000,0.60000
1.74870,-0.00327,0.00000,0.60000
1.74880,-0.00302,0.00000,0.60000
1.74890,-0.00276,0.00000,0.60000
1.74900,-0.00251,0.00000,0.60000
1.74910,-0.00226,0.00000,0.60000
1.74920,-0.00201,0.00000,0.60000
1.74930,-0.00176,0.00000,0.60000
1.74940,-0.00151,0.00000,0.60000
1.74950,-0.00126,0.00000,0.60000
1.74960,-0.00101,0.00000,0.60000
1.74970,-0.00075,0.00000,0.60000
1.74980,-0.00050,0.00000,0.60000
1.74990,-0.00025,0.00000,0.60000
1.75000,-0.00000,0.00000,0.60000
1.75010,0.00025,0.00000,0.60000
1.75020,0.00050,0.00000,0.60000
1.75030,0.00075,0.00000,0.60000
1.75040,0.00101,0.00000,0.60000
1.75050,0.00126,0.00000,0.60000
1.75060,0.00151,0.00000,0.60000
1.75070,0.00176,0.00000,0.60000
1.75080,0.00201,0.00000,0.60000
1.75090,0.00226,0.00000,0.60000
1.75100,0.00251,0.00000,0.60000
1.75110,0.00276,0.00000,0.60000
1.75120,0.00302,0.00000,0.60000
1.75130,0.00327,0.00000,0.60000
1.75140,0.00352,0.00000,0.60000
1.75150,0.00377,0.00000,0.60000
1.75160,0.00402,0.00000,0.60000
1.75170,0.00427,0.00000,0.60000
1.75180,0.00452,0.00000,0.60000
1.75190,0.00478,0.00000,0.60000
1.75200,0.00503,0.00000,0.60000
1.75210,0.00528,0.00000,0.60000
1.75220,0.00553,0.00000,0.60000
1.75230,0.00578,0.00000,0.60000
1.75240,0.00603,0.00000,0.60000
1.75250,0.00628,0.00000,0.60000
1.75260,0.00653,0.00000,0.60000
1.75270,0.00679,0.00000,0.60000
1.75280,0.00704,0.00000,0.60000
1.75290,0.00729,0.00000,0.60000
1.75300,0.00754,0.00000,0.60000
1.75310,0.00779,0.00000,0.60000
1.75320,0.00804,0.00000,0.60000
1.75330,0.00829,0.00000,0.60000
1.75340,0.00854,0.00000,0.60000
1.75350,0.00880,0.00000,0.60000
1.75360,0.00905,0.00000,0.60000
1.75370,0.00930,0.00000,0.60000
1.75380,0.00955,0.00000,0.60000
1.75390,0.00980,0.00000,0.60000
1.75400,0.01005,0.00000,0.60000
1.75410,0.01030,0.00000,0.60000
1.75420,0.01055,0.00000,0.60000
1.75430,0.01081,0.00000,0.60000
1.75440,0.01106,0.00000,0.60000
1.75450,0.01131,0.00000,0.60000
1.75460,0.01156,0.00000,0.60000
1.75470,0.01181,0.00000,0.60000
1.75480,0.01206,0.00000,0.60000
1.75490,0.01231,0.00000,0.60000
1.75500,0.01256,0.00000,0.60000
1.75510,0.01282,0.00000,0.60000
1.75520,0.01307,0.00000,0.60000
1.75530,0.01332,0.00000,0.60000
1.75540,0.01357,0.00000,0.60000
1.75550,0.01382,0.00000,0.60000
1.75560,0.01407,0.00000,0.60000
1.75570,0.01432,0.00000,0.60000
1.75580,0.01457,0.00000,0.60000
1.75590,0.01482,0.00000,0.60000
1.75600,0.01508,0.00000,0.60000
1.75610,0.01533,0.00000,0.60000
1.75620,0.01558,0.00000,0.60000
1.75630,0.01583,0.00000,0.60000
1.75640,0.01608,0.00000,0.60000
1.75650,0.01633,0.00000,0.60000
1.75660,0.01658,0.00000,0.60000
1.75670,0.01683,0.00000,0.60000
1.75680,0.01709,0.00000,0.60000
1.75690,0.01734,0.00000,0.60000
1.75700,0.01759,0.00000,0.60000
1.75710,0.01784,0.00000,0.60000
1.75720,0.01809,0.00000,0.60000
1.75730,0.01834,0.00000,0.60000
1.75740,0.01859,0.00000,0.60000
1.75750,0.01884,0.00000,0.60000
1.75760,0.01909,0.00000,0.60000
1.75770,0.01934,0.00000,0.60000
1.75780,0.01960,0.00000,0.60000
1.75790,0.01985,0.00000,0.60000
1.75800,0.02010,0.00000,0.60000
1.75810,0.02035,0.00000,0.60000
1.75820,0.02060,0.00000,0.60000
1.75830,0.02085,0.00000,0.60000
1.75840,0.02110,0.00000,0.60000
1.75850,0.02135,0.00000,0.60000
1.75860,0.02160,0.00000,0.60000
1.75870,0.02185,0.00000,0.60000
1.75880,0.02211,0.00000,0.60000
1.75890,0.02236,0.00000,0.60000
1.75900,0.02261,0.00000,0.60000
1.75910,0.02286,0.00000,0.60000
1.75920,0.02311,0.00000,0.60000
1.75930,0.02336,0.00000,0.60000
1.75940,0.02361,0.00000,0.60000
1.75950,0.02386,0.00000,0.60000
1.75960,0.02411,0.00000,0.60000
1.75970,0.02436,0.00000,0.60000
1.75980,0.02461,0.00000,0.60000
1.75990,0.02487,0.00000,0.60000
1.76000,0.02512,0.00000,0.60000
1.76010,0.02537,0.00000,0.60000
1.76020,0.02562,0.00000,0.60000
1.76030,0.02587,0.00000,0.60000
1.76040,0.02612,0.00000,0.60000
1.76050,0.02637,0.00000,0.60000
1.76060,0.02662,0.00000,0.60000
1.76070,0.02687,0.00000,0.60000
1.76080,0.02712,0.00000,0.60000
1.76090,0.02737,0.00000,0.60000
1.76100,0.02762,0.00000,0.60000
1.76110,0.02787,0.00000,0.60000
1.76120,0.02813,0.00000,0.60000
1.76130,0.02838,0.00000,0.60000
1.76140,0.02863,0.00000,0.60000
1.76150,0.02888,0.00000,0.60000
1.76160,0.02913,0.00000,0.60000
1.76170,0.02938,0.00000,0.60000
1.76180,0.02963,0.00000,0.60000
1.76190,0.02988,0.00000,0.60000
1.76200,0.03013,0.00000,0.60000
1.76210,0.03038,0.00000,0.60000
1.76220,0.03063,0.00000,0.60000
1.76230,0.03088,0.00000,0.60000
1.76240,0.03113,0.00000,0.60000
1.76250,0.03138,0.00000,0.60000
1.76260,0.03163,0.00000,0.60000
1.76270,0.03188,0.00000,0.60000
1.76280,0.03214,0.00000,0.60000
1.76290,0.03239,0.00000,0.60000
1.76300,0.03264,0.00000,0.60000
1.76310,0.03289,0.00000,0.60000
1.76320,0.03314,0.00000,0.60000
1.76330,0.03339,0.00000,0.60000
1.76340,0.03364,0.00000,0.60000
1.76350,0.03389,0.00000,0.60000
1.76360,0.03414,0.00000,0.60000
1.76370,0.03439,0.00000,0.60000
1.76380,0.03464,0.00000,0.60000
1.76390,0.03489,0.00000,0.60000
1.76400,0.03514,0.00000,0.60000
1.76410,0.03539,0.00000,0.60000
1.76420,0.03564,0.00000,0.60000
1.76430,0.03589,0.00000,0.60000
1.76440,0.03614,0.00000,0.60000
1.76450,0.03639,0.00000,0.60000
1.76460,0.03664,0.00000,0.60000
1.76470,0.03689,0.00000,0.60000
1.76480,0.03714,0.00000,0.60000
1.76490,0.03739,0.00000,0.60000
1.76500,0.03764,0.00000,0.60000
1.76510,0.03789,0.00000,0.60000
1.76520,0.03814,0.00000,0.60000
1.76530,0.03839,0.00000,0.60000
1.76540,0.03864,0.00000,0.60000
1.76550,0.03889,0.00000,0.60000
1.76560,0.03914,0.00000,0.60000
1.76570,0.03939,0.00000,0.60000
1.76580,0.03964,0.00000,0.60000
1.76590,0.03989,0.00000,0.60000
1.76600,0.04014,0.00000,0.60000
1.76610,0.04039,0.00000,0.60000
1.76620,0.04064,0.00000,0.60000
1.76630,0.04089,0.00000,0.60000
1.76640,0.04114,0.00000,0.60000
1.76650,0.04139,0.00000,0.60000
1.76660,0.04164,0.00000,0.60000
1.76670,0.04189,0.00000,0.60000
1.76680,0.04214,0.00000,0.60000
1.76690,0.04239,0.00000,0.60000
1.76700,0.04264,0.00000,0.60000
1.76710,0.04289,0.00000,0.60000
1.76720,0.04314,0.00000,0.60000
1.76730,0.04339,0.00000,0.60000
1.76740,0.04364,0.00000,0.60000
1.76750,0.04389,0.00000,0.60000
1.76760,0.04414,0.00000,0.60000
1.76770,0.04439,0.00000,0.60000
1.76780,0.04464,0.00000,0.60000
1.76790,0.04489,0.00000,0.60000
1.76800,0.04514,0.00000,0.60000
1.76810,0.04539,0.00000,0.60000
1.76820,0.04564,0.00000,0.60000
1.76830,0.04589,0.00000,0.60000
1.76840,0.04614,0.00000,0.60000
1.76850,0.04639,0.00000,0.60000
1.76860,0.04664,0.00000,0.60000
1.76870,0.04689,0.00000,0.60000
1.76880,0.04714,0.00000,0.60000
1.76890,0.04739,0.00000,0.60000
1.76900,0.04764,0.00000,0.60000
1.76910,0.04789,0.00000,0.60000
1.76920,0.04814,0.00000,0.60000
1.76930,0.04839,0.00000,0.60000
1.76940,0.04864,0.00000,0.60000
1.76950,0.04889,0.00000,0.60000
1.76960,0.04914,0.00000,0.60000
1.76970,0.04939,0.00000,0.60000
1.76980,0.04963,0.00000,0.60000
1.76990,0.04988,0.00000,0.60000
1.77000,0.05013,0.00000,0.60000
1.77010,0.05038,0.00000,0.60000
1.77020,0.05063,0.00000,0.60000
1.77030,0.05088,0.00000,0.60000
1.77040,0.05113,0.00000,0.60000
1.77050,0.05138,0.00000,0.60000
1.77060,0.05163,0.00000,0.60000
1.77070,0.05188,0.00000,0.60000
1.77080,0.05213,0.00000,0.60000
1.77090,0.05238,0.00000,0.60000
1.77100,0.05263,0.00000,0.60000
1.77110,0.05287,0.00000,0.60000
1.77120,0.05312,0.00000,0.60000
1.77130,0.05337,0.00000,0.60000
1.77140,0.05362,0.00000,0.60000
1.77150,0.05387,0.00000,0.60000
1.77160,0.05412,0.00000,0.60000
1.77170,0.05437,0.00000,0.60000
1.77180,0.05462,0.00000,0.60000
1.77190,0.05487,0.00000,0.60000
1.77200,0.05512,0.00000,0.60000
1.77210,0.05537,0.00000,0.60000
1.77220,0.05561,0.00000,0.60000
1.77230,0.05586,0.00000,0.60000
1.77240,0.05611,0.00000,0.60000
1.77250,0.05636,0.00000,0.60000
1.77260,0.05661,0.00000,0.60000
1.77270,0.05686,0.00000,0.60000
1.77280,0.05711,0.00000,0.60000
1.77290,0.05736,0.00000,0.60000
1.77300,0.05760,0.00000,0.60000
1.77310,0.05785,0.00000,0.60000
1.77320,0.05810,0.00000,0.60000
1.77330,0.05835,0.00000,0.60000
1.77340,0.05860,0.00000,0.60000
1.77350,0.05885,0.00000,0.60000
1.77360,0.05910,0.00000,0.60000
1.77370,0.05934,0.00000,0.60000
1.77380,0.05959,0.00000,0.60000
1.77390,0.05984,0.00000,0.60000
1.77400,0.06009,0.00000,0.60000
1.77410,0.06034,0.00000,0.60000
1.77420,0.06059,0.00000,0.60000
1.77430,0.06084,0.00000,0.60000
1.77440,0.06108,0.00000,0.60000
1.77450,0.06133,0.00000,0.60000
1.77460,0.06158,0.00000,0.60000
1.77470,0.06183,0.00000,0.60000
1.77480,0.06208,0.00000,0.60000
1.77490,0.06233,0.00000,0.60000
1.77500,0.06257,0.00000,0.60000
1.77510,0.06282,0.00000,0.60000
1.77520,0.06307,0.00000,0.60000
1.77530,0.06332,0.00000,0.60000
1.77540,0.06357,0.00000,0.60000
1.77550,0.06381,0.00000,0.60000
1.77560,0.06406,0.00000,0.60000
1.77570,0.06431,0.00000,0.60000
1.77580,0.06456,0.00000,0.60000
1.77590,0.06481,0.00000,0.60000
1.77600,0.06505,0.00000,0.60000
1.77610,0.06530,0.00000,0.60000
1.77620,0.06555,0.00000,0.60000
1.77630,0.06580,0.00000,0.60000
1.77640,0.06605,0.00000,0.60000
1.77650,0.06629,0.00000,0.60000
1.77660,0.06654,0.00000,0.60000
1.77670,0.06679,0.00000,0.60000
1.77680,0.06704,0.00000,0.60000
1.77690,0.06729,0.00000,0.60000
1.77700,0.06753,0.00000,0.60000
1.77710,0.06778,0.00000,0.60000
1.77720,0.06803,0.00000,0.60000
1.77730,0.06828,0.00000,0.60000
1.77740,0.06852,0.00000,0.60000
1.77750,0.06877,0.00000,0.60000
1.77760,0.06902,0.00000,0.60000
1.77770,0.06927,0.00000,0.60000
1.77780,0.06951,0.00000,0.60000
1.77790,0.06976,0.00000,0.60000
1.77800,0.07001,0.00000,0.60000
1.77810,0.07026,0.00000,0.60000
1.77820,0.07050,0.00000,0.60000
1.77830,0.07075,0.00000,0.60000
1.77840,0.07100,0.00000,0.60000
1.77850,0.07125,0.00000,0.60000
1.77860,0.07149,0.00000,0.60000
1.77870,0.07174,0.00000,0.60000
1.77880,0.07199,0.00000,0.60000
1.77890,0.07224,0.00000,0.60000
1.77900,0.07248,0.00000,0.60000
1.77910,0.07273,0.00000,0.60000
1.77920,0.07298,0.00000,0.60000
1.77930,0.07322,0.00000,0.60000
1.77940,0.07347,0.00000,0.60000
1.77950,0.07372,0.00000,0.60000
1.77960,0.07396,0.00000,0.60000
1.77970,0.07421,0.00000,0.60000
1.77980,0.07446,0.00000,0.60000
1.77990,0.07471,0.00000,0.60000
1.78000,0.07495,0.00000,0.60000
1.78010,0.07520,0.00000,0.60000
1.78020,0.07545,0.00000,0.60000
1.78030,0.07569,0.00000,0.60000
1.78040,0.07594,0.00000,0.60000
1.78050,0.07619,0.00000,0.60000
1.78060,0.07643,0.00000,0.60000
1.78070,0.07668,0.00000,0.60000
1.78080,0.07693,0.00000,0.60000
1.78090,0.07717,0.00000,0.60000
1.78100,0.07742,0.00000,0.60000
1.78110,0.07767,0.00000,0.60000
1.78120,0.07791,0.00000,0.60000
1.78130,0.07816,0.00000,0.60000
1.78140,0.07841,0.00000,0.60000
1.78150,0.07865,0.00000,0.60000
1.78160,0.07890,0.00000,0.60000
1.78170,0.07915,0.00000,0.60000
1.78180,0.07939,0.00000,0.60000
1.78190,0.07964,0.00000,0.60000
1.78200,0.07988,0.00000,0.60000
1.78210,0.08013,0.00000,0.60000
1.78220,0.08038,0.00000,0.60000
1.78230,0.08062,0.00000,0.60000
1.78240,0.08087,0.00000,0.60000
1.78250,0.08111,0.00000,0.60000
1.78260,0.08136,0.00000,0.60000
1.78270,0.08161,0.00000,0.60000
1.78280,0.08185,0.00000,0.60000
1.78290,0.08210,0.00000,0.60000
1.78300,0.08235,0.00000,0.60000
1.78310,0.08259,0.00000,0.60000
1.78320,0.08284,0.00000,0.60000
1.78330,0.08308,0.00000,0.60000
1.78340,0.08333,0.00000,0.60000
1.78350,0.08357,0.00000,0.60000
1.78360,0.08382,0.00000,0.60000
1.78370,0.08407,0.00000,0.60000
1.78380,0.08431,0.00000,0.60000
1.78390,0.08456,0.00000,0.60000
1.78400,0.08480,0.00000,0.60000
1.78410,0.08505,0.00000,0.60000
1.78420,0.08529,0.00000,0.60000
1.78430,0.08554,0.00000,0.60000
1.78440,0.08579,0.00000,0.60000
1.78450,0.08603,0.00000,0.60000
1.78460,0.08628,0.00000,0.60000
1.78470,0.08652,0.00000,0.60000
1.78480,0.08677,0.00000,0.60000
1.78490,0.08701,0.00000,0.60000
1.78500,0.08726,0.00000,0.60000
1.78510,0.08750,0.00000,0.60000
1.78520,0.08775,0.00000,0.60000
1.78530,0.08799,0.00000,0.60000
1.78540,0.08824,0.00000,0.60000
1.78550,0.08848,0.00000,0.60000
1.78560,0.08873,0.00000,0.60000
1.78570,0.08897,0.00000,0.60000
1.78580,0.08922,0.00000,0.60000
1.78590,0.08946,0.00000,0.60000
1.78600,0.08971,0.00000,0.60000
1.78610,0.08995,0.00000,0.60000
1.78620,0.09020,0.00000,0.60000
1.78630,0.09044,0.00000,0.60000
1.78640,0.09069,0.00000,0.60000
1.78650,0.09093,0.00000,0.60000
1.78660,0.09118,0.00000,0.60000
1.78670,0.09142,0.00000,0.60000
1.78680,0.09167,0.00000,0.60000
1.78690,0.09191,0.00000,0.60000
1.78700,0.09216,0.00000,0.60000
1.78710,0.09240,0.00000,0.60000
1.78720,0.09264,0.00000,0.60000
1.78730,0.09289,0.00000,0.60000
1.78740,0.09313,0.00000,0.60000
1.78750,0.09338,0.00000,0.60000
1.78760,0.09362,0.00000,0.60000
1.78770,0.09387,0.00000,0.60000
1.78780,0.09411,0.00000,0.60000
1.78790,0.09436,0.00000,0.60000
1.78800,0.09460,0.00000,0.60000
1.78810,0.09484,0.00000,0.60000
1.78820,0.09509,0.00000,0.60000
1.78830,0.09533,0.00000,0.60000
1.78840,0.09558,0.00000,0.60000
1.78850,0.09582,0.00000,0.60000
1.78860,0.09606,0.00000,0.60000
1.78870,0.09631,0.00000,0.60000
1.78880,0.09655,0.00000,0.60000
1.78890,0.09680,0.00000,0.60000
1.78900,0.09704,0.00000,0.60000
1.78910,0.09728,0.00000,0.60000
1.78920,0.09753,0.00000,0.60000
1.78930,0.09777,0.00000,0.60000
1.78940,0.09801,0.00000,0.60000
1.78950,0.09826,0.00000,0.60000
1.78960,0.09850,0.00000,0.60000
1.78970,0.09875,0.00000,0.60000
1.78980,0.09899,0.00000,0.60000
1.78990,0.09923,0.00000,0.60000
1.79000,0.09948,0.00000,0.60000
1.79010,0.09972,0.00000,0.60000
1.79020,0.09996,0.00000,0.60000
1.79030,0.10021,0.00000,0.60000
1.79040,0.10045,0.00000,0.60000
1.79050,0.10069,0.00000,0.60000
1.79060,0.10094,0.00000,0.60000
1.79070,0.10118,0.00000,0.60000
1.79080,0.10142,0.00000,0.60000
1.79090,0.10167,0.00000,0.60000
1.79100,0.10191,0.00000,0.60000
1.79110,0.10215,0.00000,0.60000
1.79120,0.10239,0.00000,0.60000
1.79130,0.10264,0.00000,0.60000
1.79140,0.10288,0.00000,0.60000
1.79150,0.10312,0.00000,0.60000
1.79160,0.10337,0.00000,0.60000
1.79170,0.10361,0.00000,0.60000
1.79180,0.10385,0.00000,0.60000
1.79190,0.10409,0.00000,0.60000
1.79200,0.10434,0.00000,0.60000
1.79210,0.10458,0.00000,0.60000
1.79220,0.10482,0.00000,0.60000
1.79230,0.10506,0.00000,0.60000
1.79240,0.10531,0.00000,0.60000
1.79250,0.10555,0.00000,0.60000
1.79260,0.10579,0.00000,0.60000
1.79270,0.10603,0.00000,0.60000
1.79280,0.10628,0.00000,0.60000
1.79290,0.10652,0.00000,0.60000
1.79300,0.10676,0.00000,0.60000
1.79310,0.10700,0.00000,0.60000
1.79320,0.10725,0.00000,0.60000
1.79330,0.10749,0.00000,0.60000
1.79340,0.10773,0.00000,0.60000
1.79350,0.10797,0.00000,0.60000
1.79360,0.10821,0.00000,0.60000
1.79370,0.10846,0.00000,0.60000
1.79380,0.10870,0.00000,0.60000
1.79390,0.10894,0.00000,0.60000
1.79400,0.10918,0.00000,0.60000
1.79410,0.10942,0.00000,0.60000
1.79420,0.10966,0.00000,0.60000
1.79430,0.10991,0.00000,0.60000
1.79440,0.11015,0.00000,0.60000
1.79450,0.11039,0.00000,0.60000
1.79460,0.11063,0.00000,0.60000
1.79470,0.11087,0.00000,0.60000
1.79480,0.11111,0.00000,0.60000
1.79490,0.11136,0.00000,0.60000
1.79500,0.11160,0.00000,0.60000
1.79510,0.11184,0.00000,0.60000
1.79520,0.11208,0.00000,0.60000
1.79530,0.11232,0.00000,0.60000
1.79540,0.11256,0.00000,0.60000
1.79550,0.11280,0.00000,0.60000
1.79560,0.11304,0.00000,0.60000
1.79570,0.11328,0.00000,0.60000
1.79580,0.11353,0.00000,0.60000
1.79590,0.11377,0.00000,0.60000
1.79600,0.11401,0.00000,0.60000
1.79610,0.11425,0.00000,0.60000
1.79620,0.11449,0.00000,0.60000
1.79630,0.11473,0.00000,0.60000
1.79640,0.11497,0.00000,0.60000
1.79650,0.11521,0.00000,0.60000
1.79660,0.11545,0.00000,0.60000
1.79670,0.11569,0.00000,0.60000
1.79680,0.11593,0.00000,0.60000
1.79690,0.11617,0.00000,0.60000
1.79700,0.11641,0.00000,0.60000
1.79710,0.11665,0.00000,0.60000
1.79720,0.11690,0.00000,0.60000
1.79730,0.11714,0.00000,0.60000
1.79740,0.11738,0.00000,0.60000
1.79750,0.11762,0.00000,0.60000
1.79760,0.11786,0.00000,0.60000
1.79770,0.11810,0.00000,0.60000
1.79780,0.11834,0.00000,0.60000
1.79790,0.11858,0.00000,0.60000
1.79800,0.11882,0.00000,0.60000
1.79810,0.11906,0.00000,0.60000
1.79820,0.11930,0.00000,0.60000
1.79830,0.11954,0.00000,0.60000
1.79840,0.11978,0.00000,0.60000
1.79850,0.12002,0.00000,0.60000
1.79860,0.12026,0.00000,0.60000
1.79870,0.12050,0.00000,0.60000
1.79880,0.12073,0.00000,0.60000
1.79890,0.12097,0.00000,0.60000
1.79900,0.12121,0.00000,0.60000
1.79910,0.12145,0.00000,0.60000
1.79920,0.12169,0.00000,0.60000
1.79930,0.12193,0.00000,0.60000
1.79940,0.12217,0.00000,0.60000
1.79950,0.12241,0.00000,0.60000
1.79960,0.12265,0.00000,0.60000
1.79970,0.12289,0.00000,0.60000
1.79980,0.12313,0.00000,0.60000
1.79990,0.12337,0.00000,0.60000
1.80000,0.12361,0.00000,0.60000
1.80010,0.12385,0.00000,0.60000
1.80020,0.12408,0.00000,0.60000
1.80030,0.12432,0.00000,0.60000
1.80040,0.12456,0.00000,0.60000
1.80050,0.12480,0.00000,0.60000
1.80060,0.12504,0.00000,0.60000
1.80070,0.12528,0.00000,0.60000
1.80080,0.12552,0.00000,0.60000
1.80090,0.12576,0.00000,0.60000
1.80100,0.12599,0.00000,0.60000
1.80110,0.12623,0.00000,0.60000
1.80120,0.12647,0.00000,0.60000
1.80130,0.12671,0.00000,0.60000
1.80140,0.12695,0.00000,0.60000
1.80150,0.12719,0.00000,0.60000
1.80160,0.12742,0.00000,0.60000
1.80170,0.12766,0.00000,0.60000
1.80180,0.12790,0.00000,0.60000
1.80190,0.12814,0.00000,0.60000
1.80200,0.12838,0.00000,0.60000
1.80210,0.12862,0.00000,0.60000
1.80220,0.12885,0.00000,0.60000
1.80230,0.12909,0.00000,0.60000
1.80240,0.12933,0.00000,0.60000
1.80250,0.12957,0.00000,0.60000
1.80260,0.12980,0.00000,0.60000
1.80270,0.13004,0.00000,0.60000
1.80280,0.13028,0.00000,0.60000
1.80290,0.13052,0.00000,0.60000
1.80300,0.13076,0.00000,0.60000
1.80310,0.13099,0.00000,0.60000
1.80320,0.13123,0.00000,0.60000
1.80330,0.13147,0.00000,0.60000
1.80340,0.13170,0.00000,0.60000
1.80350,0.13194,0.00000,0.60000
1.80360,0.13218,0.00000,0.60000
1.80370,0.13242,0.00000,0.60000
1.80380,0.13265,0.00000,0.60000
1.80390,0.13289,0.00000,0.60000
1.80400,0.13313,0.00000,0.60000
1.80410,0.13336,0.00000,0.60000
1.80420,0.13360,0.00000,0.60000
1.80430,0.13384,0.00000,0.60000
1.80440,0.13408,0.00000,0.60000
1.80450,0.13431,0.00000,0.60000
1.80460,0.13455,0.00000,0.60000
1.80470,0.13479,0.00000,0.60000
1.80480,0.13502,0.00000,0.60000
1.80490,0.13526,0.00000,0.60000
1.80500,0.13550,0.00000,0.60000
1.80510,0.13573,0.00000,0.60000
1.80520,0.13597,0.00000,0.60000
1.80530,0.13620,0.00000,0.60000
1.80540,0.13644,0.00000,0.60000
1.80550,0.13668,0.00000,0.60000
1.80560,0.13691,0.00000,0.60000
1.80570,0.13715,0.00000,0.60000
1.80580,0.13739,0.00000,0.60000
1.80590,0.13762,0.00000,0.60000
1.80600,0.13786,0.00000,0.60000
1.80610,0.13809,0.00000,0.60000
1.80620,0.13833,0.00000,0.60000
1.80630,0.13856,0.00000,0.60000
1.80640,0.13880,0.00000,0.60000
1.80650,0.13904,0.00000,0.60000
1.80660,0.13927,0.00000,0.60000
1.80670,0.13951,0.00000,0.60000
1.80680,0.13974,0.00000,0.60000
1.80690,0.13998,0.00000,0.60000
1.80700,0.14021,0.00000,0.60000
1.80710,0.14045,0.00000,0.60000
1.80720,0.14068,0.00000,0.60000
1.80730,0.14092,0.00000,0.60000
1.80740,0.14115,0.00000,0.60000
1.80750,0.14139,0.00000,0.60000
1.80760,0.14163,0.00000,0.60000
1.80770,0.14186,0.00000,0.60000
1.80780,0.14209,0.00000,0.60000
1.80790,0.14233,0.00000,0.60000
1.80800,0.14256,0.00000,0.60000
1.80810,0.14280,0.00000,0.60000
1.80820,0.14303,0.00000,0.60000
1.80830,0.14327,0.00000,0.60000
1.80840,0.14350,0.00000,0.60000
1.80850,0.14374,0.00000,0.60000
1.80860,0.14397,0.00000,0.60000
1.80870,0.14421,0.00000,0.60000
1.80880,0.14444,0.00000,0.60000
1.80890,0.14468,0.00000,0.60000
1.80900,0.14491,0.00000,0.60000
1.80910,0.14514,0.00000,0.60000
1.80920,0.14538,0.00000,0.60000
1.80930,0.14561,0.00000,0.60000
1.80940,0.14585,0.00000,0.60000
1.80950,0.14608,0.00000,0.60000
1.80960,0.14631,0.00000,0.60000
1.80970,0.14655,0.00000,0.60000
1.80980,0.14678,0.00000,0.60000
1.80990,0.14702,0.00000,0.60000
1.81000,0.14725,0.00000,0.60000
1.81010,0.14748,0.00000,0.60000
1.81020,0.14772,0.00000,0.60000
1.81030,0.14795,0.00000,0.60000
1.81040,0.14818,0.00000,0.60000
1.81050,0.14842,0.00000,0.60000
1.81060,0.14865,0.00000,0.60000
1.81070,0.14888,0.00000,0.60000
1.81080,0.14912,0.00000,0.60000
1.81090,0.14935,0.00000,0.60000
1.81100,0.14958,0.00000,0.60000
1.81110,0.14982,0.00000,0.60000
1.81120,0.15005,0.00000,0.60000
1.81130,0.15028,0.00000,0.60000
1.81140,0.15052,0.00000,0.60000
1.81150,0.15075,0.00000,0.60000
1.81160,0.15098,0.00000,0.60000
1.81170,0.15121,0.00000,0.60000
1.81180,0.15145,0.00000,0.60000
1.81190,0.15168,0.00000,0.60000
1.81200,0.15191,0.00000,0.60000
1.81210,0.15214,0.00000,0.60000
1.81220,0.15238,0.00000,0.60000
1.81230,0.15261,0.00000,0.60000
1.81240,0.15284,0.00000,0.60000
1.81250,0.15307,0.00000,0.60000
1.81260,0.15331,0.00000,0.60000
1.81270,0.15354,0.00000,0.60000
1.81280,0.15377,0.00000,0.60000
1.81290,0.15400,0.00000,0.60000
1.81300,0.15423,0.00000,0.60000
1.81310,0.15447,0.00000,0.60000
1.81320,0.15470,0.00000,0.60000
1.81330,0.15493,0.00000,0.60000
1.81340,0.15516,0.00000,0.60000
1.81350,0.15539,0.00000,0.60000
1.81360,0.15562,0.00000,0.60000
1.81370,0.15586,0.00000,0.60000
1.81380,0.15609,0.00000,0.60000
1.81390,0.15632,0.00000,0.60000
1.81400,0.15655,0.00000,0.60000
1.81410,0.15678,0.00000,0.60000
1.81420,0.15701,0.00000,0.60000
1.81430,0.15724,0.00000,0.60000
1.81440,0.15747,0.00000,0.60000
1.81450,0.15771,0.00000,0.60000
1.81460,0.15794,0.00000,0.60000
1.81470,0.15817,0.00000,0.60000
1.81480,0.15840,0.00000,0.60000
1.81490,0.15863,0.00000,0.60000
1.81500,0.15886,0.00000,0.60000
1.81510,0.15909,0.00000,0.60000
1.81520,0.15932,0.00000,0.60000
1.81530,0.15955,0.00000,0.60000
1.81540,0.15978,0.00000,0.60000
1.81550,0.16001,0.00000,0.60000
1.81560,0.16024,0.00000,0.60000
1.81570,0.16047,0.00000,0.60000
1.81580,0.16070,0.00000,0.60000
1.81590,0.16093,0.00000,0.60000
1.81600,0.16116,0.00000,0.60000
1.81610,0.16139,0.00000,0.60000
1.81620,0.16162,0.00000,0.60000
1.81630,0.16185,0.00000,0.60000
1.81640,0.16208,0.00000,0.60000
1.81650,0.16231,0.00000,0.60000
1.81660,0.16254,0.00000,0.60000
1.81670,0.16277,0.00000,0.60000
1.81680,0.16300,0.00000,0.60000
1.81690,0.16323,0.00000,0.60000
1.81700,0.16346,0.00000,0.60000
1.81710,0.16369,0.00000,0.60000
1.81720,0.16392,0.00000,0.60000
1.81730,0.16415,0.00000,0.60000
1.81740,0.16438,0.00000,0.60000
1.81750,0.16461,0.00000,0.60000
1.81760,0.16483,0.00000,0.60000
1.81770,0.16506,0.00000,0.60000
1.81780,0.16529,0.00000,0.60000
1.81790,0.16552,0.00000,0.60000
1.81800,0.16575,0.00000,0.60000
1.81810,0.16598,0.00000,0.60000
1.81820,0.16621,0.00000,0.60000
1.81830,0.16644,0.00000,0.60000
1.81840,0.16666,0.00000,0.60000
1.81850,0.16689,0.00000,0.60000
1.81860,0.16712,0.00000,0.60000
1.81870,0.16735,0.00000,0.60000
1.81880,0.16758,0.00000,0.60000
1.81890,0.16781,0.00000,0.60000
1.81900,0.16803,0.00000,0.60000
1.81910,0.16826,0.00000,0.60000
1.81920,0.16849,0.00000,0.60000
1.81930,0.16872,0.00000,0.60000
1.81940,0.16895,0.00000,0.60000
1.81950,0.16917,0.00000,0.60000
1.81960,0.16940,0.00000,0.60000
1.81970,0.16963,0.00000,0.60000
1.81980,0.16986,0.00000,0.60000
1.81990,0.17008,0.00000,0.60000
1.82000,0.17031,0.00000,0.60000
1.82010,0.17054,0.00000,0.60000
1.82020,0.17077,0.00000,0.60000
1.82030,0.17099,0.00000,0.60000
1.82040,0.17122,0.00000,0.60000
1.82050,0.17145,0.00000,0.60000
1.82060,0.17167,0.00000,0.60000
1.82070,0.17190,0.00000,0.60000
1.82080,0.17213,0.00000,0.60000
1.82090,0.17236,0.00000,0.60000
1.82100,0.17258,0.00000,0.60000
1.82110,0.17281,0.00000,0.60000
1.82120,0.17304,0.00000,0.60000
1.82130,0.17326,0.00000,0.60000
1.82140,0.17349,0.00000,0.60000
1.82150,0.17372,0.00000,0.60000
1.82160,0.17394,0.00000,0.60000
1.82170,0.17417,0.00000,0.60000
1.82180,0.17439,0.00000,0.60000
1.82190,0.17462,0.00000,0.60000
1.82200,0.17485,0.00000,0.60000
1.82210,0.17507,0.00000,0.60000
1.82220,0.17530,0.00000,0.60000
1.82230,0.17552,0.00000,0.60000
1.82240,0.17575,0.00000,0.60000
1.82250,0.17598,0.00000,0.60000
1.82260,0.17620,0.00000,0.60000
1.82270,0.17643,0.00000,0.60000
1.82280,0.17665,0.00000,0.60000
1.82290,0.17688,0.00000,0.60000
1.82300,0.17710,0.00000,0.60000
1.82310,0.17733,0.00000,0.60000
1.82320,0.17755,0.00000,0.60000
1.82330,0.17778,0.00000,0.60000
1.82340,0.17800,0.00000,0.60000
1.82350,0.17823,0.00000,0.60000
1.82360,0.17845,0.00000,0.60000
1.82370,0.17868,0.00000,0.60000
1.82380,0.17890,0.00000,0.60000
1.82390,0.17913,0.00000,0.60000
1.82400,0.17935,0.00000,0.60000
1.82410,0.17958,0.00000,0.60000
1.82420,0.17980,0.00000,0.60000
1.82430,0.18003,0.00000,0.60000
1.82440,0.18025,0.00000,0.60000
1.82450,0.18048,0.00000,0.60000
1.82460,0.18070,0.00000,0.60000
1.82470,0.18092,0.00000,0.60000
1.82480,0.18115,0.00000,0.60000
1.82490,0.18137,0.00000,0.60000
1.82500,0.18160,0.00000,0.60000
1.82510,0.18182,0.00000,0.60000
1.82520,0.18204,0.00000,0.60000
1.82530,0.18227,0.00000,0.60000
1.82540,0.18249,0.00000,0.60000
1.82550,0.18271,0.00000,0.60000
1.82560,0.18294,0.00000,0.60000
1.82570,0.18316,0.00000,0.60000
1.82580,0.18339,0.00000,0.60000
1.82590,0.18361,0.00000,0.60000
1.82600,0.18383,0.00000,0.60000
1.82610,0.18406,0.00000,0.60000
1.82620,0.18428,0.00000,0.60000
1.82630,0.18450,0.00000,0.60000
1.82640,0.18472,0.00000,0.60000
1.82650,0.18495,0.00000,0.60000
1.82660,0.18517,0.00000,0.60000
1.82670,0.18539,0.00000,0.60000
1.82680,0.18562,0.00000,0.60000
1.82690,0.18584,0.00000,0.60000
1.82700,0.18606,0.00000,0.60000
1.82710,0.18628,0.00000,0.60000
1.82720,0.18651,0.00000,0.60000
1.82730,0.18673,0.00000,0.60000
1.82740,0.18695,0.00000,0.60000
1.82750,0.18717,0.00000,0.60000
1.82760,0.18739,0.00000,0.60000
1.82770,0.18762,0.00000,0.60000
1.82780,0.18784,0.00000,0.60000
1.82790,0.18806,0.00000,0.60000
1.82800,0.18828,0.00000,0.60000
1.82810,0.18850,0.00000,0.60000
1.82820,0.18872,0.00000,0.60000
1.82830,0.18895,0.00000,0.60000
1.82840,0.18917,0.00000,0.60000
1.82850,0.18939,0.00000,0.60000
1.82860,0.18961,0.00000,0.60000
1.82870,0.18983,0.00000,0.60000
1.82880,0.19005,0.00000,0.60000
1.82890,0.19027,0.00000,0.60000
1.82900,0.19050,0.00000,0.60000
1.82910,0.19072,0.00000,0.60000
1.82920,0.19094,0.00000,0.60000
1.82930,0.19116,0.00000,0.60000
1.82940,0.19138,0.00000,0.60000
1.82950,0.19160,0.00000,0.60000
1.82960,0.19182,0.00000,0.60000
1.82970,0.19204,0.00000,0.60000
1.82980,0.19226,0.00000,0.60000
1.82990,0.19248,0.00000,0.60000
1.83000,0.19270,0.00000,0.60000
1.83010,0.19292,0.00000,0.60000
1.83020,0.19314,0.00000,0.60000
1.83030,0.19336,0.00000,0.60000
1.83040,0.19358,0.00000,0.60000
1.83050,0.19380,0.00000,0.60000
1.83060,0.19402,0.00000,0.60000
1.83070,0.19424,0.00000,0.60000
1.83080,0.19446,0.00000,0.60000
1.83090,0.19468,0.00000,0.60000
1.83100,0.19490,0.00000,0.60000
1.83110,0.19512,0.00000,0.60000
1.83120,0.19534,0.00000,0.60000
1.83130,0.19556,0.00000,0.60000
1.83140,0.19578,0.00000,0.60000
1.83150,0.19600,0.00000,0.60000
1.83160,0.19622,0.00000,0.60000
1.83170,0.19643,0.00000,0.60000
1.83180,0.19665,0.00000,0.60000
1.83190,0.19687,0.00000,0.60000
1.83200,0.19709,0.00000,0.60000
1.83210,0.19731,0.00000,0.60000
1.83220,0.19753,0.00000,0.60000
1.83230,0.19775,0.00000,0.60000
1.83240,0.19797,0.00000,0.60000
1.83250,0.19818,0.00000,0.60000
1.83260,0.19840,0.00000,0.60000
1.83270,0.19862,0.00000,0.60000
1.83280,0.19884,0.00000,0.60000
1.83290,0.19906,0.00000,0.60000
1.83300,0.19927,0.00000,0.60000
1.83310,0.19949,0.00000,0.60000
1.83320,0.19971,0.00000,0.60000
1.83330,0.19993,0.00000,0.60000
1.83340,0.20015,0.00000,0.60000
1.83350,0.20036,0.00000,0.60000
1.83360,0.20058,0.00000,0.60000
1.83370,0.20080,0.00000,0.60000
1.83380,0.20101,0.00000,0.60000
1.83390,0.20123,0.00000,0.60000
1.83400,0.20145,0.00000,0.60000
1.83410,0.20167,0.00000,0.60000
1.83420,0.20188,0.00000,0.60000
1.83430,0.20210,0.00000,0.60000
1.83440,0.20232,0.00000,0.60000
1.83450,0.20253,0.00000,0.60000
1.83460,0.20275,0.00000,0.60000
1.83470,0.20297,0.00000,0.60000
1.83480,0.20318,0.00000,0.60000
1.83490,0.20340,0.00000,0.60000
1.83500,0.20362,0.00000,0.60000
1.83510,0.20383,0.00000,0.60000
1.83520,0.20405,0.00000,0.60000
1.83530,0.20427,0.00000,0.60000
1.83540,0.20448,0.00000,0.60000
1.83550,0.20470,0.00000,0.60000
1.83560,0.20491,0.00000,0.60000
1.83570,0.20513,0.00000,0.60000
1.83580,0.20534,0.00000,0.60000
1.83590,0.20556,0.00000,0.60000
1.83600,0.20578,0.00000,0.60000
1.83610,0.20599,0.00000,0.60000
1.83620,0.20621,0.00000,0.60000
1.83630,0.20642,0.00000,0.60000
1.83640,0.20664,0.00000,0.60000
1.83650,0.20685,0.00000,0.60000
1.83660,0.20707,0.00000,0.60000
1.83670,0.20728,0.00000,0.60000
1.83680,0.20750,0.00000,0.60000
1.83690,0.20771,0.00000,0.60000
1.83700,0.20793,0.00000,0.60000
1.83710,0.20814,0.00000,0.60000
1.83720,0.20836,0.00000,0.60000
1.83730,0.20857,0.00000,0.60000
1.83740,0.20879,0.00000,0.60000
1.83750,0.20900,0.00000,0.60000
1.83760,0.20921,0.00000,0.60000
1.83770,0.20943,0.00000,0.60000
1.83780,0.20964,0.00000,0.60000
1.83790,0.20986,0.00000,0.60000
1.83800,0.21007,0.00000,0.60000
1.83810,0.21028,0.00000,0.60000
1.83820,0.21050,0.00000,0.60000
1.83830,0.21071,0.00000,0.60000
1.83840,0.21092,0.00000,0.60000
1.83850,0.21114,0.00000,0.60000
1.83860,0.21135,0.00000,0.60000
1.83870,0.21156,0.00000,0.60000
1.83880,0.21178,0.00000,0.60000
1.83890,0.21199,0.00000,0.60000
1.83900,0.21220,0.00000,0.60000
1.83910,0.21242,0.00000,0.60000
1.83920,0.21263,0.00000,0.60000
1.83930,0.21284,0.00000,0.60000
1.83940,0.21306,0.00000,0.60000
1.83950,0.21327,0.00000,0.60000
1.83960,0.21348,0.00000,0.60000
1.83970,0.21369,0.00000,0.60000
1.83980,0.21391,0.00000,0.60000
1.83990,0.21412,0.00000,0.60000
1.84000,0.21433,0.00000,0.60000
1.84010,0.21454,0.00000,0.60000
1.84020,0.21475,0.00000,0.60000
1.84030,0.21497,0.00000,0.60000
1.84040,0.21518,0.00000,0.60000
1.84050,0.21539,0.00000,0.60000
1.84060,0.21560,0.00000,0.60000
1.84070,0.21581,0.00000,0.60000
1.84080,0.21603,0.00000,0.60000
1.84090,0.21624,0.00000,0.60000
1.84100,0.21645,0.00000,0.60000
1.84110,0.21666,0.00000,0.60000
1.84120,0.21687,0.00000,0.60000
1.84130,0.21708,0.00000,0.60000
1.84140,0.21729,0.00000,0.60000
1.84150,0.21750,0.00000,0.60000
1.84160,0.21772,0.00000,0.60000
1.84170,0.21793,0.00000,0.60000
1.84180,0.21814,0.00000,0.60000
1.84190,0.21835,0.00000,0.60000
1.84200,0.21856,0.00000,0.60000
1.84210,0.21877,0.00000,0.60000
1.84220,0.21898,0.00000,0.60000
1.84230,0.21919,0.00000,0.60000
1.84240,0.21940,0.00000,0.60000
1.84250,0.21961,0.00000,0.60000
1.84260,0.21982,0.00000,0.60000
1.84270,0.22003,0.00000,0.60000
1.84280,0.22024,0.00000,0.60000
1.84290,0.22045,0.00000,0.60000
1.84300,0.22066,0.00000,0.60000
1.84310,0.22087,0.00000,0.60000
1.84320,0.22108,0.00000,0.60000
1.84330,0.22129,0.00000,0.60000
1.84340,0.22150,0.00000,0.60000
1.84350,0.22171,0.00000,0.60000
1.84360,0.22191,0.00000,0.60000
1.84370,0.22212,0.00000,0.60000
1.84380,0.22233,0.00000,0.60000
1.84390,0.22254,0.00000,0.60000
1.84400,0.22275,0.00000,0.60000
1.84410,0.22296,0.00000,0.60000
1.84420,0.22317,0.00000,0.60000
1.84430,0.22338,0.00000,0.60000
1.84440,0.22358,0.00000,0.60000
1.84450,0.22379,0.00000,0.60000
1.84460,0.22400,0.00000,0.60000
1.84470,0.22421,0.00000,0.60000
1.84480,0.22442,0.00000,0.60000
1.84490,0.22463,0.00000,0.60000
1.84500,0.22483,0.00000,0.60000
1.84510,0.22504,0.00000,0.60000
1.84520,0.22525,0.00000,0.60000
1.84530,0.22546,0.00000,0.60000
1.84540,0.22566,0.00000,0.60000
1.84550,0.22587,0.00000,0.60000
1.84560,0.22608,0.00000,0.60000
1.84570,0.22629,0.00000,0.60000
1.84580,0.22649,0.00000,0.60000
1.84590,0.22670,0.00000,0.60000
1.84600,0.22691,0.00000,0.60000
1.84610,0.22711,0.00000,0.60000
1.84620,0.22732,0.00000,0.60000
1.84630,0.22753,0.00000,0.60000
1.84640,0.22773,0.00000,0.60000
1.84650,0.22794,0.00000,0.60000
1.84660,0.22815,0.00000,0.60000
1.84670,0.22835,0.00000,0.60000
1.84680,0.22856,0.00000,0.60000
1.84690,0.22877,0.00000,0.60000
1.84700,0.22897,0.00000,0.60000
1.84710,0.22918,0.00000,0.60000
1.84720,0.22938,0.00000,0.60000
1.84730,0.22959,0.00000,0.60000
1.84740,0.22980,0.00000,0.60000
1.84750,0.23000,0.00000,0.60000
1.84760,0.23021,0.00000,0.60000
1.84770,0.23041,0.00000,0.60000
1.84780,0.23062,0.00000,0.60000
1.84790,0.23082,0.00000,0.60000
1.84800,0.23103,0.00000,0.60000
1.84810,0.23123,0.00000,0.60000
1.84820,0.23144,0.00000,0.60000
1.84830,0.23164,0.00000,0.60000
1.84840,0.23185,0.00000,0.60000
1.84850,0.23205,0.00000,0.60000
1.84860,0.23226,0.00000,0.60000
1.84870,0.23246,0.00000,0.60000
1.84880,0.23267,0.00000,0.60000
1.84890,0.23287,0.00000,0.60000
1.84900,0.23308,0.00000,0.60000
1.84910,0.23328,0.00000,0.60000
1.84920,0.23348,0.00000,0.60000
1.84930,0.23369,0.00000,0.60000
1.84940,0.23389,0.00000,0.60000
1.84950,0.23410,0.00000,0.60000
1.84960,0.23430,0.00000,0.60000
1.84970,0.23450,0.00000,0.60000
1.84980,0.23471,0.00000,0.60000
1.84990,0.23491,0.00000,0.60000
1.85000,0.23511,0.00000,0.60000
1.85010,0.23532,0.00000,0.60000
1.85020,0.23552,0.00000,0.60000
1.85030,0.23572,0.00000,0.60000
1.85040,0.23593,0.00000,0.60000
1.85050,0.23613,0.00000,0.60000
1.85060,0.23633,0.00000,0.60000
1.85070,0.23654,0.00000,0.60000
1.85080,0.23674,0.00000,0.60000
1.85090,0.23694,0.00000,0.60000
1.85100,0.23714,0.00000,0.60000
1.85110,0.23735,0.00000,0.60000
1.85120,0.23755,0.00000,0.60000
1.85130,0.23775,0.00000,0.60000
1.85140,0.23795,0.00000,0.60000
1.85150,0.23815,0.00000,0.60000
1.85160,0.23836,0.00000,0.60000
1.85170,0.23856,0.00000,0.60000
1.85180,0.23876,0.00000,0.60000
1.85190,0.23896,0.00000,0.60000
1.85200,0.23916,0.00000,0.60000
1.85210,0.23936,0.00000,0.60000
1.85220,0.23956,0.00000,0.60000
1.85230,0.23977,0.00000,0.60000
1.85240,0.23997,0.00000,0.60000
1.85250,0.24017,0.00000,0.60000
1.85260,0.24037,0.00000,0.60000
1.85270,0.24057,0.00000,0.60000
1.85280,0.24077,0.00000,0.60000
1.85290,0.24097,0.00000,0.60000
1.85300,0.24117,0.00000,0.60000
1.85310,0.24137,0.00000,0.60000
1.85320,0.24157,0.00000,0.60000
1.85330,0.24177,0.00000,0.60000
1.85340,0.24197,0.00000,0.60000
1.85350,0.24217,0.00000,0.60000
1.85360,0.24237,0.00000,0.60000
1.85370,0.24257,0.00000,0.60000
1.85380,0.24277,0.00000,0.60000
1.85390,0.24297,0.00000,0.60000
1.85400,0.24317,0.00000,0.60000
1.85410,0.24337,0.00000,0.60000
1.85420,0.24357,0.00000,0.60000
1.85430,0.24377,0.00000,0.60000
1.85440,0.24397,0.00000,0.60000
1.85450,0.24417,0.00000,0.60000
1.85460,0.24437,0.00000,0.60000
1.85470,0.24457,0.00000,0.60000
1.85480,0.24477,0.00000,0.60000
1.85490,0.24496,0.00000,0.60000
1.85500,0.24516,0.00000,0.60000
1.85510,0.24536,0.00000,0.60000
1.85520,0.24556,0.00000,0.60000
1.85530,0.24576,0.00000,0.60000
1.85540,0.24596,0.00000,0.60000
1.85550,0.24615,0.00000,0.60000
1.85560,0.24635,0.00000,0.60000
1.85570,0.24655,0.00000,0.60000
1.85580,0.24675,0.00000,0.60000
1.85590,0.24695,0.00000,0.60000
1.85600,0.24714,0.00000,0.60000
1.85610,0.24734,0.00000,0.60000
1.85620,0.24754,0.00000,0.60000
1.85630,0.24774,0.00000,0.60000
1.85640,0.24793,0.00000,0.60000
1.85650,0.24813,0.00000,0.60000
1.85660,0.24833,0.00000,0.60000
1.85670,0.24852,0.00000,0.60000
1.85680,0.24872,0.00000,0.60000
1.85690,0.24892,0.00000,0.60000
1.85700,0.24912,0.00000,0.60000
1.85710,0.24931,0.00000,0.60000
1.85720,0.24951,0.00000,0.60000
1.85730,0.24970,0.00000,0.60000
1.85740,0.24990,0.00000,0.60000
1.85750,0.25010,0.00000,0.60000
1.85760,0.25029,0.00000,0.60000
1.85770,0.25049,0.00000,0.60000
1.85780,0.25069,0.00000,0.60000
1.85790,0.25088,0.00000,0.60000
1.85800,0.25108,0.00000,0.60000
1.85810,0.25127,0.00000,0.60000
1.85820,0.25147,0.00000,0.60000
1.85830,0.25166,0.00000,0.60000
1.85840,0.25186,0.00000,0.60000
1.85850,0.25205,0.00000,0.60000
1.85860,0.25225,0.00000,0.60000
1.85870,0.25244,0.00000,0.60000
1.85880,0.25264,0.00000,0.60000
1.85890,0.25283,0.00000,0.60000
1.85900,0.25303,0.00000,0.60000
1.85910,0.25322,0.00000,0.60000
1.85920,0.25342,0.00000,0.60000
1.85930,0.25361,0.00000,0.60000
1.85940,0.25381,0.00000,0.60000
1.85950,0.25400,0.00000,0.60000
1.85960,0.25419,0.00000,0.60000
1.85970,0.25439,0.00000,0.60000
1.85980,0.25458,0.00000,0.60000
1.85990,0.25478,0.00000,0.60000
1.86000,0.25497,0.00000,0.60000
1.86010,0.25516,0.00000,0.60000
1.86020,0.25536,0.00000,0.60000
1.86030,0.25555,0.00000,0.60000
1.86040,0.25574,0.00000,0.60000
1.86050,0.25594,0.00000,0.60000
1.86060,0.25613,0.00000,0.60000
1.86070,0.25632,0.00000,0.60000
1.86080,0.25652,0.00000,0.60000
1.86090,0.25671,0.00000,0.60000
1.86100,0.25690,0.00000,0.60000
1.86110,0.25709,0.00000,0.60000
1.86120,0.25729,0.00000,0.60000
1.86130,0.25748,0.00000,0.60000
1.86140,0.25767,0.00000,0.60000
1.86150,0.25786,0.00000,0.60000
1.86160,0.25806,0.00000,0.60000
1.86170,0.25825,0.00000,0.60000
1.86180,0.25844,0.00000,0.60000
1.86190,0.25863,0.00000,0.60000
1.86200,0.25882,0.00000,0.60000
1.86210,0.25901,0.00000,0.60000
1.86220,0.25921,0.00000,0.60000
1.86230,0.25940,0.00000,0.60000
1.86240,0.25959,0.00000,0.60000
1.86250,0.25978,0.00000,0.60000
1.86260,0.25997,0.00000,0.60000
1.86270,0.26016,0.00000,0.60000
1.86280,0.26035,0.00000,0.60000
1.86290,0.26054,0.00000,0.60000
1.86300,0.26073,0.00000,0.60000
1.86310,0.26092,0.00000,0.60000
1.86320,0.26111,0.00000,0.60000
1.86330,0.26130,0.00000,0.60000
1.86340,0.26150,0.00000,0.60000
1.86350,0.26169,0.00000,0.60000
1.86360,0.26188,0.00000,0.60000
1.86370,0.26207,0.00000,0.60000
1.86380,0.26225,0.00000,0.60000
1.86390,0.26244,0.00000,0.60000
1.86400,0.26263,0.00000,0.60000
1.86410,0.26282,0.00000,0.60000
1.86420,0.26301,0.00000,0.60000
1.86430,0.26320,0.00000,0.60000
1.86440,0.26339,0.00000,0.60000
1.86450,0.26358,0.00000,0.60000
1.86460,0.26377,0.00000,0.60000
1.86470,0.26396,0.00000,0.60000
1.86480,0.26415,0.00000,0.60000
1.86490,0.26434,0.00000,0.60000
1.86500,0.26452,0.00000,0.60000
1.86510,0.26471,0.00000,0.60000
1.86520,0.26490,0.00000,0.60000
1.86530,0.26509,0.00000,0.60000
1.86540,0.26528,0.00000,0.60000
1.86550,0.26547,0.00000,0.60000
1.86560,0.26565,0.00000,0.60000
1.86570,0.26584,0.00000,0.60000
1.86580,0.26603,0.00000,0.60000
1.86590,0.26622,0.00000,0.60000
1.86600,0.26640,0.00000,0.60000
1.86610,0.26659,0.00000,0.60000
1.86620,0.26678,0.00000,0.60000
1.86630,0.26697,0.00000,0.60000
1.86640,0.26715,0.00000,0.60000
1.86650,0.26734,0.00000,0.60000
1.86660,0.26753,0.00000,0.60000
1.86670,0.26771,0.00000,0.60000
1.86680,0.26790,0.00000,0.60000
1.86690,0.26809,0.00000,0.60000
1.86700,0.26827,0.00000,0.60000
1.86710,0.26846,0.00000,0.60000
1.86720,0.26865,0.00000,0.60000
1.86730,0.26883,0.00000,0.60000
1.86740,0.26902,0.00000,0.60000
1.86750,0.26921,0.00000,0.60000
1.86760,0.26939,0.00000,0.60000
1.86770,0.26958,0.00000,0.60000
1.86780,0.26976,0.00000,0.60000
1.86790,0.26995,0.00000,0.60000
1.86800,0.27013,0.00000,0.60000
1.86810,0.27032,0.00000,0.60000
1.86820,0.27050,0.00000,0.60000
1.86830,0.27069,0.00000,0.60000
1.86840,0.27087,0.00000,0.60000
1.86850,0.27106,0.00000,0.60000
1.86860,0.27124,0.00000,0.60000
1.86870,0.27143,0.00000,0.60000
1.86880,0.27161,0.00000,0.60000
1.86890,0.27180,0.00000,0.60000
1.86900,0.27198,0.00000,0.60000
1.86910,0.27217,0.00000,0.60000
1.86920,0.27235,0.00000,0.60000
1.86930,0.27253,0.00000,0.60000
1.86940,0.27272,0.00000,0.60000
1.86950,0.27290,0.00000,0.60000
1.86960,0.27309,0.00000,0.60000
1.86970,0.27327,0.00000,0.60000
1.86980,0.27345,0.00000,0.60000
1.86990,0.27364,0.00000,0.60000
1.87000,0.27382,0.00000,0.60000
1.87010,0.27400,0.00000,0.60000
1.87020,0.27419,0.00000,0.60000
1.87030,0.27437,0.00000,0.60000
1.87040,0.27455,0.00000,0.60000
1.87050,0.27473,0.00000,0.60000
1.87060,0.27492,0.00000,0.60000
1.87070,0.27510,0.00000,0.60000
1.87080,0.27528,0.00000,0.60000
1.87090,0.27546,0.00000,0.60000
1.87100,0.27565,0.00000,0.60000
1.87110,0.27583,0.00000,0.60000
1.87120,0.27601,0.00000,0.60000
1.87130,0.27619,0.00000,0.60000
1.87140,0.27637,0.00000,0.60000
1.87150,0.27655,0.00000,0.60000
1.87160,0.27674,0.00000,0.60000
1.87170,0.27692,0.00000,0.60000
1.87180,0.27710,0.00000,0.60000
1.87190,0.27728,0.00000,0.60000
1.87200,0.27746,0.00000,0.60000
1.87210,0.27764,0.00000,0.60000
1.87220,0.27782,0.00000,0.60000
1.87230,0.27800,0.00000,0.60000
1.87240,0.27818,0.00000,0.60000
1.87250,0.27837,0.00000,0.60000
1.87260,0.27855,0.00000,0.60000
1.87270,0.27873,0.00000,0.60000
1.87280,0.27891,0.00000,0.60000
1.87290,0.27909,0.00000,0.60000
1.87300,0.27927,0.00000,0.60000
1.87310,0.27945,0.00000,0.60000
1.87320,0.27963,0.00000,0.60000
1.87330,0.27981,0.00000,0.60000
1.87340,0.27999,0.00000,0.60000
1.87350,0.28016,0.00000,0.60000
1.87360,0.28034,0.00000,0.60000
1.87370,0.28052,0.00000,0.60000
1.87380,0.28070,0.00000,0.60000
1.87390,0.28088,0.00000,0.60000
1.87400,0.28106,0.00000,0.60000
1.87410,0.28124,0.00000,0.60000
1.87420,0.28142,0.00000,0.60000
1.87430,0.28160,0.00000,0.60000
1.87440,0.28177,0.00000,0.60000
1.87450,0.28195,0.00000,0.60000
1.87460,0.28213,0.00000,0.60000
1.87470,0.28231,0.00000,0.60000
1.87480,0.28249,0.00000,0.60000
1.87490,0.28266,0.00000,0.60000
1.87500,0.28284,0.00000,0.60000
1.87510,0.28302,0.00000,0.60000
1.87520,0.28320,0.00000,0.60000
1.87530,0.28338,0.00000,0.60000
1.87540,0.28355,0.00000,0.60000
1.87550,0.28373,0.00000,0.60000
1.87560,0.28391,0.00000,0.60000
1.87570,0.28408,0.00000,0.60000
1.87580,0.28426,0.00000,0.60000
1.87590,0.28444,0.00000,0.60000
1.87600,0.28461,0.00000,0.60000
1.87610,0.28479,0.00000,0.60000
1.87620,0.28497,0.00000,0.60000
1.87630,0.28514,0.00000,0.60000
1.87640,0.28532,0.00000,0.60000
1.87650,0.28550,0.00000,0.60000
1.87660,0.28567,0.00000,0.60000
1.87670,0.28585,0.00000,0.60000
1.87680,0.28602,0.00000,0.60000
1.87690,0.28620,0.00000,0.60000
1.87700,0.28637,0.00000,0.60000
1.87710,0.28655,0.00000,0.60000
1.87720,0.28673,0.00000,0.60000
1.87730,0.28690,0.00000,0.60000
1.87740,0.28708,0.00000,0.60000
1.87750,0.28725,0.00000,0.60000
1.87760,0.28743,0.00000,0.60000
1.87770,0.28760,0.00000,0.60000
1.87780,0.28777,0.00000,0.60000
1.87790,0.28795,0.00000,0.60000
1.87800,0.28812,0.00000,0.60000
1.87810,0.28830,0.00000,0.60000
1.87820,0.28847,0.00000,0.60000
1.87830,0.28865,0.00000,0.60000
1.87840,0.28882,0.00000,0.60000
1.87850,0.28899,0.00000,0.60000
1.87860,0.28917,0.00000,0.60000
1.87870,0.28934,0.00000,0.60000
1.87880,0.28951,0.00000,0.60000
1.87890,0.28969,0.00000,0.60000
1.87900,0.28986,0.00000,0.60000
1.87910,0.29003,0.00000,0.60000
1.87920,0.29021,0.00000,0.60000
1.87930,0.29038,0.00000,0.60000
1.87940,0.29055,0.00000,0.60000
1.87950,0.29073,0.00000,0.60000
1.87960,0.29090,0.00000,0.60000
1.87970,0.29107,0.00000,0.60000
1.87980,0.29124,0.00000,0.60000
1.87990,0.29142,0.00000,0.60000
1.88000,0.29159,0.00000,0.60000
1.88010,0.29176,0.00000,0.60000
1.88020,0.29193,0.00000,0.60000
1.88030,0.29210,0.00000,0.60000
1.88040,0.29227,0.00000,0.60000
1.88050,0.29245,0.00000,0.60000
1.88060,0.29262,0.00000,0.60000
1.88070,0.29279,0.00000,0.60000
1.88080,0.29296,0.00000,0.60000
1.88090,0.29313,0.00000,0.60000
1.88100,0.29330,0.00000,0.60000
1.88110,0.29347,0.00000,0.60000
1.88120,0.29364,0.00000,0.60000
1.88130,0.29381,0.00000,0.60000
1.88140,0.29398,0.00000,0.60000
1.88150,0.29416,0.00000,0.60000
1.88160,0.29433,0.00000,0.60000
1.88170,0.29450,0.00000,0.60000
1.88180,0.29467,0.00000,0.60000
1.88190,0.29484,0.00000,0.60000
1.88200,0.29501,0.00000,0.60000
1.88210,0.29517,0.00000,0.60000
1.88220,0.29534,0.00000,0.60000
1.88230,0.29551,0.00000,0.60000
1.88240,0.29568,0.00000,0.60000
1.88250,0.29585,0.00000,0.60000
1.88260,0.29602,0.00000,0.60000
1.88270,0.29619,0.00000,0.60000
1.88280,0.29636,0.00000,0.60000
1.88290,0.29653,0.00000,0.60000
1.88300,0.29670,0.00000,0.60000
1.88310,0.29687,0.00000,0.60000
1.88320,0.29703,0.00000,0.60000
1.88330,0.29720,0.00000,0.60000
1.88340,0.29737,0.00000,0.60000
1.88350,0.29754,0.00000,0.60000
1.88360,0.29771,0.00000,0.60000
1.88370,0.29787,0.00000,0.60000
1.88380,0.29804,0.00000,0.60000
1.88390,0.29821,0.00000,0.60000
1.88400,0.29838,0.00000,0.60000
1.88410,0.29854,0.00000,0.60000
1.88420,0.29871,0.00000,0.60000
1.88430,0.29888,0.00000,0.60000
1.88440,0.29905,0.00000,0.60000
1.88450,0.29921,0.00000,0.60000
1.88460,0.29938,0.00000,0.60000
1.88470,0.29955,0.00000,0.60000
1.88480,0.29971,0.00000,0.60000
1.88490,0.29988,0.00000,0.60000
1.88500,0.30004,0.00000,0.60000
1.88510,0.30021,0.00000,0.60000
1.88520,0.30038,0.00000,0.60000
1.88530,0.30054,0.00000,0.60000
1.88540,0.30071,0.00000,0.60000
1.88550,0.30087,0.00000,0.60000
1.88560,0.30104,0.00000,0.60000
1.88570,0.30120,0.00000,0.60000
1.88580,0.30137,0.00000,0.60000
1.88590,0.30154,0.00000,0.60000
1.88600,0.30170,0.00000,0.60000
1.88610,0.30187,0.00000,0.60000
1.88620,0.30203,0.00000,0.60000
1.88630,0.30220,0.00000,0.60000
1.88640,0.30236,0.00000,0.60000
1.88650,0.30252,0.00000,0.60000
1.88660,0.30269,0.00000,0.60000
1.88670,0.30285,0.00000,0.60000
1.88680,0.30302,0.00000,0.60000
1.88690,0.30318,0.00000,0.60000
1.88700,0.30334,0.00000,0.60000
1.88710,0.30351,0.00000,0.60000
1.88720,0.30367,0.00000,0.60000
1.88730,0.30384,0.00000,0.60000
1.88740,0.30400,0.00000,0.60000
1.88750,0.30416,0.00000,0.60000
1.88760,0.30433,0.00000,0.60000
1.88770,0.30449,0.00000,0.60000
1.88780,0.30465,0.00000,0.60000
1.88790,0.30481,0.00000,0.60000
1.88800,0.30498,0.00000,0.60000
1.88810,0.30514,0.00000,0.60000
1.88820,0.30530,0.00000,0.60000
1.88830,0.30546,0.00000,0.60000
1.88840,0.30563,0.00000,0.60000
1.88850,0.30579,0.00000,0.60000
1.88860,0.30595,0.00000,0.60000
1.88870,0.30611,0.00000,0.60000
1.88880,0.30627,0.00000,0.60000
1.88890,0.30644,0.00000,0.60000
1.88900,0.30660,0.00000,0.60000
1.88910,0.30676,0.00000,0.60000
1.88920,0.30692,0.00000,0.60000
1.88930,0.30708,0.00000,0.60000
1.88940,0.30724,0.00000,0.60000
1.88950,0.30740,0.00000,0.60000
1.88960,0.30756,0.00000,0.60000
1.88970,0.30772,0.00000,0.60000
1.88980,0.30788,0.00000,0.60000
1.88990,0.30805,0.00000,0.60000
1.89000,0.30821,0.00000,0.60000
1.89010,0.30837,0.00000,0.60000
1.89020,0.30853,0.00000,0.60000
1.89030,0.30869,0.00000,0.60000
1.89040,0.30885,0.00000,0.60000
1.89050,0.30900,0.00000,0.60000
1.89060,0.30916,0.00000,0.60000
1.89070,0.30932,0.00000,0.60000
1.89080,0.30948,0.00000,0.60000
1.89090,0.30964,0.00000,0.60000
1.89100,0.30980,0.00000,0.60000
1.89110,0.30996,0.00000,0.60000
1.89120,0.31012,0.00000,0.60000
1.89130,0.31028,0.00000,0.60000
1.89140,0.31044,0.00000,0.60000
1.89150,0.31059,0.00000,0.60000
1.89160,0.31075,0.00000,0.60000
1.89170,0.31091,0.00000,0.60000
1.89180,0.31107,0.00000,0.60000
1.89190,0.31123,0.00000,0.60000
1.89200,0.31138,0.00000,0.60000
1.89210,0.31154,0.00000,0.60000
1.89220,0.31170,0.00000,0.60000
1.89230,0.31186,0.00000,0.60000
1.89240,0.31201,0.00000,0.60000
1.89250,0.31217,0.00000,0.60000
1.89260,0.31233,0.00000,0.60000
1.89270,0.31249,0.00000,0.60000
1.89280,0.31264,0.00000,0.60000
1.89290,0.31280,0.00000,0.60000
1.89300,0.31296,0.00000,0.60000
1.89310,0.31311,0.00000,0.60000
1.89320,0.31327,0.00000,0.60000
1.89330,0.31343,0.00000,0.60000
1.89340,0.31358,0.00000,0.60000
1.89350,0.31374,0.00000,0.60000
1.89360,0.31389,0.00000,0.60000
1.89370,0.31405,0.00000,0.60000
1.89380,0.31420,0.00000,0.60000
1.89390,0.31436,0.00000,0.60000
1.89400,0.31452,0.00000,0.60000
1.89410,0.31467,0.00000,0.60000
1.89420,0.31483,0.00000,0.60000
1.89430,0.31498,0.00000,0.60000
1.89440,0.31514,0.00000,0.60000
1.89450,0.31529,0.00000,0.60000
1.89460,0.31544,0.00000,0.60000
1.89470,0.31560,0.00000,0.60000
1.89480,0.31575,0.00000,0.60000
1.89490,0.31591,0.00000,0.60000
1.89500,0.31606,0.00000,0.60000
1.89510,0.31622,0.00000,0.60000
1.89520,0.31637,0.00000,0.60000
1.89530,0.31652,0.00000,0.60000
1.89540,0.31668,0.00000,0.60000
1.89550,0.31683,0.00000,0.60000
1.89560,0.31698,0.00000,0.60000
1.89570,0.31714,0.00000,0.60000
1.89580,0.31729,0.00000,0.60000
1.89590,0.31744,0.00000,0.60000
1.89600,0.31760,0.00000,0.60000
1.89610,0.31775,0.00000,0.60000
1.89620,0.31790,0.00000,0.60000
1.89630,0.31805,0.00000,0.60000
1.89640,0.31821,0.00000,0.60000
1.89650,0.31836,0.00000,0.60000
1.89660,0.31851,0.00000,0.60000
1.89670,0.31866,0.00000,0.60000
1.89680,0.31881,0.00000,0.60000
1.89690,0.31897,0.00000,0.60000
1.89700,0.31912,0.00000,0.60000
1.89710,0.31927,0.00000,0.60000
1.89720,0.31942,0.00000,0.60000
1.89730,0.31957,0.00000,0.60000
1.89740,0.31972,0.00000,0.60000
1.89750,0.31987,0.00000,0.60000
1.89760,0.32002,0.00000,0.60000
1.89770,0.32018,0.00000,0.60000
1.89780,0.32033,0.00000,0.60000
1.89790,0.32048,0.00000,0.60000
1.89800,0.32063,0.00000,0.60000
1.89810,0.32078,0.00000,0.60000
1.89820,0.32093,0.00000,0.60000
1.89830,0.32108,0.00000,0.60000
1.89840,0.32123,0.00000,0.60000
1.89850,0.32138,0.00000,0.60000
1.89860,0.32153,0.00000,0.60000
1.89870,0.32168,0.00000,0.60000
1.89880,0.32182,0.00000,0.60000
1.89890,0.32197,0.00000,0.60000
1.89900,0.32212,0.00000,0.60000
1.89910,0.32227,0.00000,0.60000
1.89920,0.32242,0.00000,0.60000
1.89930,0.32257,0.00000,0.60000
1.89940,0.32272,0.00000,0.60000
1.89950,0.32287,0.00000,0.60000
1.89960,0.32301,0.00000,0.60000
1.89970,0.32316,0.00000,0.60000
1.89980,0.32331,0.00000,0.60000
1.89990,0.32346,0.00000,0.60000
1.90000,0.32361,0.00000,0.60000
1.90010,0.32375,0.00000,0.60000
1.90020,0.32390,0.00000,0.60000
1.90030,0.32405,0.00000,0.60000
1.90040,0.32420,0.00000,0.60000
1.90050,0.32434,0.00000,0.60000
1.90060,0.32449,0.00000,0.60000
1.90070,0.32464,0.00000,0.60000
1.90080,0.32478,0.00000,0.60000
1.90090,0.32493,0.00000,0.60000
1.90100,0.32508,0.00000,0.60000
1.90110,0.32522,0.00000,0.60000
1.90120,0.32537,0.00000,0.60000
1.90130,0.32552,0.00000,0.60000
1.90140,0.32566,0.00000,0.60000
1.90150,0.32581,0.00000,0.60000
1.90160,0.32595,0.00000,0.60000
1.90170,0.32610,0.00000,0.60000
1.90180,0.32625,0.00000,0.60000
1.90190,0.32639,0.00000,0.60000
1.90200,0.32654,0.00000,0.60000
1.90210,0.32668,0.00000,0.60000
1.90220,0.32683,0.00000,0.60000
1.90230,0.32697,0.00000,0.60000
1.90240,0.32712,0.00000,0.60000
1.90250,0.32726,0.00000,0.60000
1.90260,0.32740,0.00000,0.60000
1.90270,0.32755,0.00000,0.60000
1.90280,0.32769,0.00000,0.60000
1.90290,0.32784,0.00000,0.60000
1.90300,0.32798,0.00000,0.60000
1.90310,0.32812,0.00000,0.60000
1.90320,0.32827,0.00000,0.60000
1.90330,0.32841,0.00000,0.60000
1.90340,0.32856,0.00000,0.60000
1.90350,0.32870,0.00000,0.60000
1.90360,0.32884,0.00000,0.60000
1.90370,0.32898,0.00000,0.60000
1.90380,0.32913,0.00000,0.60000
1.90390,0.32927,0.00000,0.60000
1.90400,0.32941,0.00000,0.60000
1.90410,0.32956,0.00000,0.60000
1.90420,0.32970,0.00000,0.60000
1.90430,0.32984,0.00000,0.60000
1.90440,0.32998,0.00000,0.60000
1.90450,0.33012,0.00000,0.60000
1.90460,0.33027,0.00000,0.60000
1.90470,0.33041,0.00000,0.60000
1.90480,0.33055,0.00000,0.60000
1.90490,0.33069,0.00000,0.60000
1.90500,0.33083,0.00000,0.60000
1.90510,0.33097,0.00000,0.60000
1.90520,0.33111,0.00000,0.60000
1.90530,0.33126,0.00000,0.60000
1.90540,0.33140,0.00000,0.60000
1.90550,0.33154,0.00000,0.60000
1.90560,0.33168,0.00000,0.60000
1.90570,0.33182,0.00000,0.60000
1.90580,0.33196,0.00000,0.60000
1.90590,0.33210,0.00000,0.60000
1.90600,0.33224,0.00000,0.60000
1.90610,0.33238,0.00000,0.60000
1.90620,0.33252,0.00000,0.60000
1.90630,0.33266,0.00000,0.60000
1.90640,0.33280,0.00000,0.60000
1.90650,0.33294,0.00000,0.60000
1.90660,0.33308,0.00000,0.60000
1.90670,0.33321,0.00000,0.60000
1.90680,0.33335,0.00000,0.60000
1.90690,0.33349,0.00000,0.60000
1.90700,0.33363,0.00000,0.60000
1.90710,0.33377,0.00000,0.60000
1.90720,0.33391,0.00000,0.60000
1.90730,0.33405,0.00000,0.60000
1.90740,0.33418,0.00000,0.60000
1.90750,0.33432,0.00000,0.60000
1.90760,0.33446,0.00000,0.60000
1.90770,0.33460,0.00000,0.60000
1.90780,0.33474,0.00000,0.60000
1.90790,0.33487,0.00000,0.60000
1.90800,0.33501,0.00000,0.60000
1.90810,0.33515,0.00000,0.60000
1.90820,0.33529,0.00000,0.60000
1.90830,0.33542,0.00000,0.60000
1.90840,0.33556,0.00000,0.60000
1.90850,0.33570,0.00000,0.60000
1.90860,0.33583,0.00000,0.60000
1.90870,0.33597,0.00000,0.60000
1.90880,0.33611,0.00000,0.60000
1.90890,0.33624,0.00000,0.60000
1.90900,0.33638,0.00000,0.60000
1.90910,0.33651,0.00000,0.60000
1.90920,0.33665,0.00000,0.60000
1.90930,0.33679,0.00000,0.60000
1.90940,0.33692,0.00000,0.60000
1.90950,0.33706,0.00000,0.60000
1.90960,0.33719,0.00000,0.60000
1.90970,0.33733,0.00000,0.60000
1.90980,0.33746,0.00000,0.60000
1.90990,0.33760,0.00000,0.60000
1.91000,0.33773,0.00000,0.60000
1.91010,0.33787,0.00000,0.60000
1.91020,0.33800,0.00000,0.60000
1.91030,0.33813,0.00000,0.60000
1.91040,0.33827,0.00000,0.60000
1.91050,0.33840,0.00000,0.60000
1.91060,0.33854,0.00000,0.60000
1.91070,0.33867,0.00000,0.60000
1.91080,0.33880,0.00000,0.60000
1.91090,0.33894,0.00000,0.60000
1.91100,0.33907,0.00000,0.60000
1.91110,0.33920,0.00000,0.60000
1.91120,0.33934,0.00000,0.60000
1.91130,0.33947,0.00000,0.60000
1.91140,0.33960,0.00000,0.60000
1.91150,0.33974,0.00000,0.60000
1.91160,0.33987,0.00000,0.60000
1.91170,0.34000,0.00000,0.60000
1.91180,0.34013,0.00000,0.60000
1.91190,0.34027,0.00000,0.60000
1.91200,0.34040,0.00000,0.60000
1.91210,0.34053,0.00000,0.60000
1.91220,0.34066,0.00000,0.60000
1.91230,0.34079,0.00000,0.60000
1.91240,0.34092,0.00000,0.60000
1.91250,0.34106,0.00000,0.60000
1.91260,0.34119,0.00000,0.60000
1.91270,0.34132,0.00000,0.60000
1.91280,0.34145,0.00000,0.60000
1.91290,0.34158,0.00000,0.60000
1.91300,0.34171,0.00000,0.60000
1.91310,0.34184,0.00000,0.60000
1.91320,0.34197,0.00000,0.60000
1.91330,0.34210,0.00000,0.60000
1.91340,0.34223,0.00000,0.60000
1.91350,0.34236,0.00000,0.60000
1.91360,0.34249,0.00000,0.60000
1.91370,0.34262,0.00000,0.60000
1.91380,0.34275,0.00000,0.60000
1.91390,0.34288,0.00000,0.60000
1.91400,0.34301,0.00000,0.60000
1.91410,0.34314,0.00000,0.60000
1.91420,0.34327,0.00000,0.60000
1.91430,0.34340,0.00000,0.60000
1.91440,0.34353,0.00000,0.60000
1.91450,0.34366,0.00000,0.60000
1.91460,0.34378,0.00000,0.60000
1.91470,0.34391,0.00000,0.60000
1.91480,0.34404,0.00000,0.60000
1.91490,0.34417,0.00000,0.60000
1.91500,0.34430,0.00000,0.60000
1.91510,0.34442,0.00000,0.60000
1.91520,0.34455,0.00000,0.60000
1.91530,0.34468,0.00000,0.60000
1.91540,0.34481,0.00000,0.60000
1.91550,0.34493,0.00000,0.60000
1.91560,0.34506,0.00000,0.60000
1.91570,0.34519,0.00000,0.60000
1.91580,0.34532,0.00000,0.60000
1.91590,0.34544,0.00000,0.60000
1.91600,0.34557,0.00000,0.60000
1.91610,0.34570,0.00000,0.60000
1.91620,0.34582,0.00000,0.60000
1.91630,0.34595,0.00000,0.60000
1.91640,0.34607,0.00000,0.60000
1.91650,0.34620,0.00000,0.60000
1.91660,0.34633,0.00000,0.60000
1.91670,0.34645,0.00000,0.60000
1.91680,0.34658,0.00000,0.60000
1.91690,0.34670,0.00000,0.60000
1.91700,0.34683,0.00000,0.60000
1.91710,0.34695,0.00000,0.60000
1.91720,0.34708,0.00000,0.60000
1.91730,0.34720,0.00000,0.60000
1.91740,0.34733,0.00000,0.60000
1.91750,0.34745,0.00000,0.60000
1.91760,0.34758,0.00000,0.60000
1.91770,0.34770,0.00000,0.60000
1.91780,0.34783,0.00000,0.60000
1.91790,0.34795,0.00000,0.60000
1.91800,0.34807,0.00000,0.60000
1.91810,0.34820,0.00000,0.60000
1.91820,0.34832,0.00000,0.60000
1.91830,0.34844,0.00000,0.60000
1.91840,0.34857,0.00000,0.60000
1.91850,0.34869,0.00000,0.60000
1.91860,0.34881,0.00000,0.60000
1.91870,0.34894,0.00000,0.60000
1.91880,0.34906,0.00000,0.60000
1.91890,0.34918,0.00000,0.60000
1.91900,0.34930,0.00000,0.60000
1.91910,0.34943,0.00000,0.60000
1.91920,0.34955,0.00000,0.60000
1.91930,0.34967,0.00000,0.60000
1.91940,0.34979,0.00000,0.60000
1.91950,0.34992,0.00000,0.60000
1.91960,0.35004,0.00000,0.60000
1.91970,0.35016,0.00000,0.60000
1.91980,0.35028,0.00000,0.60000
1.91990,0.35040,0.00000,0.60000
1.92000,0.35052,0.00000,0.60000
1.92010,0.35064,0.00000,0.60000
1.92020,0.35076,0.00000,0.60000
1.92030,0.35089,0.00000,0.60000
1.92040,0.35101,0.00000,0.60000
1.92050,0.35113,0.00000,0.60000
1.92060,0.35125,0.00000,0.60000
1.92070,0.35137,0.00000,0.60000
1.92080,0.35149,0.00000,0.60000
1.92090,0.35161,0.00000,0.60000
1.92100,0.35173,0.00000,0.60000
1.92110,0.35185,0.00000,0.60000
1.92120,0.35197,0.00000,0.60000
1.92130,0.35208,0.00000,0.60000
1.92140,0.35220,0.00000,0.60000
1.92150,0.35232,0.00000,0.60000
1.92160,0.35244,0.00000,0.60000
1.92170,0.35256,0.00000,0.60000
1.92180,0.35268,0.00000,0.60000
1.92190,0.35280,0.00000,0.60000
1.92200,0.35292,0.00000,0.60000
1.92210,0.35303,0.00000,0.60000
1.92220,0.35315,0.00000,0.60000
1.92230,0.35327,0.00000,0.60000
1.92240,0.35339,0.00000,0.60000
1.92250,0.35351,0.00000,0.60000
1.92260,0.35362,0.00000,0.60000
1.92270,0.35374,0.00000,0.60000
1.92280,0.35386,0.00000,0.60000
1.92290,0.35398,0.00000,0.60000
1.92300,0.35409,0.00000,0.60000
1.92310,0.35421,0.00000,0.60000
1.92320,0.35433,0.00000,0.60000
1.92330,0.35444,0.00000,0.60000
1.92340,0.35456,0.00000,0.60000
1.92350,0.35468,0.00000,0.60000
1.92360,0.35479,0.00000,0.60000
1.92370,0.35491,0.00000,0.60000
1.92380,0.35502,0.00000,0.60000
1.92390,0.35514,0.00000,0.60000
1.92400,0.35525,0.00000,0.60000
1.92410,0.35537,0.00000,0.60000
1.92420,0.35549,0.00000,0.60000
1.92430,0.35560,0.00000,0.60000
1.92440,0.35572,0.00000,0.60000
1.92450,0.35583,0.00000,0.60000
1.92460,0.35595,0.00000,0.60000
1.92470,0.35606,0.00000,0.60000
1.92480,0.35617,0.00000,0.60000
1.92490,0.35629,0.00000,0.60000
1.92500,0.35640,0.00000,0.60000
1.92510,0.35652,0.00000,0.60000
1.92520,0.35663,0.00000,0.60000
1.92530,0.35674,0.00000,0.60000
1.92540,0.35686,0.00000,0.60000
1.92550,0.35697,0.00000,0.60000
1.92560,0.35708,0.00000,0.60000
1.92570,0.35720,0.00000,0.60000
1.92580,0.35731,0.00000,0.60000
1.92590,0.35742,0.00000,0.60000
1.92600,0.35754,0.00000,0.60000
1.92610,0.35765,0.00000,0.60000
1.92620,0.35776,0.00000,0.60000
1.92630,0.35787,0.00000,0.60000
1.92640,0.35799,0.00000,0.60000
1.92650,0.35810,0.00000,0.60000
1.92660,0.35821,0.00000,0.60000
1.92670,0.35832,0.00000,0.60000
1.92680,0.35843,0.00000,0.60000
1.92690,0.35855,0.00000,0.60000
1.92700,0.35866,0.00000,0.60000
1.92710,0.35877,0.00000,0.60000
1.92720,0.35888,0.00000,0.60000
1.92730,0.35899,0.00000,0.60000
1.92740,0.35910,0.00000,0.60000
1.92750,0.35921,0.00000,0.60000
1.92760,0.35932,0.00000,0.60000
1.92770,0.35943,0.00000,0.60000
1.92780,0.35954,0.00000,0.60000
1.92790,0.35965,0.00000,0.60000
1.92800,0.35976,0.00000,0.60000
1.92810,0.35987,0.00000,0.60000
1.92820,0.35998,0.00000,0.60000
1.92830,0.36009,0.00000,0.60000
1.92840,0.36020,0.00000,0.60000
1.92850,0.36031,0.00000,0.60000
1.92860,0.36042,0.00000,0.60000
1.92870,0.36053,0.00000,0.60000
1.92880,0.36064,0.00000,0.60000
1.92890,0.36075,0.00000,0.60000
1.92900,0.36085,0.00000,0.60000
1.92910,0.36096,0.00000,0.60000
1.92920,0.36107,0.00000,0.60000
1.92930,0.36118,0.00000,0.60000
1.92940,0.36129,0.00000,0.60000
1.92950,0.36139,0.00000,0.60000
1.92960,0.36150,0.00000,0.60000
1.92970,0.36161,0.00000,0.60000
1.92980,0.36172,0.00000,0.60000
1.92990,0.36182,0.00000,0.60000
1.93000,0.36193,0.00000,0.60000
1.93010,0.36204,0.00000,0.60000
1.93020,0.36214,0.00000,0.60000
1.93030,0.36225,0.00000,0.60000
1.93040,0.36236,0.00000,0.60000
1.93050,0.36246,0.00000,0.60000
1.93060,0.36257,0.00000,0.60000
1.93070,0.36268,0.00000,0.60000
1.93080,0.36278,0.00000,0.60000
1.93090,0.36289,0.00000,0.60000
1.93100,0.36299,0.00000,0.60000
1.93110,0.36310,0.00000,0.60000
1.93120,0.36320,0.00000,0.60000
1.93130,0.36331,0.00000,0.60000
1.93140,0.36341,0.00000,0.60000
1.93150,0.36352,0.00000,0.60000
1.93160,0.36362,0.00000,0.60000
1.93170,0.36373,0.00000,0.60000
1.93180,0.36383,0.00000,0.60000
1.93190,0.36394,0.00000,0.60000
1.93200,0.36404,0.00000,0.60000
1.93210,0.36415,0.00000,0.60000
1.93220,0.36425,0.00000,0.60000
1.93230,0.36435,0.00000,0.60000
1.93240,0.36446,0.00000,0.60000
1.93250,0.36456,0.00000,0.60000
1.93260,0.36466,0.00000,0.60000
1.93270,0.36477,0.00000,0.60000
1.93280,0.36487,0.00000,0.60000
1.93290,0.36497,0.00000,0.60000
1.93300,0.36508,0.00000,0.60000
1.93310,0.36518,0.00000,0.60000
1.93320,0.36528,0.00000,0.60000
1.93330,0.36538,0.00000,0.60000
1.93340,0.36549,0.00000,0.60000
1.93350,0.36559,0.00000,0.60000
1.93360,0.36569,0.00000,0.60000
1.93370,0.36579,0.00000,0.60000
1.93380,0.36589,0.00000,0.60000
1.93390,0.36600,0.00000,0.60000
1.93400,0.36610,0.00000,0.60000
1.93410,0.36620,0.00000,0.60000
1.93420,0.36630,0.00000,0.60000
1.93430,0.36640,0.00000,0.60000
1.93440,0.36650,0.00000,0.60000
1.93450,0.36660,0.00000,0.60000
1.93460,0.36670,0.00000,0.60000
1.93470,0.36680,0.00000,0.60000
1.93480,0.36690,0.00000,0.60000
1.93490,0.36700,0.00000,0.60000
1.93500,0.36710,0.00000,0.60000
1.93510,0.36720,0.00000,0.60000
1.93520,0.36730,0.00000,0.60000
1.93530,0.36740,0.00000,0.60000
1.93540,0.36750,0.00000,0.60000
1.93550,0.36760,0.00000,0.60000
1.93560,0.36770,0.00000,0.60000
1.93570,0.36780,0.00000,0.60000
1.93580,0.36790,0.00000,0.60000
1.93590,0.36799,0.00000,0.60000
1.93600,0.36809,0.00000,0.60000
1.93610,0.36819,0.00000,0.60000
1.93620,0.36829,0.00000,0.60000
1.93630,0.36839,0.00000,0.60000
1.93640,0.36849,0.00000,0.60000
1.93650,0.36858,0.00000,0.60000
1.93660,0.36868,0.00000,0.60000
1.93670,0.36878,0.00000,0.60000
1.93680,0.36887,0.00000,0.60000
1.93690,0.36897,0.00000,0.60000
1.93700,0.36907,0.00000,0.60000
1.93710,0.36917,0.00000,0.60000
1.93720,0.36926,0.00000,0.60000
1.93730,0.36936,0.00000,0.60000
1.93740,0.36946,0.00000,0.60000
1.93750,0.36955,0.00000,0.60000
1.93760,0.36965,0.00000,0.60000
1.93770,0.36974,0.00000,0.60000
1.93780,0.36984,0.00000,0.60000
1.93790,0.36994,0.00000,0.60000
1.93800,0.37003,0.00000,0.60000
1.93810,0.37013,0.00000,0.60000
1.93820,0.37022,0.00000,0.60000
1.93830,0.37032,0.00000,0.60000
1.93840,0.37041,0.00000,0.60000
1.93850,0.37051,0.00000,0.60000
1.93860,0.37060,0.00000,0.60000
1.93870,0.37070,0.00000,0.60000
1.93880,0.37079,0.00000,0.60000
1.93890,0.37088,0.00000,0.60000
1.93900,0.37098,0.00000,0.60000
1.93910,0.37107,0.00000,0.60000
1.93920,0.37117,0.00000,0.60000
1.93930,0.37126,0.00000,0.60000
1.93940,0.37135,0.00000,0.60000
1.93950,0.37145,0.00000,0.60000
1.93960,0.37154,0.00000,0.60000
1.93970,0.37163,0.00000,0.60000
1.93980,0.37173,0.00000,0.60000
1.93990,0.37182,0.00000,0.60000
1.94000,0.37191,0.00000,0.60000
1.94010,0.37200,0.00000,0.60000
1.94020,0.37210,0.00000,0.60000
1.94030,0.37219,0.00000,0.60000
1.94040,0.37228,0.00000,0.60000
1.94050,0.37237,0.00000,0.60000
1.94060,0.37246,0.00000,0.60000
1.94070,0.37255,0.00000,0.60000
1.94080,0.37265,0.00000,0.60000
1.94090,0.37274,0.00000,0.60000
1.94100,0.37283,0.00000,0.60000
1.94110,0.37292,0.00000,0.60000
1.94120,0.37301,0.00000,0.60000
1.94130,0.37310,0.00000,0.60000
1.94140,0.37319,0.00000,0.60000
1.94150,0.37328,0.00000,0.60000
1.94160,0.37337,0.00000,0.60000
1.94170,0.37346,0.00000,0.60000
1.94180,0.37355,0.00000,0.60000
1.94190,0.37364,0.00000,0.60000
1.94200,0.37373,0.00000,0.60000
1.94210,0.37382,0.00000,0.60000
1.94220,0.37391,0.00000,0.60000
1.94230,0.37400,0.00000,0.60000
1.94240,0.37409,0.00000,0.60000
1.94250,0.37418,0.00000,0.60000
1.94260,0.37427,0.00000,0.60000
1.94270,0.37435,0.00000,0.60000
1.94280,0.37444,0.00000,0.60000
1.94290,0.37453,0.00000,0.60000
1.94300,0.37462,0.00000,0.60000
1.94310,0.37471,0.00000,0.60000
1.94320,0.37480,0.00000,0.60000
1.94330,0.37488,0.00000,0.60000
1.94340,0.37497,0.00000,0.60000
1.94350,0.37506,0.00000,0.60000
1.94360,0.37515,0.00000,0.60000
1.94370,0.37523,0.00000,0.60000
1.94380,0.37532,0.00000,0.60000
1.94390,0.37541,0.00000,0.60000
1.94400,0.37549,0.00000,0.60000
1.94410,0.37558,0.00000,0.60000
1.94420,0.37567,0.00000,0.60000
1.94430,0.37575,0.00000,0.60000
1.94440,0.37584,0.00000,0.60000
1.94450,0.37592,0.00000,0.60000
1.94460,0.37601,0.00000,0.60000
1.94470,0.37610,0.00000,0.60000
1.94480,0.37618,0.00000,0.60000
1.94490,0.37627,0.00000,0.60000
1.94500,0.37635,0.00000,0.60000
1.94510,0.37644,0.00000,0.60000
1.94520,0.37652,0.00000,0.60000
1.94530,0.37661,0.00000,0.60000
1.94540,0.37669,0.00000,0.60000
1.94550,0.37678,0.00000,0.60000
1.94560,0.37686,0.00000,0.60000
1.94570,0.37694,0.00000,0.60000
1.94580,0.37703,0.00000,0.60000
1.94590,0.37711,0.00000,0.60000
1.94600,0.37720,0.00000,0.60000
1.94610,0.37728,0.00000,0.60000
1.94620,0.37736,0.00000,0.60000
1.94630,0.37745,0.00000,0.60000
1.94640,0.37753,0.00000,0.60000
1.94650,0.37761,0.00000,0.60000
1.94660,0.37770,0.00000,0.60000
1.94670,0.37778,0.00000,0.60000
1.94680,0.37786,0.00000,0.60000
1.94690,0.37794,0.00000,0.60000
1.94700,0.37803,0.00000,0.60000
1.94710,0.37811,0.00000,0.60000
1.94720,0.37819,0.00000,0.60000
1.94730,0.37827,0.00000,0.60000
1.94740,0.37835,0.00000,0.60000
1.94750,0.37843,0.00000,0.60000
1.94760,0.37852,0.00000,0.60000
1.94770,0.37860,0.00000,0.60000
1.94780,0.37868,0.00000,0.60000
1.94790,0.37876,0.00000,0.60000
1.94800,0.37884,0.00000,0.60000
1.94810,0.37892,0.00000,0.60000
1.94820,0.37900,0.00000,0.60000
1.94830,0.37908,0.00000,0.60000
1.94840,0.37916,0.00000,0.60000
1.94850,0.37924,0.00000,0.60000
1.94860,0.37932,0.00000,0.60000
1.94870,0.37940,0.00000,0.60000
1.94880,0.37948,0.00000,0.60000
1.94890,0.37956,0.00000,0.60000
1.94900,0.37964,0.00000,0.60000
1.94910,0.37972,0.00000,0.60000
1.94920,0.37980,0.00000,0.60000
1.94930,0.37988,0.00000,0.60000
1.94940,0.37995,0.00000,0.60000
1.94950,0.38003,0.00000,0.60000
1.94960,0.38011,0.00000,0.60000
1.94970,0.38019,0.00000,0.60000
1.94980,0.38027,0.00000,0.60000
1.94990,0.38034,0.00000,0.60000
1.95000,0.38042,0.00000,0.60000
1.95010,0.38050,0.00000,0.60000
1.95020,0.38058,0.00000,0.60000
1.95030,0.38065,0.00000,0.60000
1.95040,0.38073,0.00000,0.60000
1.95050,0.38081,0.00000,0.60000
1.95060,0.38089,0.00000,0.60000
1.95070,0.38096,0.00000,0.60000
1.95080,0.38104,0.00000,0.60000
1.95090,0.38112,0.00000,0.60000
1.95100,0.38119,0.00000,0.60000
1.95110,0.38127,0.00000,0.60000
1.95120,0.38134,0.00000,0.60000
1.95130,0.38142,0.00000,0.60000
1.95140,0.38150,0.00000,0.60000
1.95150,0.38157,0.00000,0.60000
1.95160,0.38165,0.00000,0.60000
1.95170,0.38172,0.00000,0.60000
1.95180,0.38180,0.00000,0.60000
1.95190,0.38187,0.00000,0.60000
1.95200,0.38195,0.00000,0.60000
1.95210,0.38202,0.00000,0.60000
1.95220,0.38209,0.00000,0.60000
1.95230,0.38217,0.00000,0.60000
1.95240,0.38224,0.00000,0.60000
1.95250,0.38232,0.00000,0.60000
1.95260,0.38239,0.00000,0.60000
1.95270,0.38246,0.00000,0.60000
1.95280,0.38254,0.00000,0.60000
1.95290,0.38261,0.00000,0.60000
1.95300,0.38268,0.00000,0.60000
1.95310,0.38276,0.00000,0.60000
1.95320,0.38283,0.00000,0.60000
1.95330,0.38290,0.00000,0.60000
1.95340,0.38298,0.00000,0.60000
1.95350,0.38305,0.00000,0.60000
1.95360,0.38312,0.00000,0.60000
1.95370,0.38319,0.00000,0.60000
1.95380,0.38327,0.00000,0.60000
1.95390,0.38334,0.00000,0.60000
1.95400,0.38341,0.00000,0.60000
1.95410,0.38348,0.00000,0.60000
1.95420,0.38355,0.00000,0.60000
1.95430,0.38362,0.00000,0.60000
1.95440,0.38369,0.00000,0.60000
1.95450,0.38376,0.00000,0.60000
1.95460,0.38384,0.00000,0.60000
1.95470,0.38391,0.00000,0.60000
1.95480,0.38398,0.00000,0.60000
1.95490,0.38405,0.00000,0.60000
1.95500,0.38412,0.00000,0.60000
1.95510,0.38419,0.00000,0.60000
1.95520,0.38426,0.00000,0.60000
1.95530,0.38433,0.00000,0.60000
1.95540,0.38440,0.00000,0.60000
1.95550,0.38447,0.00000,0.60000
1.95560,0.38454,0.00000,0.60000
1.95570,0.38460,0.00000,0.60000
1.95580,0.38467,0.00000,0.60000
1.95590,0.38474,0.00000,0.60000
1.95600,0.38481,0.00000,0.60000
1.95610,0.38488,0.00000,0.60000
1.95620,0.38495,0.00000,0.60000
1.95630,0.38502,0.00000,0.60000
1.95640,0.38508,0.00000,0.60000
1.95650,0.38515,0.00000,0.60000
1.95660,0.38522,0.00000,0.60000
1.95670,0.38529,0.00000,0.60000
1.95680,0.38536,0.00000,0.60000
1.95690,0.38542,0.00000,0.60000
1.95700,0.38549,0.00000,0.60000
1.95710,0.38556,0.00000,0.60000
1.95720,0.38562,0.00000,0.60000
1.95730,0.38569,0.00000,0.60000
1.95740,0.38576,0.00000,0.60000
1.95750,0.38582,0.00000,0.60000
1.95760,0.38589,0.00000,0.60000
1.95770,0.38596,0.00000,0.60000
1.95780,0.38602,0.00000,0.60000
1.95790,0.38609,0.00000,0.60000
1.95800,0.38615,0.00000,0.60000
1.95810,0.38622,0.00000,0.60000
1.95820,0.38628,0.00000,0.60000
1.95830,0.38635,0.00000,0.60000
1.95840,0.38641,0.00000,0.60000
1.95850,0.38648,0.00000,0.60000
1.95860,0.38654,0.00000,0.60000
1.95870,0.38661,0.00000,0.60000
1.95880,0.38667,0.00000,0.60000
1.95890,0.38674,0.00000,0.60000
1.95900,0.38680,0.00000,0.60000
1.95910,0.38686,0.00000,0.60000
1.95920,0.38693,0.00000,0.60000
1.95930,0.38699,0.00000,0.60000
1.95940,0.38706,0.00000,0.60000
1.95950,0.38712,0.00000,0.60000
1.95960,0.38718,0.00000,0.60000
1.95970,0.38725,0.00000,0.60000
1.95980,0.38731,0.00000,0.60000
1.95990,0.38737,0.00000,0.60000
1.96000,0.38743,0.00000,0.60000
1.96010,0.38750,0.00000,0.60000
1.96020,0.38756,0.00000,0.60000
1.96030,0.38762,0.00000,0.60000
1.96040,0.38768,0.00000,0.60000
1.96050,0.38774,0.00000,0.60000
1.96060,0.38781,0.00000,0.60000
1.96070,0.38787,0.00000,0.60000
1.96080,0.38793,0.00000,0.60000
1.96090,0.38799,0.00000,0.60000
1.96100,0.38805,0.00000,0.60000
1.96110,0.38811,0.00000,0.60000
1.96120,0.38817,0.00000,0.60000
1.96130,0.38823,0.00000,0.60000
1.96140,0.38829,0.00000,0.60000
1.96150,0.38835,0.00000,0.60000
1.96160,0.38841,0.00000,0.60000
1.96170,0.38847,0.00000,0.60000
1.96180,0.38853,0.00000,0.60000
1.96190,0.38859,0.00000,0.60000
1.96200,0.38865,0.00000,0.60000
1.96210,0.38871,0.00000,0.60000
1.96220,0.38877,0.00000,0.60000
1.96230,0.38883,0.00000,0.60000
1.96240,0.38889,0.00000,0.60000
1.96250,0.38895,0.00000,0.60000
1.96260,0.38901,0.00000,0.60000
1.96270,0.38907,0.00000,0.60000
1.96280,0.38912,0.00000,0.60000
1.96290,0.38918,0.00000,0.60000
1.96300,0.38924,0.00000,0.60000
1.96310,0.38930,0.00000,0.60000
1.96320,0.38935,0.00000,0.60000
1.96330,0.38941,0.00000,0.60000
1.96340,0.38947,0.00000,0.60000
1.96350,0.38953,0.00000,0.60000
1.96360,0.38958,0.00000,0.60000
1.96370,0.38964,0.00000,0.60000
1.96380,0.38970,0.00000,0.60000
1.96390,0.38975,0.00000,0.60000
1.96400,0.38981,0.00000,0.60000
1.96410,0.38987,0.00000,0.60000
1.96420,0.38992,0.00000,0.60000
1.96430,0.38998,0.00000,0.60000
1.96440,0.39003,0.00000,0.60000
1.96450,0.39009,0.00000,0.60000
1.96460,0.39015,0.00000,0.60000
1.96470,0.39020,0.00000,0.60000
1.96480,0.39026,0.00000,0.60000
1.96490,0.39031,0.00000,0.60000
1.96500,0.39037,0.00000,0.60000
1.96510,0.39042,0.00000,0.60000
1.96520,0.39048,0.00000,0.60000
1.96530,0.39053,0.00000,0.60000
1.96540,0.39058,0.00000,0.60000
1.96550,0.39064,0.00000,0.60000
1.96560,0.39069,0.00000,0.60000
1.96570,0.39075,0.00000,0.60000
1.96580,0.39080,0.00000,0.60000
1.96590,0.39085,0.00000,0.60000
1.96600,0.39091,0.00000,0.60000
1.96610,0.39096,0.00000,0.60000
1.96620,0.39101,0.00000,0.60000
1.96630,0.39107,0.00000,0.60000
1.96640,0.39112,0.00000,0.60000
1.96650,0.39117,0.00000,0.60000
1.96660,0.39122,0.00000,0.60000
1.96670,0.39128,0.00000,0.60000
1.96680,0.39133,0.00000,0.60000
1.96690,0.39138,0.00000,0.60000
1.96700,0.39143,0.00000,0.60000
1.96710,0.39148,0.00000,0.60000
1.96720,0.39154,0.00000,0.60000
1.96730,0.39159,0.00000,0.60000
1.96740,0.39164,0.00000,0.60000
1.96750,0.39169,0.00000,0.60000
1.96760,0.39174,0.00000,0.60000
1.96770,0.39179,0.00000,0.60000
1.96780,0.39184,0.00000,0.60000
1.96790,0.39189,0.00000,0.60000
1.96800,0.39194,0.00000,0.60000
1.96810,0.39199,0.00000,0.60000
1.96820,0.39204,0.00000,0.60000
1.96830,0.39209,0.00000,0.60000
1.96840,0.39214,0.00000,0.60000
1.96850,0.39219,0.00000,0.60000
1.96860,0.39224,0.00000,0.60000
1.96870,0.39229,0.00000,0.60000
1.96880,0.39234,0.00000,0.60000
1.96890,0.39239,0.00000,0.60000
1.96900,0.39244,0.00000,0.60000
1.96910,0.39248,0.00000,0.60000
1.96920,0.39253,0.00000,0.60000
1.96930,0.39258,0.00000,0.60000
1.96940,0.39263,0.00000,0.60000
1.96950,0.39268,0.00000,0.60000
1.96960,0.39273,0.00000,0.60000
1.96970,0.39277,0.00000,0.60000
1.96980,0.39282,0.00000,0.60000
1.96990,0.39287,0.00000,0.60000
1.97000,0.39291,0.00000,0.60000
1.97010,0.39296,0.00000,0.60000
1.97020,0.39301,0.00000,0.60000
1.97030,0.39306,0.00000,0.60000
1.97040,0.39310,0.00000,0.60000
1.97050,0.39315,0.00000,0.60000
1.97060,0.39319,0.00000,0.60000
1.97070,0.39324,0.00000,0.60000
1.97080,0.39329,0.00000,0.60000
1.97090,0.39333,0.00000,0.60000
1.97100,0.39338,0.00000,0.60000
1.97110,0.39342,0.00000,0.60000
1.97120,0.39347,0.00000,0.60000
1.97130,0.39351,0.00000,0.60000
1.97140,0.39356,0.00000,0.60000
1.97150,0.39360,0.00000,0.60000
1.97160,0.39365,0.00000,0.60000
1.97170,0.39369,0.00000,0.60000
1.97180,0.39374,0.00000,0.60000
1.97190,0.39378,0.00000,0.60000
1.97200,0.39383,0.00000,0.60000
1.97210,0.39387,0.00000,0.60000
1.97220,0.39391,0.00000,0.60000
1.97230,0.39396,0.00000,0.60000
1.97240,0.39400,0.00000,0.60000
1.97250,0.39404,0.00000,0.60000
1.97260,0.39409,0.00000,0.60000
1.97270,0.39413,0.00000,0.60000
1.97280,0.39417,0.00000,0.60000
1.97290,0.39422,0.00000,0.60000
1.97300,0.39426,0.00000,0.60000
1.97310,0.39430,0.00000,0.60000
1.97320,0.39434,0.00000,0.60000
1.97330,0.39438,0.00000,0.60000
1.97340,0.39443,0.00000,0.60000
1.97350,0.39447,0.00000,0.60000
1.97360,0.39451,0.00000,0.60000
1.97370,0.39455,0.00000,0.60000
1.97380,0.39459,0.00000,0.60000
1.97390,0.39463,0.00000,0.60000
1.97400,0.39467,0.00000,0.60000
1.97410,0.39472,0.00000,0.60000
1.97420,0.39476,0.00000,0.60000
1.97430,0.39480,0.00000,0.60000
1.97440,0.39484,0.00000,0.60000
1.97450,0.39488,0.00000,0.60000
1.97460,0.39492,0.00000,0.60000
1.97470,0.39496,0.00000,0.60000
1.97480,0.39500,0.00000,0.60000
1.97490,0.39504,0.00000,0.60000
1.97500,0.39508,0.00000,0.60000
1.97510,0.39511,0.00000,0.60000
1.97520,0.39515,0.00000,0.60000
1.97530,0.39519,0.00000,0.60000
1.97540,0.39523,0.00000,0.60000
1.97550,0.39527,0.00000,0.60000
1.97560,0.39531,0.00000,0.60000
1.97570,0.39535,0.00000,0.60000
1.97580,0.39538,0.00000,0.60000
1.97590,0.39542,0.00000,0.60000
1.97600,0.39546,0.00000,0.60000
1.97610,0.39550,0.00000,0.60000
1.97620,0.39554,0.00000,0.60000
1.97630,0.39557,0.00000,0.60000
1.97640,0.39561,0.00000,0.60000
1.97650,0.39565,0.00000,0.60000
1.97660,0.39568,0.00000,0.60000
1.97670,0.39572,0.00000,0.60000
1.97680,0.39576,0.00000,0.60000
1.97690,0.39579,0.00000,0.60000
1.97700,0.39583,0.00000,0.60000
1.97710,0.39587,0.00000,0.60000
1.97720,0.39590,0.00000,0.60000
1.97730,0.39594,0.00000,0.60000
1.97740,0.39597,0.00000,0.60000
1.97750,0.39601,0.00000,0.60000
1.97760,0.39604,0.00000,0.60000
1.97770,0.39608,0.00000,0.60000
1.97780,0.39611,0.00000,0.60000
1.97790,0.39615,0.00000,0.60000
1.97800,0.39618,0.00000,0.60000
1.97810,0.39622,0.00000,0.60000
1.97820,0.39625,0.00000,0.60000
1.97830,0.39629,0.00000,0.60000
1.97840,0.39632,0.00000,0.60000
1.97850,0.39636,0.00000,0.60000
1.97860,0.39639,0.00000,0.60000
1.97870,0.39642,0.00000,0.60000
1.97880,0.39646,0.00000,0.60000
1.97890,0.39649,0.00000,0.60000
1.97900,0.39652,0.00000,0.60000
1.97910,0.39656,0.00000,0.60000
1.97920,0.39659,0.00000,0.60000
1.97930,0.39662,0.00000,0.60000
1.97940,0.39665,0.00000,0.60000
1.97950,0.39669,0.00000,0.60000
1.97960,0.39672,0.00000,0.60000
1.97970,0.39675,0.00000,0.60000
1.97980,0.39678,0.00000,0.60000
1.97990,0.39681,0.00000,0.60000
1.98000,0.39685,0.00000,0.60000
1.98010,0.39688,0.00000,0.60000
1.98020,0.39691,0.00000,0.60000
1.98030,0.39694,0.00000,0.60000
1.98040,0.39697,0.00000,0.60000
1.98050,0.39700,0.00000,0.60000
1.98060,0.39703,0.00000,0.60000
1.98070,0.39706,0.00000,0.60000
1.98080,0.39709,0.00000,0.60000
1.98090,0.39712,0.00000,0.60000
1.98100,0.39715,0.00000,0.60000
1.98110,0.39718,0.00000,0.60000
1.98120,0.39721,0.00000,0.60000
1.98130,0.39724,0.00000,0.60000
1.98140,0.39727,0.00000,0.60000
1.98150,0.39730,0.00000,0.60000
1.98160,0.39733,0.00000,0.60000
1.98170,0.39736,0.00000,0.60000
1.98180,0.39739,0.00000,0.60000
1.98190,0.39742,0.00000,0.60000
1.98200,0.39744,0.00000,0.60000
1.98210,0.39747,0.00000,0.60000
1.98220,0.39750,0.00000,0.60000
1.98230,0.39753,0.00000,0.60000
1.98240,0.39756,0.00000,0.60000
1.98250,0.39758,0.00000,0.60000
1.98260,0.39761,0.00000,0.60000
1.98270,0.39764,0.00000,0.60000
1.98280,0.39767,0.00000,0.60000
1.98290,0.39769,0.00000,0.60000
1.98300,0.39772,0.00000,0.60000
1.98310,0.39775,0.00000,0.60000
1.98320,0.39777,0.00000,0.60000
1.98330,0.39780,0.00000,0.60000
1.98340,0.39783,0.00000,0.60000
1.98350,0.39785,0.00000,0.60000
1.98360,0.39788,0.00000,0.60000
1.98370,0.39790,0.00000,0.60000
1.98380,0.39793,0.00000,0.60000
1.98390,0.39796,0.00000,0.60000
1.98400,0.39798,0.00000,0.60000
1.98410,0.39801,0.00000,0.60000
1.98420,0.39803,0.00000,0.60000
1.98430,0.39806,0.00000,0.60000
1.98440,0.39808,0.00000,0.60000
1.98450,0.39810,0.00000,0.60000
1.98460,0.39813,0.00000,0.60000
1.98470,0.39815,0.00000,0.60000
1.98480,0.39818,0.00000,0.60000
1.98490,0.39820,0.00000,0.60000
1.98500,0.39822,0.00000,0.60000
1.98510,0.39825,0.00000,0.60000
1.98520,0.39827,0.00000,0.60000
1.98530,0.39830,0.00000,0.60000
1.98540,0.39832,0.00000,0.60000
1.98550,0.39834,0.00000,0.60000
1.98560,0.39836,0.00000,0.60000
1.98570,0.39839,0.00000,0.60000
1.98580,0.39841,0.00000,0.60000
1.98590,0.39843,0.00000,0.60000
1.98600,0.39845,0.00000,0.60000
1.98610,0.39848,0.00000,0.60000
1.98620,0.39850,0.00000,0.60000
1.98630,0.39852,0.00000,0.60000
1.98640,0.39854,0.00000,0.60000
1.98650,0.39856,0.00000,0.60000
1.98660,0.39858,0.00000,0.60000
1.98670,0.39860,0.00000,0.60000
1.98680,0.39863,0.00000,0.60000
1.98690,0.39865,0.00000,0.60000
1.98700,0.39867,0.00000,0.60000
1.98710,0.39869,0.00000,0.60000
1.98720,0.39871,0.00000,0.60000
1.98730,0.39873,0.00000,0.60000
1.98740,0.39875,0.00000,0.60000
1.98750,0.39877,0.00000,0.60000
1.98760,0.39879,0.00000,0.60000
1.98770,0.39881,0.00000,0.60000
1.98780,0.39883,0.00000,0.60000
1.98790,0.39884,0.00000,0.60000
1.98800,0.39886,0.00000,0.60000
1.98810,0.39888,0.00000,0.60000
1.98820,0.39890,0.00000,0.60000
1.98830,0.39892,0.00000,0.60000
1.98840,0.39894,0.00000,0.60000
1.98850,0.39896,0.00000,0.60000
1.98860,0.39897,0.00000,0.60000
1.98870,0.39899,0.00000,0.60000
1.98880,0.39901,0.00000,0.60000
1.98890,0.39903,0.00000,0.60000
1.98900,0.39905,0.00000,0.60000
1.98910,0.39906,0.00000,0.60000
1.98920,0.39908,0.00000,0.60000
1.98930,0.39910,0.00000,0.60000
1.98940,0.39911,0.00000,0.60000
1.98950,0.39913,0.00000,0.60000
1.98960,0.39915,0.00000,0.60000
1.98970,0.39916,0.00000,0.60000
1.98980,0.39918,0.00000,0.60000
1.98990,0.39919,0.00000,0.60000
1.99000,0.39921,0.00000,0.60000
1.99010,0.39923,0.00000,0.60000
1.99020,0.39924,0.00000,0.60000
1.99030,0.39926,0.00000,0.60000
1.99040,0.39927,0.00000,0.60000
1.99050,0.39929,0.00000,0.60000
1.99060,0.39930,0.00000,0.60000
1.99070,0.39932,0.00000,0.60000
1.99080,0.39933,0.00000,0.60000
1.99090,0.39935,0.00000,0.60000
1.99100,0.39936,0.00000,0.60000
1.99110,0.39937,0.00000,0.60000
1.99120,0.39939,0.00000,0.60000
1.99130,0.39940,0.00000,0.60000
1.99140,0.39942,0.00000,0.60000
1.99150,0.39943,0.00000,0.60000
1.99160,0.39944,0.00000,0.60000
1.99170,0.39946,0.00000,0.60000
1.99180,0.39947,0.00000,0.60000
1.99190,0.39948,0.00000,0.60000
1.99200,0.39949,0.00000,0.60000
1.99210,0.39951,0.00000,0.60000
1.99220,0.39952,0.00000,0.60000
1.99230,0.39953,0.00000,0.60000
1.99240,0.39954,0.00000,0.60000
1.99250,0.39956,0.00000,0.60000
1.99260,0.39957,0.00000,0.60000
1.99270,0.39958,0.00000,0.60000
1.99280,0.39959,0.00000,0.60000
1.99290,0.39960,0.00000,0.60000
1.99300,0.39961,0.00000,0.60000
1.99310,0.39962,0.00000,0.60000
1.99320,0.39963,0.00000,0.60000
1.99330,0.39965,0.00000,0.60000
1.99340,0.39966,0.00000,0.60000
1.99350,0.39967,0.00000,0.60000
1.99360,0.39968,0.00000,0.60000
1.99370,0.39969,0.00000,0.60000
1.99380,0.39970,0.00000,0.60000
1.99390,0.39971,0.00000,0.60000
1.99400,0.39972,0.00000,0.60000
1.99410,0.39973,0.00000,0.60000
1.99420,0.39973,0.00000,0.60000
1.99430,0.39974,0.00000,0.60000
1.99440,0.39975,0.00000,0.60000
1.99450,0.39976,0.00000,0.60000
1.99460,0.39977,0.00000,0.60000
1.99470,0.39978,0.00000,0.60000
1.99480,0.39979,0.00000,0.60000
1.99490,0.39979,0.00000,0.60000
1.99500,0.39980,0.00000,0.60000
1.99510,0.39981,0.00000,0.60000
1.99520,0.39982,0.00000,0.60000
1.99530,0.39983,0.00000,0.60000
1.99540,0.39983,0.00000,0.60000
1.99550,0.39984,0.00000,0.60000
1.99560,0.39985,0.00000,0.60000
1.99570,0.39985,0.00000,0.60000
1.99580,0.39986,0.00000,0.60000
1.99590,0.39987,0.00000,0.60000
1.99600,0.39987,0.00000,0.60000
1.99610,0.39988,0.00000,0.60000
1.99620,0.39989,0.00000,0.60000
1.99630,0.39989,0.00000,0.60000
1.99640,0.39990,0.00000,0.60000
1.99650,0.39990,0.00000,0.60000
1.99660,0.39991,0.00000,0.60000
1.99670,0.39991,0.00000,0.60000
1.99680,0.39992,0.00000,0.60000
1.99690,0.39992,0.00000,0.60000
1.99700,0.39993,0.00000,0.60000
1.99710,0.39993,0.00000,0.60000
1.99720,0.39994,0.00000,0.60000
1.99730,0.39994,0.00000,0.60000
1.99740,0.39995,0.00000,0.60000
1.99750,0.39995,0.00000,0.60000
1.99760,0.39995,0.00000,0.60000
1.99770,0.39996,0.00000,0.60000
1.99780,0.39996,0.00000,0.60000
1.99790,0.39997,0.00000,0.60000
1.99800,0.39997,0.00000,0.60000
1.99810,0.39997,0.00000,0.60000
1.99820,0.39997,0.00000,0.60000
1.99830,0.39998,0.00000,0.60000
1.99840,0.39998,0.00000,0.60000
1.99850,0.39998,0.00000,0.60000
1.99860,0.39998,0.00000,0.60000
1.99870,0.39999,0.00000,0.60000
1.99880,0.39999,0.00000,0.60000
1.99890,0.39999,0.00000,0.60000
1.99900,0.39999,0.00000,0.60000
1.99910,0.39999,0.00000,0.60000
1.99920,0.39999,0.00000,0.60000
1.99930,0.40000,0.00000,0.60000
1.99940,0.40000,0.00000,0.60000
1.99950,0.40000,0.00000,0.60000
1.99960,0.40000,0.00000,0.60000
1.99970,0.40000,0.00000,0.60000
1.99980,0.40000,0.00000,0.60000
1.99990,0.40000,0.00000,0.60000
2.00000,0.40000,0.00000,0.60000
2.00010,0.40000,0.00000,0.60000
2.00020,0.40000,0.00000,0.60000
2.00030,0.40000,0.00000,0.60000
2.00040,0.40000,0.00000,0.60000
2.00050,0.40000,0.00000,0.60000
2.00060,0.40000,0.00000,0.60000
2.00070,0.40000,0.00000,0.60000
2.00080,0.39999,0.00000,0.60000
2.00090,0.39999,0.00000,0.60000
2.00100,0.39999,0.00000,0.60000
2.00110,0.39999,0.00000,0.60000
2.00120,0.39999,0.00000,0.60000
2.00130,0.39999,0.00000,0.60000
2.00140,0.39998,0.00000,0.60000
2.00150,0.39998,0.00000,0.60000
2.00160,0.39998,0.00000,0.60000
2.00170,0.39998,0.00000,0.60000
2.00180,0.39997,0.00000,0.60000
2.00190,0.39997,0.00000,0.60000
2.00200,0.39997,0.00000,0.60000
2.00210,0.39997,0.00000,0.60000
2.00220,0.39996,0.00000,0.60000
2.00230,0.39996,0.00000,0.60000
2.00240,0.39995,0.00000,0.60000
2.00250,0.39995,0.00000,0.60000
2.00260,0.39995,0.00000,0.60000
2.00270,0.39994,0.00000,0.60000
2.00280,0.39994,0.00000,0.60000
2.00290,0.39993,0.00000,0.60000
2.00300,0.39993,0.00000,0.60000
2.00310,0.39992,0.00000,0.60000
2.00320,0.39992,0.00000,0.60000
2.00330,0.39991,0.00000,0.60000
2.00340,0.39991,0.00000,0.60000
2.00350,0.39990,0.00000,0.60000
2.00360,0.39990,0.00000,0.60000
2.00370,0.39989,0.00000,0.60000
2.00380,0.39989,0.00000,0.60000
2.00390,0.39988,0.00000,0.60000
2.00400,0.39987,0.00000,0.60000
2.00410,0.39987,0.00000,0.60000
2.00420,0.39986,0.00000,0.60000
2.00430,0.39985,0.00000,0.60000
2.00440,0.39985,0.00000,0.60000
2.00450,0.39984,0.00000,0.60000
2.00460,0.39983,0.00000,0.60000
2.00470,0.39983,0.00000,0.60000
2.00480,0.39982,0.00000,0.60000
2.00490,0.39981,0.00000,0.60000
2.00500,0.39980,0.00000,0.60000
2.00510,0.39979,0.00000,0.60000
2.00520,0.39979,0.00000,0.60000
2.00530,0.39978,0.00000,0.60000
2.00540,0.39977,0.00000,0.60000
2.00550,0.39976,0.00000,0.60000
2.00560,0.39975,0.00000,0.60000
2.00570,0.39974,0.00000,0.60000
2.00580,0.39973,0.00000,0.60000
2.00590,0.39973,0.00000,0.60000
2.00600,0.39972,0.00000,0.60000
2.00610,0.39971,0.00000,0.60000
2.00620,0.39970,0.00000,0.60000
2.00630,0.39969,0.00000,0.60000
2.00640,0.39968,0.00000,0.60000
2.00650,0.39967,0.00000,0.60000
2.00660,0.39966,0.00000,0.60000
2.00670,0.39965,0.00000,0.60000
2.00680,0.39963,0.00000,0.60000
2.00690,0.39962,0.00000,0.60000
2.00700,0.39961,0.00000,0.60000
2.00710,0.39960,0.00000,0.60000
2.00720,0.39959,0.00000,0.60000
2.00730,0.39958,0.00000,0.60000
2.00740,0.39957,0.00000,0.60000
2.00750,0.39956,0.00000,0.60000
2.00760,0.39954,0.00000,0.60000
2.00770,0.39953,0.00000,0.60000
2.00780,0.39952,0.00000,0.60000
2.00790,0.39951,0.00000,0.60000
2.00800,0.39949,0.00000,0.60000
2.00810,0.39948,0.00000,0.60000
2.00820,0.39947,0.00000,0.60000
2.00830,0.39946,0.00000,0.60000
2.00840,0.39944,0.00000,0.60000
2.00850,0.39943,0.00000,0.60000
2.00860,0.39942,0.00000,0.60000
2.00870,0.39940,0.00000,0.60000
2.00880,0.39939,0.00000,0.60000
2.00890,0.39937,0.00000,0.60000
2.00900,0.39936,0.00000,0.60000
2.00910,0.39935,0.00000,0.60000
2.00920,0.39933,0.00000,0.60000
2.00930,0.39932,0.00000,0.60000
2.00940,0.39930,0.00000,0.60000
2.00950,0.39929,0.00000,0.60000
2.00960,0.39927,0.00000,0.60000
2.00970,0.39926,0.00000,0.60000
2.00980,0.39924,0.00000,0.60000
2.00990,0.39923,0.00000,0.60000
2.01000,0.39921,0.00000,0.60000
2.01010,0.39919,0.00000,0.60000
2.01020,0.39918,0.00000,0.60000
2.01030,0.39916,0.00000,0.60000
2.01040,0.39915,0.00000,0.60000
2.01050,0.39913,0.00000,0.60000
2.01060,0.39911,0.00000,0.60000
2.01070,0.39910,0.00000,0.60000
2.01080,0.39908,0.00000,0.60000
2.01090,0.39906,0.00000,0.60000
2.01100,0.39905,0.00000,0.60000
2.01110,0.39903,0.00000,0.60000
2.01120,0.39901,0.00000,0.60000
2.01130,0.39899,0.00000,0.60000
2.01140,0.39897,0.00000,0.60000
2.01150,0.39896,0.00000,0.60000
2.01160,0.39894,0.00000,0.60000
2.01170,0.39892,0.00000,0.60000
2.01180,0.39890,0.00000,0.60000
2.01190,0.39888,0.00000,0.60000
2.01200,0.39886,0.00000,0.60000
2.01210,0.39884,0.00000,0.60000
2.01220,0.39883,0.00000,0.60000
2.01230,0.39881,0.00000,0.60000
2.01240,0.39879,0.00000,0.60000
2.01250,0.39877,0.00000,0.60000
2.01260,0.39875,0.00000,0.60000
2.01270,0.39873,0.00000,0.60000
2.01280,0.39871,0.00000,0.60000
2.01290,0.39869,0.00000,0.60000
2.01300,0.39867,0.00000,0.60000
2.01310,0.39865,0.00000,0.60000
2.01320,0.39863,0.00000,0.60000
2.01330,0.39860,0.00000,0.60000
2.01340,0.39858,0.00000,0.60000
2.01350,0.39856,0.00000,0.60000
2.01360,0.39854,0.00000,0.60000
2.01370,0.39852,0.00000,0.60000
2.01380,0.39850,0.00000,0.60000
2.01390,0.39848,0.00000,0.60000
2.01400,0.39845,0.00000,0.60000
2.01410,0.39843,0.00000,0.60000
2.01420,0.39841,0.00000,0.60000
2.01430,0.39839,0.00000,0.60000
2.01440,0.39836,0.00000,0.60000
2.01450,0.39834,0.00000,0.60000
2.01460,0.39832,0.00000,0.60000
2.01470,0.39830,0.00000,0.60000
2.01480,0.39827,0.00000,0.60000
2.01490,0.39825,0.00000,0.60000
2.01500,0.39822,0.00000,0.60000
2.01510,0.39820,0.00000,0.60000
2.01520,0.39818,0.00000,0.60000
2.01530,0.39815,0.00000,0.60000
2.01540,0.39813,0.00000,0.60000
2.01550,0.39810,0.00000,0.60000
2.01560,0.39808,0.00000,0.60000
2.01570,0.39806,0.00000,0.60000
2.01580,0.39803,0.00000,0.60000
2.01590,0.39801,0.00000,0.60000
2.01600,0.39798,0.00000,0.60000
2.01610,0.39796,0.00000,0.60000
2.01620,0.39793,0.00000,0.60000
2.01630,0.39790,0.00000,0.60000
2.01640,0.39788,0.00000,0.60000
2.01650,0.39785,0.00000,0.60000
2.01660,0.39783,0.00000,0.60000
2.01670,0.39780,0.00000,0.60000
2.01680,0.39777,0.00000,0.60000
2.01690,0.39775,0.00000,0.60000
2.01700,0.39772,0.00000,0.60000
2.01710,0.39769,0.00000,0.60000
2.01720,0.39767,0.00000,0.60000
2.01730,0.39764,0.00000,0.60000
2.01740,0.39761,0.00000,0.60000
2.01750,0.39758,0.00000,0.60000
2.01760,0.39756,0.00000,0.60000
2.01770,0.39753,0.00000,0.60000
2.01780,0.39750,0.00000,0.60000
2.01790,0.39747,0.00000,0.60000
2.01800,0.39744,0.00000,0.60000
2.01810,0.39742,0.00000,0.60000
2.01820,0.39739,0.00000,0.60000
2.01830,0.39736,0.00000,0.60000
2.01840,0.39733,0.00000,0.60000
2.01850,0.39730,0.00000,0.60000
2.01860,0.39727,0.00000,0.60000
2.01870,0.39724,0.00000,0.60000
2.01880,0.39721,0.00000,0.60000
2.01890,0.39718,0.00000,0.60000
2.01900,0.39715,0.00000,0.60000
2.01910,0.39712,0.00000,0.60000
2.01920,0.39709,0.00000,0.60000
2.01930,0.39706,0.00000,0.60000
2.01940,0.39703,0.00000,0.60000
2.01950,0.39700,0.00000,0.60000
2.01960,0.39697,0.00000,0.60000
2.01970,0.39694,0.00000,0.60000
2.01980,0.39691,0.00000,0.60000
2.01990,0.39688,0.00000,0.60000
2.02000,0.39685,0.00000,0.60000
2.02010,0.39681,0.00000,0.60000
2.02020,0.39678,0.00000,0.60000
2.02030,0.39675,0.00000,0.60000
2.02040,0.39672,0.00000,0.60000
2.02050,0.39669,0.00000,0.60000
2.02060,0.39665,0.00000,0.60000
2.02070,0.39662,0.00000,0.60000
2.02080,0.39659,0.00000,0.60000
2.02090,0.39656,0.00000,0.60000
2.02100,0.39652,0.00000,0.60000
2.02110,0.39649,0.00000,0.60000
2.02120,0.39646,0.00000,0.60000
2.02130,0.39642,0.00000,0.60000
2.02140,0.39639,0.00000,0.60000
2.02150,0.39636,0.00000,0.60000
2.02160,0.39632,0.00000,0.60000
2.02170,0.39629,0.00000,0.60000
2.02180,0.39625,0.00000,0.60000
2.02190,0.39622,0.00000,0.60000
2.02200,0.39618,0.00000,0.60000
2.02210,0.39615,0.00000,0.60000
2.02220,0.39611,0.00000,0.60000
2.02230,0.39608,0.00000,0.60000
2.02240,0.39604,0.00000,0.60000
2.02250,0.39601,0.00000,0.60000
2.02260,0.39597,0.00000,0.60000
2.02270,0.39594,0.00000,0.60000
2.02280,0.39590,0.00000,0.60000
2.02290,0.39587,0.00000,0.60000
2.02300,0.39583,0.00000,0.60000
2.02310,0.39579,0.00000,0.60000
2.02320,0.39576,0.00000,0.60000
2.02330,0.39572,0.00000,0.60000
2.02340,0.39568,0.00000,0.60000
2.02350,0.39565,0.00000,0.60000
2.02360,0.39561,0.00000,0.60000
2.02370,0.39557,0.00000,0.60000
2.02380,0.39554,0.00000,0.60000
2.02390,0.39550,0.00000,0.60000
2.02400,0.39546,0.00000,0.60000
2.02410,0.39542,0.00000,0.60000
2.02420,0.39538,0.00000,0.60000
2.02430,0.39535,0.00000,0.60000
2.02440,0.39531,0.00000,0.60000
2.02450,0.39527,0.00000,0.60000
2.02460,0.39523,0.00000,0.60000
2.02470,0.39519,0.00000,0.60000
2.02480,0.39515,0.00000,0.60000
2.02490,0.39511,0.00000,0.60000
2.02500,0.39508,0.00000,0.60000
2.02510,0.39504,0.00000,0.60000
2.02520,0.39500,0.00000,0.60000
2.02530,0.39496,0.00000,0.60000
2.02540,0.39492,0.00000,0.60000
2.02550,0.39488,0.00000,0.60000
2.02560,0.39484,0.00000,0.60000
2.02570,0.39480,0.00000,0.60000
2.02580,0.39476,0.00000,0.60000
2.02590,0.39472,0.00000,0.60000
2.02600,0.39467,0.00000,0.60000
2.02610,0.39463,0.00000,0.60000
2.02620,0.39459,0.00000,0.60000
2.02630,0.39455,0.00000,0.60000
2.02640,0.39451,0.00000,0.60000
2.02650,0.39447,0.00000,0.60000
2.02660,0.39443,0.00000,0.60000
2.02670,0.39438,0.00000,0.60000
2.02680,0.39434,0.00000,0.60000
2.02690,0.39430,0.00000,0.60000
2.02700,0.39426,0.00000,0.60000
2.02710,0.39422,0.00000,0.60000
2.02720,0.39417,0.00000,0.60000
2.02730,0.39413,0.00000,0.60000
2.02740,0.39409,0.00000,0.60000
2.02750,0.39404,0.00000,0.60000
2.02760,0.39400,0.00000,0.60000
2.02770,0.39396,0.00000,0.60000
2.02780,0.39391,0.00000,0.60000
2.02790,0.39387,0.00000,0.60000
2.02800,0.39383,0.00000,0.60000
2.02810,0.39378,0.00000,0.60000
2.02820,0.39374,0.00000,0.60000
2.02830,0.39369,0.00000,0.60000
2.02840,0.39365,0.00000,0.60000
2.02850,0.39360,0.00000,0.60000
2.02860,0.39356,0.00000,0.60000
2.02870,0.39351,0.00000,0.60000
2.02880,0.39347,0.00000,0.60000
2.02890,0.39342,0.00000,0.60000
2.02900,0.39338,0.00000,0.60000
2.02910,0.39333,0.00000,0.60000
2.02920,0.39329,0.00000,0.60000
2.02930,0.39324,0.00000,0.60000
2.02940,0.39319,0.00000,0.60000
2.02950,0.39315,0.00000,0.60000
2.02960,0.39310,0.00000,0.60000
2.02970,0.39306,0.00000,0.60000
2.02980,0.39301,0.00000,0.60000
2.02990,0.39296,0.00000,0.60000
2.03000,0.39291,0.00000,0.60000
2.03010,0.39287,0.00000,0.60000
2.03020,0.39282,0.00000,0.60000
2.03030,0.39277,0.00000,0.60000
2.03040,0.39273,0.00000,0.60000
2.03050,0.39268,0.00000,0.60000
2.03060,0.39263,0.00000,0.60000
2.03070,0.39258,0.00000,0.60000
2.03080,0.39253,0.00000,0.60000
2.03090,0.39248,0.00000,0.60000
2.03100,0.39244,0.00000,0.60000
2.03110,0.39239,0.00000,0.60000
2.03120,0.39234,0.00000,0.60000
2.03130,0.39229,0.00000,0.60000
2.03140,0.39224,0.00000,0.60000
2.03150,0.39219,0.00000,0.60000
2.03160,0.39214,0.00000,0.60000
2.03170,0.39209,0.00000,0.60000
2.03180,0.39204,0.00000,0.60000
2.03190,0.39199,0.00000,0.60000
2.03200,0.39194,0.00000,0.60000
2.03210,0.39189,0.00000,0.60000
2.03220,0.39184,0.00000,0.60000
2.03230,0.39179,0.00000,0.60000
2.03240,0.39174,0.00000,0.60000
2.03250,0.39169,0.00000,0.60000
2.03260,0.39164,0.00000,0.60000
2.03270,0.39159,0.00000,0.60000
2.03280,0.39154,0.00000,0.60000
2.03290,0.39148,0.00000,0.60000
2.03300,0.39143,0.00000,0.60000
2.03310,0.39138,0.00000,0.60000
2.03320,0.39133,0.00000,0.60000
2.03330,0.39128,0.00000,0.60000
2.03340,0.39122,0.00000,0.60000
2.03350,0.39117,0.00000,0.60000
2.03360,0.39112,0.00000,0.60000
2.03370,0.39107,0.00000,0.60000
2.03380,0.39101,0.00000,0.60000
2.03390,0.39096,0.00000,0.60000
2.03400,0.39091,0.00000,0.60000
2.03410,0.39085,0.00000,0.60000
2.03420,0.39080,0.00000,0.60000
2.03430,0.39075,0.00000,0.60000
2.03440,0.39069,0.00000,0.60000
2.03450,0.39064,0.00000,0.60000
2.03460,0.39058,0.00000,0.60000
2.03470,0.39053,0.00000,0.60000
2.03480,0.39048,0.00000,0.60000
2.03490,0.39042,0.00000,0.60000
2.03500,0.39037,0.00000,0.60000
2.03510,0.39031,0.00000,0.60000
2.03520,0.39026,0.00000,0.60000
2.03530,0.39020,0.00000,0.60000
2.03540,0.39015,0.00000,0.60000
2.03550,0.39009,0.00000,0.60000
2.03560,0.39003,0.00000,0.60000
2.03570,0.38998,0.00000,0.60000
2.03580,0.38992,0.00000,0.60000
2.03590,0.38987,0.00000,0.60000
2.03600,0.38981,0.00000,0.60000
2.03610,0.38975,0.00000,0.60000
2.03620,0.38970,0.00000,0.60000
2.03630,0.38964,0.00000,0.60000
2.03640,0.38958,0.00000,0.60000
2.03650,0.38953,0.00000,0.60000
2.03660,0.38947,0.00000,0.60000
2.03670,0.38941,0.00000,0.60000
2.03680,0.38935,0.00000,0.60000
2.03690,0.38930,0.00000,0.60000
2.03700,0.38924,0.00000,0.60000
2.03710,0.38918,0.00000,0.60000
2.03720,0.38912,0.00000,0.60000
2.03730,0.38907,0.00000,0.60000
2.03740,0.38901,0.00000,0.60000
2.03750,0.38895,0.00000,0.60000
2.03760,0.38889,0.00000,0.60000
2.03770,0.38883,0.00000,0.60000
2.03780,0.38877,0.00000,0.60000
2.03790,0.38871,0.00000,0.60000
2.03800,0.38865,0.00000,0.60000
2.03810,0.38859,0.00000,0.60000
2.03820,0.38853,0.00000,0.60000
2.03830,0.38847,0.00000,0.60000
2.03840,0.38841,0.00000,0.60000
2.03850,0.38835,0.00000,0.60000
2.03860,0.38829,0.00000,0.60000
2.03870,0.38823,0.00000,0.60000
2.03880,0.38817,0.00000,0.60000
2.03890,0.38811,0.00000,0.60000
2.03900,0.38805,0.00000,0.60000
2.03910,0.38799,0.00000,0.60000
2.03920,0.38793,0.00000,0.60000
2.03930,0.38787,0.00000,0.60000
2.03940,0.38781,0.00000,0.60000
2.03950,0.38774,0.00000,0.60000
2.03960,0.38768,0.00000,0.60000
2.03970,0.38762,0.00000,0.60000
2.03980,0.38756,0.00000,0.60000
2.03990,0.38750,0.00000,0.60000
2.04000,0.38743,0.00000,0.60000
2.04010,0.38737,0.00000,0.60000
2.04020,0.38731,0.00000,0.60000
2.04030,0.38725,0.00000,0.60000
2.04040,0.38718,0.00000,0.60000
2.04050,0.38712,0.00000,0.60000
2.04060,0.38706,0.00000,0.60000
2.04070,0.38699,0.00000,0.60000
2.04080,0.38693,0.00000,0.60000
2.04090,0.38686,0.00000,0.60000
2.04100,0.38680,0.00000,0.60000
2.04110,0.38674,0.00000,0.60000
2.04120,0.38667,0.00000,0.60000
2.04130,0.38661,0.00000,0.60000
2.04140,0.38654,0.00000,0.60000
2.04150,0.38648,0.00000,0.60000
2.04160,0.38641,0.00000,0.60000
2.04170,0.38635,0.00000,0.60000
2.04180,0.38628,0.00000,0.60000
2.04190,0.38622,0.00000,0.60000
2.04200,0.38615,0.00000,0.60000
2.04210,0.38609,0.00000,0.60000
2.04220,0.38602,0.00000,0.60000
2.04230,0.38596,0.00000,0.60000
2.04240,0.38589,0.00000,0.60000
2.04250,0.38582,0.00000,0.60000
2.04260,0.38576,0.00000,0.60000
2.04270,0.38569,0.00000,0.60000
2.04280,0.38562,0.00000,0.60000
2.04290,0.38556,0.00000,0.60000
2.04300,0.38549,0.00000,0.60000
2.04310,0.38542,0.00000,0.60000
2.04320,0.38536,0.00000,0.60000
2.04330,0.38529,0.00000,0.60000
2.04340,0.38522,0.00000,0.60000
2.04350,0.38515,0.00000,0.60000
2.04360,0.38508,0.00000,0.60000
2.04370,0.38502,0.00000,0.60000
2.04380,0.38495,0.00000,0.60000
2.04390,0.38488,0.00000,0.60000
2.04400,0.38481,0.00000,0.60000
2.04410,0.38474,0.00000,0.60000
2.04420,0.38467,0.00000,0.60000
2.04430,0.38460,0.00000,0.60000
2.04440,0.38454,0.00000,0.60000
2.04450,0.38447,0.00000,0.60000
2.04460,0.38440,0.00000,0.60000
2.04470,0.38433,0.00000,0.60000
2.04480,0.38426,0.00000,0.60000
2.04490,0.38419,0.00000,0.60000
2.04500,0.38412,0.00000,0.60000
2.04510,0.38405,0.00000,0.60000
2.04520,0.38398,0.00000,0.60000
2.04530,0.38391,0.00000,0.60000
2.04540,0.38384,0.00000,0.60000
2.04550,0.38376,0.00000,0.60000
2.04560,0.38369,0.00000,0.60000
2.04570,0.38362,0.00000,0.60000
2.04580,0.38355,0.00000,0.60000
2.04590,0.38348,0.00000,0.60000
2.04600,0.38341,0.00000,0.60000
2.04610,0.38334,0.00000,0.60000
2.04620,0.38327,0.00000,0.60000
2.04630,0.38319,0.00000,0.60000
2.04640,0.38312,0.00000,0.60000
2.04650,0.38305,0.00000,0.60000
2.04660,0.38298,0.00000,0.60000
2.04670,0.38290,0.00000,0.60000
2.04680,0.38283,0.00000,0.60000
2.04690,0.38276,0.00000,0.60000
2.04700,0.38268,0.00000,0.60000
2.04710,0.38261,0.00000,0.60000
2.04720,0.38254,0.00000,0.60000
2.04730,0.38246,0.00000,0.60000
2.04740,0.38239,0.00000,0.60000
2.04750,0.38232,0.00000,0.60000
2.04760,0.38224,0.00000,0.60000
2.04770,0.38217,0.00000,0.60000
2.04780,0.38209,0.00000,0.60000
2.04790,0.38202,0.00000,0.60000
2.04800,0.38195,0.00000,0.60000
2.04810,0.38187,0.00000,0.60000
2.04820,0.38180,0.00000,0.60000
2.04830,0.38172,0.00000,0.60000
2.04840,0.38165,0.00000,0.60000
2.04850,0.38157,0.00000,0.60000
2.04860,0.38150,0.00000,0.60000
2.04870,0.38142,0.00000,0.60000
2.04880,0.38134,0.00000,0.60000
2.04890,0.38127,0.00000,0.60000
2.04900,0.38119,0.00000,0.60000
2.04910,0.38112,0.00000,0.60000
2.04920,0.38104,0.00000,0.60000
2.04930,0.38096,0.00000,0.60000
2.04940,0.38089,0.00000,0.60000
2.04950,0.38081,0.00000,0.60000
2.04960,0.38073,0.00000,0.60000
2.04970,0.38065,0.00000,0.60000
2.04980,0.38058,0.00000,0.60000
2.04990,0.38050,0.00000,0.60000
2.05000,0.38042,0.00000,0.60000
2.05010,0.38034,0.00000,0.60000
2.05020,0.38027,0.00000,0.60000
2.05030,0.38019,0.00000,0.60000
2.05040,0.38011,0.00000,0.60000
2.05050,0.38003,0.00000,0.60000
2.05060,0.37995,0.00000,0.60000
2.05070,0.37988,0.00000,0.60000
2.05080,0.37980,0.00000,0.60000
2.05090,0.37972,0.00000,0.60000
2.05100,0.37964,0.00000,0.60000
2.05110,0.37956,0.00000,0.60000
2.05120,0.37948,0.00000,0.60000
2.05130,0.37940,0.00000,0.60000
2.05140,0.37932,0.00000,0.60000
2.05150,0.37924,0.00000,0.60000
2.05160,0.37916,0.00000,0.60000
2.05170,0.37908,0.00000,0.60000
2.05180,0.37900,0.00000,0.60000
2.05190,0.37892,0.00000,0.60000
2.05200,0.37884,0.00000,0.60000
2.05210,0.37876,0.00000,0.60000
2.05220,0.37868,0.00000,0.60000
2.05230,0.37860,0.00000,0.60000
2.05240,0.37852,0.00000,0.60000
2.05250,0.37843,0.00000,0.60000
2.05260,0.37835,0.00000,0.60000
2.05270,0.37827,0.00000,0.60000
2.05280,0.37819,0.00000,0.60000
2.05290,0.37811,0.00000,0.60000
2.05300,0.37803,0.00000,0.60000
2.05310,0.37794,0.00000,0.60000
2.05320,0.37786,0.00000,0.60000
2.05330,0.37778,0.00000,0.60000
2.05340,0.37770,0.00000,0.60000
2.05350,0.37761,0.00000,0.60000
2.05360,0.37753,0.00000,0.60000
2.05370,0.37745,0.00000,0.60000
2.05380,0.37736,0.00000,0.60000
2.05390,0.37728,0.00000,0.60000
2.05400,0.37720,0.00000,0.60000
2.05410,0.37711,0.00000,0.60000
2.05420,0.37703,0.00000,0.60000
2.05430,0.37694,0.00000,0.60000
2.05440,0.37686,0.00000,0.60000
2.05450,0.37678,0.00000,0.60000
2.05460,0.37669,0.00000,0.60000
2.05470,0.37661,0.00000,0.60000
2.05480,0.37652,0.00000,0.60000
2.05490,0.37644,0.00000,0.60000
2.05500,0.37635,0.00000,0.60000
2.05510,0.37627,0.00000,0.60000
2.05520,0.37618,0.00000,0.60000
2.05530,0.37610,0.00000,0.60000
2.05540,0.37601,0.00000,0.60000
2.05550,0.37592,0.00000,0.60000
2.05560,0.37584,0.00000,0.60000
2.05570,0.37575,0.00000,0.60000
2.05580,0.37567,0.00000,0.60000
2.05590,0.37558,0.00000,0.60000
2.05600,0.37549,0.00000,0.60000
2.05610,0.37541,0.00000,0.60000
2.05620,0.37532,0.00000,0.60000
2.05630,0.37523,0.00000,0.60000
2.05640,0.37515,0.00000,0.60000
2.05650,0.37506,0.00000,0.60000
2.05660,0.37497,0.00000,0.60000
2.05670,0.37488,0.00000,0.60000
2.05680,0.37480,0.00000,0.60000
2.05690,0.37471,0.00000,0.60000
2.05700,0.37462,0.00000,0.60000
2.05710,0.37453,0.00000,0.60000
2.05720,0.37444,0.00000,0.60000
2.05730,0.37435,0.00000,0.60000
2.05740,0.37427,0.00000,0.60000
2.05750,0.37418,0.00000,0.60000
2.05760,0.37409,0.00000,0.60000
2.05770,0.37400,0.00000,0.60000
2.05780,0.37391,0.00000,0.60000
2.05790,0.37382,0.00000,0.60000
2.05800,0.37373,0.00000,0.60000
2.05810,0.37364,0.00000,0.60000
2.05820,0.37355,0.00000,0.60000
2.05830,0.37346,0.00000,0.60000
2.05840,0.37337,0.00000,0.60000
2.05850,0.37328,0.00000,0.60000
2.05860,0.37319,0.00000,0.60000
2.05870,0.37310,0.00000,0.60000
2.05880,0.37301,0.00000,0.60000
2.05890,0.37292,0.00000,0.60000
2.05900,0.37283,0.00000,0.60000
2.05910,0.37274,0.00000,0.60000
2.05920,0.37265,0.00000,0.60000
2.05930,0.37255,0.00000,0.60000
2.05940,0.37246,0.00000,0.60000
2.05950,0.37237,0.00000,0.60000
2.05960,0.37228,0.00000,0.60000
2.05970,0.37219,0.00000,0.60000
2.05980,0.37210,0.00000,0.60000
2.05990,0.37200,0.00000,0.60000
2.06000,0.37191,0.00000,0.60000
2.06010,0.37182,0.00000,0.60000
2.06020,0.37173,0.00000,0.60000
2.06030,0.37163,0.00000,0.60000
2.06040,0.37154,0.00000,0.60000
2.06050,0.37145,0.00000,0.60000
2.06060,0.37135,0.00000,0.60000
2.06070,0.37126,0.00000,0.60000
2.06080,0.37117,0.00000,0.60000
2.06090,0.37107,0.00000,0.60000
2.06100,0.37098,0.00000,0.60000
2.06110,0.37088,0.00000,0.60000
2.06120,0.37079,0.00000,0.60000
2.06130,0.37070,0.00000,0.60000
2.06140,0.37060,0.00000,0.60000
2.06150,0.37051,0.00000,0.60000
2.06160,0.37041,0.00000,0.60000
2.06170,0.37032,0.00000,0.60000
2.06180,0.37022,0.00000,0.60000
2.06190,0.37013,0.00000,0.60000
2.06200,0.37003,0.00000,0.60000
2.06210,0.36994,0.00000,0.60000
2.06220,0.36984,0.00000,0.60000
2.06230,0.36974,0.00000,0.60000
2.06240,0.36965,0.00000,0.60000
2.06250,0.36955,0.00000,0.60000
2.06260,0.36946,0.00000,0.60000
2.06270,0.36936,0.00000,0.60000
2.06280,0.36926,0.00000,0.60000
2.06290,0.36917,0.00000,0.60000
2.06300,0.36907,0.00000,0.60000
2.06310,0.36897,0.00000,0.60000
2.06320,0.36887,0.00000,0.60000
2.06330,0.36878,0.00000,0.60000
2.06340,0.36868,0.00000,0.60000
2.06350,0.36858,0.00000,0.60000
2.06360,0.36849,0.00000,0.60000
2.06370,0.36839,0.00000,0.60000
2.06380,0.36829,0.00000,0.60000
2.06390,0.36819,0.00000,0.60000
2.06400,0.36809,0.00000,0.60000
2.06410,0.36799,0.00000,0.60000
2.06420,0.36790,0.00000,0.60000
2.06430,0.36780,0.00000,0.60000
2.06440,0.36770,0.00000,0.60000
2.06450,0.36760,0.00000,0.60000
2.06460,0.36750,0.00000,0.60000
2.06470,0.36740,0.00000,0.60000
2.06480,0.36730,0.00000,0.60000
2.06490,0.36720,0.00000,0.60000
2.06500,0.36710,0.00000,0.60000
2.06510,0.36700,0.00000,0.60000
2.06520,0.36690,0.00000,0.60000
2.06530,0.36680,0.00000,0.60000
2.06540,0.36670,0.00000,0.60000
2.06550,0.36660,0.00000,0.60000
2.06560,0.36650,0.00000,0.60000
2.06570,0.36640,0.00000,0.60000
2.06580,0.36630,0.00000,0.60000
2.06590,0.36620,0.00000,0.60000
2.06600,0.36610,0.00000,0.60000
2.06610,0.36600,0.00000,0.60000
2.06620,0.36589,0.00000,0.60000
2.06630,0.36579,0.00000,0.60000
2.06640,0.36569,0.00000,0.60000
2.06650,0.36559,0.00000,0.60000
2.06660,0.36549,0.00000,0.60000
2.06670,0.36538,0.00000,0.60000
2.06680,0.36528,0.00000,0.60000
2.06690,0.36518,0.00000,0.60000
2.06700,0.36508,0.00000,0.60000
2.06710,0.36497,0.00000,0.60000
2.06720,0.36487,0.00000,0.60000
2.06730,0.36477,0.00000,0.60000
2.06740,0.36466,0.00000,0.60000
2.06750,0.36456,0.00000,0.60000
2.06760,0.36446,0.00000,0.60000
2.06770,0.36435,0.00000,0.60000
2.06780,0.36425,0.00000,0.60000
2.06790,0.36415,0.00000,0.60000
2.06800,0.36404,0.00000,0.60000
2.06810,0.36394,0.00000,0.60000
2.06820,0.36383,0.00000,0.60000
2.06830,0.36373,0.00000,0.60000
2.06840,0.36362,0.00000,0.60000
2.06850,0.36352,0.00000,0.60000
2.06860,0.36341,0.00000,0.60000
2.06870,0.36331,0.00000,0.60000
2.06880,0.36320,0.00000,0.60000
2.06890,0.36310,0.00000,0.60000
2.06900,0.36299,0.00000,0.60000
2.06910,0.36289,0.00000,0.60000
2.06920,0.36278,0.00000,0.60000
2.06930,0.36268,0.00000,0.60000
2.06940,0.36257,0.00000,0.60000
2.06950,0.36246,0.00000,0.60000
2.06960,0.36236,0.00000,0.60000
2.06970,0.36225,0.00000,0.60000
2.06980,0.36214,0.00000,0.60000
2.06990,0.36204,0.00000,0.60000
2.07000,0.36193,0.00000,0.60000
2.07010,0.36182,0.00000,0.60000
2.07020,0.36172,0.00000,0.60000
2.07030,0.36161,0.00000,0.60000
2.07040,0.36150,0.00000,0.60000
2.07050,0.36139,0.00000,0.60000
2.07060,0.36129,0.00000,0.60000
2.07070,0.36118,0.00000,0.60000
2.07080,0.36107,0.00000,0.60000
2.07090,0.36096,0.00000,0.60000
2.07100,0.36085,0.00000,0.60000
2.07110,0.36075,0.00000,0.60000
2.07120,0.36064,0.00000,0.60000
2.07130,0.36053,0.00000,0.60000
2.07140,0.36042,0.00000,0.60000
2.07150,0.36031,0.00000,0.60000
2.07160,0.36020,0.00000,0.60000
2.07170,0.36009,0.00000,0.60000
2.07180,0.35998,0.00000,0.60000
2.07190,0.35987,0.00000,0.60000
2.07200,0.35976,0.00000,0.60000
2.07210,0.35965,0.00000,0.60000
2.07220,0.35954,0.00000,0.60000
2.07230,0.35943,0.00000,0.60000
2.07240,0.35932,0.00000,0.60000
2.07250,0.35921,0.00000,0.60000
2.07260,0.35910,0.00000,0.60000
2.07270,0.35899,0.00000,0.60000
2.07280,0.35888,0.00000,0.60000
2.07290,0.35877,0.00000,0.60000
2.07300,0.35866,0.00000,0.60000
2.07310,0.35855,0.00000,0.60000
2.07320,0.35843,0.00000,0.60000
2.07330,0.35832,0.00000,0.60000
2.07340,0.35821,0.00000,0.60000
2.07350,0.35810,0.00000,0.60000
2.07360,0.35799,0.00000,0.60000
2.07370,0.35787,0.00000,0.60000
2.07380,0.35776,0.00000,0.60000
2.07390,0.35765,0.00000,0.60000
2.07400,0.35754,0.00000,0.60000
2.07410,0.35742,0.00000,0.60000
2.07420,0.35731,0.00000,0.60000
2.07430,0.35720,0.00000,0.60000
2.07440,0.35708,0.00000,0.60000
2.07450,0.35697,0.00000,0.60000
2.07460,0.35686,0.00000,0.60000
2.07470,0.35674,0.00000,0.60000
2.07480,0.35663,0.00000,0.60000
2.07490,0.35652,0.00000,0.60000
2.07500,0.35640,0.00000,0.60000
2.07510,0.35629,0.00000,0.60000
2.07520,0.35617,0.00000,0.60000
2.07530,0.35606,0.00000,0.60000
2.07540,0.35595,0.00000,0.60000
2.07550,0.35583,0.00000,0.60000
2.07560,0.35572,0.00000,0.60000
2.07570,0.35560,0.00000,0.60000
2.07580,0.35549,0.00000,0.60000
2.07590,0.35537,0.00000,0.60000
2.07600,0.35525,0.00000,0.60000
2.07610,0.35514,0.00000,0.60000
2.07620,0.35502,0.00000,0.60000
2.07630,0.35491,0.00000,0.60000
2.07640,0.35479,0.00000,0.60000
2.07650,0.35468,0.00000,0.60000
2.07660,0.35456,0.00000,0.60000
2.07670,0.35444,0.00000,0.60000
2.07680,0.35433,0.00000,0.60000
2.07690,0.35421,0.00000,0.60000
2.07700,0.35409,0.00000,0.60000
2.07710,0.35398,0.00000,0.60000
2.07720,0.35386,0.00000,0.60000
2.07730,0.35374,0.00000,0.60000
2.07740,0.35362,0.00000,0.60000
2.07750,0.35351,0.00000,0.60000
2.07760,0.35339,0.00000,0.60000
2.07770,0.35327,0.00000,0.60000
2.07780,0.35315,0.00000,0.60000
2.07790,0.35303,0.00000,0.60000
2.07800,0.35292,0.00000,0.60000
2.07810,0.35280,0.00000,0.60000
2.07820,0.35268,0.00000,0.60000
2.07830,0.35256,0.00000,0.60000
2.07840,0.35244,0.00000,0.60000
2.07850,0.35232,0.00000,0.60000
2.07860,0.35220,0.00000,0.60000
2.07870,0.35208,0.00000,0.60000
2.07880,0.35197,0.00000,0.60000
2.07890,0.35185,0.00000,0.60000
2.07900,0.35173,0.00000,0.60000
2.07910,0.35161,0.00000,0.60000
2.07920,0.35149,0.00000,0.60000
2.07930,0.35137,0.00000,0.60000
2.07940,0.35125,0.00000,0.60000
2.07950,0.35113,0.00000,0.60000
2.07960,0.35101,0.00000,0.60000
2.07970,0.35089,0.00000,0.60000
2.07980,0.35076,0.00000,0.60000
2.07990,0.35064,0.00000,0.60000
2.08000,0.35052,0.00000,0.60000
2.08010,0.35040,0.00000,0.60000
2.08020,0.35028,0.00000,0.60000
2.08030,0.35016,0.00000,0.60000
2.08040,0.35004,0.00000,0.60000
2.08050,0.34992,0.00000,0.60000
2.08060,0.34979,0.00000,0.60000
2.08070,0.34967,0.00000,0.60000
2.08080,0.34955,0.00000,0.60000
2.08090,0.34943,0.00000,0.60000
2.08100,0.34930,0.00000,0.60000
2.08110,0.34918,0.00000,0.60000
2.08120,0.34906,0.00000,0.60000
2.08130,0.34894,0.00000,0.60000
2.08140,0.34881,0.00000,0.60000
2.08150,0.34869,0.00000,0.60000
2.08160,0.34857,0.00000,0.60000
2.08170,0.34844,0.00000,0.60000
2.08180,0.34832,0.00000,0.60000
2.08190,0.34820,0.00000,0.60000
2.08200,0.34807,0.00000,0.60000
2.08210,0.34795,0.00000,0.60000
2.08220,0.34783,0.00000,0.60000
2.08230,0.34770,0.00000,0.60000
2.08240,0.34758,0.00000,0.60000
2.08250,0.34745,0.00000,0.60000
2.08260,0.34733,0.00000,0.60000
2.08270,0.34720,0.00000,0.60000
2.08280,0.34708,0.00000,0.60000
2.08290,0.34695,0.00000,0.60000
2.08300,0.34683,0.00000,0.60000
2.08310,0.34670,0.00000,0.60000
2.08320,0.34658,0.00000,0.60000
2.08330,0.34645,0.00000,0.60000
2.08340,0.34633,0.00000,0.60000
2.08350,0.34620,0.00000,0.60000
2.08360,0.34607,0.00000,0.60000
2.08370,0.34595,0.00000,0.60000
2.08380,0.34582,0.00000,0.60000
2.08390,0.34570,0.00000,0.60000
2.08400,0.34557,0.00000,0.60000
2.08410,0.34544,0.00000,0.60000
2.08420,0.34532,0.00000,0.60000
2.08430,0.34519,0.00000,0.60000
2.08440,0.34506,0.00000,0.60000
2.08450,0.34493,0.00000,0.60000
2.08460,0.34481,0.00000,0.60000
2.08470,0.34468,0.00000,0.60000
2.08480,0.34455,0.00000,0.60000
2.08490,0.34442,0.00000,0.60000
2.08500,0.34430,0.00000,0.60000
2.08510,0.34417,0.00000,0.60000
2.08520,0.34404,0.00000,0.60000
2.08530,0.34391,0.00000,0.60000
2.08540,0.34378,0.00000,0.60000
2.08550,0.34366,0.00000,0.60000
2.08560,0.34353,0.00000,0.60000
2.08570,0.34340,0.00000,0.60000
2.08580,0.34327,0.00000,0.60000
2.08590,0.34314,0.00000,0.60000
2.08600,0.34301,0.00000,0.60000
2.08610,0.34288,0.00000,0.60000
2.08620,0.34275,0.00000,0.60000
2.08630,0.34262,0.00000,0.60000
2.08640,0.34249,0.00000,0.60000
2.08650,0.34236,0.00000,0.60000
2.08660,0.34223,0.00000,0.60000
2.08670,0.34210,0.00000,0.60000
2.08680,0.34197,0.00000,0.60000
2.08690,0.34184,0.00000,0.60000
2.08700,0.34171,0.00000,0.60000
2.08710,0.34158,0.00000,0.60000
2.08720,0.34145,0.00000,0.60000
2.08730,0.34132,0.00000,0.60000
2.08740,0.34119,0.00000,0.60000
2.08750,0.34106,0.00000,0.60000
2.08760,0.34092,0.00000,0.60000
2.08770,0.34079,0.00000,0.60000
2.08780,0.34066,0.00000,0.60000
2.08790,0.34053,0.00000,0.60000
2.08800,0.34040,0.00000,0.60000
2.08810,0.34027,0.00000,0.60000
2.08820,0.34013,0.00000,0.60000
2.08830,0.34000,0.00000,0.60000
2.08840,0.33987,0.00000,0.60000
2.08850,0.33974,0.00000,0.60000
2.08860,0.33960,0.00000,0.60000
2.08870,0.33947,0.00000,0.60000
2.08880,0.33934,0.00000,0.60000
2.08890,0.33920,0.00000,0.60000
2.08900,0.33907,0.00000,0.60000
2.08910,0.33894,0.00000,0.60000
2.08920,0.33880,0.00000,0.60000
2.08930,0.33867,0.00000,0.60000
2.08940,0.33854,0.00000,0.60000
2.08950,0.33840,0.00000,0.60000
2.08960,0.33827,0.00000,0.60000
2.08970,0.33813,0.00000,0.60000
2.08980,0.33800,0.00000,0.60000
2.08990,0.33787,0.00000,0.60000
2.09000,0.33773,0.00000,0.60000
2.09010,0.33760,0.00000,0.60000
2.09020,0.33746,0.00000,0.60000
2.09030,0.33733,0.00000,0.60000
2.09040,0.33719,0.00000,0.60000
2.09050,0.33706,0.00000,0.60000
2.09060,0.33692,0.00000,0.60000
2.09070,0.33679,0.00000,0.60000
2.09080,0.33665,0.00000,0.60000
2.09090,0.33651,0.00000,0.60000
2.09100,0.33638,0.00000,0.60000
2.09110,0.33624,0.00000,0.60000
2.09120,0.33611,0.00000,0.60000
2.09130,0.33597,0.00000,0.60000
2.09140,0.33583,0.00000,0.60000
2.09150,0.33570,0.00000,0.60000
2.09160,0.33556,0.00000,0.60000
2.09170,0.33542,0.00000,0.60000
2.09180,0.33529,0.00000,0.60000
2.09190,0.33515,0.00000,0.60000
2.09200,0.33501,0.00000,0.60000
2.09210,0.33487,0.00000,0.60000
2.09220,0.33474,0.00000,0.60000
2.09230,0.33460,0.00000,0.60000
2.09240,0.33446,0.00000,0.60000
2.09250,0.33432,0.00000,0.60000
2.09260,0.33418,0.00000,0.60000
2.09270,0.33405,0.00000,0.60000
2.09280,0.33391,0.00000,0.60000
2.09290,0.33377,0.00000,0.60000
2.09300,0.33363,0.00000,0.60000
2.09310,0.33349,0.00000,0.60000
2.09320,0.33335,0.00000,0.60000
2.09330,0.33321,0.00000,0.60000
2.09340,0.33308,0.00000,0.60000
2.09350,0.33294,0.00000,0.60000
2.09360,0.33280,0.00000,0.60000
2.09370,0.33266,0.00000,0.60000
2.09380,0.33252,0.00000,0.60000
2.09390,0.33238,0.00000,0.60000
2.09400,0.33224,0.00000,0.60000
2.09410,0.33210,0.00000,0.60000
2.09420,0.33196,0.00000,0.60000
2.09430,0.33182,0.00000,0.60000
2.09440,0.33168,0.00000,0.60000
2.09450,0.33154,0.00000,0.60000
2.09460,0.33140,0.00000,0.60000
2.09470,0.33126,0.00000,0.60000
2.09480,0.33111,0.00000,0.60000
2.09490,0.33097,0.00000,0.60000
2.09500,0.33083,0.00000,0.60000
2.09510,0.33069,0.00000,0.60000
2.09520,0.33055,0.00000,0.60000
2.09530,0.33041,0.00000,0.60000
2.09540,0.33027,0.00000,0.60000
2.09550,0.33012,0.00000,0.60000
2.09560,0.32998,0.00000,0.60000
2.09570,0.32984,0.00000,0.60000
2.09580,0.32970,0.00000,0.60000
2.09590,0.32956,0.00000,0.60000
2.09600,0.32941,0.00000,0.60000
2.09610,0.32927,0.00000,0.60000
2.09620,0.32913,0.00000,0.60000
2.09630,0.32898,0.00000,0.60000
2.09640,0.32884,0.00000,0.60000
2.09650,0.32870,0.00000,0.60000
2.09660,0.32856,0.00000,0.60000
2.09670,0.32841,0.00000,0.60000
2.09680,0.32827,0.00000,0.60000
2.09690,0.32812,0.00000,0.60000
2.09700,0.32798,0.00000,0.60000
2.09710,0.32784,0.00000,0.60000
2.09720,0.32769,0.00000,0.60000
2.09730,0.32755,0.00000,0.60000
2.09740,0.32740,0.00000,0.60000
2.09750,0.32726,0.00000,0.60000
2.09760,0.32712,0.00000,0.60000
2.09770,0.32697,0.00000,0.60000
2.09780,0.32683,0.00000,0.60000
2.09790,0.32668,0.00000,0.60000
2.09800,0.32654,0.00000,0.60000
2.09810,0.32639,0.00000,0.60000
2.09820,0.32625,0.00000,0.60000
2.09830,0.32610,0.00000,0.60000
2.09840,0.32595,0.00000,0.60000
2.09850,0.32581,0.00000,0.60000
2.09860,0.32566,0.00000,0.60000
2.09870,0.32552,0.00000,0.60000
2.09880,0.32537,0.00000,0.60000
2.09890,0.32522,0.00000,0.60000
2.09900,0.32508,0.00000,0.60000
2.09910,0.32493,0.00000,0.60000
2.09920,0.32478,0.00000,0.60000
2.09930,0.32464,0.00000,0.60000
2.09940,0.32449,0.00000,0.60000
2.09950,0.32434,0.00000,0.60000
2.09960,0.32420,0.00000,0.60000
2.09970,0.32405,0.00000,0.60000
2.09980,0.32390,0.00000,0.60000
2.09990,0.32375,0.00000,0.60000
2.10000,0.32361,0.00000,0.60000
2.10010,0.32346,0.00000,0.60000
2.10020,0.32331,0.00000,0.60000
2.10030,0.32316,0.00000,0.60000
2.10040,0.32301,0.00000,0.60000
2.10050,0.32287,0.00000,0.60000
2.10060,0.32272,0.00000,0.60000
2.10070,0.32257,0.00000,0.60000
2.10080,0.32242,0.00000,0.60000
2.10090,0.32227,0.00000,0.60000
2.10100,0.32212,0.00000,0.60000
2.10110,0.32197,0.00000,0.60000
2.10120,0.32182,0.00000,0.60000
2.10130,0.32168,0.00000,0.60000
2.10140,0.32153,0.00000,0.60000
2.10150,0.32138,0.00000,0.60000
2.10160,0.32123,0.00000,0.60000
2.10170,0.32108,0.00000,0.60000
2.10180,0.32093,0.00000,0.60000
2.10190,0.32078,0.00000,0.60000
2.10200,0.32063,0.00000,0.60000
2.10210,0.32048,0.00000,0.60000
2.10220,0.32033,0.00000,0.60000
2.10230,0.32018,0.00000,0.60000
2.10240,0.32002,0.00000,0.60000
2.10250,0.31987,0.00000,0.60000
2.10260,0.31972,0.00000,0.60000
2.10270,0.31957,0.00000,0.60000
2.10280,0.31942,0.00000,0.60000
2.10290,0.31927,0.00000,0.60000
2.10300,0.31912,0.00000,0.60000
2.10310,0.31897,0.00000,0.60000
2.10320,0.31881,0.00000,0.60000
2.10330,0.31866,0.00000,0.60000
2.10340,0.31851,0.00000,0.60000
2.10350,0.31836,0.00000,0.60000
2.10360,0.31821,0.00000,0.60000
2.10370,0.31805,0.00000,0.60000
2.10380,0.31790,0.00000,0.60000
2.10390,0.31775,0.00000,0.60000
2.10400,0.31760,0.00000,0.60000
2.10410,0.31744,0.00000,0.60000
2.10420,0.31729,0.00000,0.60000
2.10430,0.31714,0.00000,0.60000
2.10440,0.31698,0.00000,0.60000
2.10450,0.31683,0.00000,0.60000
2.10460,0.31668,0.00000,0.60000
2.10470,0.31652,0.00000,0.60000
2.10480,0.31637,0.00000,0.60000
2.10490,0.31622,0.00000,0.60000
2.10500,0.31606,0.00000,0.60000
2.10510,0.31591,0.00000,0.60000
2.10520,0.31575,0.00000,0.60000
2.10530,0.31560,0.00000,0.60000
2.10540,0.31544,0.00000,0.60000
2.10550,0.31529,0.00000,0.60000
2.10560,0.31514,0.00000,0.60000
2.10570,0.31498,0.00000,0.60000
2.10580,0.31483,0.00000,0.60000
2.10590,0.31467,0.00000,0.60000
2.10600,0.31452,0.00000,0.60000
2.10610,0.31436,0.00000,0.60000
2.10620,0.31420,0.00000,0.60000
2.10630,0.31405,0.00000,0.60000
2.10640,0.31389,0.00000,0.60000
2.10650,0.31374,0.00000,0.60000
2.10660,0.31358,0.00000,0.60000
2.10670,0.31343,0.00000,0.60000
2.10680,0.31327,0.00000,0.60000
2.10690,0.31311,0.00000,0.60000
2.10700,0.31296,0.00000,0.60000
2.10710,0.31280,0.00000,0.60000
2.10720,0.31264,0.00000,0.60000
2.10730,0.31249,0.00000,0.60000
2.10740,0.31233,0.00000,0.60000
2.10750,0.31217,0.00000,0.60000
2.10760,0.31201,0.00000,0.60000
2.10770,0.31186,0.00000,0.60000
2.10780,0.31170,0.00000,0.60000
2.10790,0.31154,0.00000,0.60000
2.10800,0.31138,0.00000,0.60000
2.10810,0.31123,0.00000,0.60000
2.10820,0.31107,0.00000,0.60000
2.10830,0.31091,0.00000,0.60000
2.10840,0.31075,0.00000,0.60000
2.10850,0.31059,0.00000,0.60000
2.10860,0.31044,0.00000,0.60000
2.10870,0.31028,0.00000,0.60000
2.10880,0.31012,0.00000,0.60000
2.10890,0.30996,0.00000,0.60000
2.10900,0.30980,0.00000,0.60000
2.10910,0.30964,0.00000,0.60000
2.10920,0.30948,0.00000,0.60000
2.10930,0.30932,0.00000,0.60000
2.10940,0.30916,0.00000,0.60000
2.10950,0.30900,0.00000,0.60000
2.10960,0.30885,0.00000,0.60000
2.10970,0.30869,0.00000,0.60000
2.10980,0.30853,0.00000,0.60000
2.10990,0.30837,0.00000,0.60000
2.11000,0.30821,0.00000,0.60000
2.11010,0.30805,0.00000,0.60000
2.11020,0.30788,0.00000,0.60000
2.11030,0.30772,0.00000,0.60000
2.11040,0.30756,0.00000,0.60000
2.11050,0.30740,0.00000,0.60000
2.11060,0.30724,0.00000,0.60000
2.11070,0.30708,0.00000,0.60000
2.11080,0.30692,0.00000,0.60000
2.11090,0.30676,0.00000,0.60000
2.11100,0.30660,0.00000,0.60000
2.11110,0.30644,0.00000,0.60000
2.11120,0.30627,0.00000,0.60000
2.11130,0.30611,0.00000,0.60000
2.11140,0.30595,0.00000,0.60000
2.11150,0.30579,0.00000,0.60000
2.11160,0.30563,0.00000,0.60000
2.11170,0.30546,0.00000,0.60000
2.11180,0.30530,0.00000,0.60000
2.11190,0.30514,0.00000,0.60000
2.11200,0.30498,0.00000,0.60000
2.11210,0.30481,0.00000,0.60000
2.11220,0.30465,0.00000,0.60000
2.11230,0.30449,0.00000,0.60000
2.11240,0.30433,0.00000,0.60000
2.11250,0.30416,0.00000,0.60000
2.11260,0.30400,0.00000,0.60000
2.11270,0.30384,0.00000,0.60000
2.11280,0.30367,0.00000,0.60000
2.11290,0.30351,0.00000,0.60000
2.11300,0.30334,0.00000,0.60000
2.11310,0.30318,0.00000,0.60000
2.11320,0.30302,0.00000,0.60000
2.11330,0.30285,0.00000,0.60000
2.11340,0.30269,0.00000,0.60000
2.11350,0.30252,0.00000,0.60000
2.11360,0.30236,0.00000,0.60000
2.11370,0.30220,0.00000,0.60000
2.11380,0.30203,0.00000,0.60000
2.11390,0.30187,0.00000,0.60000
2.11400,0.30170,0.00000,0.60000
2.11410,0.30154,0.00000,0.60000
2.11420,0.30137,0.00000,0.60000
2.11430,0.30120,0.00000,0.60000
2.11440,0.30104,0.00000,0.60000
2.11450,0.30087,0.00000,0.60000
2.11460,0.30071,0.00000,0.60000
2.11470,0.30054,0.00000,0.60000
2.11480,0.30038,0.00000,0.60000
2.11490,0.30021,0.00000,0.60000
2.11500,0.30004,0.00000,0.60000
2.11510,0.29988,0.00000,0.60000
2.11520,0.29971,0.00000,0.60000
2.11530,0.29955,0.00000,0.60000
2.11540,0.29938,0.00000,0.60000
2.11550,0.29921,0.00000,0.60000
2.11560,0.29905,0.00000,0.60000
2.11570,0.29888,0.00000,0.60000
2.11580,0.29871,0.00000,0.60000
2.11590,0.29854,0.00000,0.60000
2.11600,0.29838,0.00000,0.60000
2.11610,0.29821,0.00000,0.60000
2.11620,0.29804,0.00000,0.60000
2.11630,0.29787,0.00000,0.60000
2.11640,0.29771,0.00000,0.60000
2.11650,0.29754,0.00000,0.60000
2.11660,0.29737,0.00000,0.60000
2.11670,0.29720,0.00000,0.60000
2.11680,0.29703,0.00000,0.60000
2.11690,0.29687,0.00000,0.60000
2.11700,0.29670,0.00000,0.60000
2.11710,0.29653,0.00000,0.60000
2.11720,0.29636,0.00000,0.60000
2.11730,0.29619,0.00000,0.60000
2.11740,0.29602,0.00000,0.60000
2.11750,0.29585,0.00000,0.60000
2.11760,0.29568,0.00000,0.60000
2.11770,0.29551,0.00000,0.60000
2.11780,0.29534,0.00000,0.60000
2.11790,0.29517,0.00000,0.60000
2.11800,0.29501,0.00000,0.60000
2.11810,0.29484,0.00000,0.60000
2.11820,0.29467,0.00000,0.60000
2.11830,0.29450,0.00000,0.60000
2.11840,0.29433,0.00000,0.60000
2.11850,0.29416,0.00000,0.60000
2.11860,0.29398,0.00000,0.60000
2.11870,0.29381,0.00000,0.60000
2.11880,0.29364,0.00000,0.60000
2.11890,0.29347,0.00000,0.60000
2.11900,0.29330,0.00000,0.60000
2.11910,0.29313,0.00000,0.60000
2.11920,0.29296,0.00000,0.60000
2.11930,0.29279,0.00000,0.60000
2.11940,0.29262,0.00000,0.60000
2.11950,0.29245,0.00000,0.60000
2.11960,0.29227,0.00000,0.60000
2.11970,0.29210,0.00000,0.60000
2.11980,0.29193,0.00000,0.60000
2.11990,0.29176,0.00000,0.60000
2.12000,0.29159,0.00000,0.60000
2.12010,0.29142,0.00000,0.60000
2.12020,0.29124,0.00000,0.60000
2.12030,0.29107,0.00000,0.60000
2.12040,0.29090,0.00000,0.60000
2.12050,0.29073,0.00000,0.60000
2.12060,0.29055,0.00000,0.60000
2.12070,0.29038,0.00000,0.60000
2.12080,0.29021,0.00000,0.60000
2.12090,0.29003,0.00000,0.60000
2.12100,0.28986,0.00000,0.60000
2.12110,0.28969,0.00000,0.60000
2.12120,0.28951,0.00000,0.60000
2.12130,0.28934,0.00000,0.60000
2.12140,0.28917,0.00000,0.60000
2.12150,0.28899,0.00000,0.60000
2.12160,0.28882,0.00000,0.60000
2.12170,0.28865,0.00000,0.60000
2.12180,0.28847,0.00000,0.60000
2.12190,0.28830,0.00000,0.60000
2.12200,0.28812,0.00000,0.60000
2.12210,0.28795,0.00000,0.60000
2.12220,0.28777,0.00000,0.60000
2.12230,0.28760,0.00000,0.60000
2.12240,0.28743,0.00000,0.60000
2.12250,0.28725,0.00000,0.60000
2.12260,0.28708,0.00000,0.60000
2.12270,0.28690,0.00000,0.60000
2.12280,0.28673,0.00000,0.60000
2.12290,0.28655,0.00000,0.60000
2.12300,0.28637,0.00000,0.60000
2.12310,0.28620,0.00000,0.60000
2.12320,0.28602,0.00000,0.60000
2.12330,0.28585,0.00000,0.60000
2.12340,0.28567,0.00000,0.60000
2.12350,0.28550,0.00000,0.60000
2.12360,0.28532,0.00000,0.60000
2.12370,0.28514,0.00000,0.60000
2.12380,0.28497,0.00000,0.60000
2.12390,0.28479,0.00000,0.60000
2.12400,0.28461,0.00000,0.60000
2.12410,0.28444,0.00000,0.60000
2.12420,0.28426,0.00000,0.60000
2.12430,0.28408,0.00000,0.60000
2.12440,0.28391,0.00000,0.60000
2.12450,0.28373,0.00000,0.60000
2.12460,0.28355,0.00000,0.60000
2.12470,0.28338,0.00000,0.60000
2.12480,0.28320,0.00000,0.60000
2.12490,0.28302,0.00000,0.60000
2.12500,0.28284,0.00000,0.60000
2.12510,0.28266,0.00000,0.60000
2.12520,0.28249,0.00000,0.60000
2.12530,0.28231,0.00000,0.60000
2.12540,0.28213,0.00000,0.60000
2.12550,0.28195,0.00000,0.60000
2.12560,0.28177,0.00000,0.60000
2.12570,0.28160,0.00000,0.60000
2.12580,0.28142,0.00000,0.60000
2.12590,0.28124,0.00000,0.60000
2.12600,0.28106,0.00000,0.60000
2.12610,0.28088,0.00000,0.60000
2.12620,0.28070,0.00000,0.60000
2.12630,0.28052,0.00000,0.60000
2.12640,0.28034,0.00000,0.60000
2.12650,0.28016,0.00000,0.60000
2.12660,0.27999,0.00000,0.60000
2.12670,0.27981,0.00000,0.60000
2.12680,0.27963,0.00000,0.60000
2.12690,0.27945,0.00000,0.60000
2.12700,0.27927,0.00000,0.60000
2.12710,0.27909,0.00000,0.60000
2.12720,0.27891,0.00000,0.60000
2.12730,0.27873,0.00000,0.60000
2.12740,0.27855,0.00000,0.60000
2.12750,0.27837,0.00000,0.60000
2.12760,0.27818,0.00000,0.60000
2.12770,0.27800,0.00000,0.60000
2.12780,0.27782,0.00000,0.60000
2.12790,0.27764,0.00000,0.60000
2.12800,0.27746,0.00000,0.60000
2.12810,0.27728,0.00000,0.60000
2.12820,0.27710,0.00000,0.60000
2.12830,0.27692,0.00000,0.60000
2.12840,0.27674,0.00000,0.60000
2.12850,0.27655,0.00000,0.60000
2.12860,0.27637,0.00000,0.60000
2.12870,0.27619,0.00000,0.60000
2.12880,0.27601,0.00000,0.60000
2.12890,0.27583,0.00000,0.60000
2.12900,0.27565,0.00000,0.60000
2.12910,0.27546,0.00000,0.60000
2.12920,0.27528,0.00000,0.60000
2.12930,0.27510,0.00000,0.60000
2.12940,0.27492,0.00000,0.60000
2.12950,0.27473,0.00000,0.60000
2.12960,0.27455,0.00000,0.60000
2.12970,0.27437,0.00000,0.60000
2.12980,0.27419,0.00000,0.60000
2.12990,0.27400,0.00000,0.60000
2.13000,0.27382,0.00000,0.60000
2.13010,0.27364,0.00000,0.60000
2.13020,0.27345,0.00000,0.60000
2.13030,0.27327,0.00000,0.60000
2.13040,0.27309,0.00000,0.60000
2.13050,0.27290,0.00000,0.60000
2.13060,0.27272,0.00000,0.60000
2.13070,0.27253,0.00000,0.60000
2.13080,0.27235,0.00000,0.60000
2.13090,0.27217,0.00000,0.60000
2.13100,0.27198,0.00000,0.60000
2.13110,0.27180,0.00000,0.60000
2.13120,0.27161,0.00000,0.60000
2.13130,0.27143,0.00000,0.60000
2.13140,0.27124,0.00000,0.60000
2.13150,0.27106,0.00000,0.60000
2.13160,0.27087,0.00000,0.60000
2.13170,0.27069,0.00000,0.60000
2.13180,0.27050,0.00000,0.60000
2.13190,0.27032,0.00000,0.60000
2.13200,0.27013,0.00000,0.60000
2.13210,0.26995,0.00000,0.60000
2.13220,0.26976,0.00000,0.60000
2.13230,0.26958,0.00000,0.60000
2.13240,0.26939,0.00000,0.60000
2.13250,0.26921,0.00000,0.60000
2.13260,0.26902,0.00000,0.60000
2.13270,0.26883,0.00000,0.60000
2.13280,0.26865,0.00000,0.60000
2.13290,0.26846,0.00000,0.60000
2.13300,0.26827,0.00000,0.60000
2.13310,0.26809,0.00000,0.60000
2.13320,0.26790,0.00000,0.60000
2.13330,0.26771,0.00000,0.60000
2.13340,0.26753,0.00000,0.60000
2.13350,0.26734,0.00000,0.60000
2.13360,0.26715,0.00000,0.60000
2.13370,0.26697,0.00000,0.60000
2.13380,0.26678,0.00000,0.60000
2.13390,0.26659,0.00000,0.60000
2.13400,0.26640,0.00000,0.60000
2.13410,0.26622,0.00000,0.60000
2.13420,0.26603,0.00000,0.60000
2.13430,0.26584,0.00000,0.60000
2.13440,0.26565,0.00000,0.60000
2.13450,0.26547,0.00000,0.60000
2.13460,0.26528,0.00000,0.60000
2.13470,0.26509,0.00000,0.60000
2.13480,0.26490,0.00000,0.60000
2.13490,0.26471,0.00000,0.60000
2.13500,0.26452,0.00000,0.60000
2.13510,0.26434,0.00000,0.60000
2.13520,0.26415,0.00000,0.60000
2.13530,0.26396,0.00000,0.60000
2.13540,0.26377,0.00000,0.60000
2.13550,0.26358,0.00000,0.60000
2.13560,0.26339,0.00000,0.60000
2.13570,0.26320,0.00000,0.60000
2.13580,0.26301,0.00000,0.60000
2.13590,0.26282,0.00000,0.60000
2.13600,0.26263,0.00000,0.60000
2.13610,0.26244,0.00000,0.60000
2.13620,0.26225,0.00000,0.60000
2.13630,0.26207,0.00000,0.60000
2.13640,0.26188,0.00000,0.60000
2.13650,0.26169,0.00000,0.60000
2.13660,0.26150,0.00000,0.60000
2.13670,0.26130,0.00000,0.60000
2.13680,0.26111,0.00000,0.60000
2.13690,0.26092,0.00000,0.60000
2.13700,0.26073,0.00000,0.60000
2.13710,0.26054,0.00000,0.60000
2.13720,0.26035,0.00000,0.60000
2.13730,0.26016,0.00000,0.60000
2.13740,0.25997,0.00000,0.60000
2.13750,0.25978,0.00000,0.60000
2.13760,0.25959,0.00000,0.60000
2.13770,0.25940,0.00000,0.60000
2.13780,0.25921,0.00000,0.60000
2.13790,0.25901,0.00000,0.60000
2.13800,0.25882,0.00000,0.60000
2.13810,0.25863,0.00000,0.60000
2.13820,0.25844,0.00000,0.60000
2.13830,0.25825,0.00000,0.60000
2.13840,0.25806,0.00000,0.60000
2.13850,0.25786,0.00000,0.60000
2.13860,0.25767,0.00000,0.60000
2.13870,0.25748,0.00000,0.60000
2.13880,0.25729,0.00000,0.60000
2.13890,0.25709,0.00000,0.60000
2.13900,0.25690,0.00000,0.60000
2.13910,0.25671,0.00000,0.60000
2.13920,0.25652,0.00000,0.60000
2.13930,0.25632,0.00000,0.60000
2.13940,0.25613,0.00000,0.60000
2.13950,0.25594,0.00000,0.60000
2.13960,0.25574,0.00000,0.60000
2.13970,0.25555,0.00000,0.60000
2.13980,0.25536,0.00000,0.60000
2.13990,0.25516,0.00000,0.60000
2.14000,0.25497,0.00000,0.60000
2.14010,0.25478,0.00000,0.60000
2.14020,0.25458,0.00000,0.60000
2.14030,0.25439,0.00000,0.60000
2.14040,0.25419,0.00000,0.60000
2.14050,0.25400,0.00000,0.60000
2.14060,0.25381,0.00000,0.60000
2.14070,0.25361,0.00000,0.60000
2.14080,0.25342,0.00000,0.60000
2.14090,0.25322,0.00000,0.60000
2.14100,0.25303,0.00000,0.60000
2.14110,0.25283,0.00000,0.60000
2.14120,0.25264,0.00000,0.60000
2.14130,0.25244,0.00000,0.60000
2.14140,0.25225,0.00000,0.60000
2.14150,0.25205,0.00000,0.60000
2.14160,0.25186,0.00000,0.60000
2.14170,0.25166,0.00000,0.60000
2.14180,0.25147,0.00000,0.60000
2.14190,0.25127,0.00000,0.60000
2.14200,0.25108,0.00000,0.60000
2.14210,0.25088,0.00000,0.60000
2.14220,0.25069,0.00000,0.60000
2.14230,0.25049,0.00000,0.60000
2.14240,0.25029,0.00000,0.60000
2.14250,0.25010,0.00000,0.60000
2.14260,0.24990,0.00000,0.60000
2.14270,0.24970,0.00000,0.60000
2.14280,0.24951,0.00000,0.60000
2.14290,0.24931,0.00000,0.60000
2.14300,0.24912,0.00000,0.60000
2.14310,0.24892,0.00000,0.60000
2.14320,0.24872,0.00000,0.60000
2.14330,0.24852,0.00000,0.60000
2.14340,0.24833,0.00000,0.60000
2.14350,0.24813,0.00000,0.60000
2.14360,0.24793,0.00000,0.60000
2.14370,0.24774,0.00000,0.60000
2.14380,0.24754,0.00000,0.60000
2.14390,0.24734,0.00000,0.60000
2.14400,0.24714,0.00000,0.60000
2.14410,0.24695,0.00000,0.60000
2.14420,0.24675,0.00000,0.60000
2.14430,0.24655,0.00000,0.60000
2.14440,0.24635,0.00000,0.60000
2.14450,0.24615,0.00000,0.60000
2.14460,0.24596,0.00000,0.60000
2.14470,0.24576,0.00000,0.60000
2.14480,0.24556,0.00000,0.60000
2.14490,0.24536,0.00000,0.60000
2.14500,0.24516,0.00000,0.60000
2.14510,0.24496,0.00000,0.60000
2.14520,0.24477,0.00000,0.60000
2.14530,0.24457,0.00000,0.60000
2.14540,0.24437,0.00000,0.60000
2.14550,0.24417,0.00000,0.60000
2.14560,0.24397,0.00000,0.60000
2.14570,0.24377,0.00000,0.60000
2.14580,0.24357,0.00000,0.60000
2.14590,0.24337,0.00000,0.60000
2.14600,0.24317,0.00000,0.60000
2.14610,0.24297,0.00000,0.60000
2.14620,0.24277,0.00000,0.60000
2.14630,0.24257,0.00000,0.60000
2.14640,0.24237,0.00000,0.60000
2.14650,0.24217,0.00000,0.60000
2.14660,0.24197,0.00000,0.60000
2.14670,0.24177,0.00000,0.60000
2.14680,0.24157,0.00000,0.60000
2.14690,0.24137,0.00000,0.60000
2.14700,0.24117,0.00000,0.60000
2.14710,0.24097,0.00000,0.60000
2.14720,0.24077,0.00000,0.60000
2.14730,0.24057,0.00000,0.60000
2.14740,0.24037,0.00000,0.60000
2.14750,0.24017,0.00000,0.60000
2.14760,0.23997,0.00000,0.60000
2.14770,0.23977,0.00000,0.60000
2.14780,0.23956,0.00000,0.60000
2.14790,0.23936,0.00000,0.60000
2.14800,0.23916,0.00000,0.60000
2.14810,0.23896,0.00000,0.60000
2.14820,0.23876,0.00000,0.60000
2.14830,0.23856,0.00000,0.60000
2.14840,0.23836,0.00000,0.60000
2.14850,0.23815,0.00000,0.60000
2.14860,0.23795,0.00000,0.60000
2.14870,0.23775,0.00000,0.60000
2.14880,0.23755,0.00000,0.60000
2.14890,0.23735,0.00000,0.60000
2.14900,0.23714,0.00000,0.60000
2.14910,0.23694,0.00000,0.60000
2.14920,0.23674,0.00000,0.60000
2.14930,0.23654,0.00000,0.60000
2.14940,0.23633,0.00000,0.60000
2.14950,0.23613,0.00000,0.60000
2.14960,0.23593,0.00000,0.60000
2.14970,0.23572,0.00000,0.60000
2.14980,0.23552,0.00000,0.60000
2.14990,0.23532,0.00000,0.60000
2.15000,0.23511,0.00000,0.60000
2.15010,0.23491,0.00000,0.60000
2.15020,0.23471,0.00000,0.60000
2.15030,0.23450,0.00000,0.60000
2.15040,0.23430,0.00000,0.60000
2.15050,0.23410,0.00000,0.60000
2.15060,0.23389,0.00000,0.60000
2.15070,0.23369,0.00000,0.60000
2.15080,0.23348,0.00000,0.60000
2.15090,0.23328,0.00000,0.60000
2.15100,0.23308,0.00000,0.60000
2.15110,0.23287,0.00000,0.60000
2.15120,0.23267,0.00000,0.60000
2.15130,0.23246,0.00000,0.60000
2.15140,0.23226,0.00000,0.60000
2.15150,0.23205,0.00000,0.60000
2.15160,0.23185,0.00000,0.60000
2.15170,0.23164,0.00000,0.60000
2.15180,0.23144,0.00000,0.60000
2.15190,0.23123,0.00000,0.60000
2.15200,0.23103,0.00000,0.60000
2.15210,0.23082,0.00000,0.60000
2.15220,0.23062,0.00000,0.60000
2.15230,0.23041,0.00000,0.60000
2.15240,0.23021,0.00000,0.60000
2.15250,0.23000,0.00000,0.60000
2.15260,0.22980,0.00000,0.60000
2.15270,0.22959,0.00000,0.60000
2.15280,0.22938,0.00000,0.60000
2.15290,0.22918,0.00000,0.60000
2.15300,0.22897,0.00000,0.60000
2.15310,0.22877,0.00000,0.60000
2.15320,0.22856,0.00000,0.60000
2.15330,0.22835,0.00000,0.60000
2.15340,0.22815,0.00000,0.60000
2.15350,0.22794,0.00000,0.60000
2.15360,0.22773,0.00000,0.60000
2.15370,0.22753,0.00000,0.60000
2.15380,0.22732,0.00000,0.60000
2.15390,0.22711,0.00000,0.60000
2.15400,0.22691,0.00000,0.60000
2.15410,0.22670,0.00000,0.60000
2.15420,0.22649,0.00000,0.60000
2.15430,0.22629,0.00000,0.60000
2.15440,0.22608,0.00000,0.60000
2.15450,0.22587,0.00000,0.60000
2.15460,0.22566,0.00000,0.60000
2.15470,0.22546,0.00000,0.60000
2.15480,0.22525,0.00000,0.60000
2.15490,0.22504,0.00000,0.60000
2.15500,0.22483,0.00000,0.60000
2.15510,0.22463,0.00000,0.60000
2.15520,0.22442,0.00000,0.60000
2.15530,0.22421,0.00000,0.60000
2.15540,0.22400,0.00000,0.60000
2.15550,0.22379,0.00000,0.60000
2.15560,0.22358,0.00000,0.60000
2.15570,0.22338,0.00000,0.60000
2.15580,0.22317,0.00000,0.60000
2.15590,0.22296,0.00000,0.60000
2.15600,0.22275,0.00000,0.60000
2.15610,0.22254,0.00000,0.60000
2.15620,0.22233,0.00000,0.60000
2.15630,0.22212,0.00000,0.60000
2.15640,0.22191,0.00000,0.60000
2.15650,0.22171,0.00000,0.60000
2.15660,0.22150,0.00000,0.60000
2.15670,0.22129,0.00000,0.60000
2.15680,0.22108,0.00000,0.60000
2.15690,0.22087,0.00000,0.60000
2.15700,0.22066,0.00000,0.60000
2.15710,0.22045,0.00000,0.60000
2.15720,0.22024,0.00000,0.60000
2.15730,0.22003,0.00000,0.60000
2.15740,0.21982,0.00000,0.60000
2.15750,0.21961,0.00000,0.60000
2.15760,0.21940,0.00000,0.60000
2.15770,0.21919,0.00000,0.60000
2.15780,0.21898,0.00000,0.60000
2.15790,0.21877,0.00000,0.60000
2.15800,0.21856,0.00000,0.60000
2.15810,0.21835,0.00000,0.60000
2.15820,0.21814,0.00000,0.60000
2.15830,0.21793,0.00000,0.60000
2.15840,0.21772,0.00000,0.60000
2.15850,0.21750,0.00000,0.60000
2.15860,0.21729,0.00000,0.60000
2.15870,0.21708,0.00000,0.60000
2.15880,0.21687,0.00000,0.60000
2.15890,0.21666,0.00000,0.60000
2.15900,0.21645,0.00000,0.60000
2.15910,0.21624,0.00000,0.60000
2.15920,0.21603,0.00000,0.60000
2.15930,0.21581,0.00000,0.60000
2.15940,0.21560,0.00000,0.60000
2.15950,0.21539,0.00000,0.60000
2.15960,0.21518,0.00000,0.60000
2.15970,0.21497,0.00000,0.60000
2.15980,0.21475,0.00000,0.60000
2.15990,0.21454,0.00000,0.60000
2.16000,0.21433,0.00000,0.60000
2.16010,0.21412,0.00000,0.60000
2.16020,0.21391,0.00000,0.60000
2.16030,0.21369,0.00000,0.60000
2.16040,0.21348,0.00000,0.60000
2.16050,0.21327,0.00000,0.60000
2.16060,0.21306,0.00000,0.60000
2.16070,0.21284,0.00000,0.60000
2.16080,0.21263,0.00000,0.60000
2.16090,0.21242,0.00000,0.60000
2.16100,0.21220,0.00000,0.60000
2.16110,0.21199,0.00000,0.60000
2.16120,0.21178,0.00000,0.60000
2.16130,0.21156,0.00000,0.60000
2.16140,0.21135,0.00000,0.60000
2.16150,0.21114,0.00000,0.60000
2.16160,0.21092,0.00000,0.60000
2.16170,0.21071,0.00000,0.60000
2.16180,0.21050,0.00000,0.60000
2.16190,0.21028,0.00000,0.60000
2.16200,0.21007,0.00000,0.60000
2.16210,0.20986,0.00000,0.60000
2.16220,0.20964,0.00000,0.60000
2.16230,0.20943,0.00000,0.60000
2.16240,0.20921,0.00000,0.60000
2.16250,0.20900,0.00000,0.60000
2.16260,0.20879,0.00000,0.60000
2.16270,0.20857,0.00000,0.60000
2.16280,0.20836,0.00000,0.60000
2.16290,0.20814,0.00000,0.60000
2.16300,0.20793,0.00000,0.60000
2.16310,0.20771,0.00000,0.60000
2.16320,0.20750,0.00000,0.60000
2.16330,0.20728,0.00000,0.60000
2.16340,0.20707,0.00000,0.60000
2.16350,0.20685,0.00000,0.60000
2.16360,0.20664,0.00000,0.60000
2.16370,0.20642,0.00000,0.60000
2.16380,0.20621,0.00000,0.60000
2.16390,0.20599,0.00000,0.60000
2.16400,0.20578,0.00000,0.60000
2.16410,0.20556,0.00000,0.60000
2.16420,0.20534,0.00000,0.60000
2.16430,0.20513,0.00000,0.60000
2.16440,0.20491,0.00000,0.60000
2.16450,0.20470,0.00000,0.60000
2.16460,0.20448,0.00000,0.60000
2.16470,0.20427,0.00000,0.60000
2.16480,0.20405,0.00000,0.60000
2.16490,0.20383,0.00000,0.60000
2.16500,0.20362,0.00000,0.60000
2.16510,0.20340,0.00000,0.60000
2.16520,0.20318,0.00000,0.60000
2.16530,0.20297,0.00000,0.60000
2.16540,0.20275,0.00000,0.60000
2.16550,0.20253,0.00000,0.60000
2.16560,0.20232,0.00000,0.60000
2.16570,0.20210,0.00000,0.60000
2.16580,0.20188,0.00000,0.60000
2.16590,0.20167,0.00000,0.60000
2.16600,0.20145,0.00000,0.60000
2.16610,0.20123,0.00000,0.60000
2.16620,0.20101,0.00000,0.60000
2.16630,0.20080,0.00000,0.60000
2.16640,0.20058,0.00000,0.60000
2.16650,0.20036,0.00000,0.60000
2.16660,0.20015,0.00000,0.60000
2.16670,0.19993,0.00000,0.60000
2.16680,0.19971,0.00000,0.60000
2.16690,0.19949,0.00000,0.60000
2.16700,0.19927,0.00000,0.60000
2.16710,0.19906,0.00000,0.60000
2.16720,0.19884,0.00000,0.60000
2.16730,0.19862,0.00000,0.60000
2.16740,0.19840,0.00000,0.60000
2.16750,0.19818,0.00000,0.60000
2.16760,0.19797,0.00000,0.60000
2.16770,0.19775,0.00000,0.60000
2.16780,0.19753,0.00000,0.60000
2.16790,0.19731,0.00000,0.60000
2.16800,0.19709,0.00000,0.60000
2.16810,0.19687,0.00000,0.60000
2.16820,0.19665,0.00000,0.60000
2.16830,0.19643,0.00000,0.60000
2.16840,0.19622,0.00000,0.60000
2.16850,0.19600,0.00000,0.60000
2.16860,0.19578,0.00000,0.60000
2.16870,0.19556,0.00000,0.60000
2.16880,0.19534,0.00000,0.60000
2.16890,0.19512,0.00000,0.60000
2.16900,0.19490,0.00000,0.60000
2.16910,0.19468,0.00000,0.60000
2.16920,0.19446,0.00000,0.60000
2.16930,0.19424,0.00000,0.60000
2.16940,0.19402,0.00000,0.60000
2.16950,0.19380,0.00000,0.60000
2.16960,0.19358,0.00000,0.60000
2.16970,0.19336,0.00000,0.60000
2.16980,0.19314,0.00000,0.60000
2.16990,0.19292,0.00000,0.60000
2.17000,0.19270,0.00000,0.60000
2.17010,0.19248,0.00000,0.60000
2.17020,0.19226,0.00000,0.60000
2.17030,0.19204,0.00000,0.60000
2.17040,0.19182,0.00000,0.60000
2.17050,0.19160,0.00000,0.60000
2.17060,0.19138,0.00000,0.60000
2.17070,0.19116,0.00000,0.60000
2.17080,0.19094,0.00000,0.60000
2.17090,0.19072,0.00000,0.60000
2.17100,0.19050,0.00000,0.60000
2.17110,0.19027,0.00000,0.60000
2.17120,0.19005,0.00000,0.60000
2.17130,0.18983,0.00000,0.60000
2.17140,0.18961,0.00000,0.60000
2.17150,0.18939,0.00000,0.60000
2.17160,0.18917,0.00000,0.60000
2.17170,0.18895,0.00000,0.60000
2.17180,0.18872,0.00000,0.60000
2.17190,0.18850,0.00000,0.60000
2.17200,0.18828,0.00000,0.60000
2.17210,0.18806,0.00000,0.60000
2.17220,0.18784,0.00000,0.60000
2.17230,0.18762,0.00000,0.60000
2.17240,0.18739,0.00000,0.60000
2.17250,0.18717,0.00000,0.60000
2.17260,0.18695,0.00000,0.60000
2.17270,0.18673,0.00000,0.60000
2.17280,0.18651,0.00000,0.60000
2.17290,0.18628,0.00000,0.60000
2.17300,0.18606,0.00000,0.60000
2.17310,0.18584,0.00000,0.60000
2.17320,0.18562,0.00000,0.60000
2.17330,0.18539,0.00000,0.60000
2.17340,0.18517,0.00000,0.60000
2.17350,0.18495,0.00000,0.60000
2.17360,0.18472,0.00000,0.60000
2.17370,0.18450,0.00000,0.60000
2.17380,0.18428,0.00000,0.60000
2.17390,0.18406,0.00000,0.60000
2.17400,0.18383,0.00000,0.60000
2.17410,0.18361,0.00000,0.60000
2.17420,0.18339,0.00000,0.60000
2.17430,0.18316,0.00000,0.60000
2.17440,0.18294,0.00000,0.60000
2.17450,0.18271,0.00000,0.60000
2.17460,0.18249,0.00000,0.60000
2.17470,0.18227,0.00000,0.60000
2.17480,0.18204,0.00000,0.60000
2.17490,0.18182,0.00000,0.60000
2.17500,0.18160,0.00000,0.60000
2.17510,0.18137,0.00000,0.60000
2.17520,0.18115,0.00000,0.60000
2.17530,0.18092,0.00000,0.60000
2.17540,0.18070,0.00000,0.60000
2.17550,0.18048,0.00000,0.60000
2.17560,0.18025,0.00000,0.60000
2.17570,0.18003,0.00000,0.60000
2.17580,0.17980,0.00000,0.60000
2.17590,0.17958,0.00000,0.60000
2.17600,0.17935,0.00000,0.60000
2.17610,0.17913,0.00000,0.60000
2.17620,0.17890,0.00000,0.60000
2.17630,0.17868,0.00000,0.60000
2.17640,0.17845,0.00000,0.60000
2.17650,0.17823,0.00000,0.60000
2.17660,0.17800,0.00000,0.60000
2.17670,0.17778,0.00000,0.60000
2.17680,0.17755,0.00000,0.60000
2.17690,0.17733,0.00000,0.60000
2.17700,0.17710,0.00000,0.60000
2.17710,0.17688,0.00000,0.60000
2.17720,0.17665,0.00000,0.60000
2.17730,0.17643,0.00000,0.60000
2.17740,0.17620,0.00000,0.60000
2.17750,0.17598,0.00000,0.60000
2.17760,0.17575,0.00000,0.60000
2.17770,0.17552,0.00000,0.60000
2.17780,0.17530,0.00000,0.60000
2.17790,0.17507,0.00000,0.60000
2.17800,0.17485,0.00000,0.60000
2.17810,0.17462,0.00000,0.60000
2.17820,0.17439,0.00000,0.60000
2.17830,0.17417,0.00000,0.60000
2.17840,0.17394,0.00000,0.60000
2.17850,0.17372,0.00000,0.60000
2.17860,0.17349,0.00000,0.60000
2.17870,0.17326,0.00000,0.60000
2.17880,0.17304,0.00000,0.60000
2.17890,0.17281,0.00000,0.60000
2.17900,0.17258,0.00000,0.60000
2.17910,0.17236,0.00000,0.60000
2.17920,0.17213,0.00000,0.60000
2.17930,0.17190,0.00000,0.60000
2.17940,0.17167,0.00000,0.60000
2.17950,0.17145,0.00000,0.60000
2.17960,0.17122,0.00000,0.60000
2.17970,0.17099,0.00000,0.60000
2.17980,0.17077,0.00000,0.60000
2.17990,0.17054,0.00000,0.60000
2.18000,0.17031,0.00000,0.60000
2.18010,0.17008,0.00000,0.60000
2.18020,0.16986,0.00000,0.60000
2.18030,0.16963,0.00000,0.60000
2.18040,0.16940,0.00000,0.60000
2.18050,0.16917,0.00000,0.60000
2.18060,0.16895,0.00000,0.60000
2.18070,0.16872,0.00000,0.60000
2.18080,0.16849,0.00000,0.60000
2.18090,0.16826,0.00000,0.60000
2.18100,0.16803,0.00000,0.60000
2.18110,0.16781,0.00000,0.60000
2.18120,0.16758,0.00000,0.60000
2.18130,0.16735,0.00000,0.60000
2.18140,0.16712,0.00000,0.60000
2.18150,0.16689,0.00000,0.60000
2.18160,0.16666,0.00000,0.60000
2.18170,0.16644,0.00000,0.60000
2.18180,0.16621,0.00000,0.60000
2.18190,0.16598,0.00000,0.60000
2.18200,0.16575,0.00000,0.60000
2.18210,0.16552,0.00000,0.60000
2.18220,0.16529,0.00000,0.60000
2.18230,0.16506,0.00000,0.60000
2.18240,0.16483,0.00000,0.60000
2.18250,0.16461,0.00000,0.60000
2.18260,0.16438,0.00000,0.60000
2.18270,0.16415,0.00000,0.60000
2.18280,0.16392,0.00000,0.60000
2.18290,0.16369,0.00000,0.60000
2.18300,0.16346,0.00000,0.60000
2.18310,0.16323,0.00000,0.60000
2.18320,0.16300,0.00000,0.60000
2.18330,0.16277,0.00000,0.60000
2.18340,0.16254,0.00000,0.60000
2.18350,0.16231,0.00000,0.60000
2.18360,0.16208,0.00000,0.60000
2.18370,0.16185,0.00000,0.60000
2.18380,0.16162,0.00000,0.60000
2.18390,0.16139,0.00000,0.60000
2.18400,0.16116,0.00000,0.60000
2.18410,0.16093,0.00000,0.60000
2.18420,0.16070,0.00000,0.60000
2.18430,0.16047,0.00000,0.60000
2.18440,0.16024,0.00000,0.60000
2.18450,0.16001,0.00000,0.60000
2.18460,0.15978,0.00000,0.60000
2.18470,0.15955,0.00000,0.60000
2.18480,0.15932,0.00000,0.60000
2.18490,0.15909,0.00000,0.60000
2.18500,0.15886,0.00000,0.60000
2.18510,0.15863,0.00000,0.60000
2.18520,0.15840,0.00000,0.60000
2.18530,0.15817,0.00000,0.60000
2.18540,0.15794,0.00000,0.60000
2.18550,0.15771,0.00000,0.60000
2.18560,0.15747,0.00000,0.60000
2.18570,0.15724,0.00000,0.60000
2.18580,0.15701,0.00000,0.60000
2.18590,0.15678,0.00000,0.60000
2.18600,0.15655,0.00000,0.60000
2.18610,0.15632,0.00000,0.60000
2.18620,0.15609,0.00000,0.60000
2.18630,0.15586,0.00000,0.60000
2.18640,0.15562,0.00000,0.60000
2.18650,0.15539,0.00000,0.60000
2.18660,0.15516,0.00000,0.60000
2.18670,0.15493,0.00000,0.60000
2.18680,0.15470,0.00000,0.60000
2.18690,0.15447,0.00000,0.60000
2.18700,0.15423,0.00000,0.60000
2.18710,0.15400,0.00000,0.60000
2.18720,0.15377,0.00000,0.60000
2.18730,0.15354,0.00000,0.60000
2.18740,0.15331,0.00000,0.60000
2.18750,0.15307,0.00000,0.60000
2.18760,0.15284,0.00000,0.60000
2.18770,0.15261,0.00000,0.60000
2.18780,0.15238,0.00000,0.60000
2.18790,0.15214,0.00000,0.60000
2.18800,0.15191,0.00000,0.60000
2.18810,0.15168,0.00000,0.60000
2.18820,0.15145,0.00000,0.60000
2.18830,0.15121,0.00000,0.60000
2.18840,0.15098,0.00000,0.60000
2.18850,0.15075,0.00000,0.60000
2.18860,0.15052,0.00000,0.60000
2.18870,0.15028,0.00000,0.60000
2.18880,0.15005,0.00000,0.60000
2.18890,0.14982,0.00000,0.60000
2.18900,0.14958,0.00000,0.60000
2.18910,0.14935,0.00000,0.60000
2.18920,0.14912,0.00000,0.60000
2.18930,0.14888,0.00000,0.60000
2.18940,0.14865,0.00000,0.60000
2.18950,0.14842,0.00000,0.60000
2.18960,0.14818,0.00000,0.60000
2.18970,0.14795,0.00000,0.60000
2.18980,0.14772,0.00000,0.60000
2.18990,0.14748,0.00000,0.60000
2.19000,0.14725,0.00000,0.60000
2.19010,0.14702,0.00000,0.60000
2.19020,0.14678,0.00000,0.60000
2.19030,0.14655,0.00000,0.60000
2.19040,0.14631,0.00000,0.60000
2.19050,0.14608,0.00000,0.60000
2.19060,0.14585,0.00000,0.60000
2.19070,0.14561,0.00000,0.60000
2.19080,0.14538,0.00000,0.60000
2.19090,0.14514,0.00000,0.60000
2.19100,0.14491,0.00000,0.60000
2.19110,0.14468,0.00000,0.60000
2.19120,0.14444,0.00000,0.60000
2.19130,0.14421,0.00000,0.60000
2.19140,0.14397,0.00000,0.60000
2.19150,0.14374,0.00000,0.60000
2.19160,0.14350,0.00000,0.60000
2.19170,0.14327,0.00000,0.60000
2.19180,0.14303,0.00000,0.60000
2.19190,0.14280,0.00000,0.60000
2.19200,0.14256,0.00000,0.60000
2.19210,0.14233,0.00000,0.60000
2.19220,0.14209,0.00000,0.60000
2.19230,0.14186,0.00000,0.60000
2.19240,0.14163,0.00000,0.60000
2.19250,0.14139,0.00000,0.60000
2.19260,0.14115,0.00000,0.60000
2.19270,0.14092,0.00000,0.60000
2.19280,0.14068,0.00000,0.60000
2.19290,0.14045,0.00000,0.60000
2.19300,0.14021,0.00000,0.60000
2.19310,0.13998,0.00000,0.60000
2.19320,0.13974,0.00000,0.60000
2.19330,0.13951,0.00000,0.60000
2.19340,0.13927,0.00000,0.60000
2.19350,0.13904,0.00000,0.60000
2.19360,0.13880,0.00000,0.60000
2.19370,0.13856,0.00000,0.60000
2.19380,0.13833,0.00000,0.60000
2.19390,0.13809,0.00000,0.60000
2.19400,0.13786,0.00000,0.60000
2.19410,0.13762,0.00000,0.60000
2.19420,0.13739,0.00000,0.60000
2.19430,0.13715,0.00000,0.60000
2.19440,0.13691,0.00000,0.60000
2.19450,0.13668,0.00000,0.60000
2.19460,0.13644,0.00000,0.60000
2.19470,0.13620,0.00000,0.60000
2.19480,0.13597,0.00000,0.60000
2.19490,0.13573,0.00000,0.60000
2.19500,0.13550,0.00000,0.60000
2.19510,0.13526,0.00000,0.60000
2.19520,0.13502,0.00000,0.60000
2.19530,0.13479,0.00000,0.60000
2.19540,0.13455,0.00000,0.60000
2.19550,0.13431,0.00000,0.60000
2.19560,0.13408,0.00000,0.60000
2.19570,0.13384,0.00000,0.60000
2.19580,0.13360,0.00000,0.60000
2.19590,0.13336,0.00000,0.60000
2.19600,0.13313,0.00000,0.60000
2.19610,0.13289,0.00000,0.60000
2.19620,0.13265,0.00000,0.60000
2.19630,0.13242,0.00000,0.60000
2.19640,0.13218,0.00000,0.60000
2.19650,0.13194,0.00000,0.60000
2.19660,0.13170,0.00000,0.60000
2.19670,0.13147,0.00000,0.60000
2.19680,0.13123,0.00000,0.60000
2.19690,0.13099,0.00000,0.60000
2.19700,0.13076,0.00000,0.60000
2.19710,0.13052,0.00000,0.60000
2.19720,0.13028,0.00000,0.60000
2.19730,0.13004,0.00000,0.60000
2.19740,0.12980,0.00000,0.60000
2.19750,0.12957,0.00000,0.60000
2.19760,0.12933,0.00000,0.60000
2.19770,0.12909,0.00000,0.60000
2.19780,0.12885,0.00000,0.60000
2.19790,0.12862,0.00000,0.60000
2.19800,0.12838,0.00000,0.60000
2.19810,0.12814,0.00000,0.60000
2.19820,0.12790,0.00000,0.60000
2.19830,0.12766,0.00000,0.60000
2.19840,0.12742,0.00000,0.60000
2.19850,0.12719,0.00000,0.60000
2.19860,0.12695,0.00000,0.60000
2.19870,0.12671,0.00000,0.60000
2.19880,0.12647,0.00000,0.60000
2.19890,0.12623,0.00000,0.60000
2.19900,0.12599,0.00000,0.60000
2.19910,0.12576,0.00000,0.60000
2.19920,0.12552,0.00000,0.60000
2.19930,0.12528,0.00000,0.60000
2.19940,0.12504,0.00000,0.60000
2.19950,0.12480,0.00000,0.60000
2.19960,0.12456,0.00000,0.60000
2.19970,0.12432,0.00000,0.60000
2.19980,0.12408,0.00000,0.60000
2.19990,0.12385,0.00000,0.60000
2.20000,0.12361,0.00000,0.60000
2.20010,0.12337,0.00000,0.60000
2.20020,0.12313,0.00000,0.60000
2.20030,0.12289,0.00000,0.60000
2.20040,0.12265,0.00000,0.60000
2.20050,0.12241,0.00000,0.60000
2.20060,0.12217,0.00000,0.60000
2.20070,0.12193,0.00000,0.60000
2.20080,0.12169,0.00000,0.60000
2.20090,0.12145,0.00000,0.60000
2.20100,0.12121,0.00000,0.60000
2.20110,0.12097,0.00000,0.60000
2.20120,0.12073,0.00000,0.60000
2.20130,0.12050,0.00000,0.60000
2.20140,0.12026,0.00000,0.60000
2.20150,0.12002,0.00000,0.60000
2.20160,0.11978,0.00000,0.60000
2.20170,0.11954,0.00000,0.60000
2.20180,0.11930,0.00000,0.60000
2.20190,0.11906,0.00000,0.60000
2.20200,0.11882,0.00000,0.60000
2.20210,0.11858,0.00000,0.60000
2.20220,0.11834,0.00000,0.60000
2.20230,0.11810,0.00000,0.60000
2.20240,0.11786,0.00000,0.60000
2.20250,0.11762,0.00000,0.60000
2.20260,0.11738,0.00000,0.60000
2.20270,0.11714,0.00000,0.60000
2.20280,0.11690,0.00000,0.60000
2.20290,0.11665,0.00000,0.60000
2.20300,0.11641,0.00000,0.60000
2.20310,0.11617,0.00000,0.60000
2.20320,0.11593,0.00000,0.60000
2.20330,0.11569,0.00000,0.60000
2.20340,0.11545,0.00000,0.60000
2.20350,0.11521,0.00000,0.60000
2.20360,0.11497,0.00000,0.60000
2.20370,0.11473,0.00000,0.60000
2.20380,0.11449,0.00000,0.60000
2.20390,0.11425,0.00000,0.60000
2.20400,0.11401,0.00000,0.60000
2.20410,0.11377,0.00000,0.60000
2.20420,0.11353,0.00000,0.60000
2.20430,0.11328,0.00000,0.60000
2.20440,0.11304,0.00000,0.60000
2.20450,0.11280,0.00000,0.60000
2.20460,0.11256,0.00000,0.60000
2.20470,0.11232,0.00000,0.60000
2.20480,0.11208,0.00000,0.60000
2.20490,0.11184,0.00000,0.60000
2.20500,0.11160,0.00000,0.60000
2.20510,0.11136,0.00000,0.60000
2.20520,0.11111,0.00000,0.60000
2.20530,0.11087,0.00000,0.60000
2.20540,0.11063,0.00000,0.60000
2.20550,0.11039,0.00000,0.60000
2.20560,0.11015,0.00000,0.60000
2.20570,0.10991,0.00000,0.60000
2.20580,0.10966,0.00000,0.60000
2.20590,0.10942,0.00000,0.60000
2.20600,0.10918,0.00000,0.60000
2.20610,0.10894,0.00000,0.60000
2.20620,0.10870,0.00000,0.60000
2.20630,0.10846,0.00000,0.60000
2.20640,0.10821,0.00000,0.60000
2.20650,0.10797,0.00000,0.60000
2.20660,0.10773,0.00000,0.60000
2.20670,0.10749,0.00000,0.60000
2.20680,0.10725,0.00000,0.60000
2.20690,0.10700,0.00000,0.60000
2.20700,0.10676,0.00000,0.60000
2.20710,0.10652,0.00000,0.60000
2.20720,0.10628,0.00000,0.60000
2.20730,0.10603,0.00000,0.60000
2.20740,0.10579,0.00000,0.60000
2.20750,0.10555,0.00000,0.60000
2.20760,0.10531,0.00000,0.60000
2.20770,0.10506,0.00000,0.60000
2.20780,0.10482,0.00000,0.60000
2.20790,0.10458,0.00000,0.60000
2.20800,0.10434,0.00000,0.60000
2.20810,0.10409,0.00000,0.60000
2.20820,0.10385,0.00000,0.60000
2.20830,0.10361,0.00000,0.60000
2.20840,0.10337,0.00000,0.60000
2.20850,0.10312,0.00000,0.60000
2.20860,0.10288,0.00000,0.60000
2.20870,0.10264,0.00000,0.60000
2.20880,0.10239,0.00000,0.60000
2.20890,0.10215,0.00000,0.60000
2.20900,0.10191,0.00000,0.60000
2.20910,0.10167,0.00000,0.60000
2.20920,0.10142,0.00000,0.60000
2.20930,0.10118,0.00000,0.60000
2.20940,0.10094,0.00000,0.60000
2.20950,0.10069,0.00000,0.60000
2.20960,0.10045,0.00000,0.60000
2.20970,0.10021,0.00000,0.60000
2.20980,0.09996,0.00000,0.60000
2.20990,0.09972,0.00000,0.60000
2.21000,0.09948,0.00000,0.60000
2.21010,0.09923,0.00000,0.60000
2.21020,0.09899,0.00000,0.60000
2.21030,0.09875,0.00000,0.60000
2.21040,0.09850,0.00000,0.60000
2.21050,0.09826,0.00000,0.60000
2.21060,0.09801,0.00000,0.60000
2.21070,0.09777,0.00000,0.60000
2.21080,0.09753,0.00000,0.60000
2.21090,0.09728,0.00000,0.60000
2.21100,0.09704,0.00000,0.60000
2.21110,0.09680,0.00000,0.60000
2.21120,0.09655,0.00000,0.60000
2.21130,0.09631,0.00000,0.60000
2.21140,0.09606,0.00000,0.60000
2.21150,0.09582,0.00000,0.60000
2.21160,0.09558,0.00000,0.60000
2.21170,0.09533,0.00000,0.60000
2.21180,0.09509,0.00000,0.60000
2.21190,0.09484,0.00000,0.60000
2.21200,0.09460,0.00000,0.60000
2.21210,0.09436,0.00000,0.60000
2.21220,0.09411,0.00000,0.60000
2.21230,0.09387,0.00000,0.60000
2.21240,0.09362,0.00000,0.60000
2.21250,0.09338,0.00000,0.60000
2.21260,0.09313,0.00000,0.60000
2.21270,0.09289,0.00000,0.60000
2.21280,0.09264,0.00000,0.60000
2.21290,0.09240,0.00000,0.60000
2.21300,0.09216,0.00000,0.60000
2.21310,0.09191,0.00000,0.60000
2.21320,0.09167,0.00000,0.60000
2.21330,0.09142,0.00000,0.60000
2.21340,0.09118,0.00000,0.60000
2.21350,0.09093,0.00000,0.60000
2.21360,0.09069,0.00000,0.60000
2.21370,0.09044,0.00000,0.60000
2.21380,0.09020,0.00000,0.60000
2.21390,0.08995,0.00000,0.60000
2.21400,0.08971,0.00000,0.60000
2.21410,0.08946,0.00000,0.60000
2.21420,0.08922,0.00000,0.60000
2.21430,0.08897,0.00000,0.60000
2.21440,0.08873,0.00000,0.60000
2.21450,0.08848,0.00000,0.60000
2.21460,0.08824,0.00000,0.60000
2.21470,0.08799,0.00000,0.60000
2.21480,0.08775,0.00000,0.60000
2.21490,0.08750,0.00000,0.60000
2.21500,0.08726,0.00000,0.60000
2.21510,0.08701,0.00000,0.60000
2.21520,0.08677,0.00000,0.60000
2.21530,0.08652,0.00000,0.60000
2.21540,0.08628,0.00000,0.60000
2.21550,0.08603,0.00000,0.60000
2.21560,0.08579,0.00000,0.60000
2.21570,0.08554,0.00000,0.60000
2.21580,0.08529,0.00000,0.60000
2.21590,0.08505,0.00000,0.60000
2.21600,0.08480,0.00000,0.60000
2.21610,0.08456,0.00000,0.60000
2.21620,0.08431,0.00000,0.60000
2.21630,0.08407,0.00000,0.60000
2.21640,0.08382,0.00000,0.60000
2.21650,0.08357,0.00000,0.60000
2.21660,0.08333,0.00000,0.60000
2.21670,0.08308,0.00000,0.60000
2.21680,0.08284,0.00000,0.60000
2.21690,0.08259,0.00000,0.60000
2.21700,0.08235,0.00000,0.60000
2.21710,0.08210,0.00000,0.60000
2.21720,0.08185,0.00000,0.60000
2.21730,0.08161,0.00000,0.60000
2.21740,0.08136,0.00000,0.60000
2.21750,0.08111,0.00000,0.60000
2.21760,0.08087,0.00000,0.60000
2.21770,0.08062,0.00000,0.60000
2.21780,0.08038,0.00000,0.60000
2.21790,0.08013,0.00000,0.60000
2.21800,0.07988,0.00000,0.60000
2.21810,0.07964,0.00000,0.60000
2.21820,0.07939,0.00000,0.60000
2.21830,0.07915,0.00000,0.60000
2.21840,0.07890,0.00000,0.60000
2.21850,0.07865,0.00000,0.60000
2.21860,0.07841,0.00000,0.60000
2.21870,0.07816,0.00000,0.60000
2.21880,0.07791,0.00000,0.60000
2.21890,0.07767,0.00000,0.60000
2.21900,0.07742,0.00000,0.60000
2.21910,0.07717,0.00000,0.60000
2.21920,0.07693,0.00000,0.60000
2.21930,0.07668,0.00000,0.60000
2.21940,0.07643,0.00000,0.60000
2.21950,0.07619,0.00000,0.60000
2.21960,0.07594,0.00000,0.60000
2.21970,0.07569,0.00000,0.60000
2.21980,0.07545,0.00000,0.60000
2.21990,0.07520,0.00000,0.60000
2.22000,0.07495,0.00000,0.60000
2.22010,0.07471,0.00000,0.60000
2.22020,0.07446,0.00000,0.60000
2.22030,0.07421,0.00000,0.60000
2.22040,0.07396,0.00000,0.60000
2.22050,0.07372,0.00000,0.60000
2.22060,0.07347,0.00000,0.60000
2.22070,0.07322,0.00000,0.60000
2.22080,0.07298,0.00000,0.60000
2.22090,0.07273,0.00000,0.60000
2.22100,0.07248,0.00000,0.60000
2.22110,0.07224,0.00000,0.60000
2.22120,0.07199,0.00000,0.60000
2.22130,0.07174,0.00000,0.60000
2.22140,0.07149,0.00000,0.60000
2.22150,0.07125,0.00000,0.60000
2.22160,0.07100,0.00000,0.60000
2.22170,0.07075,0.00000,0.60000
2.22180,0.07050,0.00000,0.60000
2.22190,0.07026,0.00000,0.60000
2.22200,0.07001,0.00000,0.60000
2.22210,0.06976,0.00000,0.60000
2.22220,0.06951,0.00000,0.60000
2.22230,0.06927,0.00000,0.60000
2.22240,0.06902,0.00000,0.60000
2.22250,0.06877,0.00000,0.60000
2.22260,0.06852,0.00000,0.60000
2.22270,0.06828,0.00000,0.60000
2.22280,0.06803,0.00000,0.60000
2.22290,0.06778,0.00000,0.60000
2.22300,0.06753,0.00000,0.60000
2.22310,0.06729,0.00000,0.60000
2.22320,0.06704,0.00000,0.60000
2.22330,0.06679,0.00000,0.60000
2.22340,0.06654,0.00000,0.60000
2.22350,0.06629,0.00000,0.60000
2.22360,0.06605,0.00000,0.60000
2.22370,0.06580,0.00000,0.60000
2.22380,0.06555,0.00000,0.60000
2.22390,0.06530,0.00000,0.60000
2.22400,0.06505,0.00000,0.60000
2.22410,0.06481,0.00000,0.60000
2.22420,0.06456,0.00000,0.60000
2.22430,0.06431,0.00000,0.60000
2.22440,0.06406,0.00000,0.60000
2.22450,0.06381,0.00000,0.60000
2.22460,0.06357,0.00000,0.60000
2.22470,0.06332,0.00000,0.60000
2.22480,0.06307,0.00000,0.60000
2.22490,0.06282,0.00000,0.60000
2.22500,0.06257,0.00000,0.60000
2.22510,0.06233,0.00000,0.60000
2.22520,0.06208,0.00000,0.60000
2.22530,0.06183,0.00000,0.60000
2.22540,0.06158,0.00000,0.60000
2.22550,0.06133,0.00000,0.60000
2.22560,0.06108,0.00000,0.60000
2.22570,0.06084,0.00000,0.60000
2.22580,0.06059,0.00000,0.60000
2.22590,0.06034,0.00000,0.60000
2.22600,0.06009,0.00000,0.60000
2.22610,0.05984,0.00000,0.60000
2.22620,0.05959,0.00000,0.60000
2.22630,0.05934,0.00000,0.60000
2.22640,0.05910,0.00000,0.60000
2.22650,0.05885,0.00000,0.60000
2.22660,0.05860,0.00000,0.60000
2.22670,0.05835,0.00000,0.60000
2.22680,0.05810,0.00000,0.60000
2.22690,0.05785,0.00000,0.60000
2.22700,0.05760,0.00000,0.60000
2.22710,0.05736,0.00000,0.60000
2.22720,0.05711,0.00000,0.60000
2.22730,0.05686,0.00000,0.60000
2.22740,0.05661,0.00000,0.60000
2.22750,0.05636,0.00000,0.60000
2.22760,0.05611,0.00000,0.60000
2.22770,0.05586,0.00000,0.60000
2.22780,0.05561,0.00000,0.60000
2.22790,0.05537,0.00000,0.60000
2.22800,0.05512,0.00000,0.60000
2.22810,0.05487,0.00000,0.60000
2.22820,0.05462,0.00000,0.60000
2.22830,0.05437,0.00000,0.60000
2.22840,0.05412,0.00000,0.60000
2.22850,0.05387,0.00000,0.60000
2.22860,0.05362,0.00000,0.60000
2.22870,0.05337,0.00000,0.60000
2.22880,0.05312,0.00000,0.60000
2.22890,0.05287,0.00000,0.60000
2.22900,0.05263,0.00000,0.60000
2.22910,0.05238,0.00000,0.60000
2.22920,0.05213,0.00000,0.60000
2.22930,0.05188,0.00000,0.60000
2.22940,0.05163,0.00000,0.60000
2.22950,0.05138,0.00000,0.60000
2.22960,0.05113,0.00000,0.60000
2.22970,0.05088,0.00000,0.60000
2.22980,0.05063,0.00000,0.60000
2.22990,0.05038,0.00000,0.60000
2.23000,0.05013,0.00000,0.60000
2.23010,0.04988,0.00000,0.60000
2.23020,0.04963,0.00000,0.60000
2.23030,0.04939,0.00000,0.60000
2.23040,0.04914,0.00000,0.60000
2.23050,0.04889,0.00000,0.60000
2.23060,0.04864,0.00000,0.60000
2.23070,0.04839,0.00000,0.60000
2.23080,0.04814,0.00000,0.60000
2.23090,0.04789,0.00000,0.60000
2.23100,0.04764,0.00000,0.60000
2.23110,0.04739,0.00000,0.60000
2.23120,0.04714,0.00000,0.60000
2.23130,0.04689,0.00000,0.60000
2.23140,0.04664,0.00000,0.60000
2.23150,0.04639,0.00000,0.60000
2.23160,0.04614,0.00000,0.60000
2.23170,0.04589,0.00000,0.60000
2.23180,0.04564,0.00000,0.60000
2.23190,0.04539,0.00000,0.60000
2.23200,0.04514,0.00000,0.60000
2.23210,0.04489,0.00000,0.60000
2.23220,0.04464,0.00000,0.60000
2.23230,0.04439,0.00000,0.60000
2.23240,0.04414,0.00000,0.60000
2.23250,0.04389,0.00000,0.60000
2.23260,0.04364,0.00000,0.60000
2.23270,0.04339,0.00000,0.60000
2.23280,0.04314,0.00000,0.60000
2.23290,0.04289,0.00000,0.60000
2.23300,0.04264,0.00000,0.60000
2.23310,0.04239,0.00000,0.60000
2.23320,0.04214,0.00000,0.60000
2.23330,0.04189,0.00000,0.60000
2.23340,0.04164,0.00000,0.60000
2.23350,0.04139,0.00000,0.60000
2.23360,0.04114,0.00000,0.60000
2.23370,0.04089,0.00000,0.60000
2.23380,0.04064,0.00000,0.60000
2.23390,0.04039,0.00000,0.60000
2.23400,0.04014,0.00000,0.60000
2.23410,0.03989,0.00000,0.60000
2.23420,0.03964,0.00000,0.60000
2.23430,0.03939,0.00000,0.60000
2.23440,0.03914,0.00000,0.60000
2.23450,0.03889,0.00000,0.60000
2.23460,0.03864,0.00000,0.60000
2.23470,0.03839,0.00000,0.60000
2.23480,0.03814,0.00000,0.60000
2.23490,0.03789,0.00000,0.60000
2.23500,0.03764,0.00000,0.60000
2.23510,0.03739,0.00000,0.60000
2.23520,0.03714,0.00000,0.60000
2.23530,0.03689,0.00000,0.60000
2.23540,0.03664,0.00000,0.60000
2.23550,0.03639,0.00000,0.60000
2.23560,0.03614,0.00000,0.60000
2.23570,0.03589,0.00000,0.60000
2.23580,0.03564,0.00000,0.60000
2.23590,0.03539,0.00000,0.60000
2.23600,0.03514,0.00000,0.60000
2.23610,0.03489,0.00000,0.60000
2.23620,0.03464,0.00000,0.60000
2.23630,0.03439,0.00000,0.60000
2.23640,0.03414,0.00000,0.60000
2.23650,0.03389,0.00000,0.60000
2.23660,0.03364,0.00000,0.60000
2.23670,0.03339,0.00000,0.60000
2.23680,0.03314,0.00000,0.60000
2.23690,0.03289,0.00000,0.60000
2.23700,0.03264,0.00000,0.60000
2.23710,0.03239,0.00000,0.60000
2.23720,0.03214,0.00000,0.60000
2.23730,0.03188,0.00000,0.60000
2.23740,0.03163,0.00000,0.60000
2.23750,0.03138,0.00000,0.60000
2.23760,0.03113,0.00000,0.60000
2.23770,0.03088,0.00000,0.60000
2.23780,0.03063,0.00000,0.60000
2.23790,0.03038,0.00000,0.60000
2.23800,0.03013,0.00000,0.60000
2.23810,0.02988,0.00000,0.60000
2.23820,0.02963,0.00000,0.60000
2.23830,0.02938,0.00000,0.60000
2.23840,0.02913,0.00000,0.60000
2.23850,0.02888,0.00000,0.60000
2.23860,0.02863,0.00000,0.60000
2.23870,0.02838,0.00000,0.60000
2.23880,0.02813,0.00000,0.60000
2.23890,0.02787,0.00000,0.60000
2.23900,0.02762,0.00000,0.60000
2.23910,0.02737,0.00000,0.60000
2.23920,0.02712,0.00000,0.60000
2.23930,0.02687,0.00000,0.60000
2.23940,0.02662,0.00000,0.60000
2.23950,0.02637,0.00000,0.60000
2.23960,0.02612,0.00000,0.60000
2.23970,0.02587,0.00000,0.60000
2.23980,0.02562,0.00000,0.60000
2.23990,0.02537,0.00000,0.60000
2.24000,0.02512,0.00000,0.60000
2.24010,0.02487,0.00000,0.60000
2.24020,0.02461,0.00000,0.60000
2.24030,0.02436,0.00000,0.60000
2.24040,0.02411,0.00000,0.60000
2.24050,0.02386,0.00000,0.60000
2.24060,0.02361,0.00000,0.60000
2.24070,0.02336,0.00000,0.60000
2.24080,0.02311,0.00000,0.60000
2.24090,0.02286,0.00000,0.60000
2.24100,0.02261,0.00000,0.60000
2.24110,0.02236,0.00000,0.60000
2.24120,0.02211,0.00000,0.60000
2.24130,0.02185,0.00000,0.60000
2.24140,0.02160,0.00000,0.60000
2.24150,0.02135,0.00000,0.60000
2.24160,0.02110,0.00000,0.60000
2.24170,0.02085,0.00000,0.60000
2.24180,0.02060,0.00000,0.60000
2.24190,0.02035,0.00000,0.60000
2.24200,0.02010,0.00000,0.60000
2.24210,0.01985,0.00000,0.60000
2.24220,0.01960,0.00000,0.60000
2.24230,0.01934,0.00000,0.60000
2.24240,0.01909,0.00000,0.60000
2.24250,0.01884,0.00000,0.60000
2.24260,0.01859,0.00000,0.60000
2.24270,0.01834,0.00000,0.60000
2.24280,0.01809,0.00000,0.60000
2.24290,0.01784,0.00000,0.60000
2.24300,0.01759,0.00000,0.60000
2.24310,0.01734,0.00000,0.60000
2.24320,0.01709,0.00000,0.60000
2.24330,0.01683,0.00000,0.60000
2.24340,0.01658,0.00000,0.60000
2.24350,0.01633,0.00000,0.60000
2.24360,0.01608,0.00000,0.60000
2.24370,0.01583,0.00000,0.60000
2.24380,0.01558,0.00000,0.60000
2.24390,0.01533,0.00000,0.60000
2.24400,0.01508,0.00000,0.60000
2.24410,0.01482,0.00000,0.60000
2.24420,0.01457,0.00000,0.60000
2.24430,0.01432,0.00000,0.60000
2.24440,0.01407,0.00000,0.60000
2.24450,0.01382,0.00000,0.60000
2.24460,0.01357,0.00000,0.60000
2.24470,0.01332,0.00000,0.60000
2.24480,0.01307,0.00000,0.60000
2.24490,0.01282,0.00000,0.60000
2.24500,0.01256,0.00000,0.60000
2.24510,0.01231,0.00000,0.60000
2.24520,0.01206,0.00000,0.60000
2.24530,0.01181,0.00000,0.60000
2.24540,0.01156,0.00000,0.60000
2.24550,0.01131,0.00000,0.60000
2.24560,0.01106,0.00000,0.60000
2.24570,0.01081,0.00000,0.60000
2.24580,0.01055,0.00000,0.60000
2.24590,0.01030,0.00000,0.60000
2.24600,0.01005,0.00000,0.60000
2.24610,0.00980,0.00000,0.60000
2.24620,0.00955,0.00000,0.60000
2.24630,0.00930,0.00000,0.60000
2.24640,0.00905,0.00000,0.60000
2.24650,0.00880,0.00000,0.60000
2.24660,0.00854,0.00000,0.60000
2.24670,0.00829,0.00000,0.60000
2.24680,0.00804,0.00000,0.60000
2.24690,0.00779,0.00000,0.60000
2.24700,0.00754,0.00000,0.60000
2.24710,0.00729,0.00000,0.60000
2.24720,0.00704,0.00000,0.60000
2.24730,0.00679,0.00000,0.60000
2.24740,0.00653,0.00000,0.60000
2.24750,0.00628,0.00000,0.60000
2.24760,0.00603,0.00000,0.60000
2.24770,0.00578,0.00000,0.60000
2.24780,0.00553,0.00000,0.60000
2.24790,0.00528,0.00000,0.60000
2.24800,0.00503,0.00000,0.60000
2.24810,0.00478,0.00000,0.60000
2.24820,0.00452,0.00000,0.60000
2.24830,0.00427,0.00000,0.60000
2.24840,0.00402,0.00000,0.60000
2.24850,0.00377,0.00000,0.60000
2.24860,0.00352,0.00000,0.60000
2.24870,0.00327,0.00000,0.60000
2.24880,0.00302,0.00000,0.60000
2.24890,0.00276,0.00000,0.60000
2.24900,0.00251,0.00000,0.60000
2.24910,0.00226,0.00000,0.60000
2.24920,0.00201,0.00000,0.60000
2.24930,0.00176,0.00000,0.60000
2.24940,0.00151,0.00000,0.60000
2.24950,0.00126,0.00000,0.60000
2.24960,0.00101,0.00000,0.60000
2.24970,0.00075,0.00000,0.60000
2.24980,0.00050,0.00000,0.60000
2.24990,0.00025,0.00000,0.60000
2.25000,0.00000,0.00000,0.60000
2.25010,-0.00025,0.00000,0.60000
2.25020,-0.00050,0.00000,0.60000
2.25030,-0.00075,0.00000,0.60000
2.25040,-0.00101,0.00000,0.60000
2.25050,-0.00126,0.00000,0.60000
2.25060,-0.00151,0.00000,0.60000
2.25070,-0.00176,0.00000,0.60000
2.25080,-0.00201,0.00000,0.60000
2.25090,-0.00226,0.00000,0.60000
2.25100,-0.00251,0.00000,0.60000
2.25110,-0.00276,0.00000,0.60000
2.25120,-0.00302,0.00000,0.60000
2.25130,-0.00327,0.00000,0.60000
2.25140,-0.00352,0.00000,0.60000
2.25150,-0.00377,0.00000,0.60000
2.25160,-0.00402,0.00000,0.60000
2.25170,-0.00427,0.00000,0.60000
2.25180,-0.00452,0.00000,0.60000
2.25190,-0.00478,0.00000,0.60000
2.25200,-0.00503,0.00000,0.60000
2.25210,-0.00528,0.00000,0.60000
2.25220,-0.00553,0.00000,0.60000
2.25230,-0.00578,0.00000,0.60000
2.25240,-0.00603,0.00000,0.60000
2.25250,-0.00628,0.00000,0.60000
2.25260,-0.00653,0.00000,0.60000
2.25270,-0.00679,0.00000,0.60000
2.25280,-0.00704,0.00000,0.60000
2.25290,-0.00729,0.00000,0.60000
2.25300,-0.00754,0.00000,0.60000
2.25310,-0.00779,0.00000,0.60000
2.25320,-0.00804,0.00000,0.60000
2.25330,-0.00829,0.00000,0.60000
2.25340,-0.00854,0.00000,0.60000
2.25350,-0.00880,0.00000,0.60000
2.25360,-0.00905,0.00000,0.60000
2.25370,-0.00930,0.00000,0.60000
2.25380,-0.00955,0.00000,0.60000
2.25390,-0.00980,0.00000,0.60000
2.25400,-0.01005,0.00000,0.60000
2.25410,-0.01030,0.00000,0.60000
2.25420,-0.01055,0.00000,0.60000
2.25430,-0.01081,0.00000,0.60000
2.25440,-0.01106,0.00000,0.60000
2.25450,-0.01131,0.00000,0.60000
2.25460,-0.01156,0.00000,0.60000
2.25470,-0.01181,0.00000,0.60000
2.25480,-0.01206,0.00000,0.60000
2.25490,-0.01231,0.00000,0.60000
2.25500,-0.01256,0.00000,0.60000
2.25510,-0.01282,0.00000,0.60000
2.25520,-0.01307,0.00000,0.60000
2.25530,-0.01332,0.00000,0.60000
2.25540,-0.01357,0.00000,0.60000
2.25550,-0.01382,0.00000,0.60000
2.25560,-0.01407,0.00000,0.60000
2.25570,-0.01432,0.00000,0.60000
2.25580,-0.01457,0.00000,0.60000
2.25590,-0.01482,0.00000,0.60000
2.25600,-0.01508,0.00000,0.60000
2.25610,-0.01533,0.00000,0.60000
2.25620,-0.01558,0.00000,0.60000
2.25630,-0.01583,0.00000,0.60000
2.25640,-0.01608,0.00000,0.60000
2.25650,-0.01633,0.00000,0.60000
2.25660,-0.01658,0.00000,0.60000
2.25670,-0.01683,0.00000,0.60000
2.25680,-0.01709,0.00000,0.60000
2.25690,-0.01734,0.00000,0.60000
2.25700,-0.01759,0.00000,0.60000
2.25710,-0.01784,0.00000,0.60000
2.25720,-0.01809,0.00000,0.60000
2.25730,-0.01834,0.00000,0.60000
2.25740,-0.01859,0.00000,0.60000
2.25750,-0.01884,0.00000,0.60000
2.25760,-0.01909,0.00000,0.60000
2.25770,-0.01934,0.00000,0.60000
2.25780,-0.01960,0.00000,0.60000
2.25790,-0.01985,0.00000,0.60000
2.25800,-0.02010,0.00000,0.60000
2.25810,-0.02035,0.00000,0.60000
2.25820,-0.02060,0.00000,0.60000
2.25830,-0.02085,0.00000,0.60000
2.25840,-0.02110,0.00000,0.60000
2.25850,-0.02135,0.00000,0.60000
2.25860,-0.02160,0.00000,0.60000
2.25870,-0.02185,0.00000,0.60000
2.25880,-0.02211,0.00000,0.60000
2.25890,-0.02236,0.00000,0.60000
2.25900,-0.02261,0.00000,0.60000
2.25910,-0.02286,0.00000,0.60000
2.25920,-0.02311,0.00000,0.60000
2.25930,-0.02336,0.00000,0.60000
2.25940,-0.02361,0.00000,0.60000
2.25950,-0.02386,0.00000,0.60000
2.25960,-0.02411,0.00000,0.60000
2.25970,-0.02436,0.00000,0.60000
2.25980,-0.02461,0.00000,0.60000
2.25990,-0.02487,0.00000,0.60000
2.26000,-0.02512,0.00000,0.60000
2.26010,-0.02537,0.00000,0.60000
2.26020,-0.02562,0.00000,0.60000
2.26030,-0.02587,0.00000,0.60000
2.26040,-0.02612,0.00000,0.60000
2.26050,-0.02637,0.00000,0.60000
2.26060,-0.02662,0.00000,0.60000
2.26070,-0.02687,0.00000,0.60000
2.26080,-0.02712,0.00000,0.60000
2.26090,-0.02737,0.00000,0.60000
2.26100,-0.02762,0.00000,0.60000
2.26110,-0.02787,0.00000,0.60000
2.26120,-0.02813,0.00000,0.60000
2.26130,-0.02838,0.00000,0.60000
2.26140,-0.02863,0.00000,0.60000
2.26150,-0.02888,0.00000,0.60000
2.26160,-0.02913,0.00000,0.60000
2.26170,-0.02938,0.00000,0.60000
2.26180,-0.02963,0.00000,0.60000
2.26190,-0.02988,0.00000,0.60000
2.26200,-0.03013,0.00000,0.60000
2.26210,-0.03038,0.00000,0.60000
2.26220,-0.03063,0.00000,0.60000
2.26230,-0.03088,0.00000,0.60000
2.26240,-0.03113,0.00000,0.60000
2.26250,-0.03138,0.00000,0.60000
2.26260,-0.03163,0.00000,0.60000
2.26270,-0.03188,0.00000,0.60000
2.26280,-0.03214,0.00000,0.60000
2.26290,-0.03239,0.00000,0.60000
2.26300,-0.03264,0.00000,0.60000
2.26310,-0.03289,0.00000,0.60000
2.26320,-0.03314,0.00000,0.60000
2.26330,-0.03339,0.00000,0.60000
2.26340,-0.03364,0.00000,0.60000
2.26350,-0.03389,0.00000,0.60000
2.26360,-0.03414,0.00000,0.60000
2.26370,-0.03439,0.00000,0.60000
2.26380,-0.03464,0.00000,0.60000
2.26390,-0.03489,0.00000,0.60000
2.26400,-0.03514,0.00000,0.60000
2.26410,-0.03539,0.00000,0.60000
2.26420,-0.03564,0.00000,0.60000
2.26430,-0.03589,0.00000,0.60000
2.26440,-0.03614,0.00000,0.60000
2.26450,-0.03639,0.00000,0.60000
2.26460,-0.03664,0.00000,0.60000
2.26470,-0.03689,0.00000,0.60000
2.26480,-0.03714,0.00000,0.60000
2.26490,-0.03739,0.00000,0.60000
2.26500,-0.03764,0.00000,0.60000
2.26510,-0.03789,0.00000,0.60000
2.26520,-0.03814,0.00000,0.60000
2.26530,-0.03839,0.00000,0.60000
2.26540,-0.03864,0.00000,0.60000
2.26550,-0.03889,0.00000,0.60000
2.26560,-0.03914,0.00000,0.60000
2.26570,-0.03939,0.00000,0.60000
2.26580,-0.03964,0.00000,0.60000
2.26590,-0.03989,0.00000,0.60000
2.26600,-0.04014,0.00000,0.60000
2.26610,-0.04039,0.00000,0.60000
2.26620,-0.04064,0.00000,0.60000
2.26630,-0.04089,0.00000,0.60000
2.26640,-0.04114,0.00000,0.60000
2.26650,-0.04139,0.00000,0.60000
2.26660,-0.04164,0.00000,0.60000
2.26670,-0.04189,0.00000,0.60000
2.26680,-0.04214,0.00000,0.60000
2.26690,-0.04239,0.00000,0.60000
2.26700,-0.04264,0.00000,0.60000
2.26710,-0.04289,0.00000,0.60000
2.26720,-0.04314,0.00000,0.60000
2.26730,-0.04339,0.00000,0.60000
2.26740,-0.04364,0.00000,0.60000
2.26750,-0.04389,0.00000,0.60000
2.26760,-0.04414,0.00000,0.60000
2.26770,-0.04439,0.00000,0.60000
2.26780,-0.04464,0.00000,0.60000
2.26790,-0.04489,0.00000,0.60000
2.26800,-0.04514,0.00000,0.60000
2.26810,-0.04539,0.00000,0.60000
2.26820,-0.04564,0.00000,0.60000
2.26830,-0.04589,0.00000,0.60000
2.26840,-0.04614,0.00000,0.60000
2.26850,-0.04639,0.00000,0.60000
2.26860,-0.04664,0.00000,0.60000
2.26870,-0.04689,0.00000,0.60000
2.26880,-0.04714,0.00000,0.60000
2.26890,-0.04739,0.00000,0.60000
2.26900,-0.04764,0.00000,0.60000
2.26910,-0.04789,0.00000,0.60000
2.26920,-0.04814,0.00000,0.60000
2.26930,-0.04839,0.00000,0.60000
2.26940,-0.04864,0.00000,0.60000
2.26950,-0.04889,0.00000,0.60000
2.26960,-0.04914,0.00000,0.60000
2.26970,-0.04939,0.00000,0.60000
2.26980,-0.04963,0.00000,0.60000
2.26990,-0.04988,0.00000,0.60000
2.27000,-0.05013,0.00000,0.60000
2.27010,-0.05038,0.00000,0.60000
2.27020,-0.05063,0.00000,0.60000
2.27030,-0.05088,0.00000,0.60000
2.27040,-0.05113,0.00000,0.60000
2.27050,-0.05138,0.00000,0.60000
2.27060,-0.05163,0.00000,0.60000
2.27070,-0.05188,0.00000,0.60000
2.27080,-0.05213,0.00000,0.60000
2.27090,-0.05238,0.00000,0.60000
2.27100,-0.05263,0.00000,0.60000
2.27110,-0.05287,0.00000,0.60000
2.27120,-0.05312,0.00000,0.60000
2.27130,-0.05337,0.00000,0.60000
2.27140,-0.05362,0.00000,0.60000
2.27150,-0.05387,0.00000,0.60000
2.27160,-0.05412,0.00000,0.60000
2.27170,-0.05437,0.00000,0.60000
2.27180,-0.05462,0.00000,0.60000
2.27190,-0.05487,0.00000,0.60000
2.27200,-0.05512,0.00000,0.60000
2.27210,-0.05537,0.00000,0.60000
2.27220,-0.05561,0.00000,0.60000
2.27230,-0.05586,0.00000,0.60000
2.27240,-0.05611,0.00000,0.60000
2.27250,-0.05636,0.00000,0.60000
2.27260,-0.05661,0.00000,0.60000
2.27270,-0.05686,0.00000,0.60000
2.27280,-0.05711,0.00000,0.60000
2.27290,-0.05736,0.00000,0.60000
2.27300,-0.05760,0.00000,0.60000
2.27310,-0.05785,0.00000,0.60000
2.27320,-0.05810,0.00000,0.60000
2.27330,-0.05835,0.00000,0.60000
2.27340,-0.05860,0.00000,0.60000
2.27350,-0.05885,0.00000,0.60000
2.27360,-0.05910,0.00000,0.60000
2.27370,-0.05934,0.00000,0.60000
2.27380,-0.05959,0.00000,0.60000
2.27390,-0.05984,0.00000,0.60000
2.27400,-0.06009,0.00000,0.60000
2.27410,-0.06034,0.00000,0.60000
2.27420,-0.06059,0.00000,0.60000
2.27430,-0.06084,0.00000,0.60000
2.27440,-0.06108,0.00000,0.60000
2.27450,-0.06133,0.00000,0.60000
2.27460,-0.06158,0.00000,0.60000
2.27470,-0.06183,0.00000,0.60000
2.27480,-0.06208,0.00000,0.60000
2.27490,-0.06233,0.00000,0.60000
2.27500,-0.06257,0.00000,0.60000
2.27510,-0.06282,0.00000,0.60000
2.27520,-0.06307,0.00000,0.60000
2.27530,-0.06332,0.00000,0.60000
2.27540,-0.06357,0.00000,0.60000
2.27550,-0.06381,0.00000,0.60000
2.27560,-0.06406,0.00000,0.60000
2.27570,-0.06431,0.00000,0.60000
2.27580,-0.06456,0.00000,0.60000
2.27590,-0.06481,0.00000,0.60000
2.27600,-0.06505,0.00000,0.60000
2.27610,-0.06530,0.00000,0.60000
2.27620,-0.06555,0.00000,0.60000
2.27630,-0.06580,0.00000,0.60000
2.27640,-0.06605,0.00000,0.60000
2.27650,-0.06629,0.00000,0.60000
2.27660,-0.06654,0.00000,0.60000
2.27670,-0.06679,0.00000,0.60000
2.27680,-0.06704,0.00000,0.60000
2.27690,-0.06729,0.00000,0.60000
2.27700,-0.06753,0.00000,0.60000
2.27710,-0.06778,0.00000,0.60000
2.27720,-0.06803,0.00000,0.60000
2.27730,-0.06828,0.00000,0.60000
2.27740,-0.06852,0.00000,0.60000
2.27750,-0.06877,0.00000,0.60000
2.27760,-0.06902,0.00000,0.60000
2.27770,-0.06927,0.00000,0.60000
2.27780,-0.06951,0.00000,0.60000
2.27790,-0.06976,0.00000,0.60000
2.27800,-0.07001,0.00000,0.60000
2.27810,-0.07026,0.00000,0.60000
2.27820,-0.07050,0.00000,0.60000
2.27830,-0.07075,0.00000,0.60000
2.27840,-0.07100,0.00000,0.60000
2.27850,-0.07125,0.00000,0.60000
2.27860,-0.07149,0.00000,0.60000
2.27870,-0.07174,0.00000,0.60000
2.27880,-0.07199,0.00000,0.60000
2.27890,-0.07224,0.00000,0.60000
2.27900,-0.07248,0.00000,0.60000
2.27910,-0.07273,0.00000,0.60000
2.27920,-0.07298,0.00000,0.60000
2.27930,-0.07322,0.00000,0.60000
2.27940,-0.07347,0.00000,0.60000
2.27950,-0.07372,0.00000,0.60000
2.27960,-0.07396,0.00000,0.60000
2.27970,-0.07421,0.00000,0.60000
2.27980,-0.07446,0.00000,0.60000
2.27990,-0.07471,0.00000,0.60000
2.28000,-0.07495,0.00000,0.60000
2.28010,-0.07520,0.00000,0.60000
2.28020,-0.07545,0.00000,0.60000
2.28030,-0.07569,0.00000,0.60000
2.28040,-0.07594,0.00000,0.60000
2.28050,-0.07619,0.00000,0.60000
2.28060,-0.07643,0.00000,0.60000
2.28070,-0.07668,0.00000,0.60000
2.28080,-0.07693,0.00000,0.60000
2.28090,-0.07717,0.00000,0.60000
2.28100,-0.07742,0.00000,0.60000
2.28110,-0.07767,0.00000,0.60000
2.28120,-0.07791,0.00000,0.60000
2.28130,-0.07816,0.00000,0.60000
2.28140,-0.07841,0.00000,0.60000
2.28150,-0.07865,0.00000,0.60000
2.28160,-0.07890,0.00000,0.60000
2.28170,-0.07915,0.00000,0.60000
2.28180,-0.07939,0.00000,0.60000
2.28190,-0.07964,0.00000,0.60000
2.28200,-0.07988,0.00000,0.60000
2.28210,-0.08013,0.00000,0.60000
2.28220,-0.08038,0.00000,0.60000
2.28230,-0.08062,0.00000,0.60000
2.28240,-0.08087,0.00000,0.60000
2.28250,-0.08111,0.00000,0.60000
2.28260,-0.08136,0.00000,0.60000
2.28270,-0.08161,0.00000,0.60000
2.28280,-0.08185,0.00000,0.60000
2.28290,-0.08210,0.00000,0.60000
2.28300,-0.08235,0.00000,0.60000
2.28310,-0.08259,0.00000,0.60000
2.28320,-0.08284,0.00000,0.60000
2.28330,-0.08308,0.00000,0.60000
2.28340,-0.08333,0.00000,0.60000
2.28350,-0.08357,0.00000,0.60000
2.28360,-0.08382,0.00000,0.60000
2.28370,-0.08407,0.00000,0.60000
2.28380,-0.08431,0.00000,0.60000
2.28390,-0.08456,0.00000,0.60000
2.28400,-0.08480,0.00000,0.60000
2.28410,-0.08505,0.00000,0.60000
2.28420,-0.08529,0.00000,0.60000
2.28430,-0.08554,0.00000,0.60000
2.28440,-0.08579,0.00000,0.60000
2.28450,-0.08603,0.00000,0.60000
2.28460,-0.08628,0.00000,0.60000
2.28470,-0.08652,0.00000,0.60000
2.28480,-0.08677,0.00000,0.60000
2.28490,-0.08701,0.00000,0.60000
2.28500,-0.08726,0.00000,0.60000
2.28510,-0.08750,0.00000,0.60000
2.28520,-0.08775,0.00000,0.60000
2.28530,-0.08799,0.00000,0.60000
2.28540,-0.08824,0.00000,0.60000
2.28550,-0.08848,0.00000,0.60000
2.28560,-0.08873,0.00000,0.60000
2.28570,-0.08897,0.00000,0.60000
2.28580,-0.08922,0.00000,0.60000
2.28590,-0.08946,0.00000,0.60000
2.28600,-0.08971,0.00000,0.60000
2.28610,-0.08995,0.00000,0.60000
2.28620,-0.09020,0.00000,0.60000
2.28630,-0.09044,0.00000,0.60000
2.28640,-0.09069,0.00000,0.60000
2.28650,-0.09093,0.00000,0.60000
2.28660,-0.09118,0.00000,0.60000
2.28670,-0.09142,0.00000,0.60000
2.28680,-0.09167,0.00000,0.60000
2.28690,-0.09191,0.00000,0.60000
2.28700,-0.09216,0.00000,0.60000
2.28710,-0.09240,0.00000,0.60000
2.28720,-0.09264,0.00000,0.60000
2.28730,-0.09289,0.00000,0.60000
2.28740,-0.09313,0.00000,0.60000
2.28750,-0.09338,0.00000,0.60000
2.28760,-0.09362,0.00000,0.60000
2.28770,-0.09387,0.00000,0.60000
2.28780,-0.09411,0.00000,0.60000
2.28790,-0.09436,0.00000,0.60000
2.28800,-0.09460,0.00000,0.60000
2.28810,-0.09484,0.00000,0.60000
2.28820,-0.09509,0.00000,0.60000
2.28830,-0.09533,0.00000,0.60000
2.28840,-0.09558,0.00000,0.60000
2.28850,-0.09582,0.00000,0.60000
2.28860,-0.09606,0.00000,0.60000
2.28870,-0.09631,0.00000,0.60000
2.28880,-0.09655,0.00000,0.60000
2.28890,-0.09680,0.00000,0.60000
2.28900,-0.09704,0.00000,0.60000
2.28910,-0.09728,0.00000,0.60000
2.28920,-0.09753,0.00000,0.60000
2.28930,-0.09777,0.00000,0.60000
2.28940,-0.09801,0.00000,0.60000
2.28950,-0.09826,0.00000,0.60000
2.28960,-0.09850,0.00000,0.60000
2.28970,-0.09875,0.00000,0.60000
2.28980,-0.09899,0.00000,0.60000
2.28990,-0.09923,0.00000,0.60000
2.29000,-0.09948,0.00000,0.60000
2.29010,-0.09972,0.00000,0.60000
2.29020,-0.09996,0.00000,0.60000
2.29030,-0.10021,0.00000,0.60000
2.29040,-0.10045,0.00000,0.60000
2.29050,-0.10069,0.00000,0.60000
2.29060,-0.10094,0.00000,0.60000
2.29070,-0.10118,0.00000,0.60000
2.29080,-0.10142,0.00000,0.60000
2.29090,-0.10167,0.00000,0.60000
2.29100,-0.10191,0.00000,0.60000
2.29110,-0.10215,0.00000,0.60000
2.29120,-0.10239,0.00000,0.60000
2.29130,-0.10264,0.00000,0.60000
2.29140,-0.10288,0.00000,0.60000
2.29150,-0.10312,0.00000,0.60000
2.29160,-0.10337,0.00000,0.60000
2.29170,-0.10361,0.00000,0.60000
2.29180,-0.10385,0.00000,0.60000
2.29190,-0.10409,0.00000,0.60000
2.29200,-0.10434,0.00000,0.60000
2.29210,-0.10458,0.00000,0.60000
2.29220,-0.10482,0.00000,0.60000
2.29230,-0.10506,0.00000,0.60000
2.29240,-0.10531,0.00000,0.60000
2.29250,-0.10555,0.00000,0.60000
2.29260,-0.10579,0.00000,0.60000
2.29270,-0.10603,0.00000,0.60000
2.29280,-0.10628,0.00000,0.60000
2.29290,-0.10652,0.00000,0.60000
2.29300,-0.10676,0.00000,0.60000
2.29310,-0.10700,0.00000,0.60000
2.29320,-0.10725,0.00000,0.60000
2.29330,-0.10749,0.00000,0.60000
2.29340,-0.10773,0.00000,0.60000
2.29350,-0.10797,0.00000,0.60000
2.29360,-0.10821,0.00000,0.60000
2.29370,-0.10846,0.00000,0.60000
2.29380,-0.10870,0.00000,0.60000
2.29390,-0.10894,0.00000,0.60000
2.29400,-0.10918,0.00000,0.60000
2.29410,-0.10942,0.00000,0.60000
2.29420,-0.10966,0.00000,0.60000
2.29430,-0.10991,0.00000,0.60000
2.29440,-0.11015,0.00000,0.60000
2.29450,-0.11039,0.00000,0.60000
2.29460,-0.11063,0.00000,0.60000
2.29470,-0.11087,0.00000,0.60000
2.29480,-0.11111,0.00000,0.60000
2.29490,-0.11136,0.00000,0.60000
2.29500,-0.11160,0.00000,0.60000
2.29510,-0.11184,0.00000,0.60000
2.29520,-0.11208,0.00000,0.60000
2.29530,-0.11232,0.00000,0.60000
2.29540,-0.11256,0.00000,0.60000
2.29550,-0.11280,0.00000,0.60000
2.29560,-0.11304,0.00000,0.60000
2.29570,-0.11328,0.00000,0.60000
2.29580,-0.11353,0.00000,0.60000
2.29590,-0.11377,0.00000,0.60000
2.29600,-0.11401,0.00000,0.60000
2.29610,-0.11425,0.00000,0.60000
2.29620,-0.11449,0.00000,0.60000
2.29630,-0.11473,0.00000,0.60000
2.29640,-0.11497,0.00000,0.60000
2.29650,-0.11521,0.00000,0.60000
2.29660,-0.11545,0.00000,0.60000
2.29670,-0.11569,0.00000,0.60000
2.29680,-0.11593,0.00000,0.60000
2.29690,-0.11617,0.00000,0.60000
2.29700,-0.11641,0.00000,0.60000
2.29710,-0.11665,0.00000,0.60000
2.29720,-0.11690,0.00000,0.60000
2.29730,-0.11714,0.00000,0.60000
2.29740,-0.11738,0.00000,0.60000
2.29750,-0.11762,0.00000,0.60000
2.29760,-0.11786,0.00000,0.60000
2.29770,-0.11810,0.00000,0.60000
2.29780,-0.11834,0.00000,0.60000
2.29790,-0.11858,0.00000,0.60000
2.29800,-0.11882,0.00000,0.60000
2.29810,-0.11906,0.00000,0.60000
2.29820,-0.11930,0.00000,0.60000
2.29830,-0.11954,0.00000,0.60000
2.29840,-0.11978,0.00000,0.60000
2.29850,-0.12002,0.00000,0.60000
2.29860,-0.12026,0.00000,0.60000
2.29870,-0.12050,0.00000,0.60000
2.29880,-0.12073,0.00000,0.60000
2.29890,-0.12097,0.00000,0.60000
2.29900,-0.12121,0.00000,0.60000
2.29910,-0.12145,0.00000,0.60000
2.29920,-0.12169,0.00000,0.60000
2.29930,-0.12193,0.00000,0.60000
2.29940,-0.12217,0.00000,0.60000
2.29950,-0.12241,0.00000,0.60000
2.29960,-0.12265,0.00000,0.60000
2.29970,-0.12289,0.00000,0.60000
2.29980,-0.12313,0.00000,0.60000
2.29990,-0.12337,0.00000,0.60000
2.30000,-0.12361,0.00000,0.60000
2.30010,-0.12385,0.00000,0.60000
2.30020,-0.12408,0.00000,0.60000
2.30030,-0.12432,0.00000,0.60000
2.30040,-0.12456,0.00000,0.60000
2.30050,-0.12480,0.00000,0.60000
2.30060,-0.12504,0.00000,0.60000
2.30070,-0.12528,0.00000,0.60000
2.30080,-0.12552,0.00000,0.60000
2.30090,-0.12576,0.00000,0.60000
2.30100,-0.12599,0.00000,0.60000
2.30110,-0.12623,0.00000,0.60000
2.30120,-0.12647,0.00000,0.60000
2.30130,-0.12671,0.00000,0.60000
2.30140,-0.12695,0.00000,0.60000
2.30150,-0.12719,0.00000,0.60000
2.30160,-0.12742,0.00000,0.60000
2.30170,-0.12766,0.00000,0.60000
2.30180,-0.12790,0.00000,0.60000
2.30190,-0.12814,0.00000,0.60000
2.30200,-0.12838,0.00000,0.60000
2.30210,-0.12862,0.00000,0.60000
2.30220,-0.12885,0.00000,0.60000
2.30230,-0.12909,0.00000,0.60000
2.30240,-0.12933,0.00000,0.60000
2.30250,-0.12957,0.00000,0.60000
2.30260,-0.12980,0.00000,0.60000
2.30270,-0.13004,0.00000,0.60000
2.30280,-0.13028,0.00000,0.60000
2.30290,-0.13052,0.00000,0.60000
2.30300,-0.13076,0.00000,0.60000
2.30310,-0.13099,0.00000,0.60000
2.30320,-0.13123,0.00000,0.60000
2.30330,-0.13147,0.00000,0.60000
2.30340,-0.13170,0.00000,0.60000
2.30350,-0.13194,0.00000,0.60000
2.30360,-0.13218,0.00000,0.60000
2.30370,-0.13242,0.00000,0.60000
2.30380,-0.13265,0.00000,0.60000
2.30390,-0.13289,0.00000,0.60000
2.30400,-0.13313,0.00000,0.60000
2.30410,-0.13336,0.00000,0.60000
2.30420,-0.13360,0.00000,0.60000
2.30430,-0.13384,0.00000,0.60000
2.30440,-0.13408,0.00000,0.60000
2.30450,-0.13431,0.00000,0.60000
2.30460,-0.13455,0.00000,0.60000
2.30470,-0.13479,0.00000,0.60000
2.30480,-0.13502,0.00000,0.60000
2.30490,-0.13526,0.00000,0.60000
2.30500,-0.13550,0.00000,0.60000
2.30510,-0.13573,0.00000,0.60000
2.30520,-0.13597,0.00000,0.60000
2.30530,-0.13620,0.00000,0.60000
2.30540,-0.13644,0.00000,0.60000
2.30550,-0.13668,0.00000,0.60000
2.30560,-0.13691,0.00000,0.60000
2.30570,-0.13715,0.00000,0.60000
2.30580,-0.13739,0.00000,0.60000
2.30590,-0.13762,0.00000,0.60000
2.30600,-0.13786,0.00000,0.60000
2.30610,-0.13809,0.00000,0.60000
2.30620,-0.13833,0.00000,0.60000
2.30630,-0.13856,0.00000,0.60000
2.30640,-0.13880,0.00000,0.60000
2.30650,-0.13904,0.00000,0.60000
2.30660,-0.13927,0.00000,0.60000
2.30670,-0.13951,0.00000,0.60000
2.30680,-0.13974,0.00000,0.60000
2.30690,-0.13998,0.00000,0.60000
2.30700,-0.14021,0.00000,0.60000
2.30710,-0.14045,0.00000,0.60000
2.30720,-0.14068,0.00000,0.60000
2.30730,-0.14092,0.00000,0.60000
2.30740,-0.14115,0.00000,0.60000
2.30750,-0.14139,0.00000,0.60000
2.30760,-0.14163,0.00000,0.60000
2.30770,-0.14186,0.00000,0.60000
2.30780,-0.14209,0.00000,0.60000
2.30790,-0.14233,0.00000,0.60000
2.30800,-0.14256,0.00000,0.60000
2.30810,-0.14280,0.00000,0.60000
2.30820,-0.14303,0.00000,0.60000
2.30830,-0.14327,0.00000,0.60000
2.30840,-0.14350,0.00000,0.60000
2.30850,-0.14374,0.00000,0.60000
2.30860,-0.14397,0.00000,0.60000
2.30870,-0.14421,0.00000,0.60000
2.30880,-0.14444,0.00000,0.60000
2.30890,-0.14468,0.00000,0.60000
2.30900,-0.14491,0.00000,0.60000
2.30910,-0.14514,0.00000,0.60000
2.30920,-0.14538,0.00000,0.60000
2.30930,-0.14561,0.00000,0.60000
2.30940,-0.14585,0.00000,0.60000
2.30950,-0.14608,0.00000,0.60000
2.30960,-0.14631,0.00000,0.60000
2.30970,-0.14655,0.00000,0.60000
2.30980,-0.14678,0.00000,0.60000
2.30990,-0.14702,0.00000,0.60000
2.31000,-0.14725,0.00000,0.60000
2.31010,-0.14748,0.00000,0.60000
2.31020,-0.14772,0.00000,0.60000
2.31030,-0.14795,0.00000,0.60000
2.31040,-0.14818,0.00000,0.60000
2.31050,-0.14842,0.00000,0.60000
2.31060,-0.14865,0.00000,0.60000
2.31070,-0.14888,0.00000,0.60000
2.31080,-0.14912,0.00000,0.60000
2.31090,-0.14935,0.00000,0.60000
2.31100,-0.14958,0.00000,0.60000
2.31110,-0.14982,0.00000,0.60000
2.31120,-0.15005,0.00000,0.60000
2.31130,-0.15028,0.00000,0.60000
2.31140,-0.15052,0.00000,0.60000
2.31150,-0.15075,0.00000,0.60000
2.31160,-0.15098,0.00000,0.60000
2.31170,-0.15121,0.00000,0.60000
2.31180,-0.15145,0.00000,0.60000
2.31190,-0.15168,0.00000,0.60000
2.31200,-0.15191,0.00000,0.60000
2.31210,-0.15214,0.00000,0.60000
2.31220,-0.15238,0.00000,0.60000
2.31230,-0.15261,0.00000,0.60000
2.31240,-0.15284,0.00000,0.60000
2.31250,-0.15307,0.00000,0.60000
2.31260,-0.15331,0.00000,0.60000
2.31270,-0.15354,0.00000,0.60000
2.31280,-0.15377,0.00000,0.60000
2.31290,-0.15400,0.00000,0.60000
2.31300,-0.15423,0.00000,0.60000
2.31310,-0.15447,0.00000,0.60000
2.31320,-0.15470,0.00000,0.60000
2.31330,-0.15493,0.00000,0.60000
2.31340,-0.15516,0.00000,0.60000
2.31350,-0.15539,0.00000,0.60000
2.31360,-0.15562,0.00000,0.60000
2.31370,-0.15586,0.00000,0.60000
2.31380,-0.15609,0.00000,0.60000
2.31390,-0.15632,0.00000,0.60000
2.31400,-0.15655,0.00000,0.60000
2.31410,-0.15678,0.00000,0.60000
2.31420,-0.15701,0.00000,0.60000
2.31430,-0.15724,0.00000,0.60000
2.31440,-0.15747,0.00000,0.60000
2.31450,-0.15771,0.00000,0.60000
2.31460,-0.15794,0.00000,0.60000
2.31470,-0.15817,0.00000,0.60000
2.31480,-0.15840,0.00000,0.60000
2.31490,-0.15863,0.00000,0.60000
2.31500,-0.15886,0.00000,0.60000
2.31510,-0.15909,0.00000,0.60000
2.31520,-0.15932,0.00000,0.60000
2.31530,-0.15955,0.00000,0.60000
2.31540,-0.15978,0.00000,0.60000
2.31550,-0.16001,0.00000,0.60000
2.31560,-0.16024,0.00000,0.60000
2.31570,-0.16047,0.00000,0.60000
2.31580,-0.16070,0.00000,0.60000
2.31590,-0.16093,0.00000,0.60000
2.31600,-0.16116,0.00000,0.60000
2.31610,-0.16139,0.00000,0.60000
2.31620,-0.16162,0.00000,0.60000
2.31630,-0.16185,0.00000,0.60000
2.31640,-0.16208,0.00000,0.60000
2.31650,-0.16231,0.00000,0.60000
2.31660,-0.16254,0.00000,0.60000
2.31670,-0.16277,0.00000,0.60000
2.31680,-0.16300,0.00000,0.60000
2.31690,-0.16323,0.00000,0.60000
2.31700,-0.16346,0.00000,0.60000
2.31710,-0.16369,0.00000,0.60000
2.31720,-0.16392,0.00000,0.60000
2.31730,-0.16415,0.00000,0.60000
2.31740,-0.16438,0.00000,0.60000
2.31750,-0.16461,0.00000,0.60000
2.31760,-0.16483,0.00000,0.60000
2.31770,-0.16506,0.00000,0.60000
2.31780,-0.16529,0.00000,0.60000
2.31790,-0.16552,0.00000,0.60000
2.31800,-0.16575,0.00000,0.60000
2.31810,-0.16598,0.00000,0.60000
2.31820,-0.16621,0.00000,0.60000
2.31830,-0.16644,0.00000,0.60000
2.31840,-0.16666,0.00000,0.60000
2.31850,-0.16689,0.00000,0.60000
2.31860,-0.16712,0.00000,0.60000
2.31870,-0.16735,0.00000,0.60000
2.31880,-0.16758,0.00000,0.60000
2.31890,-0.16781,0.00000,0.60000
2.31900,-0.16803,0.00000,0.60000
2.31910,-0.16826,0.00000,0.60000
2.31920,-0.16849,0.00000,0.60000
2.31930,-0.16872,0.00000,0.60000
2.31940,-0.16895,0.00000,0.60000
2.31950,-0.16917,0.00000,0.60000
2.31960,-0.16940,0.00000,0.60000
2.31970,-0.16963,0.00000,0.60000
2.31980,-0.16986,0.00000,0.60000
2.31990,-0.17008,0.00000,0.60000
2.32000,-0.17031,0.00000,0.60000
2.32010,-0.17054,0.00000,0.60000
2.32020,-0.17077,0.00000,0.60000
2.32030,-0.17099,0.00000,0.60000
2.32040,-0.17122,0.00000,0.60000
2.32050,-0.17145,0.00000,0.60000
2.32060,-0.17167,0.00000,0.60000
2.32070,-0.17190,0.00000,0.60000
2.32080,-0.17213,0.00000,0.60000
2.32090,-0.17236,0.00000,0.60000
2.32100,-0.17258,0.00000,0.60000
2.32110,-0.17281,0.00000,0.60000
2.32120,-0.17304,0.00000,0.60000
2.32130,-0.17326,0.00000,0.60000
2.32140,-0.17349,0.00000,0.60000
2.32150,-0.17372,0.00000,0.60000
2.32160,-0.17394,0.00000,0.60000
2.32170,-0.17417,0.00000,0.60000
2.32180,-0.17439,0.00000,0.60000
2.32190,-0.17462,0.00000,0.60000
2.32200,-0.17485,0.00000,0.60000
2.32210,-0.17507,0.00000,0.60000
2.32220,-0.17530,0.00000,0.60000
2.32230,-0.17552,0.00000,0.60000
2.32240,-0.17575,0.00000,0.60000
2.32250,-0.17598,0.00000,0.60000
2.32260,-0.17620,0.00000,0.60000
2.32270,-0.17643,0.00000,0.60000
2.32280,-0.17665,0.00000,0.60000
2.32290,-0.17688,0.00000,0.60000
2.32300,-0.17710,0.00000,0.60000
2.32310,-0.17733,0.00000,0.60000
2.32320,-0.17755,0.00000,0.60000
2.32330,-0.17778,0.00000,0.60000
2.32340,-0.17800,0.00000,0.60000
2.32350,-0.17823,0.00000,0.60000
2.32360,-0.17845,0.00000,0.60000
2.32370,-0.17868,0.00000,0.60000
2.32380,-0.17890,0.00000,0.60000
2.32390,-0.17913,0.00000,0.60000
2.32400,-0.17935,0.00000,0.60000
2.32410,-0.17958,0.00000,0.60000
2.32420,-0.17980,0.00000,0.60000
2.32430,-0.18003,0.00000,0.60000
2.32440,-0.18025,0.00000,0.60000
2.32450,-0.18048,0.00000,0.60000
2.32460,-0.18070,0.00000,0.60000
2.32470,-0.18092,0.00000,0.60000
2.32480,-0.18115,0.00000,0.60000
2.32490,-0.18137,0.00000,0.60000
2.32500,-0.18160,0.00000,0.60000
2.32510,-0.18182,0.00000,0.60000
2.32520,-0.18204,0.00000,0.60000
2.32530,-0.18227,0.00000,0.60000
2.32540,-0.18249,0.00000,0.60000
2.32550,-0.18271,0.00000,0.60000
2.32560,-0.18294,0.00000,0.60000
2.32570,-0.18316,0.00000,0.60000
2.32580,-0.18339,0.00000,0.60000
2.32590,-0.18361,0.00000,0.60000
2.32600,-0.18383,0.00000,0.60000
2.32610,-0.18406,0.00000,0.60000
2.32620,-0.18428,0.00000,0.60000
2.32630,-0.18450,0.00000,0.60000
2.32640,-0.18472,0.00000,0.60000
2.32650,-0.18495,0.00000,0.60000
2.32660,-0.18517,0.00000,0.60000
2.32670,-0.18539,0.00000,0.60000
2.32680,-0.18562,0.00000,0.60000
2.32690,-0.18584,0.00000,0.60000
2.32700,-0.18606,0.00000,0.60000
2.32710,-0.18628,0.00000,0.60000
2.32720,-0.18651,0.00000,0.60000
2.32730,-0.18673,0.00000,0.60000
2.32740,-0.18695,0.00000,0.60000
2.32750,-0.18717,0.00000,0.60000
2.32760,-0.18739,0.00000,0.60000
2.32770,-0.18762,0.00000,0.60000
2.32780,-0.18784,0.00000,0.60000
2.32790,-0.18806,0.00000,0.60000
2.32800,-0.18828,0.00000,0.60000
2.32810,-0.18850,0.00000,0.60000
2.32820,-0.18872,0.00000,0.60000
2.32830,-0.18895,0.00000,0.60000
2.32840,-0.18917,0.00000,0.60000
2.32850,-0.18939,0.00000,0.60000
2.32860,-0.18961,0.00000,0.60000
2.32870,-0.18983,0.00000,0.60000
2.32880,-0.19005,0.00000,0.60000
2.32890,-0.19027,0.00000,0.60000
2.32900,-0.19050,0.00000,0.60000
2.32910,-0.19072,0.00000,0.60000
2.32920,-0.19094,0.00000,0.60000
2.32930,-0.19116,0.00000,0.60000
2.32940,-0.19138,0.00000,0.60000
2.32950,-0.19160,0.00000,0.60000
2.32960,-0.19182,0.00000,0.60000
2.32970,-0.19204,0.00000,0.60000
2.32980,-0.19226,0.00000,0.60000
2.32990,-0.19248,0.00000,0.60000
2.33000,-0.19270,0.00000,0.60000
2.33010,-0.19292,0.00000,0.60000
2.33020,-0.19314,0.00000,0.60000
2.33030,-0.19336,0.00000,0.60000
2.33040,-0.19358,0.00000,0.60000
2.33050,-0.19380,0.00000,0.60000
2.33060,-0.19402,0.00000,0.60000
2.33070,-0.19424,0.00000,0.60000
2.33080,-0.19446,0.00000,0.60000
2.33090,-0.19468,0.00000,0.60000
2.33100,-0.19490,0.00000,0.60000
2.33110,-0.19512,0.00000,0.60000
2.33120,-0.19534,0.00000,0.60000
2.33130,-0.19556,0.00000,0.60000
2.33140,-0.19578,0.00000,0.60000
2.33150,-0.19600,0.00000,0.60000
2.33160,-0.19622,0.00000,0.60000
2.33170,-0.19643,0.00000,0.60000
2.33180,-0.19665,0.00000,0.60000
2.33190,-0.19687,0.00000,0.60000
2.33200,-0.19709,0.00000,0.60000
2.33210,-0.19731,0.00000,0.60000
2.33220,-0.19753,0.00000,0.60000
2.33230,-0.19775,0.00000,0.60000
2.33240,-0.19797,0.00000,0.60000
2.33250,-0.19818,0.00000,0.60000
2.33260,-0.19840,0.00000,0.60000
2.33270,-0.19862,0.00000,0.60000
2.33280,-0.19884,0.00000,0.60000
2.33290,-0.19906,0.00000,0.60000
2.33300,-0.19927,0.00000,0.60000
2.33310,-0.19949,0.00000,0.60000
2.33320,-0.19971,0.00000,0.60000
2.33330,-0.19993,0.00000,0.60000
2.33340,-0.20015,0.00000,0.60000
2.33350,-0.20036,0.00000,0.60000
2.33360,-0.20058,0.00000,0.60000
2.33370,-0.20080,0.00000,0.60000
2.33380,-0.20101,0.00000,0.60000
2.33390,-0.20123,0.00000,0.60000
2.33400,-0.20145,0.00000,0.60000
2.33410,-0.20167,0.00000,0.60000
2.33420,-0.20188,0.00000,0.60000
2.33430,-0.20210,0.00000,0.60000
2.33440,-0.20232,0.00000,0.60000
2.33450,-0.20253,0.00000,0.60000
2.33460,-0.20275,0.00000,0.60000
2.33470,-0.20297,0.00000,0.60000
2.33480,-0.20318,0.00000,0.60000
2.33490,-0.20340,0.00000,0.60000
2.33500,-0.20362,0.00000,0.60000
2.33510,-0.20383,0.00000,0.60000
2.33520,-0.20405,0.00000,0.60000
2.33530,-0.20427,0.00000,0.60000
2.33540,-0.20448,0.00000,0.60000
2.33550,-0.20470,0.00000,0.60000
2.33560,-0.20491,0.00000,0.60000
2.33570,-0.20513,0.00000,0.60000
2.33580,-0.20534,0.00000,0.60000
2.33590,-0.20556,0.00000,0.60000
2.33600,-0.20578,0.00000,0.60000
2.33610,-0.20599,0.00000,0.60000
2.33620,-0.20621,0.00000,0.60000
2.33630,-0.20642,0.00000,0.60000
2.33640,-0.20664,0.00000,0.60000
2.33650,-0.20685,0.00000,0.60000
2.33660,-0.20707,0.00000,0.60000
2.33670,-0.20728,0.00000,0.60000
2.33680,-0.20750,0.00000,0.60000
2.33690,-0.20771,0.00000,0.60000
2.33700,-0.20793,0.00000,0.60000
2.33710,-0.20814,0.00000,0.60000
2.33720,-0.20836,0.00000,0.60000
2.33730,-0.20857,0.00000,0.60000
2.33740,-0.20879,0.00000,0.60000
2.33750,-0.20900,0.00000,0.60000
2.33760,-0.20921,0.00000,0.60000
2.33770,-0.20943,0.00000,0.60000
2.33780,-0.20964,0.00000,0.60000
2.33790,-0.20986,0.00000,0.60000
2.33800,-0.21007,0.00000,0.60000
2.33810,-0.21028,0.00000,0.60000
2.33820,-0.21050,0.00000,0.60000
2.33830,-0.21071,0.00000,0.60000
2.33840,-0.21092,0.00000,0.60000
2.33850,-0.21114,0.00000,0.60000
2.33860,-0.21135,0.00000,0.60000
2.33870,-0.21156,0.00000,0.60000
2.33880,-0.21178,0.00000,0.60000
2.33890,-0.21199,0.00000,0.60000
2.33900,-0.21220,0.00000,0.60000
2.33910,-0.21242,0.00000,0.60000
2.33920,-0.21263,0.00000,0.60000
2.33930,-0.21284,0.00000,0.60000
2.33940,-0.21306,0.00000,0.60000
2.33950,-0.21327,0.00000,0.60000
2.33960,-0.21348,0.00000,0.60000
2.33970,-0.21369,0.00000,0.60000
2.33980,-0.21391,0.00000,0.60000
2.33990,-0.21412,0.00000,0.60000
2.34000,-0.21433,0.00000,0.60000
2.34010,-0.21454,0.00000,0.60000
2.34020,-0.21475,0.00000,0.60000
2.34030,-0.21497,0.00000,0.60000
2.34040,-0.21518,0.00000,0.60000
2.34050,-0.21539,0.00000,0.60000
2.34060,-0.21560,0.00000,0.60000
2.34070,-0.21581,0.00000,0.60000
2.34080,-0.21603,0.00000,0.60000
2.34090,-0.21624,0.00000,0.60000
2.34100,-0.21645,0.00000,0.60000
2.34110,-0.21666,0.00000,0.60000
2.34120,-0.21687,0.00000,0.60000
2.34130,-0.21708,0.00000,0.60000
2.34140,-0.21729,0.00000,0.60000
2.34150,-0.21750,0.00000,0.60000
2.34160,-0.21772,0.00000,0.60000
2.34170,-0.21793,0.00000,0.60000
2.34180,-0.21814,0.00000,0.60000
2.34190,-0.21835,0.00000,0.60000
2.34200,-0.21856,0.00000,0.60000
2.34210,-0.21877,0.00000,0.60000
2.34220,-0.21898,0.00000,0.60000
2.34230,-0.21919,0.00000,0.60000
2.34240,-0.21940,0.00000,0.60000
2.34250,-0.21961,0.00000,0.60000
2.34260,-0.21982,0.00000,0.60000
2.34270,-0.22003,0.00000,0.60000
2.34280,-0.22024,0.00000,0.60000
2.34290,-0.22045,0.00000,0.60000
2.34300,-0.22066,0.00000,0.60000
2.34310,-0.22087,0.00000,0.60000
2.34320,-0.22108,0.00000,0.60000
2.34330,-0.22129,0.00000,0.60000
2.34340,-0.22150,0.00000,0.60000
2.34350,-0.22171,0.00000,0.60000
2.34360,-0.22191,0.00000,0.60000
2.34370,-0.22212,0.00000,0.60000
2.34380,-0.22233,0.00000,0.60000
2.34390,-0.22254,0.00000,0.60000
2.34400,-0.22275,0.00000,0.60000
2.34410,-0.22296,0.00000,0.60000
2.34420,-0.22317,0.00000,0.60000
2.34430,-0.22338,0.00000,0.60000
2.34440,-0.22358,0.00000,0.60000
2.34450,-0.22379,0.00000,0.60000
2.34460,-0.22400,0.00000,0.60000
2.34470,-0.22421,0.00000,0.60000
2.34480,-0.22442,0.00000,0.60000
2.34490,-0.22463,0.00000,0.60000
2.34500,-0.22483,0.00000,0.60000
2.34510,-0.22504,0.00000,0.60000
2.34520,-0.22525,0.00000,0.60000
2.34530,-0.22546,0.00000,0.60000
2.34540,-0.22566,0.00000,0.60000
2.34550,-0.22587,0.00000,0.60000
2.34560,-0.22608,0.00000,0.60000
2.34570,-0.22629,0.00000,0.60000
2.34580,-0.22649,0.00000,0.60000
2.34590,-0.22670,0.00000,0.60000
2.34600,-0.22691,0.00000,0.60000
2.34610,-0.22711,0.00000,0.60000
2.34620,-0.22732,0.00000,0.60000
2.34630,-0.22753,0.00000,0.60000
2.34640,-0.22773,0.00000,0.60000
2.34650,-0.22794,0.00000,0.60000
2.34660,-0.22815,0.00000,0.60000
2.34670,-0.22835,0.00000,0.60000
2.34680,-0.22856,0.00000,0.60000
2.34690,-0.22877,0.00000,0.60000
2.34700,-0.22897,0.00000,0.60000
2.34710,-0.22918,0.00000,0.60000
2.34720,-0.22938,0.00000,0.60000
2.34730,-0.22959,0.00000,0.60000
2.34740,-0.22980,0.00000,0.60000
2.34750,-0.23000,0.00000,0.60000
2.34760,-0.23021,0.00000,0.60000
2.34770,-0.23041,0.00000,0.60000
2.34780,-0.23062,0.00000,0.60000
2.34790,-0.23082,0.00000,0.60000
2.34800,-0.23103,0.00000,0.60000
2.34810,-0.23123,0.00000,0.60000
2.34820,-0.23144,0.00000,0.60000
2.34830,-0.23164,0.00000,0.60000
2.34840,-0.23185,0.00000,0.60000
2.34850,-0.23205,0.00000,0.60000
2.34860,-0.23226,0.00000,0.60000
2.34870,-0.23246,0.00000,0.60000
2.34880,-0.23267,0.00000,0.60000
2.34890,-0.23287,0.00000,0.60000
2.34900,-0.23308,0.00000,0.60000
2.34910,-0.23328,0.00000,0.60000
2.34920,-0.23348,0.00000,0.60000
2.34930,-0.23369,0.00000,0.60000
2.34940,-0.23389,0.00000,0.60000
2.34950,-0.23410,0.00000,0.60000
2.34960,-0.23430,0.00000,0.60000
2.34970,-0.23450,0.00000,0.60000
2.34980,-0.23471,0.00000,0.60000
2.34990,-0.23491,0.00000,0.60000
2.35000,-0.23511,0.00000,0.60000
2.35010,-0.23532,0.00000,0.60000
2.35020,-0.23552,0.00000,0.60000
2.35030,-0.23572,0.00000,0.60000
2.35040,-0.23593,0.00000,0.60000
2.35050,-0.23613,0.00000,0.60000
2.35060,-0.23633,0.00000,0.60000
2.35070,-0.23654,0.00000,0.60000
2.35080,-0.23674,0.00000,0.60000
2.35090,-0.23694,0.00000,0.60000
2.35100,-0.23714,0.00000,0.60000
2.35110,-0.23735,0.00000,0.60000
2.35120,-0.23755,0.00000,0.60000
2.35130,-0.23775,0.00000,0.60000
2.35140,-0.23795,0.00000,0.60000
2.35150,-0.23815,0.00000,0.60000
2.35160,-0.23836,0.00000,0.60000
2.35170,-0.23856,0.00000,0.60000
2.35180,-0.23876,0.00000,0.60000
2.35190,-0.23896,0.00000,0.60000
2.35200,-0.23916,0.00000,0.60000
2.35210,-0.23936,0.00000,0.60000
2.35220,-0.23956,0.00000,0.60000
2.35230,-0.23977,0.00000,0.60000
2.35240,-0.23997,0.00000,0.60000
2.35250,-0.24017,0.00000,0.60000
2.35260,-0.24037,0.00000,0.60000
2.35270,-0.24057,0.00000,0.60000
2.35280,-0.24077,0.00000,0.60000
2.35290,-0.24097,0.00000,0.60000
2.35300,-0.24117,0.00000,0.60000
2.35310,-0.24137,0.00000,0.60000
2.35320,-0.24157,0.00000,0.60000
2.35330,-0.24177,0.00000,0.60000
2.35340,-0.24197,0.00000,0.60000
2.35350,-0.24217,0.00000,0.60000
2.35360,-0.24237,0.00000,0.60000
2.35370,-0.24257,0.00000,0.60000
2.35380,-0.24277,0.00000,0.60000
2.35390,-0.24297,0.00000,0.60000
2.35400,-0.24317,0.00000,0.60000
2.35410,-0.24337,0.00000,0.60000
2.35420,-0.24357,0.00000,0.60000
2.35430,-0.24377,0.00000,0.60000
2.35440,-0.24397,0.00000,0.60000
2.35450,-0.24417,0.00000,0.60000
2.35460,-0.24437,0.00000,0.60000
2.35470,-0.24457,0.00000,0.60000
2.35480,-0.24477,0.00000,0.60000
2.35490,-0.24496,0.00000,0.60000
2.35500,-0.24516,0.00000,0.60000
2.35510,-0.24536,0.00000,0.60000
2.35520,-0.24556,0.00000,0.60000
2.35530,-0.24576,0.00000,0.60000
2.35540,-0.24596,0.00000,0.60000
2.35550,-0.24615,0.00000,0.60000
2.35560,-0.24635,0.00000,0.60000
2.35570,-0.24655,0.00000,0.60000
2.35580,-0.24675,0.00000,0.60000
2.35590,-0.24695,0.00000,0.60000
2.35600,-0.24714,0.00000,0.60000
2.35610,-0.24734,0.00000,0.60000
2.35620,-0.24754,0.00000,0.60000
2.35630,-0.24774,0.00000,0.60000
2.35640,-0.24793,0.00000,0.60000
2.35650,-0.24813,0.00000,0.60000
2.35660,-0.24833,0.00000,0.60000
2.35670,-0.24852,0.00000,0.60000
2.35680,-0.24872,0.00000,0.60000
2.35690,-0.24892,0.00000,0.60000
2.35700,-0.24912,0.00000,0.60000
2.35710,-0.24931,0.00000,0.60000
2.35720,-0.24951,0.00000,0.60000
2.35730,-0.24970,0.00000,0.60000
2.35740,-0.24990,0.00000,0.60000
2.35750,-0.25010,0.00000,0.60000
2.35760,-0.25029,0.00000,0.60000
2.35770,-0.25049,0.00000,0.60000
2.35780,-0.25069,0.00000,0.60000
2.35790,-0.25088,0.00000,0.60000
2.35800,-0.25108,0.00000,0.60000
2.35810,-0.25127,0.00000,0.60000
2.35820,-0.25147,0.00000,0.60000
2.35830,-0.25166,0.00000,0.60000
2.35840,-0.25186,0.00000,0.60000
2.35850,-0.25205,0.00000,0.60000
2.35860,-0.25225,0.00000,0.60000
2.35870,-0.25244,0.00000,0.60000
2.35880,-0.25264,0.00000,0.60000
2.35890,-0.25283,0.00000,0.60000
2.35900,-0.25303,0.00000,0.60000
2.35910,-0.25322,0.00000,0.60000
2.35920,-0.25342,0.00000,0.60000
2.35930,-0.25361,0.00000,0.60000
2.35940,-0.25381,0.00000,0.60000
2.35950,-0.25400,0.00000,0.60000
2.35960,-0.25419,0.00000,0.60000
2.35970,-0.25439,0.00000,0.60000
2.35980,-0.25458,0.00000,0.60000
2.35990,-0.25478,0.00000,0.60000
2.36000,-0.25497,0.00000,0.60000
2.36010,-0.25516,0.00000,0.60000
2.36020,-0.25536,0.00000,0.60000
2.36030,-0.25555,0.00000,0.60000
2.36040,-0.25574,0.00000,0.60000
2.36050,-0.25594,0.00000,0.60000
2.36060,-0.25613,0.00000,0.60000
2.36070,-0.25632,0.00000,0.60000
2.36080,-0.25652,0.00000,0.60000
2.36090,-0.25671,0.00000,0.60000
2.36100,-0.25690,0.00000,0.60000
2.36110,-0.25709,0.00000,0.60000
2.36120,-0.25729,0.00000,0.60000
2.36130,-0.25748,0.00000,0.60000
2.36140,-0.25767,0.00000,0.60000
2.36150,-0.25786,0.00000,0.60000
2.36160,-0.25806,0.00000,0.60000
2.36170,-0.25825,0.00000,0.60000
2.36180,-0.25844,0.00000,0.60000
2.36190,-0.25863,0.00000,0.60000
2.36200,-0.25882,0.00000,0.60000
2.36210,-0.25901,0.00000,0.60000
2.36220,-0.25921,0.00000,0.60000
2.36230,-0.25940,0.00000,0.60000
2.36240,-0.25959,0.00000,0.60000
2.36250,-0.25978,0.00000,0.60000
2.36260,-0.25997,0.00000,0.60000
2.36270,-0.26016,0.00000,0.60000
2.36280,-0.26035,0.00000,0.60000
2.36290,-0.26054,0.00000,0.60000
2.36300,-0.26073,0.00000,0.60000
2.36310,-0.26092,0.00000,0.60000
2.36320,-0.26111,0.00000,0.60000
2.36330,-0.26130,0.00000,0.60000
2.36340,-0.26150,0.00000,0.60000
2.36350,-0.26169,0.00000,0.60000
2.36360,-0.26188,0.00000,0.60000
2.36370,-0.26207,0.00000,0.60000
2.36380,-0.26225,0.00000,0.60000
2.36390,-0.26244,0.00000,0.60000
2.36400,-0.26263,0.00000,0.60000
2.36410,-0.26282,0.00000,0.60000
2.36420,-0.26301,0.00000,0.60000
2.36430,-0.26320,0.00000,0.60000
2.36440,-0.26339,0.00000,0.60000
2.36450,-0.26358,0.00000,0.60000
2.36460,-0.26377,0.00000,0.60000
2.36470,-0.26396,0.00000,0.60000
2.36480,-0.26415,0.00000,0.60000
2.36490,-0.26434,0.00000,0.60000
2.36500,-0.26452,0.00000,0.60000
2.36510,-0.26471,0.00000,0.60000
2.36520,-0.26490,0.00000,0.60000
2.36530,-0.26509,0.00000,0.60000
2.36540,-0.26528,0.00000,0.60000
2.36550,-0.26547,0.00000,0.60000
2.36560,-0.26565,0.00000,0.60000
2.36570,-0.26584,0.00000,0.60000
2.36580,-0.26603,0.00000,0.60000
2.36590,-0.26622,0.00000,0.60000
2.36600,-0.26640,0.00000,0.60000
2.36610,-0.26659,0.00000,0.60000
2.36620,-0.26678,0.00000,0.60000
2.36630,-0.26697,0.00000,0.60000
2.36640,-0.26715,0.00000,0.60000
2.36650,-0.26734,0.00000,0.60000
2.36660,-0.26753,0.00000,0.60000
2.36670,-0.26771,0.00000,0.60000
2.36680,-0.26790,0.00000,0.60000
2.36690,-0.26809,0.00000,0.60000
2.36700,-0.26827,0.00000,0.60000
2.36710,-0.26846,0.00000,0.60000
2.36720,-0.26865,0.00000,0.60000
2.36730,-0.26883,0.00000,0.60000
2.36740,-0.26902,0.00000,0.60000
2.36750,-0.26921,0.00000,0.60000
2.36760,-0.26939,0.00000,0.60000
2.36770,-0.26958,0.00000,0.60000
2.36780,-0.26976,0.00000,0.60000
2.36790,-0.26995,0.00000,0.60000
2.36800,-0.27013,0.00000,0.60000
2.36810,-0.27032,0.00000,0.60000
2.36820,-0.27050,0.00000,0.60000
2.36830,-0.27069,0.00000,0.60000
2.36840,-0.27087,0.00000,0.60000
2.36850,-0.27106,0.00000,0.60000
2.36860,-0.27124,0.00000,0.60000
2.36870,-0.27143,0.00000,0.60000
2.36880,-0.27161,0.00000,0.60000
2.36890,-0.27180,0.00000,0.60000
2.36900,-0.27198,0.00000,0.60000
2.36910,-0.27217,0.00000,0.60000
2.36920,-0.27235,0.00000,0.60000
2.36930,-0.27253,0.00000,0.60000
2.36940,-0.27272,0.00000,0.60000
2.36950,-0.27290,0.00000,0.60000
2.36960,-0.27309,0.00000,0.60000
2.36970,-0.27327,0.00000,0.60000
2.36980,-0.27345,0.00000,0.60000
2.36990,-0.27364,0.00000,0.60000
2.37000,-0.27382,0.00000,0.60000
2.37010,-0.27400,0.00000,0.60000
2.37020,-0.27419,0.00000,0.60000
2.37030,-0.27437,0.00000,0.60000
2.37040,-0.27455,0.00000,0.60000
2.37050,-0.27473,0.00000,0.60000
2.37060,-0.27492,0.00000,0.60000
2.37070,-0.27510,0.00000,0.60000
2.37080,-0.27528,0.00000,0.60000
2.37090,-0.27546,0.00000,0.60000
2.37100,-0.27565,0.00000,0.60000
2.37110,-0.27583,0.00000,0.60000
2.37120,-0.27601,0.00000,0.60000
2.37130,-0.27619,0.00000,0.60000
2.37140,-0.27637,0.00000,0.60000
2.37150,-0.27655,0.00000,0.60000
2.37160,-0.27674,0.00000,0.60000
2.37170,-0.27692,0.00000,0.60000
2.37180,-0.27710,0.00000,0.60000
2.37190,-0.27728,0.00000,0.60000
2.37200,-0.27746,0.00000,0.60000
2.37210,-0.27764,0.00000,0.60000
2.37220,-0.27782,0.00000,0.60000
2.37230,-0.27800,0.00000,0.60000
2.37240,-0.27818,0.00000,0.60000
2.37250,-0.27837,0.00000,0.60000
2.37260,-0.27855,0.00000,0.60000
2.37270,-0.27873,0.00000,0.60000
2.37280,-0.27891,0.00000,0.60000
2.37290,-0.27909,0.00000,0.60000
2.37300,-0.27927,0.00000,0.60000
2.37310,-0.27945,0.00000,0.60000
2.37320,-0.27963,0.00000,0.60000
2.37330,-0.27981,0.00000,0.60000
2.37340,-0.27999,0.00000,0.60000
2.37350,-0.28016,0.00000,0.60000
2.37360,-0.28034,0.00000,0.60000
2.37370,-0.28052,0.00000,0.60000
2.37380,-0.28070,0.00000,0.60000
2.37390,-0.28088,0.00000,0.60000
2.37400,-0.28106,0.00000,0.60000
2.37410,-0.28124,0.00000,0.60000
2.37420,-0.28142,0.00000,0.60000
2.37430,-0.28160,0.00000,0.60000
2.37440,-0.28177,0.00000,0.60000
2.37450,-0.28195,0.00000,0.60000
2.37460,-0.28213,0.00000,0.60000
2.37470,-0.28231,0.00000,0.60000
2.37480,-0.28249,0.00000,0.60000
2.37490,-0.28266,0.00000,0.60000
2.37500,-0.28284,0.00000,0.60000
2.37510,-0.28302,0.00000,0.60000
2.37520,-0.28320,0.00000,0.60000
2.37530,-0.28338,0.00000,0.60000
2.37540,-0.28355,0.00000,0.60000
2.37550,-0.28373,0.00000,0.60000
2.37560,-0.28391,0.00000,0.60000
2.37570,-0.28408,0.00000,0.60000
2.37580,-0.28426,0.00000,0.60000
2.37590,-0.28444,0.00000,0.60000
2.37600,-0.28461,0.00000,0.60000
2.37610,-0.28479,0.00000,0.60000
2.37620,-0.28497,0.00000,0.60000
2.37630,-0.28514,0.00000,0.60000
2.37640,-0.28532,0.00000,0.60000
2.37650,-0.28550,0.00000,0.60000
2.37660,-0.28567,0.00000,0.60000
2.37670,-0.28585,0.00000,0.60000
2.37680,-0.28602,0.00000,0.60000
2.37690,-0.28620,0.00000,0.60000
2.37700,-0.28637,0.00000,0.60000
2.37710,-0.28655,0.00000,0.60000
2.37720,-0.28673,0.00000,0.60000
2.37730,-0.28690,0.00000,0.60000
2.37740,-0.28708,0.00000,0.60000
2.37750,-0.28725,0.00000,0.60000
2.37760,-0.28743,0.00000,0.60000
2.37770,-0.28760,0.00000,0.60000
2.37780,-0.28777,0.00000,0.60000
2.37790,-0.28795,0.00000,0.60000
2.37800,-0.28812,0.00000,0.60000
2.37810,-0.28830,0.00000,0.60000
2.37820,-0.28847,0.00000,0.60000
2.37830,-0.28865,0.00000,0.60000
2.37840,-0.28882,0.00000,0.60000
2.37850,-0.28899,0.00000,0.60000
2.37860,-0.28917,0.00000,0.60000
2.37870,-0.28934,0.00000,0.60000
2.37880,-0.28951,0.00000,0.60000
2.37890,-0.28969,0.00000,0.60000
2.37900,-0.28986,0.00000,0.60000
2.37910,-0.29003,0.00000,0.60000
2.37920,-0.29021,0.00000,0.60000
2.37930,-0.29038,0.00000,0.60000
2.37940,-0.29055,0.00000,0.60000
2.37950,-0.29073,0.00000,0.60000
2.37960,-0.29090,0.00000,0.60000
2.37970,-0.29107,0.00000,0.60000
2.37980,-0.29124,0.00000,0.60000
2.37990,-0.29142,0.00000,0.60000
2.38000,-0.29159,0.00000,0.60000
2.38010,-0.29176,0.00000,0.60000
2.38020,-0.29193,0.00000,0.60000
2.38030,-0.29210,0.00000,0.60000
2.38040,-0.29227,0.00000,0.60000
2.38050,-0.29245,0.00000,0.60000
2.38060,-0.29262,0.00000,0.60000
2.38070,-0.29279,0.00000,0.60000
2.38080,-0.29296,0.00000,0.60000
2.38090,-0.29313,0.00000,0.60000
2.38100,-0.29330,0.00000,0.60000
2.38110,-0.29347,0.00000,0.60000
2.38120,-0.29364,0.00000,0.60000
2.38130,-0.29381,0.00000,0.60000
2.38140,-0.29398,0.00000,0.60000
2.38150,-0.29416,0.00000,0.60000
2.38160,-0.29433,0.00000,0.60000
2.38170,-0.29450,0.00000,0.60000
2.38180,-0.29467,0.00000,0.60000
2.38190,-0.29484,0.00000,0.60000
2.38200,-0.29501,0.00000,0.60000
2.38210,-0.29517,0.00000,0.60000
2.38220,-0.29534,0.00000,0.60000
2.38230,-0.29551,0.00000,0.60000
2.38240,-0.29568,0.00000,0.60000
2.38250,-0.29585,0.00000,0.60000
2.38260,-0.29602,0.00000,0.60000
2.38270,-0.29619,0.00000,0.60000
2.38280,-0.29636,0.00000,0.60000
2.38290,-0.29653,0.00000,0.60000
2.38300,-0.29670,0.00000,0.60000
2.38310,-0.29687,0.00000,0.60000
2.38320,-0.29703,0.00000,0.60000
2.38330,-0.29720,0.00000,0.60000
2.38340,-0.29737,0.00000,0.60000
2.38350,-0.29754,0.00000,0.60000
2.38360,-0.29771,0.00000,0.60000
2.38370,-0.29787,0.00000,0.60000
2.38380,-0.29804,0.00000,0.60000
2.38390,-0.29821,0.00000,0.60000
2.38400,-0.29838,0.00000,0.60000
2.38410,-0.29854,0.00000,0.60000
2.38420,-0.29871,0.00000,0.60000
2.38430,-0.29888,0.00000,0.60000
2.38440,-0.29905,0.00000,0.60000
2.38450,-0.29921,0.00000,0.60000
2.38460,-0.29938,0.00000,0.60000
2.38470,-0.29955,0.00000,0.60000
2.38480,-0.29971,0.00000,0.60000
2.38490,-0.29988,0.00000,0.60000
2.38500,-0.30004,0.00000,0.60000
2.38510,-0.30021,0.00000,0.60000
2.38520,-0.30038,0.00000,0.60000
2.38530,-0.30054,0.00000,0.60000
2.38540,-0.30071,0.00000,0.60000
2.38550,-0.30087,0.00000,0.60000
2.38560,-0.30104,0.00000,0.60000
2.38570,-0.30120,0.00000,0.60000
2.38580,-0.30137,0.00000,0.60000
2.38590,-0.30154,0.00000,0.60000
2.38600,-0.30170,0.00000,0.60000
2.38610,-0.30187,0.00000,0.60000
2.38620,-0.30203,0.00000,0.60000
2.38630,-0.30220,0.00000,0.60000
2.38640,-0.30236,0.00000,0.60000
2.38650,-0.30252,0.00000,0.60000
2.38660,-0.30269,0.00000,0.60000
2.38670,-0.30285,0.00000,0.60000
2.38680,-0.30302,0.00000,0.60000
2.38690,-0.30318,0.00000,0.60000
2.38700,-0.30334,0.00000,0.60000
2.38710,-0.30351,0.00000,0.60000
2.38720,-0.30367,0.00000,0.60000
2.38730,-0.30384,0.00000,0.60000
2.38740,-0.30400,0.00000,0.60000
2.38750,-0.30416,0.00000,0.60000
2.38760,-0.30433,0.00000,0.60000
2.38770,-0.30449,0.00000,0.60000
2.38780,-0.30465,0.00000,0.60000
2.38790,-0.30481,0.00000,0.60000
2.38800,-0.30498,0.00000,0.60000
2.38810,-0.30514,0.00000,0.60000
2.38820,-0.30530,0.00000,0.60000
2.38830,-0.30546,0.00000,0.60000
2.38840,-0.30563,0.00000,0.60000
2.38850,-0.30579,0.00000,0.60000
2.38860,-0.30595,0.00000,0.60000
2.38870,-0.30611,0.00000,0.60000
2.38880,-0.30627,0.00000,0.60000
2.38890,-0.30644,0.00000,0.60000
2.38900,-0.30660,0.00000,0.60000
2.38910,-0.30676,0.00000,0.60000
2.38920,-0.30692,0.00000,0.60000
2.38930,-0.30708,0.00000,0.60000
2.38940,-0.30724,0.00000,0.60000
2.38950,-0.30740,0.00000,0.60000
2.38960,-0.30756,0.00000,0.60000
2.38970,-0.30772,0.00000,0.60000
2.38980,-0.30788,0.00000,0.60000
2.38990,-0.30805,0.00000,0.60000
2.39000,-0.30821,0.00000,0.60000
2.39010,-0.30837,0.00000,0.60000
2.39020,-0.30853,0.00000,0.60000
2.39030,-0.30869,0.00000,0.60000
2.39040,-0.30885,0.00000,0.60000
2.39050,-0.30900,0.00000,0.60000
2.39060,-0.30916,0.00000,0.60000
2.39070,-0.30932,0.00000,0.60000
2.39080,-0.30948,0.00000,0.60000
2.39090,-0.30964,0.00000,0.60000
2.39100,-0.30980,0.00000,0.60000
2.39110,-0.30996,0.00000,0.60000
2.39120,-0.31012,0.00000,0.60000
2.39130,-0.31028,0.00000,0.60000
2.39140,-0.31044,0.00000,0.60000
2.39150,-0.31059,0.00000,0.60000
2.39160,-0.31075,0.00000,0.60000
2.39170,-0.31091,0.00000,0.60000
2.39180,-0.31107,0.00000,0.60000
2.39190,-0.31123,0.00000,0.60000
2.39200,-0.31138,0.00000,0.60000
2.39210,-0.31154,0.00000,0.60000
2.39220,-0.31170,0.00000,0.60000
2.39230,-0.31186,0.00000,0.60000
2.39240,-0.31201,0.00000,0.60000
2.39250,-0.31217,0.00000,0.60000
2.39260,-0.31233,0.00000,0.60000
2.39270,-0.31249,0.00000,0.60000
2.39280,-0.31264,0.00000,0.60000
2.39290,-0.31280,0.00000,0.60000
2.39300,-0.31296,0.00000,0.60000
2.39310,-0.31311,0.00000,0.60000
2.39320,-0.31327,0.00000,0.60000
2.39330,-0.31343,0.00000,0.60000
2.39340,-0.31358,0.00000,0.60000
2.39350,-0.31374,0.00000,0.60000
2.39360,-0.31389,0.00000,0.60000
2.39370,-0.31405,0.00000,0.60000
2.39380,-0.31420,0.00000,0.60000
2.39390,-0.31436,0.00000,0.60000
2.39400,-0.31452,0.00000,0.60000
2.39410,-0.31467,0.00000,0.60000
2.39420,-0.31483,0.00000,0.60000
2.39430,-0.31498,0.00000,0.60000
2.39440,-0.31514,0.00000,0.60000
2.39450,-0.31529,0.00000,0.60000
2.39460,-0.31544,0.00000,0.60000
2.39470,-0.31560,0.00000,0.60000
2.39480,-0.31575,0.00000,0.60000
2.39490,-0.31591,0.00000,0.60000
2.39500,-0.31606,0.00000,0.60000
2.39510,-0.31622,0.00000,0.60000
2.39520,-0.31637,0.00000,0.60000
2.39530,-0.31652,0.00000,0.60000
2.39540,-0.31668,0.00000,0.60000
2.39550,-0.31683,0.00000,0.60000
2.39560,-0.31698,0.00000,0.60000
2.39570,-0.31714,0.00000,0.60000
2.39580,-0.31729,0.00000,0.60000
2.39590,-0.31744,0.00000,0.60000
2.39600,-0.31760,0.00000,0.60000
2.39610,-0.31775,0.00000,0.60000
2.39620,-0.31790,0.00000,0.60000
2.39630,-0.31805,0.00000,0.60000
2.39640,-0.31821,0.00000,0.60000
2.39650,-0.31836,0.00000,0.60000
2.39660,-0.31851,0.00000,0.60000
2.39670,-0.31866,0.00000,0.60000
2.39680,-0.31881,0.00000,0.60000
2.39690,-0.31897,0.00000,0.60000
2.39700,-0.31912,0.00000,0.60000
2.39710,-0.31927,0.00000,0.60000
2.39720,-0.31942,0.00000,0.60000
2.39730,-0.31957,0.00000,0.60000
2.39740,-0.31972,0.00000,0.60000
2.39750,-0.31987,0.00000,0.60000
2.39760,-0.32002,0.00000,0.60000
2.39770,-0.32018,0.00000,0.60000
2.39780,-0.32033,0.00000,0.60000
2.39790,-0.32048,0.00000,0.60000
2.39800,-0.32063,0.00000,0.60000
2.39810,-0.32078,0.00000,0.60000
2.39820,-0.32093,0.00000,0.60000
2.39830,-0.32108,0.00000,0.60000
2.39840,-0.32123,0.00000,0.60000
2.39850,-0.32138,0.00000,0.60000
2.39860,-0.32153,0.00000,0.60000
2.39870,-0.32168,0.00000,0.60000
2.39880,-0.32182,0.00000,0.60000
2.39890,-0.32197,0.00000,0.60000
2.39900,-0.32212,0.00000,0.60000
2.39910,-0.32227,0.00000,0.60000
2.39920,-0.32242,0.00000,0.60000
2.39930,-0.32257,0.00000,0.60000
2.39940,-0.32272,0.00000,0.60000
2.39950,-0.32287,0.00000,0.60000
2.39960,-0.32301,0.00000,0.60000
2.39970,-0.32316,0.00000,0.60000
2.39980,-0.32331,0.00000,0.60000
2.39990,-0.32346,0.00000,0.60000
2.40000,-0.32361,0.00000,0.60000
2.40010,-0.32375,0.00000,0.60000
2.40020,-0.32390,0.00000,0.60000
2.40030,-0.32405,0.00000,0.60000
2.40040,-0.32420,0.00000,0.60000
2.40050,-0.32434,0.00000,0.60000
2.40060,-0.32449,0.00000,0.60000
2.40070,-0.32464,0.00000,0.60000
2.40080,-0.32478,0.00000,0.60000
2.40090,-0.32493,0.00000,0.60000
2.40100,-0.32508,0.00000,0.60000
2.40110,-0.32522,0.00000,0.60000
2.40120,-0.32537,0.00000,0.60000
2.40130,-0.32552,0.00000,0.60000
2.40140,-0.32566,0.00000,0.60000
2.40150,-0.32581,0.00000,0.60000
2.40160,-0.32595,0.00000,0.60000
2.40170,-0.32610,0.00000,0.60000
2.40180,-0.32625,0.00000,0.60000
2.40190,-0.32639,0.00000,0.60000
2.40200,-0.32654,0.00000,0.60000
2.40210,-0.32668,0.00000,0.60000
2.40220,-0.32683,0.00000,0.60000
2.40230,-0.32697,0.00000,0.60000
2.40240,-0.32712,0.00000,0.60000
2.40250,-0.32726,0.00000,0.60000
2.40260,-0.32740,0.00000,0.60000
2.40270,-0.32755,0.00000,0.60000
2.40280,-0.32769,0.00000,0.60000
2.40290,-0.32784,0.00000,0.60000
2.40300,-0.32798,0.00000,0.60000
2.40310,-0.32812,0.00000,0.60000
2.40320,-0.32827,0.00000,0.60000
2.40330,-0.32841,0.00000,0.60000
2.40340,-0.32856,0.00000,0.60000
2.40350,-0.32870,0.00000,0.60000
2.40360,-0.32884,0.00000,0.60000
2.40370,-0.32898,0.00000,0.60000
2.40380,-0.32913,0.00000,0.60000
2.40390,-0.32927,0.00000,0.60000
2.40400,-0.32941,0.00000,0.60000
2.40410,-0.32956,0.00000,0.60000
2.40420,-0.32970,0.00000,0.60000
2.40430,-0.32984,0.00000,0.60000
2.40440,-0.32998,0.00000,0.60000
2.40450,-0.33012,0.00000,0.60000
2.40460,-0.33027,0.00000,0.60000
2.40470,-0.33041,0.00000,0.60000
2.40480,-0.33055,0.00000,0.60000
2.40490,-0.33069,0.00000,0.60000
2.40500,-0.33083,0.00000,0.60000
2.40510,-0.33097,0.00000,0.60000
2.40520,-0.33111,0.00000,0.60000
2.40530,-0.33126,0.00000,0.60000
2.40540,-0.33140,0.00000,0.60000
2.40550,-0.33154,0.00000,0.60000
2.40560,-0.33168,0.00000,0.60000
2.40570,-0.33182,0.00000,0.60000
2.40580,-0.33196,0.00000,0.60000
2.40590,-0.33210,0.00000,0.60000
2.40600,-0.33224,0.00000,0.60000
2.40610,-0.33238,0.00000,0.60000
2.40620,-0.33252,0.00000,0.60000
2.40630,-0.33266,0.00000,0.60000
2.40640,-0.33280,0.00000,0.60000
2.40650,-0.33294,0.00000,0.60000
2.40660,-0.33308,0.00000,0.60000
2.40670,-0.33321,0.00000,0.60000
2.40680,-0.33335,0.00000,0.60000
2.40690,-0.33349,0.00000,0.60000
2.40700,-0.33363,0.00000,0.60000
2.40710,-0.33377,0.00000,0.60000
2.40720,-0.33391,0.00000,0.60000
2.40730,-0.33405,0.00000,0.60000
2.40740,-0.33418,0.00000,0.60000
2.40750,-0.33432,0.00000,0.60000
2.40760,-0.33446,0.00000,0.60000
2.40770,-0.33460,0.00000,0.60000
2.40780,-0.33474,0.00000,0.60000
2.40790,-0.33487,0.00000,0.60000
2.40800,-0.33501,0.00000,0.60000
2.40810,-0.33515,0.00000,0.60000
2.40820,-0.33529,0.00000,0.60000
2.40830,-0.33542,0.00000,0.60000
2.40840,-0.33556,0.00000,0.60000
2.40850,-0.33570,0.00000,0.60000
2.40860,-0.33583,0.00000,0.60000
2.40870,-0.33597,0.00000,0.60000
2.40880,-0.33611,0.00000,0.60000
2.40890,-0.33624,0.00000,0.60000
2.40900,-0.33638,0.00000,0.60000
2.40910,-0.33651,0.00000,0.60000
2.40920,-0.33665,0.00000,0.60000
2.40930,-0.33679,0.00000,0.60000
2.40940,-0.33692,0.00000,0.60000
2.40950,-0.33706,0.00000,0.60000
2.40960,-0.33719,0.00000,0.60000
2.40970,-0.33733,0.00000,0.60000
2.40980,-0.33746,0.00000,0.60000
2.40990,-0.33760,0.00000,0.60000
2.41000,-0.33773,0.00000,0.60000
2.41010,-0.33787,0.00000,0.60000
2.41020,-0.33800,0.00000,0.60000
2.41030,-0.33813,0.00000,0.60000
2.41040,-0.33827,0.00000,0.60000
2.41050,-0.33840,0.00000,0.60000
2.41060,-0.33854,0.00000,0.60000
2.41070,-0.33867,0.00000,0.60000
2.41080,-0.33880,0.00000,0.60000
2.41090,-0.33894,0.00000,0.60000
2.41100,-0.33907,0.00000,0.60000
2.41110,-0.33920,0.00000,0.60000
2.41120,-0.33934,0.00000,0.60000
2.41130,-0.33947,0.00000,0.60000
2.41140,-0.33960,0.00000,0.60000
2.41150,-0.33974,0.00000,0.60000
2.41160,-0.33987,0.00000,0.60000
2.41170,-0.34000,0.00000,0.60000
2.41180,-0.34013,0.00000,0.60000
2.41190,-0.34027,0.00000,0.60000
2.41200,-0.34040,0.00000,0.60000
2.41210,-0.34053,0.00000,0.60000
2.41220,-0.34066,0.00000,0.60000
2.41230,-0.34079,0.00000,0.60000
2.41240,-0.34092,0.00000,0.60000
2.41250,-0.34106,0.00000,0.60000
2.41260,-0.34119,0.00000,0.60000
2.41270,-0.34132,0.00000,0.60000
2.41280,-0.34145,0.00000,0.60000
2.41290,-0.34158,0.00000,0.60000
2.41300,-0.34171,0.00000,0.60000
2.41310,-0.34184,0.00000,0.60000
2.41320,-0.34197,0.00000,0.60000
2.41330,-0.34210,0.00000,0.60000
2.41340,-0.34223,0.00000,0.60000
2.41350,-0.34236,0.00000,0.60000
2.41360,-0.34249,0.00000,0.60000
2.41370,-0.34262,0.00000,0.60000
2.41380,-0.34275,0.00000,0.60000
2.41390,-0.34288,0.00000,0.60000
2.41400,-0.34301,0.00000,0.60000
2.41410,-0.34314,0.00000,0.60000
2.41420,-0.34327,0.00000,0.60000
2.41430,-0.34340,0.00000,0.60000
2.41440,-0.34353,0.00000,0.60000
2.41450,-0.34366,0.00000,0.60000
2.41460,-0.34378,0.00000,0.60000
2.41470,-0.34391,0.00000,0.60000
2.41480,-0.34404,0.00000,0.60000
2.41490,-0.34417,0.00000,0.60000
2.41500,-0.34430,0.00000,0.60000
2.41510,-0.34442,0.00000,0.60000
2.41520,-0.34455,0.00000,0.60000
2.41530,-0.34468,0.00000,0.60000
2.41540,-0.34481,0.00000,0.60000
2.41550,-0.34493,0.00000,0.60000
2.41560,-0.34506,0.00000,0.60000
2.41570,-0.34519,0.00000,0.60000
2.41580,-0.34532,0.00000,0.60000
2.41590,-0.34544,0.00000,0.60000
2.41600,-0.34557,0.00000,0.60000
2.41610,-0.34570,0.00000,0.60000
2.41620,-0.34582,0.00000,0.60000
2.41630,-0.34595,0.00000,0.60000
2.41640,-0.34607,0.00000,0.60000
2.41650,-0.34620,0.00000,0.60000
2.41660,-0.34633,0.00000,0.60000
2.41670,-0.34645,0.00000,0.60000
2.41680,-0.34658,0.00000,0.60000
2.41690,-0.34670,0.00000,0.60000
2.41700,-0.34683,0.00000,0.60000
2.41710,-0.34695,0.00000,0.60000
2.41720,-0.34708,0.00000,0.60000
2.41730,-0.34720,0.00000,0.60000
2.41740,-0.34733,0.00000,0.60000
2.41750,-0.34745,0.00000,0.60000
2.41760,-0.34758,0.00000,0.60000
2.41770,-0.34770,0.00000,0.60000
2.41780,-0.34783,0.00000,0.60000
2.41790,-0.34795,0.00000,0.60000
2.41800,-0.34807,0.00000,0.60000
2.41810,-0.34820,0.00000,0.60000
2.41820,-0.34832,0.00000,0.60000
2.41830,-0.34844,0.00000,0.60000
2.41840,-0.34857,0.00000,0.60000
2.41850,-0.34869,0.00000,0.60000
2.41860,-0.34881,0.00000,0.60000
2.41870,-0.34894,0.00000,0.60000
2.41880,-0.34906,0.00000,0.60000
2.41890,-0.34918,0.00000,0.60000
2.41900,-0.34930,0.00000,0.60000
2.41910,-0.34943,0.00000,0.60000
2.41920,-0.34955,0.00000,0.60000
2.41930,-0.34967,0.00000,0.60000
2.41940,-0.34979,0.00000,0.60000
2.41950,-0.34992,0.00000,0.60000
2.41960,-0.35004,0.00000,0.60000
2.41970,-0.35016,0.00000,0.60000
2.41980,-0.35028,0.00000,0.60000
2.41990,-0.35040,0.00000,0.60000
2.42000,-0.35052,0.00000,0.60000
2.42010,-0.35064,0.00000,0.60000
2.42020,-0.35076,0.00000,0.60000
2.42030,-0.35089,0.00000,0.60000
2.42040,-0.35101,0.00000,0.60000
2.42050,-0.35113,0.00000,0.60000
2.42060,-0.35125,0.00000,0.60000
2.42070,-0.35137,0.00000,0.60000
2.42080,-0.35149,0.00000,0.60000
2.42090,-0.35161,0.00000,0.60000
2.42100,-0.35173,0.00000,0.60000
2.42110,-0.35185,0.00000,0.60000
2.42120,-0.35197,0.00000,0.60000
2.42130,-0.35208,0.00000,0.60000
2.42140,-0.35220,0.00000,0.60000
2.42150,-0.35232,0.00000,0.60000
2.42160,-0.35244,0.00000,0.60000
2.42170,-0.35256,0.00000,0.60000
2.42180,-0.35268,0.00000,0.60000
2.42190,-0.35280,0.00000,0.60000
2.42200,-0.35292,0.00000,0.60000
2.42210,-0.35303,0.00000,0.60000
2.42220,-0.35315,0.00000,0.60000
2.42230,-0.35327,0.00000,0.60000
2.42240,-0.35339,0.00000,0.60000
2.42250,-0.35351,0.00000,0.60000
2.42260,-0.35362,0.00000,0.60000
2.42270,-0.35374,0.00000,0.60000
2.42280,-0.35386,0.00000,0.60000
2.42290,-0.35398,0.00000,0.60000
2.42300,-0.35409,0.00000,0.60000
2.42310,-0.35421,0.00000,0.60000
2.42320,-0.35433,0.00000,0.60000
2.42330,-0.35444,0.00000,0.60000
2.42340,-0.35456,0.00000,0.60000
2.42350,-0.35468,0.00000,0.60000
2.42360,-0.35479,0.00000,0.60000
2.42370,-0.35491,0.00000,0.60000
2.42380,-0.35502,0.00000,0.60000
2.42390,-0.35514,0.00000,0.60000
2.42400,-0.35525,0.00000,0.60000
2.42410,-0.35537,0.00000,0.60000
2.42420,-0.35549,0.00000,0.60000
2.42430,-0.35560,0.00000,0.60000
2.42440,-0.35572,0.00000,0.60000
2.42450,-0.35583,0.00000,0.60000
2.42460,-0.35595,0.00000,0.60000
2.42470,-0.35606,0.00000,0.60000
2.42480,-0.35617,0.00000,0.60000
2.42490,-0.35629,0.00000,0.60000
2.42500,-0.35640,0.00000,0.60000
2.42510,-0.35652,0.00000,0.60000
2.42520,-0.35663,0.00000,0.60000
2.42530,-0.35674,0.00000,0.60000
2.42540,-0.35686,0.00000,0.60000
2.42550,-0.35697,0.00000,0.60000
2.42560,-0.35708,0.00000,0.60000
2.42570,-0.35720,0.00000,0.60000
2.42580,-0.35731,0.00000,0.60000
2.42590,-0.35742,0.00000,0.60000
2.42600,-0.35754,0.00000,0.60000
2.42610,-0.35765,0.00000,0.60000
2.42620,-0.35776,0.00000,0.60000
2.42630,-0.35787,0.00000,0.60000
2.42640,-0.35799,0.00000,0.60000
2.42650,-0.35810,0.00000,0.60000
2.42660,-0.35821,0.00000,0.60000
2.42670,-0.35832,0.00000,0.60000
2.42680,-0.35843,0.00000,0.60000
2.42690,-0.35855,0.00000,0.60000
2.42700,-0.35866,0.00000,0.60000
2.42710,-0.35877,0.00000,0.60000
2.42720,-0.35888,0.00000,0.60000
2.42730,-0.35899,0.00000,0.60000
2.42740,-0.35910,0.00000,0.60000
2.42750,-0.35921,0.00000,0.60000
2.42760,-0.35932,0.00000,0.60000
2.42770,-0.35943,0.00000,0.60000
2.42780,-0.35954,0.00000,0.60000
2.42790,-0.35965,0.00000,0.60000
2.42800,-0.35976,0.00000,0.60000
2.42810,-0.35987,0.00000,0.60000
2.42820,-0.35998,0.00000,0.60000
2.42830,-0.36009,0.00000,0.60000
2.42840,-0.36020,0.00000,0.60000
2.42850,-0.36031,0.00000,0.60000
2.42860,-0.36042,0.00000,0.60000
2.42870,-0.36053,0.00000,0.60000
2.42880,-0.36064,0.00000,0.60000
2.42890,-0.36075,0.00000,0.60000
2.42900,-0.36085,0.00000,0.60000
2.42910,-0.36096,0.00000,0.60000
2.42920,-0.36107,0.00000,0.60000
2.42930,-0.36118,0.00000,0.60000
2.42940,-0.36129,0.00000,0.60000
2.42950,-0.36139,0.00000,0.60000
2.42960,-0.36150,0.00000,0.60000
2.42970,-0.36161,0.00000,0.60000
2.42980,-0.36172,0.00000,0.60000
2.42990,-0.36182,0.00000,0.60000
2.43000,-0.36193,0.00000,0.60000
2.43010,-0.36204,0.00000,0.60000
2.43020,-0.36214,0.00000,0.60000
2.43030,-0.36225,0.00000,0.60000
2.43040,-0.36236,0.00000,0.60000
2.43050,-0.36246,0.00000,0.60000
2.43060,-0.36257,0.00000,0.60000
2.43070,-0.36268,0.00000,0.60000
2.43080,-0.36278,0.00000,0.60000
2.43090,-0.36289,0.00000,0.60000
2.43100,-0.36299,0.00000,0.60000
2.43110,-0.36310,0.00000,0.60000
2.43120,-0.36320,0.00000,0.60000
2.43130,-0.36331,0.00000,0.60000
2.43140,-0.36341,0.00000,0.60000
2.43150,-0.36352,0.00000,0.60000
2.43160,-0.36362,0.00000,0.60000
2.43170,-0.36373,0.00000,0.60000
2.43180,-0.36383,0.00000,0.60000
2.43190,-0.36394,0.00000,0.60000
2.43200,-0.36404,0.00000,0.60000
2.43210,-0.36415,0.00000,0.60000
2.43220,-0.36425,0.00000,0.60000
2.43230,-0.36435,0.00000,0.60000
2.43240,-0.36446,0.00000,0.60000
2.43250,-0.36456,0.00000,0.60000
2.43260,-0.36466,0.00000,0.60000
2.43270,-0.36477,0.00000,0.60000
2.43280,-0.36487,0.00000,0.60000
2.43290,-0.36497,0.00000,0.60000
2.43300,-0.36508,0.00000,0.60000
2.43310,-0.36518,0.00000,0.60000
2.43320,-0.36528,0.00000,0.60000
2.43330,-0.36538,0.00000,0.60000
2.43340,-0.36549,0.00000,0.60000
2.43350,-0.36559,0.00000,0.60000
2.43360,-0.36569,0.00000,0.60000
2.43370,-0.36579,0.00000,0.60000
2.43380,-0.36589,0.00000,0.60000
2.43390,-0.36600,0.00000,0.60000
2.43400,-0.36610,0.00000,0.60000
2.43410,-0.36620,0.00000,0.60000
2.43420,-0.36630,0.00000,0.60000
2.43430,-0.36640,0.00000,0.60000
2.43440,-0.36650,0.00000,0.60000
2.43450,-0.36660,0.00000,0.60000
2.43460,-0.36670,0.00000,0.60000
2.43470,-0.36680,0.00000,0.60000
2.43480,-0.36690,0.00000,0.60000
2.43490,-0.36700,0.00000,0.60000
2.43500,-0.36710,0.00000,0.60000
2.43510,-0.36720,0.00000,0.60000
2.43520,-0.36730,0.00000,0.60000
2.43530,-0.36740,0.00000,0.60000
2.43540,-0.36750,0.00000,0.60000
2.43550,-0.36760,0.00000,0.60000
2.43560,-0.36770,0.00000,0.60000
2.43570,-0.36780,0.00000,0.60000
2.43580,-0.36790,0.00000,0.60000
2.43590,-0.36799,0.00000,0.60000
2.43600,-0.36809,0.00000,0.60000
2.43610,-0.36819,0.00000,0.60000
2.43620,-0.36829,0.00000,0.60000
2.43630,-0.36839,0.00000,0.60000
2.43640,-0.36849,0.00000,0.60000
2.43650,-0.36858,0.00000,0.60000
2.43660,-0.36868,0.00000,0.60000
2.43670,-0.36878,0.00000,0.60000
2.43680,-0.36887,0.00000,0.60000
2.43690,-0.36897,0.00000,0.60000
2.43700,-0.36907,0.00000,0.60000
2.43710,-0.36917,0.00000,0.60000
2.43720,-0.36926,0.00000,0.60000
2.43730,-0.36936,0.00000,0.60000
2.43740,-0.36946,0.00000,0.60000
2.43750,-0.36955,0.00000,0.60000
2.43760,-0.36965,0.00000,0.60000
2.43770,-0.36974,0.00000,0.60000
2.43780,-0.36984,0.00000,0.60000
2.43790,-0.36994,0.00000,0.60000
2.43800,-0.37003,0.00000,0.60000
2.43810,-0.37013,0.00000,0.60000
2.43820,-0.37022,0.00000,0.60000
2.43830,-0.37032,0.00000,0.60000
2.43840,-0.37041,0.00000,0.60000
2.43850,-0.37051,0.00000,0.60000
2.43860,-0.37060,0.00000,0.60000
2.43870,-0.37070,0.00000,0.60000
2.43880,-0.37079,0.00000,0.60000
2.43890,-0.37088,0.00000,0.60000
2.43900,-0.37098,0.00000,0.60000
2.43910,-0.37107,0.00000,0.60000
2.43920,-0.37117,0.00000,0.60000
2.43930,-0.37126,0.00000,0.60000
2.43940,-0.37135,0.00000,0.60000
2.43950,-0.37145,0.00000,0.60000
2.43960,-0.37154,0.00000,0.60000
2.43970,-0.37163,0.00000,0.60000
2.43980,-0.37173,0.00000,0.60000
2.43990,-0.37182,0.00000,0.60000
2.44000,-0.37191,0.00000,0.60000
2.44010,-0.37200,0.00000,0.60000
2.44020,-0.37210,0.00000,0.60000
2.44030,-0.37219,0.00000,0.60000
2.44040,-0.37228,0.00000,0.60000
2.44050,-0.37237,0.00000,0.60000
2.44060,-0.37246,0.00000,0.60000
2.44070,-0.37255,0.00000,0.60000
2.44080,-0.37265,0.00000,0.60000
2.44090,-0.37274,0.00000,0.60000
2.44100,-0.37283,0.00000,0.60000
2.44110,-0.37292,0.00000,0.60000
2.44120,-0.37301,0.00000,0.60000
2.44130,-0.37310,0.00000,0.60000
2.44140,-0.37319,0.00000,0.60000
2.44150,-0.37328,0.00000,0.60000
2.44160,-0.37337,0.00000,0.60000
2.44170,-0.37346,0.00000,0.60000
2.44180,-0.37355,0.00000,0.60000
2.44190,-0.37364,0.00000,0.60000
2.44200,-0.37373,0.00000,0.60000
2.44210,-0.37382,0.00000,0.60000
2.44220,-0.37391,0.00000,0.60000
2.44230,-0.37400,0.00000,0.60000
2.44240,-0.37409,0.00000,0.60000
2.44250,-0.37418,0.00000,0.60000
2.44260,-0.37427,0.00000,0.60000
2.44270,-0.37435,0.00000,0.60000
2.44280,-0.37444,0.00000,0.60000
2.44290,-0.37453,0.00000,0.60000
2.44300,-0.37462,0.00000,0.60000
2.44310,-0.37471,0.00000,0.60000
2.44320,-0.37480,0.00000,0.60000
2.44330,-0.37488,0.00000,0.60000
2.44340,-0.37497,0.00000,0.60000
2.44350,-0.37506,0.00000,0.60000
2.44360,-0.37515,0.00000,0.60000
2.44370,-0.37523,0.00000,0.60000
2.44380,-0.37532,0.00000,0.60000
2.44390,-0.37541,0.00000,0.60000
2.44400,-0.37549,0.00000,0.60000
2.44410,-0.37558,0.00000,0.60000
2.44420,-0.37567,0.00000,0.60000
2.44430,-0.37575,0.00000,0.60000
2.44440,-0.37584,0.00000,0.60000
2.44450,-0.37592,0.00000,0.60000
2.44460,-0.37601,0.00000,0.60000
2.44470,-0.37610,0.00000,0.60000
2.44480,-0.37618,0.00000,0.60000
2.44490,-0.37627,0.00000,0.60000
2.44500,-0.37635,0.00000,0.60000
2.44510,-0.37644,0.00000,0.60000
2.44520,-0.37652,0.00000,0.60000
2.44530,-0.37661,0.00000,0.60000
2.44540,-0.37669,0.00000,0.60000
2.44550,-0.37678,0.00000,0.60000
2.44560,-0.37686,0.00000,0.60000
2.44570,-0.37694,0.00000,0.60000
2.44580,-0.37703,0.00000,0.60000
2.44590,-0.37711,0.00000,0.60000
2.44600,-0.37720,0.00000,0.60000
2.44610,-0.37728,0.00000,0.60000
2.44620,-0.37736,0.00000,0.60000
2.44630,-0.37745,0.00000,0.60000
2.44640,-0.37753,0.00000,0.60000
2.44650,-0.37761,0.00000,0.60000
2.44660,-0.37770,0.00000,0.60000
2.44670,-0.37778,0.00000,0.60000
2.44680,-0.37786,0.00000,0.60000
2.44690,-0.37794,0.00000,0.60000
2.44700,-0.37803,0.00000,0.60000
2.44710,-0.37811,0.00000,0.60000
2.44720,-0.37819,0.00000,0.60000
2.44730,-0.37827,0.00000,0.60000
2.44740,-0.37835,0.00000,0.60000
2.44750,-0.37843,0.00000,0.60000
2.44760,-0.37852,0.00000,0.60000
2.44770,-0.37860,0.00000,0.60000
2.44780,-0.37868,0.00000,0.60000
2.44790,-0.37876,0.00000,0.60000
2.44800,-0.37884,0.00000,0.60000
2.44810,-0.37892,0.00000,0.60000
2.44820,-0.37900,0.00000,0.60000
2.44830,-0.37908,0.00000,0.60000
2.44840,-0.37916,0.00000,0.60000
2.44850,-0.37924,0.00000,0.60000
2.44860,-0.37932,0.00000,0.60000
2.44870,-0.37940,0.00000,0.60000
2.44880,-0.37948,0.00000,0.60000
2.44890,-0.37956,0.00000,0.60000
2.44900,-0.37964,0.00000,0.60000
2.44910,-0.37972,0.00000,0.60000
2.44920,-0.37980,0.00000,0.60000
2.44930,-0.37988,0.00000,0.60000
2.44940,-0.37995,0.00000,0.60000
2.44950,-0.38003,0.00000,0.60000
2.44960,-0.38011,0.00000,0.60000
2.44970,-0.38019,0.00000,0.60000
2.44980,-0.38027,0.00000,0.60000
2.44990,-0.38034,0.00000,0.60000
2.45000,-0.38042,0.00000,0.60000
2.45010,-0.38050,0.00000,0.60000
2.45020,-0.38058,0.00000,0.60000
2.45030,-0.38065,0.00000,0.60000
2.45040,-0.38073,0.00000,0.60000
2.45050,-0.38081,0.00000,0.60000
2.45060,-0.38089,0.00000,0.60000
2.45070,-0.38096,0.00000,0.60000
2.45080,-0.38104,0.00000,0.60000
2.45090,-0.38112,0.00000,0.60000
2.45100,-0.38119,0.00000,0.60000
2.45110,-0.38127,0.00000,0.60000
2.45120,-0.38134,0.00000,0.60000
2.45130,-0.38142,0.00000,0.60000
2.45140,-0.38150,0.00000,0.60000
2.45150,-0.38157,0.00000,0.60000
2.45160,-0.38165,0.00000,0.60000
2.45170,-0.38172,0.00000,0.60000
2.45180,-0.38180,0.00000,0.60000
2.45190,-0.38187,0.00000,0.60000
2.45200,-0.38195,0.00000,0.60000
2.45210,-0.38202,0.00000,0.60000
2.45220,-0.38209,0.00000,0.60000
2.45230,-0.38217,0.00000,0.60000
2.45240,-0.38224,0.00000,0.60000
2.45250,-0.38232,0.00000,0.60000
2.45260,-0.38239,0.00000,0.60000
2.45270,-0.38246,0.00000,0.60000
2.45280,-0.38254,0.00000,0.60000
2.45290,-0.38261,0.00000,0.60000
2.45300,-0.38268,0.00000,0.60000
2.45310,-0.38276,0.00000,0.60000
2.45320,-0.38283,0.00000,0.60000
2.45330,-0.38290,0.00000,0.60000
2.45340,-0.38298,0.00000,0.60000
2.45350,-0.38305,0.00000,0.60000
2.45360,-0.38312,0.00000,0.60000
2.45370,-0.38319,0.00000,0.60000
2.45380,-0.38327,0.00000,0.60000
2.45390,-0.38334,0.00000,0.60000
2.45400,-0.38341,0.00000,0.60000
2.45410,-0.38348,0.00000,0.60000
2.45420,-0.38355,0.00000,0.60000
2.45430,-0.38362,0.00000,0.60000
2.45440,-0.38369,0.00000,0.60000
2.45450,-0.38376,0.00000,0.60000
2.45460,-0.38384,0.00000,0.60000
2.45470,-0.38391,0.00000,0.60000
2.45480,-0.38398,0.00000,0.60000
2.45490,-0.38405,0.00000,0.60000
2.45500,-0.38412,0.00000,0.60000
2.45510,-0.38419,0.00000,0.60000
2.45520,-0.38426,0.00000,0.60000
2.45530,-0.38433,0.00000,0.60000
2.45540,-0.38440,0.00000,0.60000
2.45550,-0.38447,0.00000,0.60000
2.45560,-0.38454,0.00000,0.60000
2.45570,-0.38460,0.00000,0.60000
2.45580,-0.38467,0.00000,0.60000
2.45590,-0.38474,0.00000,0.60000
2.45600,-0.38481,0.00000,0.60000
2.45610,-0.38488,0.00000,0.60000
2.45620,-0.38495,0.00000,0.60000
2.45630,-0.38502,0.00000,0.60000
2.45640,-0.38508,0.00000,0.60000
2.45650,-0.38515,0.00000,0.60000
2.45660,-0.38522,0.00000,0.60000
2.45670,-0.38529,0.00000,0.60000
2.45680,-0.38536,0.00000,0.60000
2.45690,-0.38542,0.00000,0.60000
2.45700,-0.38549,0.00000,0.60000
2.45710,-0.38556,0.00000,0.60000
2.45720,-0.38562,0.00000,0.60000
2.45730,-0.38569,0.00000,0.60000
2.45740,-0.38576,0.00000,0.60000
2.45750,-0.38582,0.00000,0.60000
2.45760,-0.38589,0.00000,0.60000
2.45770,-0.38596,0.00000,0.60000
2.45780,-0.38602,0.00000,0.60000
2.45790,-0.38609,0.00000,0.60000
2.45800,-0.38615,0.00000,0.60000
2.45810,-0.38622,0.00000,0.60000
2.45820,-0.38628,0.00000,0.60000
2.45830,-0.38635,0.00000,0.60000
2.45840,-0.38641,0.00000,0.60000
2.45850,-0.38648,0.00000,0.60000
2.45860,-0.38654,0.00000,0.60000
2.45870,-0.38661,0.00000,0.60000
2.45880,-0.38667,0.00000,0.60000
2.45890,-0.38674,0.00000,0.60000
2.45900,-0.38680,0.00000,0.60000
2.45910,-0.38686,0.00000,0.60000
2.45920,-0.38693,0.00000,0.60000
2.45930,-0.38699,0.00000,0.60000
2.45940,-0.38706,0.00000,0.60000
2.45950,-0.38712,0.00000,0.60000
2.45960,-0.38718,0.00000,0.60000
2.45970,-0.38725,0.00000,0.60000
2.45980,-0.38731,0.00000,0.60000
2.45990,-0.38737,0.00000,0.60000
2.46000,-0.38743,0.00000,0.60000
2.46010,-0.38750,0.00000,0.60000
2.46020,-0.38756,0.00000,0.60000
2.46030,-0.38762,0.00000,0.60000
2.46040,-0.38768,0.00000,0.60000
2.46050,-0.38774,0.00000,0.60000
2.46060,-0.38781,0.00000,0.60000
2.46070,-0.38787,0.00000,0.60000
2.46080,-0.38793,0.00000,0.60000
2.46090,-0.38799,0.00000,0.60000
2.46100,-0.38805,0.00000,0.60000
2.46110,-0.38811,0.00000,0.60000
2.46120,-0.38817,0.00000,0.60000
2.46130,-0.38823,0.00000,0.60000
2.46140,-0.38829,0.00000,0.60000
2.46150,-0.38835,0.00000,0.60000
2.46160,-0.38841,0.00000,0.60000
2.46170,-0.38847,0.00000,0.60000
2.46180,-0.38853,0.00000,0.60000
2.46190,-0.38859,0.00000,0.60000
2.46200,-0.38865,0.00000,0.60000
2.46210,-0.38871,0.00000,0.60000
2.46220,-0.38877,0.00000,0.60000
2.46230,-0.38883,0.00000,0.60000
2.46240,-0.38889,0.00000,0.60000
2.46250,-0.38895,0.00000,0.60000
2.46260,-0.38901,0.00000,0.60000
2.46270,-0.38907,0.00000,0.60000
2.46280,-0.38912,0.00000,0.60000
2.46290,-0.38918,0.00000,0.60000
2.46300,-0.38924,0.00000,0.60000
2.46310,-0.38930,0.00000,0.60000
2.46320,-0.38935,0.00000,0.60000
2.46330,-0.38941,0.00000,0.60000
2.46340,-0.38947,0.00000,0.60000
2.46350,-0.38953,0.00000,0.60000
2.46360,-0.38958,0.00000,0.60000
2.46370,-0.38964,0.00000,0.60000
2.46380,-0.38970,0.00000,0.60000
2.46390,-0.38975,0.00000,0.60000
2.46400,-0.38981,0.00000,0.60000
2.46410,-0.38987,0.00000,0.60000
2.46420,-0.38992,0.00000,0.60000
2.46430,-0.38998,0.00000,0.60000
2.46440,-0.39003,0.00000,0.60000
2.46450,-0.39009,0.00000,0.60000
2.46460,-0.39015,0.00000,0.60000
2.46470,-0.39020,0.00000,0.60000
2.46480,-0.39026,0.00000,0.60000
2.46490,-0.39031,0.00000,0.60000
2.46500,-0.39037,0.00000,0.60000
2.46510,-0.39042,0.00000,0.60000
2.46520,-0.39048,0.00000,0.60000
2.46530,-0.39053,0.00000,0.60000
2.46540,-0.39058,0.00000,0.60000
2.46550,-0.39064,0.00000,0.60000
2.46560,-0.39069,0.00000,0.60000
2.46570,-0.39075,0.00000,0.60000
2.46580,-0.39080,0.00000,0.60000
2.46590,-0.39085,0.00000,0.60000
2.46600,-0.39091,0.00000,0.60000
2.46610,-0.39096,0.00000,0.60000
2.46620,-0.39101,0.00000,0.60000
2.46630,-0.39107,0.00000,0.60000
2.46640,-0.39112,0.00000,0.60000
2.46650,-0.39117,0.00000,0.60000
2.46660,-0.39122,0.00000,0.60000
2.46670,-0.39128,0.00000,0.60000
2.46680,-0.39133,0.00000,0.60000
2.46690,-0.39138,0.00000,0.60000
2.46700,-0.39143,0.00000,0.60000
2.46710,-0.39148,0.00000,0.60000
2.46720,-0.39154,0.00000,0.60000
2.46730,-0.39159,0.00000,0.60000
2.46740,-0.39164,0.00000,0.60000
2.46750,-0.39169,0.00000,0.60000
2.46760,-0.39174,0.00000,0.60000
2.46770,-0.39179,0.00000,0.60000
2.46780,-0.39184,0.00000,0.60000
2.46790,-0.39189,0.00000,0.60000
2.46800,-0.39194,0.00000,0.60000
2.46810,-0.39199,0.00000,0.60000
2.46820,-0.39204,0.00000,0.60000
2.46830,-0.39209,0.00000,0.60000
2.46840,-0.39214,0.00000,0.60000
2.46850,-0.39219,0.00000,0.60000
2.46860,-0.39224,0.00000,0.60000
2.46870,-0.39229,0.00000,0.60000
2.46880,-0.39234,0.00000,0.60000
2.46890,-0.39239,0.00000,0.60000
2.46900,-0.39244,0.00000,0.60000
2.46910,-0.39248,0.00000,0.60000
2.46920,-0.39253,0.00000,0.60000
2.46930,-0.39258,0.00000,0.60000
2.46940,-0.39263,0.00000,0.60000
2.46950,-0.39268,0.00000,0.60000
2.46960,-0.39273,0.00000,0.60000
2.46970,-0.39277,0.00000,0.60000
2.46980,-0.39282,0.00000,0.60000
2.46990,-0.39287,0.00000,0.60000
2.47000,-0.39291,0.00000,0.60000
2.47010,-0.39296,0.00000,0.60000
2.47020,-0.39301,0.00000,0.60000
2.47030,-0.39306,0.00000,0.60000
2.47040,-0.39310,0.00000,0.60000
2.47050,-0.39315,0.00000,0.60000
2.47060,-0.39319,0.00000,0.60000
2.47070,-0.39324,0.00000,0.60000
2.47080,-0.39329,0.00000,0.60000
2.47090,-0.39333,0.00000,0.60000
2.47100,-0.39338,0.00000,0.60000
2.47110,-0.39342,0.00000,0.60000
2.47120,-0.39347,0.00000,0.60000
2.47130,-0.39351,0.00000,0.60000
2.47140,-0.39356,0.00000,0.60000
2.47150,-0.39360,0.00000,0.60000
2.47160,-0.39365,0.00000,0.60000
2.47170,-0.39369,0.00000,0.60000
2.47180,-0.39374,0.00000,0.60000
2.47190,-0.39378,0.00000,0.60000
2.47200,-0.39383,0.00000,0.60000
2.47210,-0.39387,0.00000,0.60000
2.47220,-0.39391,0.00000,0.60000
2.47230,-0.39396,0.00000,0.60000
2.47240,-0.39400,0.00000,0.60000
2.47250,-0.39404,0.00000,0.60000
2.47260,-0.39409,0.00000,0.60000
2.47270,-0.39413,0.00000,0.60000
2.47280,-0.39417,0.00000,0.60000
2.47290,-0.39422,0.00000,0.60000
2.47300,-0.39426,0.00000,0.60000
2.47310,-0.39430,0.00000,0.60000
2.47320,-0.39434,0.00000,0.60000
2.47330,-0.39438,0.00000,0.60000
2.47340,-0.39443,0.00000,0.60000
2.47350,-0.39447,0.00000,0.60000
2.47360,-0.39451,0.00000,0.60000
2.47370,-0.39455,0.00000,0.60000
2.47380,-0.39459,0.00000,0.60000
2.47390,-0.39463,0.00000,0.60000
2.47400,-0.39467,0.00000,0.60000
2.47410,-0.39472,0.00000,0.60000
2.47420,-0.39476,0.00000,0.60000
2.47430,-0.39480,0.00000,0.60000
2.47440,-0.39484,0.00000,0.60000
2.47450,-0.39488,0.00000,0.60000
2.47460,-0.39492,0.00000,0.60000
2.47470,-0.39496,0.00000,0.60000
2.47480,-0.39500,0.00000,0.60000
2.47490,-0.39504,0.00000,0.60000
2.47500,-0.39508,0.00000,0.60000
2.47510,-0.39511,0.00000,0.60000
2.47520,-0.39515,0.00000,0.60000
2.47530,-0.39519,0.00000,0.60000
2.47540,-0.39523,0.00000,0.60000
2.47550,-0.39527,0.00000,0.60000
2.47560,-0.39531,0.00000,0.60000
2.47570,-0.39535,0.00000,0.60000
2.47580,-0.39538,0.00000,0.60000
2.47590,-0.39542,0.00000,0.60000
2.47600,-0.39546,0.00000,0.60000
2.47610,-0.39550,0.00000,0.60000
2.47620,-0.39554,0.00000,0.60000
2.47630,-0.39557,0.00000,0.60000
2.47640,-0.39561,0.00000,0.60000
2.47650,-0.39565,0.00000,0.60000
2.47660,-0.39568,0.00000,0.60000
2.47670,-0.39572,0.00000,0.60000
2.47680,-0.39576,0.00000,0.60000
2.47690,-0.39579,0.00000,0.60000
2.47700,-0.39583,0.00000,0.60000
2.47710,-0.39587,0.00000,0.60000
2.47720,-0.39590,0.00000,0.60000
2.47730,-0.39594,0.00000,0.60000
2.47740,-0.39597,0.00000,0.60000
2.47750,-0.39601,0.00000,0.60000
2.47760,-0.39604,0.00000,0.60000
2.47770,-0.39608,0.00000,0.60000
2.47780,-0.39611,0.00000,0.60000
2.47790,-0.39615,0.00000,0.60000
2.47800,-0.39618,0.00000,0.60000
2.47810,-0.39622,0.00000,0.60000
2.47820,-0.39625,0.00000,0.60000
2.47830,-0.39629,0.00000,0.60000
2.47840,-0.39632,0.00000,0.60000
2.47850,-0.39636,0.00000,0.60000
2.47860,-0.39639,0.00000,0.60000
2.47870,-0.39642,0.00000,0.60000
2.47880,-0.39646,0.00000,0.60000
2.47890,-0.39649,0.00000,0.60000
2.47900,-0.39652,0.00000,0.60000
2.47910,-0.39656,0.00000,0.60000
2.47920,-0.39659,0.00000,0.60000
2.47930,-0.39662,0.00000,0.60000
2.47940,-0.39665,0.00000,0.60000
2.47950,-0.39669,0.00000,0.60000
2.47960,-0.39672,0.00000,0.60000
2.47970,-0.39675,0.00000,0.60000
2.47980,-0.39678,0.00000,0.60000
2.47990,-0.39681,0.00000,0.60000
2.48000,-0.39685,0.00000,0.60000
2.48010,-0.39688,0.00000,0.60000
2.48020,-0.39691,0.00000,0.60000
2.48030,-0.39694,0.00000,0.60000
2.48040,-0.39697,0.00000,0.60000
2.48050,-0.39700,0.00000,0.60000
2.48060,-0.39703,0.00000,0.60000
2.48070,-0.39706,0.00000,0.60000
2.48080,-0.39709,0.00000,0.60000
2.48090,-0.39712,0.00000,0.60000
2.48100,-0.39715,0.00000,0.60000
2.48110,-0.39718,0.00000,0.60000
2.48120,-0.39721,0.00000,0.60000
2.48130,-0.39724,0.00000,0.60000
2.48140,-0.39727,0.00000,0.60000
2.48150,-0.39730,0.00000,0.60000
2.48160,-0.39733,0.00000,0.60000
2.48170,-0.39736,0.00000,0.60000
2.48180,-0.39739,0.00000,0.60000
2.48190,-0.39742,0.00000,0.60000
2.48200,-0.39744,0.00000,0.60000
2.48210,-0.39747,0.00000,0.60000
2.48220,-0.39750,0.00000,0.60000
2.48230,-0.39753,0.00000,0.60000
2.48240,-0.39756,0.00000,0.60000
2.48250,-0.39758,0.00000,0.60000
2.48260,-0.39761,0.00000,0.60000
2.48270,-0.39764,0.00000,0.60000
2.48280,-0.39767,0.00000,0.60000
2.48290,-0.39769,0.00000,0.60000
2.48300,-0.39772,0.00000,0.60000
2.48310,-0.39775,0.00000,0.60000
2.48320,-0.39777,0.00000,0.60000
2.48330,-0.39780,0.00000,0.60000
2.48340,-0.39783,0.00000,0.60000
2.48350,-0.39785,0.00000,0.60000
2.48360,-0.39788,0.00000,0.60000
2.48370,-0.39790,0.00000,0.60000
2.48380,-0.39793,0.00000,0.60000
2.48390,-0.39796,0.00000,0.60000
2.48400,-0.39798,0.00000,0.60000
2.48410,-0.39801,0.00000,0.60000
2.48420,-0.39803,0.00000,0.60000
2.48430,-0.39806,0.00000,0.60000
2.48440,-0.39808,0.00000,0.60000
2.48450,-0.39810,0.00000,0.60000
2.48460,-0.39813,0.00000,0.60000
2.48470,-0.39815,0.00000,0.60000
2.48480,-0.39818,0.00000,0.60000
2.48490,-0.39820,0.00000,0.60000
2.48500,-0.39822,0.00000,0.60000
2.48510,-0.39825,0.00000,0.60000
2.48520,-0.39827,0.00000,0.60000
2.48530,-0.39830,0.00000,0.60000
2.48540,-0.39832,0.00000,0.60000
2.48550,-0.39834,0.00000,0.60000
2.48560,-0.39836,0.00000,0.60000
2.48570,-0.39839,0.00000,0.60000
2.48580,-0.39841,0.00000,0.60000
2.48590,-0.39843,0.00000,0.60000
2.48600,-0.39845,0.00000,0.60000
2.48610,-0.39848,0.00000,0.60000
2.48620,-0.39850,0.00000,0.60000
2.48630,-0.39852,0.00000,0.60000
2.48640,-0.39854,0.00000,0.60000
2.48650,-0.39856,0.00000,0.60000
2.48660,-0.39858,0.00000,0.60000
2.48670,-0.39860,0.00000,0.60000
2.48680,-0.39863,0.00000,0.60000
2.48690,-0.39865,0.00000,0.60000
2.48700,-0.39867,0.00000,0.60000
2.48710,-0.39869,0.00000,0.60000
2.48720,-0.39871,0.00000,0.60000
2.48730,-0.39873,0.00000,0.60000
2.48740,-0.39875,0.00000,0.60000
2.48750,-0.39877,0.00000,0.60000
2.48760,-0.39879,0.00000,0.60000
2.48770,-0.39881,0.00000,0.60000
2.48780,-0.39883,0.00000,0.60000
2.48790,-0.39884,0.00000,0.60000
2.48800,-0.39886,0.00000,0.60000
2.48810,-0.39888,0.00000,0.60000
2.48820,-0.39890,0.00000,0.60000
2.48830,-0.39892,0.00000,0.60000
2.48840,-0.39894,0.00000,0.60000
2.48850,-0.39896,0.00000,0.60000
2.48860,-0.39897,0.00000,0.60000
2.48870,-0.39899,0.00000,0.60000
2.48880,-0.39901,0.00000,0.60000
2.48890,-0.39903,0.00000,0.60000
2.48900,-0.39905,0.00000,0.60000
2.48910,-0.39906,0.00000,0.60000
2.48920,-0.39908,0.00000,0.60000
2.48930,-0.39910,0.00000,0.60000
2.48940,-0.39911,0.00000,0.60000
2.48950,-0.39913,0.00000,0.60000
2.48960,-0.39915,0.00000,0.60000
2.48970,-0.39916,0.00000,0.60000
2.48980,-0.39918,0.00000,0.60000
2.48990,-0.39919,0.00000,0.60000
2.49000,-0.39921,0.00000,0.60000
2.49010,-0.39923,0.00000,0.60000
2.49020,-0.39924,0.00000,0.60000
2.49030,-0.39926,0.00000,0.60000
2.49040,-0.39927,0.00000,0.60000
2.49050,-0.39929,0.00000,0.60000
2.49060,-0.39930,0.00000,0.60000
2.49070,-0.39932,0.00000,0.60000
2.49080,-0.39933,0.00000,0.60000
2.49090,-0.39935,0.00000,0.60000
2.49100,-0.39936,0.00000,0.60000
2.49110,-0.39937,0.00000,0.60000
2.49120,-0.39939,0.00000,0.60000
2.49130,-0.39940,0.00000,0.60000
2.49140,-0.39942,0.00000,0.60000
2.49150,-0.39943,0.00000,0.60000
2.49160,-0.39944,0.00000,0.60000
2.49170,-0.39946,0.00000,0.60000
2.49180,-0.39947,0.00000,0.60000
2.49190,-0.39948,0.00000,0.60000
2.49200,-0.39949,0.00000,0.60000
2.49210,-0.39951,0.00000,0.60000
2.49220,-0.39952,0.00000,0.60000
2.49230,-0.39953,0.00000,0.60000
2.49240,-0.39954,0.00000,0.60000
2.49250,-0.39956,0.00000,0.60000
2.49260,-0.39957,0.00000,0.60000
2.49270,-0.39958,0.00000,0.60000
2.49280,-0.39959,0.00000,0.60000
2.49290,-0.39960,0.00000,0.60000
2.49300,-0.39961,0.00000,0.60000
2.49310,-0.39962,0.00000,0.60000
2.49320,-0.39963,0.00000,0.60000
2.49330,-0.39965,0.00000,0.60000
2.49340,-0.39966,0.00000,0.60000
2.49350,-0.39967,0.00000,0.60000
2.49360,-0.39968,0.00000,0.60000
2.49370,-0.39969,0.00000,0.60000
2.49380,-0.39970,0.00000,0.60000
2.49390,-0.39971,0.00000,0.60000
2.49400,-0.39972,0.00000,0.60000
2.49410,-0.39973,0.00000,0.60000
2.49420,-0.39973,0.00000,0.60000
2.49430,-0.39974,0.00000,0.60000
2.49440,-0.39975,0.00000,0.60000
2.49450,-0.39976,0.00000,0.60000
2.49460,-0.39977,0.00000,0.60000
2.49470,-0.39978,0.00000,0.60000
2.49480,-0.39979,0.00000,0.60000
2.49490,-0.39979,0.00000,0.60000
2.49500,-0.39980,0.00000,0.60000
2.49510,-0.39981,0.00000,0.60000
2.49520,-0.39982,0.00000,0.60000
2.49530,-0.39983,0.00000,0.60000
2.49540,-0.39983,0.00000,0.60000
2.49550,-0.39984,0.00000,0.60000
2.49560,-0.39985,0.00000,0.60000
2.49570,-0.39985,0.00000,0.60000
2.49580,-0.39986,0.00000,0.60000
2.49590,-0.39987,0.00000,0.60000
2.49600,-0.39987,0.00000,0.60000
2.49610,-0.39988,0.00000,0.60000
2.49620,-0.39989,0.00000,0.60000
2.49630,-0.39989,0.00000,0.60000
2.49640,-0.39990,0.00000,0.60000
2.49650,-0.39990,0.00000,0.60000
2.49660,-0.39991,0.00000,0.60000
2.49670,-0.39991,0.00000,0.60000
2.49680,-0.39992,0.00000,0.60000
2.49690,-0.39992,0.00000,0.60000
2.49700,-0.39993,0.00000,0.60000
2.49710,-0.39993,0.00000,0.60000
2.49720,-0.39994,0.00000,0.60000
2.49730,-0.39994,0.00000,0.60000
2.49740,-0.39995,0.00000,0.60000
2.49750,-0.39995,0.00000,0.60000
2.49760,-0.39995,0.00000,0.60000
2.49770,-0.39996,0.00000,0.60000
2.49780,-0.39996,0.00000,0.60000
2.49790,-0.39997,0.00000,0.60000
2.49800,-0.39997,0.00000,0.60000
2.49810,-0.39997,0.00000,0.60000
2.49820,-0.39997,0.00000,0.60000
2.49830,-0.39998,0.00000,0.60000
2.49840,-0.39998,0.00000,0.60000
2.49850,-0.39998,0.00000,0.60000
2.49860,-0.39998,0.00000,0.60000
2.49870,-0.39999,0.00000,0.60000
2.49880,-0.39999,0.00000,0.60000
2.49890,-0.39999,0.00000,0.60000
2.49900,-0.39999,0.00000,0.60000
2.49910,-0.39999,0.00000,0.60000
2.49920,-0.39999,0.00000,0.60000
2.49930,-0.40000,0.00000,0.60000
2.49940,-0.40000,0.00000,0.60000
2.49950,-0.40000,0.00000,0.60000
2.49960,-0.40000,0.00000,0.60000
2.49970,-0.40000,0.00000,0.60000
2.49980,-0.40000,0.00000,0.60000
2.49990,-0.40000,0.00000,0.60000
2.50000,-0.40000,0.00000,0.60000
2.50010,-0.40000,0.00000,0.60000
2.50020,-0.40000,0.00000,0.60000
2.50030,-0.40000,0.00000,0.60000
2.50040,-0.40000,0.00000,0.60000
2.50050,-0.40000,0.00000,0.60000
2.50060,-0.40000,0.00000,0.60000
2.50070,-0.40000,0.00000,0.60000
2.50080,-0.39999,0.00000,0.60000
2.50090,-0.39999,0.00000,0.60000
2.50100,-0.39999,0.00000,0.60000
2.50110,-0.39999,0.00000,0.60000
2.50120,-0.39999,0.00000,0.60000
2.50130,-0.39999,0.00000,0.60000
2.50140,-0.39998,0.00000,0.60000
2.50150,-0.39998,0.00000,0.60000
2.50160,-0.39998,0.00000,0.60000
2.50170,-0.39998,0.00000,0.60000
2.50180,-0.39997,0.00000,0.60000
2.50190,-0.39997,0.00000,0.60000
2.50200,-0.39997,0.00000,0.60000
2.50210,-0.39997,0.00000,0.60000
2.50220,-0.39996,0.00000,0.60000
2.50230,-0.39996,0.00000,0.60000
2.50240,-0.39995,0.00000,0.60000
2.50250,-0.39995,0.00000,0.60000
2.50260,-0.39995,0.00000,0.60000
2.50270,-0.39994,0.00000,0.60000
2.50280,-0.39994,0.00000,0.60000
2.50290,-0.39993,0.00000,0.60000
2.50300,-0.39993,0.00000,0.60000
2.50310,-0.39992,0.00000,0.60000
2.50320,-0.39992,0.00000,0.60000
2.50330,-0.39991,0.00000,0.60000
2.50340,-0.39991,0.00000,0.60000
2.50350,-0.39990,0.00000,0.60000
2.50360,-0.39990,0.00000,0.60000
2.50370,-0.39989,0.00000,0.60000
2.50380,-0.39989,0.00000,0.60000
2.50390,-0.39988,0.00000,0.60000
2.50400,-0.39987,0.00000,0.60000
2.50410,-0.39987,0.00000,0.60000
2.50420,-0.39986,0.00000,0.60000
2.50430,-0.39985,0.00000,0.60000
2.50440,-0.39985,0.00000,0.60000
2.50450,-0.39984,0.00000,0.60000
2.50460,-0.39983,0.00000,0.60000
2.50470,-0.39983,0.00000,0.60000
2.50480,-0.39982,0.00000,0.60000
2.50490,-0.39981,0.00000,0.60000
2.50500,-0.39980,0.00000,0.60000
2.50510,-0.39979,0.00000,0.60000
2.50520,-0.39979,0.00000,0.60000
2.50530,-0.39978,0.00000,0.60000
2.50540,-0.39977,0.00000,0.60000
2.50550,-0.39976,0.00000,0.60000
2.50560,-0.39975,0.00000,0.60000
2.50570,-0.39974,0.00000,0.60000
2.50580,-0.39973,0.00000,0.60000
2.50590,-0.39973,0.00000,0.60000
2.50600,-0.39972,0.00000,0.60000
2.50610,-0.39971,0.00000,0.60000
2.50620,-0.39970,0.00000,0.60000
2.50630,-0.39969,0.00000,0.60000
2.50640,-0.39968,0.00000,0.60000
2.50650,-0.39967,0.00000,0.60000
2.50660,-0.39966,0.00000,0.60000
2.50670,-0.39965,0.00000,0.60000
2.50680,-0.39963,0.00000,0.60000
2.50690,-0.39962,0.00000,0.60000
2.50700,-0.39961,0.00000,0.60000
2.50710,-0.39960,0.00000,0.60000
2.50720,-0.39959,0.00000,0.60000
2.50730,-0.39958,0.00000,0.60000
2.50740,-0.39957,0.00000,0.60000
2.50750,-0.39956,0.00000,0.60000
2.50760,-0.39954,0.00000,0.60000
2.50770,-0.39953,0.00000,0.60000
2.50780,-0.39952,0.00000,0.60000
2.50790,-0.39951,0.00000,0.60000
2.50800,-0.39949,0.00000,0.60000
2.50810,-0.39948,0.00000,0.60000
2.50820,-0.39947,0.00000,0.60000
2.50830,-0.39946,0.00000,0.60000
2.50840,-0.39944,0.00000,0.60000
2.50850,-0.39943,0.00000,0.60000
2.50860,-0.39942,0.00000,0.60000
2.50870,-0.39940,0.00000,0.60000
2.50880,-0.39939,0.00000,0.60000
2.50890,-0.39937,0.00000,0.60000
2.50900,-0.39936,0.00000,0.60000
2.50910,-0.39935,0.00000,0.60000
2.50920,-0.39933,0.00000,0.60000
2.50930,-0.39932,0.00000,0.60000
2.50940,-0.39930,0.00000,0.60000
2.50950,-0.39929,0.00000,0.60000
2.50960,-0.39927,0.00000,0.60000
2.50970,-0.39926,0.00000,0.60000
2.50980,-0.39924,0.00000,0.60000
2.50990,-0.39923,0.00000,0.60000
2.51000,-0.39921,0.00000,0.60000
2.51010,-0.39919,0.00000,0.60000
2.51020,-0.39918,0.00000,0.60000
2.51030,-0.39916,0.00000,0.60000
2.51040,-0.39915,0.00000,0.60000
2.51050,-0.39913,0.00000,0.60000
2.51060,-0.39911,0.00000,0.60000
2.51070,-0.39910,0.00000,0.60000
2.51080,-0.39908,0.00000,0.60000
2.51090,-0.39906,0.00000,0.60000
2.51100,-0.39905,0.00000,0.60000
2.51110,-0.39903,0.00000,0.60000
2.51120,-0.39901,0.00000,0.60000
2.51130,-0.39899,0.00000,0.60000
2.51140,-0.39897,0.00000,0.60000
2.51150,-0.39896,0.00000,0.60000
2.51160,-0.39894,0.00000,0.60000
2.51170,-0.39892,0.00000,0.60000
2.51180,-0.39890,0.00000,0.60000
2.51190,-0.39888,0.00000,0.60000
2.51200,-0.39886,0.00000,0.60000
2.51210,-0.39884,0.00000,0.60000
2.51220,-0.39883,0.00000,0.60000
2.51230,-0.39881,0.00000,0.60000
2.51240,-0.39879,0.00000,0.60000
2.51250,-0.39877,0.00000,0.60000
2.51260,-0.39875,0.00000,0.60000
2.51270,-0.39873,0.00000,0.60000
2.51280,-0.39871,0.00000,0.60000
2.51290,-0.39869,0.00000,0.60000
2.51300,-0.39867,0.00000,0.60000
2.51310,-0.39865,0.00000,0.60000
2.51320,-0.39863,0.00000,0.60000
2.51330,-0.39860,0.00000,0.60000
2.51340,-0.39858,0.00000,0.60000
2.51350,-0.39856,0.00000,0.60000
2.51360,-0.39854,0.00000,0.60000
2.51370,-0.39852,0.00000,0.60000
2.51380,-0.39850,0.00000,0.60000
2.51390,-0.39848,0.00000,0.60000
2.51400,-0.39845,0.00000,0.60000
2.51410,-0.39843,0.00000,0.60000
2.51420,-0.39841,0.00000,0.60000
2.51430,-0.39839,0.00000,0.60000
2.51440,-0.39836,0.00000,0.60000
2.51450,-0.39834,0.00000,0.60000
2.51460,-0.39832,0.00000,0.60000
2.51470,-0.39830,0.00000,0.60000
2.51480,-0.39827,0.00000,0.60000
2.51490,-0.39825,0.00000,0.60000
2.51500,-0.39822,0.00000,0.60000
2.51510,-0.39820,0.00000,0.60000
2.51520,-0.39818,0.00000,0.60000
2.51530,-0.39815,0.00000,0.60000
2.51540,-0.39813,0.00000,0.60000
2.51550,-0.39810,0.00000,0.60000
2.51560,-0.39808,0.00000,0.60000
2.51570,-0.39806,0.00000,0.60000
2.51580,-0.39803,0.00000,0.60000
2.51590,-0.39801,0.00000,0.60000
2.51600,-0.39798,0.00000,0.60000
2.51610,-0.39796,0.00000,0.60000
2.51620,-0.39793,0.00000,0.60000
2.51630,-0.39790,0.00000,0.60000
2.51640,-0.39788,0.00000,0.60000
2.51650,-0.39785,0.00000,0.60000
2.51660,-0.39783,0.00000,0.60000
2.51670,-0.39780,0.00000,0.60000
2.51680,-0.39777,0.00000,0.60000
2.51690,-0.39775,0.00000,0.60000
2.51700,-0.39772,0.00000,0.60000
2.51710,-0.39769,0.00000,0.60000
2.51720,-0.39767,0.00000,0.60000
2.51730,-0.39764,0.00000,0.60000
2.51740,-0.39761,0.00000,0.60000
2.51750,-0.39758,0.00000,0.60000
2.51760,-0.39756,0.00000,0.60000
2.51770,-0.39753,0.00000,0.60000
2.51780,-0.39750,0.00000,0.60000
2.51790,-0.39747,0.00000,0.60000
2.51800,-0.39744,0.00000,0.60000
2.51810,-0.39742,0.00000,0.60000
2.51820,-0.39739,0.00000,0.60000
2.51830,-0.39736,0.00000,0.60000
2.51840,-0.39733,0.00000,0.60000
2.51850,-0.39730,0.00000,0.60000
2.51860,-0.39727,0.00000,0.60000
2.51870,-0.39724,0.00000,0.60000
2.51880,-0.39721,0.00000,0.60000
2.51890,-0.39718,0.00000,0.60000
2.51900,-0.39715,0.00000,0.60000
2.51910,-0.39712,0.00000,0.60000
2.51920,-0.39709,0.00000,0.60000
2.51930,-0.39706,0.00000,0.60000
2.51940,-0.39703,0.00000,0.60000
2.51950,-0.39700,0.00000,0.60000
2.51960,-0.39697,0.00000,0.60000
2.51970,-0.39694,0.00000,0.60000
2.51980,-0.39691,0.00000,0.60000
2.51990,-0.39688,0.00000,0.60000
2.52000,-0.39685,0.00000,0.60000
2.52010,-0.39681,0.00000,0.60000
2.52020,-0.39678,0.00000,0.60000
2.52030,-0.39675,0.00000,0.60000
2.52040,-0.39672,0.00000,0.60000
2.52050,-0.39669,0.00000,0.60000
2.52060,-0.39665,0.00000,0.60000
2.52070,-0.39662,0.00000,0.60000
2.52080,-0.39659,0.00000,0.60000
2.52090,-0.39656,0.00000,0.60000
2.52100,-0.39652,0.00000,0.60000
2.52110,-0.39649,0.00000,0.60000
2.52120,-0.39646,0.00000,0.60000
2.52130,-0.39642,0.00000,0.60000
2.52140,-0.39639,0.00000,0.60000
2.52150,-0.39636,0.00000,0.60000
2.52160,-0.39632,0.00000,0.60000
2.52170,-0.39629,0.00000,0.60000
2.52180,-0.39625,0.00000,0.60000
2.52190,-0.39622,0.00000,0.60000
2.52200,-0.39618,0.00000,0.60000
2.52210,-0.39615,0.00000,0.60000
2.52220,-0.39611,0.00000,0.60000
2.52230,-0.39608,0.00000,0.60000
2.52240,-0.39604,0.00000,0.60000
2.52250,-0.39601,0.00000,0.60000
2.52260,-0.39597,0.00000,0.60000
2.52270,-0.39594,0.00000,0.60000
2.52280,-0.39590,0.00000,0.60000
2.52290,-0.39587,0.00000,0.60000
2.52300,-0.39583,0.00000,0.60000
2.52310,-0.39579,0.00000,0.60000
2.52320,-0.39576,0.00000,0.60000
2.52330,-0.39572,0.00000,0.60000
2.52340,-0.39568,0.00000,0.60000
2.52350,-0.39565,0.00000,0.60000
2.52360,-0.39561,0.00000,0.60000
2.52370,-0.39557,0.00000,0.60000
2.52380,-0.39554,0.00000,0.60000
2.52390,-0.39550,0.00000,0.60000
2.52400,-0.39546,0.00000,0.60000
2.52410,-0.39542,0.00000,0.60000
2.52420,-0.39538,0.00000,0.60000
2.52430,-0.39535,0.00000,0.60000
2.52440,-0.39531,0.00000,0.60000
2.52450,-0.39527,0.00000,0.60000
2.52460,-0.39523,0.00000,0.60000
2.52470,-0.39519,0.00000,0.60000
2.52480,-0.39515,0.00000,0.60000
2.52490,-0.39511,0.00000,0.60000
2.52500,-0.39508,0.00000,0.60000
2.52510,-0.39504,0.00000,0.60000
2.52520,-0.39500,0.00000,0.60000
2.52530,-0.39496,0.00000,0.60000
2.52540,-0.39492,0.00000,0.60000
2.52550,-0.39488,0.00000,0.60000
2.52560,-0.39484,0.00000,0.60000
2.52570,-0.39480,0.00000,0.60000
2.52580,-0.39476,0.00000,0.60000
2.52590,-0.39472,0.00000,0.60000
2.52600,-0.39467,0.00000,0.60000
2.52610,-0.39463,0.00000,0.60000
2.52620,-0.39459,0.00000,0.60000
2.52630,-0.39455,0.00000,0.60000
2.52640,-0.39451,0.00000,0.60000
2.52650,-0.39447,0.00000,0.60000
2.52660,-0.39443,0.00000,0.60000
2.52670,-0.39438,0.00000,0.60000
2.52680,-0.39434,0.00000,0.60000
2.52690,-0.39430,0.00000,0.60000
2.52700,-0.39426,0.00000,0.60000
2.52710,-0.39422,0.00000,0.60000
2.52720,-0.39417,0.00000,0.60000
2.52730,-0.39413,0.00000,0.60000
2.52740,-0.39409,0.00000,0.60000
2.52750,-0.39404,0.00000,0.60000
2.52760,-0.39400,0.00000,0.60000
2.52770,-0.39396,0.00000,0.60000
2.52780,-0.39391,0.00000,0.60000
2.52790,-0.39387,0.00000,0.60000
2.52800,-0.39383,0.00000,0.60000
2.52810,-0.39378,0.00000,0.60000
2.52820,-0.39374,0.00000,0.60000
2.52830,-0.39369,0.00000,0.60000
2.52840,-0.39365,0.00000,0.60000
2.52850,-0.39360,0.00000,0.60000
2.52860,-0.39356,0.00000,0.60000
2.52870,-0.39351,0.00000,0.60000
2.52880,-0.39347,0.00000,0.60000
2.52890,-0.39342,0.00000,0.60000
2.52900,-0.39338,0.00000,0.60000
2.52910,-0.39333,0.00000,0.60000
2.52920,-0.39329,0.00000,0.60000
2.52930,-0.39324,0.00000,0.60000
2.52940,-0.39319,0.00000,0.60000
2.52950,-0.39315,0.00000,0.60000
2.52960,-0.39310,0.00000,0.60000
2.52970,-0.39306,0.00000,0.60000
2.52980,-0.39301,0.00000,0.60000
2.52990,-0.39296,0.00000,0.60000
2.53000,-0.39291,0.00000,0.60000
2.53010,-0.39287,0.00000,0.60000
2.53020,-0.39282,0.00000,0.60000
2.53030,-0.39277,0.00000,0.60000
2.53040,-0.39273,0.00000,0.60000
2.53050,-0.39268,0.00000,0.60000
2.53060,-0.39263,0.00000,0.60000
2.53070,-0.39258,0.00000,0.60000
2.53080,-0.39253,0.00000,0.60000
2.53090,-0.39248,0.00000,0.60000
2.53100,-0.39244,0.00000,0.60000
2.53110,-0.39239,0.00000,0.60000
2.53120,-0.39234,0.00000,0.60000
2.53130,-0.39229,0.00000,0.60000
2.53140,-0.39224,0.00000,0.60000
2.53150,-0.39219,0.00000,0.60000
2.53160,-0.39214,0.00000,0.60000
2.53170,-0.39209,0.00000,0.60000
2.53180,-0.39204,0.00000,0.60000
2.53190,-0.39199,0.00000,0.60000
2.53200,-0.39194,0.00000,0.60000
2.53210,-0.39189,0.00000,0.60000
2.53220,-0.39184,0.00000,0.60000
2.53230,-0.39179,0.00000,0.60000
2.53240,-0.39174,0.00000,0.60000
2.53250,-0.39169,0.00000,0.60000
2.53260,-0.39164,0.00000,0.60000
2.53270,-0.39159,0.00000,0.60000
2.53280,-0.39154,0.00000,0.60000
2.53290,-0.39148,0.00000,0.60000
2.53300,-0.39143,0.00000,0.60000
2.53310,-0.39138,0.00000,0.60000
2.53320,-0.39133,0.00000,0.60000
2.53330,-0.39128,0.00000,0.60000
2.53340,-0.39122,0.00000,0.60000
2.53350,-0.39117,0.00000,0.60000
2.53360,-0.39112,0.00000,0.60000
2.53370,-0.39107,0.00000,0.60000
2.53380,-0.39101,0.00000,0.60000
2.53390,-0.39096,0.00000,0.60000
2.53400,-0.39091,0.00000,0.60000
2.53410,-0.39085,0.00000,0.60000
2.53420,-0.39080,0.00000,0.60000
2.53430,-0.39075,0.00000,0.60000
2.53440,-0.39069,0.00000,0.60000
2.53450,-0.39064,0.00000,0.60000
2.53460,-0.39058,0.00000,0.60000
2.53470,-0.39053,0.00000,0.60000
2.53480,-0.39048,0.00000,0.60000
2.53490,-0.39042,0.00000,0.60000
2.53500,-0.39037,0.00000,0.60000
2.53510,-0.39031,0.00000,0.60000
2.53520,-0.39026,0.00000,0.60000
2.53530,-0.39020,0.00000,0.60000
2.53540,-0.39015,0.00000,0.60000
2.53550,-0.39009,0.00000,0.60000
2.53560,-0.39003,0.00000,0.60000
2.53570,-0.38998,0.00000,0.60000
2.53580,-0.38992,0.00000,0.60000
2.53590,-0.38987,0.00000,0.60000
2.53600,-0.38981,0.00000,0.60000
2.53610,-0.38975,0.00000,0.60000
2.53620,-0.38970,0.00000,0.60000
2.53630,-0.38964,0.00000,0.60000
2.53640,-0.38958,0.00000,0.60000
2.53650,-0.38953,0.00000,0.60000
2.53660,-0.38947,0.00000,0.60000
2.53670,-0.38941,0.00000,0.60000
2.53680,-0.38935,0.00000,0.60000
2.53690,-0.38930,0.00000,0.60000
2.53700,-0.38924,0.00000,0.60000
2.53710,-0.38918,0.00000,0.60000
2.53720,-0.38912,0.00000,0.60000
2.53730,-0.38907,0.00000,0.60000
2.53740,-0.38901,0.00000,0.60000
2.53750,-0.38895,0.00000,0.60000
2.53760,-0.38889,0.00000,0.60000
2.53770,-0.38883,0.00000,0.60000
2.53780,-0.38877,0.00000,0.60000
2.53790,-0.38871,0.00000,0.60000
2.53800,-0.38865,0.00000,0.60000
2.53810,-0.38859,0.00000,0.60000
2.53820,-0.38853,0.00000,0.60000
2.53830,-0.38847,0.00000,0.60000
2.53840,-0.38841,0.00000,0.60000
2.53850,-0.38835,0.00000,0.60000
2.53860,-0.38829,0.00000,0.60000
2.53870,-0.38823,0.00000,0.60000
2.53880,-0.38817,0.00000,0.60000
2.53890,-0.38811,0.00000,0.60000
2.53900,-0.38805,0.00000,0.60000
2.53910,-0.38799,0.00000,0.60000
2.53920,-0.38793,0.00000,0.60000
2.53930,-0.38787,0.00000,0.60000
2.53940,-0.38781,0.00000,0.60000
2.53950,-0.38774,0.00000,0.60000
2.53960,-0.38768,0.00000,0.60000
2.53970,-0.38762,0.00000,0.60000
2.53980,-0.38756,0.00000,0.60000
2.53990,-0.38750,0.00000,0.60000
2.54000,-0.38743,0.00000,0.60000
2.54010,-0.38737,0.00000,0.60000
2.54020,-0.38731,0.00000,0.60000
2.54030,-0.38725,0.00000,0.60000
2.54040,-0.38718,0.00000,0.60000
2.54050,-0.38712,0.00000,0.60000
2.54060,-0.38706,0.00000,0.60000
2.54070,-0.38699,0.00000,0.60000
2.54080,-0.38693,0.00000,0.60000
2.54090,-0.38686,0.00000,0.60000
2.54100,-0.38680,0.00000,0.60000
2.54110,-0.38674,0.00000,0.60000
2.54120,-0.38667,0.00000,0.60000
2.54130,-0.38661,0.00000,0.60000
2.54140,-0.38654,0.00000,0.60000
2.54150,-0.38648,0.00000,0.60000
2.54160,-0.38641,0.00000,0.60000
2.54170,-0.38635,0.00000,0.60000
2.54180,-0.38628,0.00000,0.60000
2.54190,-0.38622,0.00000,0.60000
2.54200,-0.38615,0.00000,0.60000
2.54210,-0.38609,0.00000,0.60000
2.54220,-0.38602,0.00000,0.60000
2.54230,-0.38596,0.00000,0.60000
2.54240,-0.38589,0.00000,0.60000
2.54250,-0.38582,0.00000,0.60000
2.54260,-0.38576,0.00000,0.60000
2.54270,-0.38569,0.00000,0.60000
2.54280,-0.38562,0.00000,0.60000
2.54290,-0.38556,0.00000,0.60000
2.54300,-0.38549,0.00000,0.60000
2.54310,-0.38542,0.00000,0.60000
2.54320,-0.38536,0.00000,0.60000
2.54330,-0.38529,0.00000,0.60000
2.54340,-0.38522,0.00000,0.60000
2.54350,-0.38515,0.00000,0.60000
2.54360,-0.38508,0.00000,0.60000
2.54370,-0.38502,0.00000,0.60000
2.54380,-0.38495,0.00000,0.60000
2.54390,-0.38488,0.00000,0.60000
2.54400,-0.38481,0.00000,0.60000
2.54410,-0.38474,0.00000,0.60000
2.54420,-0.38467,0.00000,0.60000
2.54430,-0.38460,0.00000,0.60000
2.54440,-0.38454,0.00000,0.60000
2.54450,-0.38447,0.00000,0.60000
2.54460,-0.38440,0.00000,0.60000
2.54470,-0.38433,0.00000,0.60000
2.54480,-0.38426,0.00000,0.60000
2.54490,-0.38419,0.00000,0.60000
2.54500,-0.38412,0.00000,0.60000
2.54510,-0.38405,0.00000,0.60000
2.54520,-0.38398,0.00000,0.60000
2.54530,-0.38391,0.00000,0.60000
2.54540,-0.38384,0.00000,0.60000
2.54550,-0.38376,0.00000,0.60000
2.54560,-0.38369,0.00000,0.60000
2.54570,-0.38362,0.00000,0.60000
2.54580,-0.38355,0.00000,0.60000
2.54590,-0.38348,0.00000,0.60000
2.54600,-0.38341,0.00000,0.60000
2.54610,-0.38334,0.00000,0.60000
2.54620,-0.38327,0.00000,0.60000
2.54630,-0.38319,0.00000,0.60000
2.54640,-0.38312,0.00000,0.60000
2.54650,-0.38305,0.00000,0.60000
2.54660,-0.38298,0.00000,0.60000
2.54670,-0.38290,0.00000,0.60000
2.54680,-0.38283,0.00000,0.60000
2.54690,-0.38276,0.00000,0.60000
2.54700,-0.38268,0.00000,0.60000
2.54710,-0.38261,0.00000,0.60000
2.54720,-0.38254,0.00000,0.60000
2.54730,-0.38246,0.00000,0.60000
2.54740,-0.38239,0.00000,0.60000
2.54750,-0.38232,0.00000,0.60000
2.54760,-0.38224,0.00000,0.60000
2.54770,-0.38217,0.00000,0.60000
2.54780,-0.38209,0.00000,0.60000
2.54790,-0.38202,0.00000,0.60000
2.54800,-0.38195,0.00000,0.60000
2.54810,-0.38187,0.00000,0.60000
2.54820,-0.38180,0.00000,0.60000
2.54830,-0.38172,0.00000,0.60000
2.54840,-0.38165,0.00000,0.60000
2.54850,-0.38157,0.00000,0.60000
2.54860,-0.38150,0.00000,0.60000
2.54870,-0.38142,0.00000,0.60000
2.54880,-0.38134,0.00000,0.60000
2.54890,-0.38127,0.00000,0.60000
2.54900,-0.38119,0.00000,0.60000
2.54910,-0.38112,0.00000,0.60000
2.54920,-0.38104,0.00000,0.60000
2.54930,-0.38096,0.00000,0.60000
2.54940,-0.38089,0.00000,0.60000
2.54950,-0.38081,0.00000,0.60000
2.54960,-0.38073,0.00000,0.60000
2.54970,-0.38065,0.00000,0.60000
2.54980,-0.38058,0.00000,0.60000
2.54990,-0.38050,0.00000,0.60000
2.55000,-0.38042,0.00000,0.60000
2.55010,-0.38034,0.00000,0.60000
2.55020,-0.38027,0.00000,0.60000
2.55030,-0.38019,0.00000,0.60000
2.55040,-0.38011,0.00000,0.60000
2.55050,-0.38003,0.00000,0.60000
2.55060,-0.37995,0.00000,0.60000
2.55070,-0.37988,0.00000,0.60000
2.55080,-0.37980,0.00000,0.60000
2.55090,-0.37972,0.00000,0.60000
2.55100,-0.37964,0.00000,0.60000
2.55110,-0.37956,0.00000,0.60000
2.55120,-0.37948,0.00000,0.60000
2.55130,-0.37940,0.00000,0.60000
2.55140,-0.37932,0.00000,0.60000
2.55150,-0.37924,0.00000,0.60000
2.55160,-0.37916,0.00000,0.60000
2.55170,-0.37908,0.00000,0.60000
2.55180,-0.37900,0.00000,0.60000
2.55190,-0.37892,0.00000,0.60000
2.55200,-0.37884,0.00000,0.60000
2.55210,-0.37876,0.00000,0.60000
2.55220,-0.37868,0.00000,0.60000
2.55230,-0.37860,0.00000,0.60000
2.55240,-0.37852,0.00000,0.60000
2.55250,-0.37843,0.00000,0.60000
2.55260,-0.37835,0.00000,0.60000
2.55270,-0.37827,0.00000,0.60000
2.55280,-0.37819,0.00000,0.60000
2.55290,-0.37811,0.00000,0.60000
2.55300,-0.37803,0.00000,0.60000
2.55310,-0.37794,0.00000,0.60000
2.55320,-0.37786,0.00000,0.60000
2.55330,-0.37778,0.00000,0.60000
2.55340,-0.37770,0.00000,0.60000
2.55350,-0.37761,0.00000,0.60000
2.55360,-0.37753,0.00000,0.60000
2.55370,-0.37745,0.00000,0.60000
2.55380,-0.37736,0.00000,0.60000
2.55390,-0.37728,0.00000,0.60000
2.55400,-0.37720,0.00000,0.60000
2.55410,-0.37711,0.00000,0.60000
2.55420,-0.37703,0.00000,0.60000
2.55430,-0.37694,0.00000,0.60000
2.55440,-0.37686,0.00000,0.60000
2.55450,-0.37678,0.00000,0.60000
2.55460,-0.37669,0.00000,0.60000
2.55470,-0.37661,0.00000,0.60000
2.55480,-0.37652,0.00000,0.60000
2.55490,-0.37644,0.00000,0.60000
2.55500,-0.37635,0.00000,0.60000
2.55510,-0.37627,0.00000,0.60000
2.55520,-0.37618,0.00000,0.60000
2.55530,-0.37610,0.00000,0.60000
2.55540,-0.37601,0.00000,0.60000
2.55550,-0.37592,0.00000,0.60000
2.55560,-0.37584,0.00000,0.60000
2.55570,-0.37575,0.00000,0.60000
2.55580,-0.37567,0.00000,0.60000
2.55590,-0.37558,0.00000,0.60000
2.55600,-0.37549,0.00000,0.60000
2.55610,-0.37541,0.00000,0.60000
2.55620,-0.37532,0.00000,0.60000
2.55630,-0.37523,0.00000,0.60000
2.55640,-0.37515,0.00000,0.60000
2.55650,-0.37506,0.00000,0.60000
2.55660,-0.37497,0.00000,0.60000
2.55670,-0.37488,0.00000,0.60000
2.55680,-0.37480,0.00000,0.60000
2.55690,-0.37471,0.00000,0.60000
2.55700,-0.37462,0.00000,0.60000
2.55710,-0.37453,0.00000,0.60000
2.55720,-0.37444,0.00000,0.60000
2.55730,-0.37435,0.00000,0.60000
2.55740,-0.37427,0.00000,0.60000
2.55750,-0.37418,0.00000,0.60000
2.55760,-0.37409,0.00000,0.60000
2.55770,-0.37400,0.00000,0.60000
2.55780,-0.37391,0.00000,0.60000
2.55790,-0.37382,0.00000,0.60000
2.55800,-0.37373,0.00000,0.60000
2.55810,-0.37364,0.00000,0.60000
2.55820,-0.37355,0.00000,0.60000
2.55830,-0.37346,0.00000,0.60000
2.55840,-0.37337,0.00000,0.60000
2.55850,-0.37328,0.00000,0.60000
2.55860,-0.37319,0.00000,0.60000
2.55870,-0.37310,0.00000,0.60000
2.55880,-0.37301,0.00000,0.60000
2.55890,-0.37292,0.00000,0.60000
2.55900,-0.37283,0.00000,0.60000
2.55910,-0.37274,0.00000,0.60000
2.55920,-0.37265,0.00000,0.60000
2.55930,-0.37255,0.00000,0.60000
2.55940,-0.37246,0.00000,0.60000
2.55950,-0.37237,0.00000,0.60000
2.55960,-0.37228,0.00000,0.60000
2.55970,-0.37219,0.00000,0.60000
2.55980,-0.37210,0.00000,0.60000
2.55990,-0.37200,0.00000,0.60000
2.56000,-0.37191,0.00000,0.60000
2.56010,-0.37182,0.00000,0.60000
2.56020,-0.37173,0.00000,0.60000
2.56030,-0.37163,0.00000,0.60000
2.56040,-0.37154,0.00000,0.60000
2.56050,-0.37145,0.00000,0.60000
2.56060,-0.37135,0.00000,0.60000
2.56070,-0.37126,0.00000,0.60000
2.56080,-0.37117,0.00000,0.60000
2.56090,-0.37107,0.00000,0.60000
2.56100,-0.37098,0.00000,0.60000
2.56110,-0.37088,0.00000,0.60000
2.56120,-0.37079,0.00000,0.60000
2.56130,-0.37070,0.00000,0.60000
2.56140,-0.37060,0.00000,0.60000
2.56150,-0.37051,0.00000,0.60000
2.56160,-0.37041,0.00000,0.60000
2.56170,-0.37032,0.00000,0.60000
2.56180,-0.37022,0.00000,0.60000
2.56190,-0.37013,0.00000,0.60000
2.56200,-0.37003,0.00000,0.60000
2.56210,-0.36994,0.00000,0.60000
2.56220,-0.36984,0.00000,0.60000
2.56230,-0.36974,0.00000,0.60000
2.56240,-0.36965,0.00000,0.60000
2.56250,-0.36955,0.00000,0.60000
2.56260,-0.36946,0.00000,0.60000
2.56270,-0.36936,0.00000,0.60000
2.56280,-0.36926,0.00000,0.60000
2.56290,-0.36917,0.00000,0.60000
2.56300,-0.36907,0.00000,0.60000
2.56310,-0.36897,0.00000,0.60000
2.56320,-0.36887,0.00000,0.60000
2.56330,-0.36878,0.00000,0.60000
2.56340,-0.36868,0.00000,0.60000
2.56350,-0.36858,0.00000,0.60000
2.56360,-0.36849,0.00000,0.60000
2.56370,-0.36839,0.00000,0.60000
2.56380,-0.36829,0.00000,0.60000
2.56390,-0.36819,0.00000,0.60000
2.56400,-0.36809,0.00000,0.60000
2.56410,-0.36799,0.00000,0.60000
2.56420,-0.36790,0.00000,0.60000
2.56430,-0.36780,0.00000,0.60000
2.56440,-0.36770,0.00000,0.60000
2.56450,-0.36760,0.00000,0.60000
2.56460,-0.36750,0.00000,0.60000
2.56470,-0.36740,0.00000,0.60000
2.56480,-0.36730,0.00000,0.60000
2.56490,-0.36720,0.00000,0.60000
2.56500,-0.36710,0.00000,0.60000
2.56510,-0.36700,0.00000,0.60000
2.56520,-0.36690,0.00000,0.60000
2.56530,-0.36680,0.00000,0.60000
2.56540,-0.36670,0.00000,0.60000
2.56550,-0.36660,0.00000,0.60000
2.56560,-0.36650,0.00000,0.60000
2.56570,-0.36640,0.00000,0.60000
2.56580,-0.36630,0.00000,0.60000
2.56590,-0.36620,0.00000,0.60000
2.56600,-0.36610,0.00000,0.60000
2.56610,-0.36600,0.00000,0.60000
2.56620,-0.36589,0.00000,0.60000
2.56630,-0.36579,0.00000,0.60000
2.56640,-0.36569,0.00000,0.60000
2.56650,-0.36559,0.00000,0.60000
2.56660,-0.36549,0.00000,0.60000
2.56670,-0.36538,0.00000,0.60000
2.56680,-0.36528,0.00000,0.60000
2.56690,-0.36518,0.00000,0.60000
2.56700,-0.36508,0.00000,0.60000
2.56710,-0.36497,0.00000,0.60000
2.56720,-0.36487,0.00000,0.60000
2.56730,-0.36477,0.00000,0.60000
2.56740,-0.36466,0.00000,0.60000
2.56750,-0.36456,0.00000,0.60000
2.56760,-0.36446,0.00000,0.60000
2.56770,-0.36435,0.00000,0.60000
2.56780,-0.36425,0.00000,0.60000
2.56790,-0.36415,0.00000,0.60000
2.56800,-0.36404,0.00000,0.60000
2.56810,-0.36394,0.00000,0.60000
2.56820,-0.36383,0.00000,0.60000
2.56830,-0.36373,0.00000,0.60000
2.56840,-0.36362,0.00000,0.60000
2.56850,-0.36352,0.00000,0.60000
2.56860,-0.36341,0.00000,0.60000
2.56870,-0.36331,0.00000,0.60000
2.56880,-0.36320,0.00000,0.60000
2.56890,-0.36310,0.00000,0.60000
2.56900,-0.36299,0.00000,0.60000
2.56910,-0.36289,0.00000,0.60000
2.56920,-0.36278,0.00000,0.60000
2.56930,-0.36268,0.00000,0.60000
2.56940,-0.36257,0.00000,0.60000
2.56950,-0.36246,0.00000,0.60000
2.56960,-0.36236,0.00000,0.60000
2.56970,-0.36225,0.00000,0.60000
2.56980,-0.36214,0.00000,0.60000
2.56990,-0.36204,0.00000,0.60000
2.57000,-0.36193,0.00000,0.60000
2.57010,-0.36182,0.00000,0.60000
2.57020,-0.36172,0.00000,0.60000
2.57030,-0.36161,0.00000,0.60000
2.57040,-0.36150,0.00000,0.60000
2.57050,-0.36139,0.00000,0.60000
2.57060,-0.36129,0.00000,0.60000
2.57070,-0.36118,0.00000,0.60000
2.57080,-0.36107,0.00000,0.60000
2.57090,-0.36096,0.00000,0.60000
2.57100,-0.36085,0.00000,0.60000
2.57110,-0.36075,0.00000,0.60000
2.57120,-0.36064,0.00000,0.60000
2.57130,-0.36053,0.00000,0.60000
2.57140,-0.36042,0.00000,0.60000
2.57150,-0.36031,0.00000,0.60000
2.57160,-0.36020,0.00000,0.60000
2.57170,-0.36009,0.00000,0.60000
2.57180,-0.35998,0.00000,0.60000
2.57190,-0.35987,0.00000,0.60000
2.57200,-0.35976,0.00000,0.60000
2.57210,-0.35965,0.00000,0.60000
2.57220,-0.35954,0.00000,0.60000
2.57230,-0.35943,0.00000,0.60000
2.57240,-0.35932,0.00000,0.60000
2.57250,-0.35921,0.00000,0.60000
2.57260,-0.35910,0.00000,0.60000
2.57270,-0.35899,0.00000,0.60000
2.57280,-0.35888,0.00000,0.60000
2.57290,-0.35877,0.00000,0.60000
2.57300,-0.35866,0.00000,0.60000
2.57310,-0.35855,0.00000,0.60000
2.57320,-0.35843,0.00000,0.60000
2.57330,-0.35832,0.00000,0.60000
2.57340,-0.35821,0.00000,0.60000
2.57350,-0.35810,0.00000,0.60000
2.57360,-0.35799,0.00000,0.60000
2.57370,-0.35787,0.00000,0.60000
2.57380,-0.35776,0.00000,0.60000
2.57390,-0.35765,0.00000,0.60000
2.57400,-0.35754,0.00000,0.60000
2.57410,-0.35742,0.00000,0.60000
2.57420,-0.35731,0.00000,0.60000
2.57430,-0.35720,0.00000,0.60000
2.57440,-0.35708,0.00000,0.60000
2.57450,-0.35697,0.00000,0.60000
2.57460,-0.35686,0.00000,0.60000
2.57470,-0.35674,0.00000,0.60000
2.57480,-0.35663,0.00000,0.60000
2.57490,-0.35652,0.00000,0.60000
2.57500,-0.35640,0.00000,0.60000
2.57510,-0.35629,0.00000,0.60000
2.57520,-0.35617,0.00000,0.60000
2.57530,-0.35606,0.00000,0.60000
2.57540,-0.35595,0.00000,0.60000
2.57550,-0.35583,0.00000,0.60000
2.57560,-0.35572,0.00000,0.60000
2.57570,-0.35560,0.00000,0.60000
2.57580,-0.35549,0.00000,0.60000
2.57590,-0.35537,0.00000,0.60000
2.57600,-0.35525,0.00000,0.60000
2.57610,-0.35514,0.00000,0.60000
2.57620,-0.35502,0.00000,0.60000
2.57630,-0.35491,0.00000,0.60000
2.57640,-0.35479,0.00000,0.60000
2.57650,-0.35468,0.00000,0.60000
2.57660,-0.35456,0.00000,0.60000
2.57670,-0.35444,0.00000,0.60000
2.57680,-0.35433,0.00000,0.60000
2.57690,-0.35421,0.00000,0.60000
2.57700,-0.35409,0.00000,0.60000
2.57710,-0.35398,0.00000,0.60000
2.57720,-0.35386,0.00000,0.60000
2.57730,-0.35374,0.00000,0.60000
2.57740,-0.35362,0.00000,0.60000
2.57750,-0.35351,0.00000,0.60000
2.57760,-0.35339,0.00000,0.60000
2.57770,-0.35327,0.00000,0.60000
2.57780,-0.35315,0.00000,0.60000
2.57790,-0.35303,0.00000,0.60000
2.57800,-0.35292,0.00000,0.60000
2.57810,-0.35280,0.00000,0.60000
2.57820,-0.35268,0.00000,0.60000
2.57830,-0.35256,0.00000,0.60000
2.57840,-0.35244,0.00000,0.60000
2.57850,-0.35232,0.00000,0.60000
2.57860,-0.35220,0.00000,0.60000
2.57870,-0.35208,0.00000,0.60000
2.57880,-0.35197,0.00000,0.60000
2.57890,-0.35185,0.00000,0.60000
2.57900,-0.35173,0.00000,0.60000
2.57910,-0.35161,0.00000,0.60000
2.57920,-0.35149,0.00000,0.60000
2.57930,-0.35137,0.00000,0.60000
2.57940,-0.35125,0.00000,0.60000
2.57950,-0.35113,0.00000,0.60000
2.57960,-0.35101,0.00000,0.60000
2.57970,-0.35089,0.00000,0.60000
2.57980,-0.35076,0.00000,0.60000
2.57990,-0.35064,0.00000,0.60000
2.58000,-0.35052,0.00000,0.60000
2.58010,-0.35040,0.00000,0.60000
2.58020,-0.35028,0.00000,0.60000
2.58030,-0.35016,0.00000,0.60000
2.58040,-0.35004,0.00000,0.60000
2.58050,-0.34992,0.00000,0.60000
2.58060,-0.34979,0.00000,0.60000
2.58070,-0.34967,0.00000,0.60000
2.58080,-0.34955,0.00000,0.60000
2.58090,-0.34943,0.00000,0.60000
2.58100,-0.34930,0.00000,0.60000
2.58110,-0.34918,0.00000,0.60000
2.58120,-0.34906,0.00000,0.60000
2.58130,-0.34894,0.00000,0.60000
2.58140,-0.34881,0.00000,0.60000
2.58150,-0.34869,0.00000,0.60000
2.58160,-0.34857,0.00000,0.60000
2.58170,-0.34844,0.00000,0.60000
2.58180,-0.34832,0.00000,0.60000
2.58190,-0.34820,0.00000,0.60000
2.58200,-0.34807,0.00000,0.60000
2.58210,-0.34795,0.00000,0.60000
2.58220,-0.34783,0.00000,0.60000
2.58230,-0.34770,0.00000,0.60000
2.58240,-0.34758,0.00000,0.60000
2.58250,-0.34745,0.00000,0.60000
2.58260,-0.34733,0.00000,0.60000
2.58270,-0.34720,0.00000,0.60000
2.58280,-0.34708,0.00000,0.60000
2.58290,-0.34695,0.00000,0.60000
2.58300,-0.34683,0.00000,0.60000
2.58310,-0.34670,0.00000,0.60000
2.58320,-0.34658,0.00000,0.60000
2.58330,-0.34645,0.00000,0.60000
2.58340,-0.34633,0.00000,0.60000
2.58350,-0.34620,0.00000,0.60000
2.58360,-0.34607,0.00000,0.60000
2.58370,-0.34595,0.00000,0.60000
2.58380,-0.34582,0.00000,0.60000
2.58390,-0.34570,0.00000,0.60000
2.58400,-0.34557,0.00000,0.60000
2.58410,-0.34544,0.00000,0.60000
2.58420,-0.34532,0.00000,0.60000
2.58430,-0.34519,0.00000,0.60000
2.58440,-0.34506,0.00000,0.60000
2.58450,-0.34493,0.00000,0.60000
2.58460,-0.34481,0.00000,0.60000
2.58470,-0.34468,0.00000,0.60000
2.58480,-0.34455,0.00000,0.60000
2.58490,-0.34442,0.00000,0.60000
2.58500,-0.34430,0.00000,0.60000
2.58510,-0.34417,0.00000,0.60000
2.58520,-0.34404,0.00000,0.60000
2.58530,-0.34391,0.00000,0.60000
2.58540,-0.34378,0.00000,0.60000
2.58550,-0.34366,0.00000,0.60000
2.58560,-0.34353,0.00000,0.60000
2.58570,-0.34340,0.00000,0.60000
2.58580,-0.34327,0.00000,0.60000
2.58590,-0.34314,0.00000,0.60000
2.58600,-0.34301,0.00000,0.60000
2.58610,-0.34288,0.00000,0.60000
2.58620,-0.34275,0.00000,0.60000
2.58630,-0.34262,0.00000,0.60000
2.58640,-0.34249,0.00000,0.60000
2.58650,-0.34236,0.00000,0.60000
2.58660,-0.34223,0.00000,0.60000
2.58670,-0.34210,0.00000,0.60000
2.58680,-0.34197,0.00000,0.60000
2.58690,-0.34184,0.00000,0.60000
2.58700,-0.34171,0.00000,0.60000
2.58710,-0.34158,0.00000,0.60000
2.58720,-0.34145,0.00000,0.60000
2.58730,-0.34132,0.00000,0.60000
2.58740,-0.34119,0.00000,0.60000
2.58750,-0.34106,0.00000,0.60000
2.58760,-0.34092,0.00000,0.60000
2.58770,-0.34079,0.00000,0.60000
2.58780,-0.34066,0.00000,0.60000
2.58790,-0.34053,0.00000,0.60000
2.58800,-0.34040,0.00000,0.60000
2.58810,-0.34027,0.00000,0.60000
2.58820,-0.34013,0.00000,0.60000
2.58830,-0.34000,0.00000,0.60000
2.58840,-0.33987,0.00000,0.60000
2.58850,-0.33974,0.00000,0.60000
2.58860,-0.33960,0.00000,0.60000
2.58870,-0.33947,0.00000,0.60000
2.58880,-0.33934,0.00000,0.60000
2.58890,-0.33920,0.00000,0.60000
2.58900,-0.33907,0.00000,0.60000
2.58910,-0.33894,0.00000,0.60000
2.58920,-0.33880,0.00000,0.60000
2.58930,-0.33867,0.00000,0.60000
2.58940,-0.33854,0.00000,0.60000
2.58950,-0.33840,0.00000,0.60000
2.58960,-0.33827,0.00000,0.60000
2.58970,-0.33813,0.00000,0.60000
2.58980,-0.33800,0.00000,0.60000
2.58990,-0.33787,0.00000,0.60000
2.59000,-0.33773,0.00000,0.60000
2.59010,-0.33760,0.00000,0.60000
2.59020,-0.33746,0.00000,0.60000
2.59030,-0.33733,0.00000,0.60000
2.59040,-0.33719,0.00000,0.60000
2.59050,-0.33706,0.00000,0.60000
2.59060,-0.33692,0.00000,0.60000
2.59070,-0.33679,0.00000,0.60000
2.59080,-0.33665,0.00000,0.60000
2.59090,-0.33651,0.00000,0.60000
2.59100,-0.33638,0.00000,0.60000
2.59110,-0.33624,0.00000,0.60000
2.59120,-0.33611,0.00000,0.60000
2.59130,-0.33597,0.00000,0.60000
2.59140,-0.33583,0.00000,0.60000
2.59150,-0.33570,0.00000,0.60000
2.59160,-0.33556,0.00000,0.60000
2.59170,-0.33542,0.00000,0.60000
2.59180,-0.33529,0.00000,0.60000
2.59190,-0.33515,0.00000,0.60000
2.59200,-0.33501,0.00000,0.60000
2.59210,-0.33487,0.00000,0.60000
2.59220,-0.33474,0.00000,0.60000
2.59230,-0.33460,0.00000,0.60000
2.59240,-0.33446,0.00000,0.60000
2.59250,-0.33432,0.00000,0.60000
2.59260,-0.33418,0.00000,0.60000
2.59270,-0.33405,0.00000,0.60000
2.59280,-0.33391,0.00000,0.60000
2.59290,-0.33377,0.00000,0.60000
2.59300,-0.33363,0.00000,0.60000
2.59310,-0.33349,0.00000,0.60000
2.59320,-0.33335,0.00000,0.60000
2.59330,-0.33321,0.00000,0.60000
2.59340,-0.33308,0.00000,0.60000
2.59350,-0.33294,0.00000,0.60000
2.59360,-0.33280,0.00000,0.60000
2.59370,-0.33266,0.00000,0.60000
2.59380,-0.33252,0.00000,0.60000
2.59390,-0.33238,0.00000,0.60000
2.59400,-0.33224,0.00000,0.60000
2.59410,-0.33210,0.00000,0.60000
2.59420,-0.33196,0.00000,0.60000
2.59430,-0.33182,0.00000,0.60000
2.59440,-0.33168,0.00000,0.60000
2.59450,-0.33154,0.00000,0.60000
2.59460,-0.33140,0.00000,0.60000
2.59470,-0.33126,0.00000,0.60000
2.59480,-0.33111,0.00000,0.60000
2.59490,-0.33097,0.00000,0.60000
2.59500,-0.33083,0.00000,0.60000
2.59510,-0.33069,0.00000,0.60000
2.59520,-0.33055,0.00000,0.60000
2.59530,-0.33041,0.00000,0.60000
2.59540,-0.33027,0.00000,0.60000
2.59550,-0.33012,0.00000,0.60000
2.59560,-0.32998,0.00000,0.60000
2.59570,-0.32984,0.00000,0.60000
2.59580,-0.32970,0.00000,0.60000
2.59590,-0.32956,0.00000,0.60000
2.59600,-0.32941,0.00000,0.60000
2.59610,-0.32927,0.00000,0.60000
2.59620,-0.32913,0.00000,0.60000
2.59630,-0.32898,0.00000,0.60000
2.59640,-0.32884,0.00000,0.60000
2.59650,-0.32870,0.00000,0.60000
2.59660,-0.32856,0.00000,0.60000
2.59670,-0.32841,0.00000,0.60000
2.59680,-0.32827,0.00000,0.60000
2.59690,-0.32812,0.00000,0.60000
2.59700,-0.32798,0.00000,0.60000
2.59710,-0.32784,0.00000,0.60000
2.59720,-0.32769,0.00000,0.60000
2.59730,-0.32755,0.00000,0.60000
2.59740,-0.32740,0.00000,0.60000
2.59750,-0.32726,0.00000,0.60000
2.59760,-0.32712,0.00000,0.60000
2.59770,-0.32697,0.00000,0.60000
2.59780,-0.32683,0.00000,0.60000
2.59790,-0.32668,0.00000,0.60000
2.59800,-0.32654,0.00000,0.60000
2.59810,-0.32639,0.00000,0.60000
2.59820,-0.32625,0.00000,0.60000
2.59830,-0.32610,0.00000,0.60000
2.59840,-0.32595,0.00000,0.60000
2.59850,-0.32581,0.00000,0.60000
2.59860,-0.32566,0.00000,0.60000
2.59870,-0.32552,0.00000,0.60000
2.59880,-0.32537,0.00000,0.60000
2.59890,-0.32522,0.00000,0.60000
2.59900,-0.32508,0.00000,0.60000
2.59910,-0.32493,0.00000,0.60000
2.59920,-0.32478,0.00000,0.60000
2.59930,-0.32464,0.00000,0.60000
2.59940,-0.32449,0.00000,0.60000
2.59950,-0.32434,0.00000,0.60000
2.59960,-0.32420,0.00000,0.60000
2.59970,-0.32405,0.00000,0.60000
2.59980,-0.32390,0.00000,0.60000
2.59990,-0.32375,0.00000,0.60000
2.60000,-0.32361,0.00000,0.60000
2.60010,-0.32346,0.00000,0.60000
2.60020,-0.32331,0.00000,0.60000
2.60030,-0.32316,0.00000,0.60000
2.60040,-0.32301,0.00000,0.60000
2.60050,-0.32287,0.00000,0.60000
2.60060,-0.32272,0.00000,0.60000
2.60070,-0.32257,0.00000,0.60000
2.60080,-0.32242,0.00000,0.60000
2.60090,-0.32227,0.00000,0.60000
2.60100,-0.32212,0.00000,0.60000
2.60110,-0.32197,0.00000,0.60000
2.60120,-0.32182,0.00000,0.60000
2.60130,-0.32168,0.00000,0.60000
2.60140,-0.32153,0.00000,0.60000
2.60150,-0.32138,0.00000,0.60000
2.60160,-0.32123,0.00000,0.60000
2.60170,-0.32108,0.00000,0.60000
2.60180,-0.32093,0.00000,0.60000
2.60190,-0.32078,0.00000,0.60000
2.60200,-0.32063,0.00000,0.60000
2.60210,-0.32048,0.00000,0.60000
2.60220,-0.32033,0.00000,0.60000
2.60230,-0.32018,0.00000,0.60000
2.60240,-0.32002,0.00000,0.60000
2.60250,-0.31987,0.00000,0.60000
2.60260,-0.31972,0.00000,0.60000
2.60270,-0.31957,0.00000,0.60000
2.60280,-0.31942,0.00000,0.60000
2.60290,-0.31927,0.00000,0.60000
2.60300,-0.31912,0.00000,0.60000
2.60310,-0.31897,0.00000,0.60000
2.60320,-0.31881,0.00000,0.60000
2.60330,-0.31866,0.00000,0.60000
2.60340,-0.31851,0.00000,0.60000
2.60350,-0.31836,0.00000,0.60000
2.60360,-0.31821,0.00000,0.60000
2.60370,-0.31805,0.00000,0.60000
2.60380,-0.31790,0.00000,0.60000
2.60390,-0.31775,0.00000,0.60000
2.60400,-0.31760,0.00000,0.60000
2.60410,-0.31744,0.00000,0.60000
2.60420,-0.31729,0.00000,0.60000
2.60430,-0.31714,0.00000,0.60000
2.60440,-0.31698,0.00000,0.60000
2.60450,-0.31683,0.00000,0.60000
2.60460,-0.31668,0.00000,0.60000
2.60470,-0.31652,0.00000,0.60000
2.60480,-0.31637,0.00000,0.60000
2.60490,-0.31622,0.00000,0.60000
2.60500,-0.31606,0.00000,0.60000
2.60510,-0.31591,0.00000,0.60000
2.60520,-0.31575,0.00000,0.60000
2.60530,-0.31560,0.00000,0.60000
2.60540,-0.31544,0.00000,0.60000
2.60550,-0.31529,0.00000,0.60000
2.60560,-0.31514,0.00000,0.60000
2.60570,-0.31498,0.00000,0.60000
2.60580,-0.31483,0.00000,0.60000
2.60590,-0.31467,0.00000,0.60000
2.60600,-0.31452,0.00000,0.60000
2.60610,-0.31436,0.00000,0.60000
2.60620,-0.31420,0.00000,0.60000
2.60630,-0.31405,0.00000,0.60000
2.60640,-0.31389,0.00000,0.60000
2.60650,-0.31374,0.00000,0.60000
2.60660,-0.31358,0.00000,0.60000
2.60670,-0.31343,0.00000,0.60000
2.60680,-0.31327,0.00000,0.60000
2.60690,-0.31311,0.00000,0.60000
2.60700,-0.31296,0.00000,0.60000
2.60710,-0.31280,0.00000,0.60000
2.60720,-0.31264,0.00000,0.60000
2.60730,-0.31249,0.00000,0.60000
2.60740,-0.31233,0.00000,0.60000
2.60750,-0.31217,0.00000,0.60000
2.60760,-0.31201,0.00000,0.60000
2.60770,-0.31186,0.00000,0.60000
2.60780,-0.31170,0.00000,0.60000
2.60790,-0.31154,0.00000,0.60000
2.60800,-0.31138,0.00000,0.60000
2.60810,-0.31123,0.00000,0.60000
2.60820,-0.31107,0.00000,0.60000
2.60830,-0.31091,0.00000,0.60000
2.60840,-0.31075,0.00000,0.60000
2.60850,-0.31059,0.00000,0.60000
2.60860,-0.31044,0.00000,0.60000
2.60870,-0.31028,0.00000,0.60000
2.60880,-0.31012,0.00000,0.60000
2.60890,-0.30996,0.00000,0.60000
2.60900,-0.30980,0.00000,0.60000
2.60910,-0.30964,0.00000,0.60000
2.60920,-0.30948,0.00000,0.60000
2.60930,-0.30932,0.00000,0.60000
2.60940,-0.30916,0.00000,0.60000
2.60950,-0.30900,0.00000,0.60000
2.60960,-0.30885,0.00000,0.60000
2.60970,-0.30869,0.00000,0.60000
2.60980,-0.30853,0.00000,0.60000
2.60990,-0.30837,0.00000,0.60000
2.61000,-0.30821,0.00000,0.60000
2.61010,-0.30805,0.00000,0.60000
2.61020,-0.30788,0.00000,0.60000
2.61030,-0.30772,0.00000,0.60000
2.61040,-0.30756,0.00000,0.60000
2.61050,-0.30740,0.00000,0.60000
2.61060,-0.30724,0.00000,0.60000
2.61070,-0.30708,0.00000,0.60000
2.61080,-0.30692,0.00000,0.60000
2.61090,-0.30676,0.00000,0.60000
2.61100,-0.30660,0.00000,0.60000
2.61110,-0.30644,0.00000,0.60000
2.61120,-0.30627,0.00000,0.60000
2.61130,-0.30611,0.00000,0.60000
2.61140,-0.30595,0.00000,0.60000
2.61150,-0.30579,0.00000,0.60000
2.61160,-0.30563,0.00000,0.60000
2.61170,-0.30546,0.00000,0.60000
2.61180,-0.30530,0.00000,0.60000
2.61190,-0.30514,0.00000,0.60000
2.61200,-0.30498,0.00000,0.60000
2.61210,-0.30481,0.00000,0.60000
2.61220,-0.30465,0.00000,0.60000
2.61230,-0.30449,0.00000,0.60000
2.61240,-0.30433,0.00000,0.60000
2.61250,-0.30416,0.00000,0.60000
2.61260,-0.30400,0.00000,0.60000
2.61270,-0.30384,0.00000,0.60000
2.61280,-0.30367,0.00000,0.60000
2.61290,-0.30351,0.00000,0.60000
2.61300,-0.30334,0.00000,0.60000
2.61310,-0.30318,0.00000,0.60000
2.61320,-0.30302,0.00000,0.60000
2.61330,-0.30285,0.00000,0.60000
2.61340,-0.30269,0.00000,0.60000
2.61350,-0.30252,0.00000,0.60000
2.61360,-0.30236,0.00000,0.60000
2.61370,-0.30220,0.00000,0.60000
2.61380,-0.30203,0.00000,0.60000
2.61390,-0.30187,0.00000,0.60000
2.61400,-0.30170,0.00000,0.60000
2.61410,-0.30154,0.00000,0.60000
2.61420,-0.30137,0.00000,0.60000
2.61430,-0.30120,0.00000,0.60000
2.61440,-0.30104,0.00000,0.60000
2.61450,-0.30087,0.00000,0.60000
2.61460,-0.30071,0.00000,0.60000
2.61470,-0.30054,0.00000,0.60000
2.61480,-0.30038,0.00000,0.60000
2.61490,-0.30021,0.00000,0.60000
2.61500,-0.30004,0.00000,0.60000
2.61510,-0.29988,0.00000,0.60000
2.61520,-0.29971,0.00000,0.60000
2.61530,-0.29955,0.00000,0.60000
2.61540,-0.29938,0.00000,0.60000
2.61550,-0.29921,0.00000,0.60000
2.61560,-0.29905,0.00000,0.60000
2.61570,-0.29888,0.00000,0.60000
2.61580,-0.29871,0.00000,0.60000
2.61590,-0.29854,0.00000,0.60000
2.61600,-0.29838,0.00000,0.60000
2.61610,-0.29821,0.00000,0.60000
2.61620,-0.29804,0.00000,0.60000
2.61630,-0.29787,0.00000,0.60000
2.61640,-0.29771,0.00000,0.60000
2.61650,-0.29754,0.00000,0.60000
2.61660,-0.29737,0.00000,0.60000
2.61670,-0.29720,0.00000,0.60000
2.61680,-0.29703,0.00000,0.60000
2.61690,-0.29687,0.00000,0.60000
2.61700,-0.29670,0.00000,0.60000
2.61710,-0.29653,0.00000,0.60000
2.61720,-0.29636,0.00000,0.60000
2.61730,-0.29619,0.00000,0.60000
2.61740,-0.29602,0.00000,0.60000
2.61750,-0.29585,0.00000,0.60000
2.61760,-0.29568,0.00000,0.60000
2.61770,-0.29551,0.00000,0.60000
2.61780,-0.29534,0.00000,0.60000
2.61790,-0.29517,0.00000,0.60000
2.61800,-0.29501,0.00000,0.60000
2.61810,-0.29484,0.00000,0.60000
2.61820,-0.29467,0.00000,0.60000
2.61830,-0.29450,0.00000,0.60000
2.61840,-0.29433,0.00000,0.60000
2.61850,-0.29416,0.00000,0.60000
2.61860,-0.29398,0.00000,0.60000
2.61870,-0.29381,0.00000,0.60000
2.61880,-0.29364,0.00000,0.60000
2.61890,-0.29347,0.00000,0.60000
2.61900,-0.29330,0.00000,0.60000
2.61910,-0.29313,0.00000,0.60000
2.61920,-0.29296,0.00000,0.60000
2.61930,-0.29279,0.00000,0.60000
2.61940,-0.29262,0.00000,0.60000
2.61950,-0.29245,0.00000,0.60000
2.61960,-0.29227,0.00000,0.60000
2.61970,-0.29210,0.00000,0.60000
2.61980,-0.29193,0.00000,0.60000
2.61990,-0.29176,0.00000,0.60000
2.62000,-0.29159,0.00000,0.60000
2.62010,-0.29142,0.00000,0.60000
2.62020,-0.29124,0.00000,0.60000
2.62030,-0.29107,0.00000,0.60000
2.62040,-0.29090,0.00000,0.60000
2.62050,-0.29073,0.00000,0.60000
2.62060,-0.29055,0.00000,0.60000
2.62070,-0.29038,0.00000,0.60000
2.62080,-0.29021,0.00000,0.60000
2.62090,-0.29003,0.00000,0.60000
2.62100,-0.28986,0.00000,0.60000
2.62110,-0.28969,0.00000,0.60000
2.62120,-0.28951,0.00000,0.60000
2.62130,-0.28934,0.00000,0.60000
2.62140,-0.28917,0.00000,0.60000
2.62150,-0.28899,0.00000,0.60000
2.62160,-0.28882,0.00000,0.60000
2.62170,-0.28865,0.00000,0.60000
2.62180,-0.28847,0.00000,0.60000
2.62190,-0.28830,0.00000,0.60000
2.62200,-0.28812,0.00000,0.60000
2.62210,-0.28795,0.00000,0.60000
2.62220,-0.28777,0.00000,0.60000
2.62230,-0.28760,0.00000,0.60000
2.62240,-0.28743,0.00000,0.60000
2.62250,-0.28725,0.00000,0.60000
2.62260,-0.28708,0.00000,0.60000
2.62270,-0.28690,0.00000,0.60000
2.62280,-0.28673,0.00000,0.60000
2.62290,-0.28655,0.00000,0.60000
2.62300,-0.28637,0.00000,0.60000
2.62310,-0.28620,0.00000,0.60000
2.62320,-0.28602,0.00000,0.60000
2.62330,-0.28585,0.00000,0.60000
2.62340,-0.28567,0.00000,0.60000
2.62350,-0.28550,0.00000,0.60000
2.62360,-0.28532,0.00000,0.60000
2.62370,-0.28514,0.00000,0.60000
2.62380,-0.28497,0.00000,0.60000
2.62390,-0.28479,0.00000,0.60000
2.62400,-0.28461,0.00000,0.60000
2.62410,-0.28444,0.00000,0.60000
2.62420,-0.28426,0.00000,0.60000
2.62430,-0.28408,0.00000,0.60000
2.62440,-0.28391,0.00000,0.60000
2.62450,-0.28373,0.00000,0.60000
2.62460,-0.28355,0.00000,0.60000
2.62470,-0.28338,0.00000,0.60000
2.62480,-0.28320,0.00000,0.60000
2.62490,-0.28302,0.00000,0.60000
2.62500,-0.28284,0.00000,0.60000
2.62510,-0.28266,0.00000,0.60000
2.62520,-0.28249,0.00000,0.60000
2.62530,-0.28231,0.00000,0.60000
2.62540,-0.28213,0.00000,0.60000
2.62550,-0.28195,0.00000,0.60000
2.62560,-0.28177,0.00000,0.60000
2.62570,-0.28160,0.00000,0.60000
2.62580,-0.28142,0.00000,0.60000
2.62590,-0.28124,0.00000,0.60000
2.62600,-0.28106,0.00000,0.60000
2.62610,-0.28088,0.00000,0.60000
2.62620,-0.28070,0.00000,0.60000
2.62630,-0.28052,0.00000,0.60000
2.62640,-0.28034,0.00000,0.60000
2.62650,-0.28016,0.00000,0.60000
2.62660,-0.27999,0.00000,0.60000
2.62670,-0.27981,0.00000,0.60000
2.62680,-0.27963,0.00000,0.60000
2.62690,-0.27945,0.00000,0.60000
2.62700,-0.27927,0.00000,0.60000
2.62710,-0.27909,0.00000,0.60000
2.62720,-0.27891,0.00000,0.60000
2.62730,-0.27873,0.00000,0.60000
2.62740,-0.27855,0.00000,0.60000
2.62750,-0.27837,0.00000,0.60000
2.62760,-0.27818,0.00000,0.60000
2.62770,-0.27800,0.00000,0.60000
2.62780,-0.27782,0.00000,0.60000
2.62790,-0.27764,0.00000,0.60000
2.62800,-0.27746,0.00000,0.60000
2.62810,-0.27728,0.00000,0.60000
2.62820,-0.27710,0.00000,0.60000
2.62830,-0.27692,0.00000,0.60000
2.62840,-0.27674,0.00000,0.60000
2.62850,-0.27655,0.00000,0.60000
2.62860,-0.27637,0.00000,0.60000
2.62870,-0.27619,0.00000,0.60000
2.62880,-0.27601,0.00000,0.60000
2.62890,-0.27583,0.00000,0.60000
2.62900,-0.27565,0.00000,0.60000
2.62910,-0.27546,0.00000,0.60000
2.62920,-0.27528,0.00000,0.60000
2.62930,-0.27510,0.00000,0.60000
2.62940,-0.27492,0.00000,0.60000
2.62950,-0.27473,0.00000,0.60000
2.62960,-0.27455,0.00000,0.60000
2.62970,-0.27437,0.00000,0.60000
2.62980,-0.27419,0.00000,0.60000
2.62990,-0.27400,0.00000,0.60000
2.63000,-0.27382,0.00000,0.60000
2.63010,-0.27364,0.00000,0.60000
2.63020,-0.27345,0.00000,0.60000
2.63030,-0.27327,0.00000,0.60000
2.63040,-0.27309,0.00000,0.60000
2.63050,-0.27290,0.00000,0.60000
2.63060,-0.27272,0.00000,0.60000
2.63070,-0.27253,0.00000,0.60000
2.63080,-0.27235,0.00000,0.60000
2.63090,-0.27217,0.00000,0.60000
2.63100,-0.27198,0.00000,0.60000
2.63110,-0.27180,0.00000,0.60000
2.63120,-0.27161,0.00000,0.60000
2.63130,-0.27143,0.00000,0.60000
2.63140,-0.27124,0.00000,0.60000
2.63150,-0.27106,0.00000,0.60000
2.63160,-0.27087,0.00000,0.60000
2.63170,-0.27069,0.00000,0.60000
2.63180,-0.27050,0.00000,0.60000
2.63190,-0.27032,0.00000,0.60000
2.63200,-0.27013,0.00000,0.60000
2.63210,-0.26995,0.00000,0.60000
2.63220,-0.26976,0.00000,0.60000
2.63230,-0.26958,0.00000,0.60000
2.63240,-0.26939,0.00000,0.60000
2.63250,-0.26921,0.00000,0.60000
2.63260,-0.26902,0.00000,0.60000
2.63270,-0.26883,0.00000,0.60000
2.63280,-0.26865,0.00000,0.60000
2.63290,-0.26846,0.00000,0.60000
2.63300,-0.26827,0.00000,0.60000
2.63310,-0.26809,0.00000,0.60000
2.63320,-0.26790,0.00000,0.60000
2.63330,-0.26771,0.00000,0.60000
2.63340,-0.26753,0.00000,0.60000
2.63350,-0.26734,0.00000,0.60000
2.63360,-0.26715,0.00000,0.60000
2.63370,-0.26697,0.00000,0.60000
2.63380,-0.26678,0.00000,0.60000
2.63390,-0.26659,0.00000,0.60000
2.63400,-0.26640,0.00000,0.60000
2.63410,-0.26622,0.00000,0.60000
2.63420,-0.26603,0.00000,0.60000
2.63430,-0.26584,0.00000,0.60000
2.63440,-0.26565,0.00000,0.60000
2.63450,-0.26547,0.00000,0.60000
2.63460,-0.26528,0.00000,0.60000
2.63470,-0.26509,0.00000,0.60000
2.63480,-0.26490,0.00000,0.60000
2.63490,-0.26471,0.00000,0.60000
2.63500,-0.26452,0.00000,0.60000
2.63510,-0.26434,0.00000,0.60000
2.63520,-0.26415,0.00000,0.60000
2.63530,-0.26396,0.00000,0.60000
2.63540,-0.26377,0.00000,0.60000
2.63550,-0.26358,0.00000,0.60000
2.63560,-0.26339,0.00000,0.60000
2.63570,-0.26320,0.00000,0.60000
2.63580,-0.26301,0.00000,0.60000
2.63590,-0.26282,0.00000,0.60000
2.63600,-0.26263,0.00000,0.60000
2.63610,-0.26244,0.00000,0.60000
2.63620,-0.26225,0.00000,0.60000
2.63630,-0.26207,0.00000,0.60000
2.63640,-0.26188,0.00000,0.60000
2.63650,-0.26169,0.00000,0.60000
2.63660,-0.26150,0.00000,0.60000
2.63670,-0.26130,0.00000,0.60000
2.63680,-0.26111,0.00000,0.60000
2.63690,-0.26092,0.00000,0.60000
2.63700,-0.26073,0.00000,0.60000
2.63710,-0.26054,0.00000,0.60000
2.63720,-0.26035,0.00000,0.60000
2.63730,-0.26016,0.00000,0.60000
2.63740,-0.25997,0.00000,0.60000
2.63750,-0.25978,0.00000,0.60000
2.63760,-0.25959,0.00000,0.60000
2.63770,-0.25940,0.00000,0.60000
2.63780,-0.25921,0.00000,0.60000
2.63790,-0.25901,0.00000,0.60000
2.63800,-0.25882,0.00000,0.60000
2.63810,-0.25863,0.00000,0.60000
2.63820,-0.25844,0.00000,0.60000
2.63830,-0.25825,0.00000,0.60000
2.63840,-0.25806,0.00000,0.60000
2.63850,-0.25786,0.00000,0.60000
2.63860,-0.25767,0.00000,0.60000
2.63870,-0.25748,0.00000,0.60000
2.63880,-0.25729,0.00000,0.60000
2.63890,-0.25709,0.00000,0.60000
2.63900,-0.25690,0.00000,0.60000
2.63910,-0.25671,0.00000,0.60000
2.63920,-0.25652,0.00000,0.60000
2.63930,-0.25632,0.00000,0.60000
2.63940,-0.25613,0.00000,0.60000
2.63950,-0.25594,0.00000,0.60000
2.63960,-0.25574,0.00000,0.60000
2.63970,-0.25555,0.00000,0.60000
2.63980,-0.25536,0.00000,0.60000
2.63990,-0.25516,0.00000,0.60000
2.64000,-0.25497,0.00000,0.60000
2.64010,-0.25478,0.00000,0.60000
2.64020,-0.25458,0.00000,0.60000
2.64030,-0.25439,0.00000,0.60000
2.64040,-0.25419,0.00000,0.60000
2.64050,-0.25400,0.00000,0.60000
2.64060,-0.25381,0.00000,0.60000
2.64070,-0.25361,0.00000,0.60000
2.64080,-0.25342,0.00000,0.60000
2.64090,-0.25322,0.00000,0.60000
2.64100,-0.25303,0.00000,0.60000
2.64110,-0.25283,0.00000,0.60000
2.64120,-0.25264,0.00000,0.60000
2.64130,-0.25244,0.00000,0.60000
2.64140,-0.25225,0.00000,0.60000
2.64150,-0.25205,0.00000,0.60000
2.64160,-0.25186,0.00000,0.60000
2.64170,-0.25166,0.00000,0.60000
2.64180,-0.25147,0.00000,0.60000
2.64190,-0.25127,0.00000,0.60000
2.64200,-0.25108,0.00000,0.60000
2.64210,-0.25088,0.00000,0.60000
2.64220,-0.25069,0.00000,0.60000
2.64230,-0.25049,0.00000,0.60000
2.64240,-0.25029,0.00000,0.60000
2.64250,-0.25010,0.00000,0.60000
2.64260,-0.24990,0.00000,0.60000
2.64270,-0.24970,0.00000,0.60000
2.64280,-0.24951,0.00000,0.60000
2.64290,-0.24931,0.00000,0.60000
2.64300,-0.24912,0.00000,0.60000
2.64310,-0.24892,0.00000,0.60000
2.64320,-0.24872,0.00000,0.60000
2.64330,-0.24852,0.00000,0.60000
2.64340,-0.24833,0.00000,0.60000
2.64350,-0.24813,0.00000,0.60000
2.64360,-0.24793,0.00000,0.60000
2.64370,-0.24774,0.00000,0.60000
2.64380,-0.24754,0.00000,0.60000
2.64390,-0.24734,0.00000,0.60000
2.64400,-0.24714,0.00000,0.60000
2.64410,-0.24695,0.00000,0.60000
2.64420,-0.24675,0.00000,0.60000
2.64430,-0.24655,0.00000,0.60000
2.64440,-0.24635,0.00000,0.60000
2.64450,-0.24615,0.00000,0.60000
2.64460,-0.24596,0.00000,0.60000
2.64470,-0.24576,0.00000,0.60000
2.64480,-0.24556,0.00000,0.60000
2.64490,-0.24536,0.00000,0.60000
2.64500,-0.24516,0.00000,0.60000
2.64510,-0.24496,0.00000,0.60000
2.64520,-0.24477,0.00000,0.60000
2.64530,-0.24457,0.00000,0.60000
2.64540,-0.24437,0.00000,0.60000
2.64550,-0.24417,0.00000,0.60000
2.64560,-0.24397,0.00000,0.60000
2.64570,-0.24377,0.00000,0.60000
2.64580,-0.24357,0.00000,0.60000
2.64590,-0.24337,0.00000,0.60000
2.64600,-0.24317,0.00000,0.60000
2.64610,-0.24297,0.00000,0.60000
2.64620,-0.24277,0.00000,0.60000
2.64630,-0.24257,0.00000,0.60000
2.64640,-0.24237,0.00000,0.60000
2.64650,-0.24217,0.00000,0.60000
2.64660,-0.24197,0.00000,0.60000
2.64670,-0.24177,0.00000,0.60000
2.64680,-0.24157,0.00000,0.60000
2.64690,-0.24137,0.00000,0.60000
2.64700,-0.24117,0.00000,0.60000
2.64710,-0.24097,0.00000,0.60000
2.64720,-0.24077,0.00000,0.60000
2.64730,-0.24057,0.00000,0.60000
2.64740,-0.24037,0.00000,0.60000
2.64750,-0.24017,0.00000,0.60000
2.64760,-0.23997,0.00000,0.60000
2.64770,-0.23977,0.00000,0.60000
2.64780,-0.23956,0.00000,0.60000
2.64790,-0.23936,0.00000,0.60000
2.64800,-0.23916,0.00000,0.60000
2.64810,-0.23896,0.00000,0.60000
2.64820,-0.23876,0.00000,0.60000
2.64830,-0.23856,0.00000,0.60000
2.64840,-0.23836,0.00000,0.60000
2.64850,-0.23815,0.00000,0.60000
2.64860,-0.23795,0.00000,0.60000
2.64870,-0.23775,0.00000,0.60000
2.64880,-0.23755,0.00000,0.60000
2.64890,-0.23735,0.00000,0.60000
2.64900,-0.23714,0.00000,0.60000
2.64910,-0.23694,0.00000,0.60000
2.64920,-0.23674,0.00000,0.60000
2.64930,-0.23654,0.00000,0.60000
2.64940,-0.23633,0.00000,0.60000
2.64950,-0.23613,0.00000,0.60000
2.64960,-0.23593,0.00000,0.60000
2.64970,-0.23572,0.00000,0.60000
2.64980,-0.23552,0.00000,0.60000
2.64990,-0.23532,0.00000,0.60000
2.65000,-0.23511,0.00000,0.60000
2.65010,-0.23491,0.00000,0.60000
2.65020,-0.23471,0.00000,0.60000
2.65030,-0.23450,0.00000,0.60000
2.65040,-0.23430,0.00000,0.60000
2.65050,-0.23410,0.00000,0.60000
2.65060,-0.23389,0.00000,0.60000
2.65070,-0.23369,0.00000,0.60000
2.65080,-0.23348,0.00000,0.60000
2.65090,-0.23328,0.00000,0.60000
2.65100,-0.23308,0.00000,0.60000
2.65110,-0.23287,0.00000,0.60000
2.65120,-0.23267,0.00000,0.60000
2.65130,-0.23246,0.00000,0.60000
2.65140,-0.23226,0.00000,0.60000
2.65150,-0.23205,0.00000,0.60000
2.65160,-0.23185,0.00000,0.60000
2.65170,-0.23164,0.00000,0.60000
2.65180,-0.23144,0.00000,0.60000
2.65190,-0.23123,0.00000,0.60000
2.65200,-0.23103,0.00000,0.60000
2.65210,-0.23082,0.00000,0.60000
2.65220,-0.23062,0.00000,0.60000
2.65230,-0.23041,0.00000,0.60000
2.65240,-0.23021,0.00000,0.60000
2.65250,-0.23000,0.00000,0.60000
2.65260,-0.22980,0.00000,0.60000
2.65270,-0.22959,0.00000,0.60000
2.65280,-0.22938,0.00000,0.60000
2.65290,-0.22918,0.00000,0.60000
2.65300,-0.22897,0.00000,0.60000
2.65310,-0.22877,0.00000,0.60000
2.65320,-0.22856,0.00000,0.60000
2.65330,-0.22835,0.00000,0.60000
2.65340,-0.22815,0.00000,0.60000
2.65350,-0.22794,0.00000,0.60000
2.65360,-0.22773,0.00000,0.60000
2.65370,-0.22753,0.00000,0.60000
2.65380,-0.22732,0.00000,0.60000
2.65390,-0.22711,0.00000,0.60000
2.65400,-0.22691,0.00000,0.60000
2.65410,-0.22670,0.00000,0.60000
2.65420,-0.22649,0.00000,0.60000
2.65430,-0.22629,0.00000,0.60000
2.65440,-0.22608,0.00000,0.60000
2.65450,-0.22587,0.00000,0.60000
2.65460,-0.22566,0.00000,0.60000
2.65470,-0.22546,0.00000,0.60000
2.65480,-0.22525,0.00000,0.60000
2.65490,-0.22504,0.00000,0.60000
2.65500,-0.22483,0.00000,0.60000
2.65510,-0.22463,0.00000,0.60000
2.65520,-0.22442,0.00000,0.60000
2.65530,-0.22421,0.00000,0.60000
2.65540,-0.22400,0.00000,0.60000
2.65550,-0.22379,0.00000,0.60000
2.65560,-0.22358,0.00000,0.60000
2.65570,-0.22338,0.00000,0.60000
2.65580,-0.22317,0.00000,0.60000
2.65590,-0.22296,0.00000,0.60000
2.65600,-0.22275,0.00000,0.60000
2.65610,-0.22254,0.00000,0.60000
2.65620,-0.22233,0.00000,0.60000
2.65630,-0.22212,0.00000,0.60000
2.65640,-0.22191,0.00000,0.60000
2.65650,-0.22171,0.00000,0.60000
2.65660,-0.22150,0.00000,0.60000
2.65670,-0.22129,0.00000,0.60000
2.65680,-0.22108,0.00000,0.60000
2.65690,-0.22087,0.00000,0.60000
2.65700,-0.22066,0.00000,0.60000
2.65710,-0.22045,0.00000,0.60000
2.65720,-0.22024,0.00000,0.60000
2.65730,-0.22003,0.00000,0.60000
2.65740,-0.21982,0.00000,0.60000
2.65750,-0.21961,0.00000,0.60000
2.65760,-0.21940,0.00000,0.60000
2.65770,-0.21919,0.00000,0.60000
2.65780,-0.21898,0.00000,0.60000
2.65790,-0.21877,0.00000,0.60000
2.65800,-0.21856,0.00000,0.60000
2.65810,-0.21835,0.00000,0.60000
2.65820,-0.21814,0.00000,0.60000
2.65830,-0.21793,0.00000,0.60000
2.65840,-0.21772,0.00000,0.60000
2.65850,-0.21750,0.00000,0.60000
2.65860,-0.21729,0.00000,0.60000
2.65870,-0.21708,0.00000,0.60000
2.65880,-0.21687,0.00000,0.60000
2.65890,-0.21666,0.00000,0.60000
2.65900,-0.21645,0.00000,0.60000
2.65910,-0.21624,0.00000,0.60000
2.65920,-0.21603,0.00000,0.60000
2.65930,-0.21581,0.00000,0.60000
2.65940,-0.21560,0.00000,0.60000
2.65950,-0.21539,0.00000,0.60000
2.65960,-0.21518,0.00000,0.60000
2.65970,-0.21497,0.00000,0.60000
2.65980,-0.21475,0.00000,0.60000
2.65990,-0.21454,0.00000,0.60000
2.66000,-0.21433,0.00000,0.60000
2.66010,-0.21412,0.00000,0.60000
2.66020,-0.21391,0.00000,0.60000
2.66030,-0.21369,0.00000,0.60000
2.66040,-0.21348,0.00000,0.60000
2.66050,-0.21327,0.00000,0.60000
2.66060,-0.21306,0.00000,0.60000
2.66070,-0.21284,0.00000,0.60000
2.66080,-0.21263,0.00000,0.60000
2.66090,-0.21242,0.00000,0.60000
2.66100,-0.21220,0.00000,0.60000
2.66110,-0.21199,0.00000,0.60000
2.66120,-0.21178,0.00000,0.60000
2.66130,-0.21156,0.00000,0.60000
2.66140,-0.21135,0.00000,0.60000
2.66150,-0.21114,0.00000,0.60000
2.66160,-0.21092,0.00000,0.60000
2.66170,-0.21071,0.00000,0.60000
2.66180,-0.21050,0.00000,0.60000
2.66190,-0.21028,0.00000,0.60000
2.66200,-0.21007,0.00000,0.60000
2.66210,-0.20986,0.00000,0.60000
2.66220,-0.20964,0.00000,0.60000
2.66230,-0.20943,0.00000,0.60000
2.66240,-0.20921,0.00000,0.60000
2.66250,-0.20900,0.00000,0.60000
2.66260,-0.20879,0.00000,0.60000
2.66270,-0.20857,0.00000,0.60000
2.66280,-0.20836,0.00000,0.60000
2.66290,-0.20814,0.00000,0.60000
2.66300,-0.20793,0.00000,0.60000
2.66310,-0.20771,0.00000,0.60000
2.66320,-0.20750,0.00000,0.60000
2.66330,-0.20728,0.00000,0.60000
2.66340,-0.20707,0.00000,0.60000
2.66350,-0.20685,0.00000,0.60000
2.66360,-0.20664,0.00000,0.60000
2.66370,-0.20642,0.00000,0.60000
2.66380,-0.20621,0.00000,0.60000
2.66390,-0.20599,0.00000,0.60000
2.66400,-0.20578,0.00000,0.60000
2.66410,-0.20556,0.00000,0.60000
2.66420,-0.20534,0.00000,0.60000
2.66430,-0.20513,0.00000,0.60000
2.66440,-0.20491,0.00000,0.60000
2.66450,-0.20470,0.00000,0.60000
2.66460,-0.20448,0.00000,0.60000
2.66470,-0.20427,0.00000,0.60000
2.66480,-0.20405,0.00000,0.60000
2.66490,-0.20383,0.00000,0.60000
2.66500,-0.20362,0.00000,0.60000
2.66510,-0.20340,0.00000,0.60000
2.66520,-0.20318,0.00000,0.60000
2.66530,-0.20297,0.00000,0.60000
2.66540,-0.20275,0.00000,0.60000
2.66550,-0.20253,0.00000,0.60000
2.66560,-0.20232,0.00000,0.60000
2.66570,-0.20210,0.00000,0.60000
2.66580,-0.20188,0.00000,0.60000
2.66590,-0.20167,0.00000,0.60000
2.66600,-0.20145,0.00000,0.60000
2.66610,-0.20123,0.00000,0.60000
2.66620,-0.20101,0.00000,0.60000
2.66630,-0.20080,0.00000,0.60000
2.66640,-0.20058,0.00000,0.60000
2.66650,-0.20036,0.00000,0.60000
2.66660,-0.20015,0.00000,0.60000
2.66670,-0.19993,0.00000,0.60000
2.66680,-0.19971,0.00000,0.60000
2.66690,-0.19949,0.00000,0.60000
2.66700,-0.19927,0.00000,0.60000
2.66710,-0.19906,0.00000,0.60000
2.66720,-0.19884,0.00000,0.60000
2.66730,-0.19862,0.00000,0.60000
2.66740,-0.19840,0.00000,0.60000
2.66750,-0.19818,0.00000,0.60000
2.66760,-0.19797,0.00000,0.60000
2.66770,-0.19775,0.00000,0.60000
2.66780,-0.19753,0.00000,0.60000
2.66790,-0.19731,0.00000,0.60000
2.66800,-0.19709,0.00000,0.60000
2.66810,-0.19687,0.00000,0.60000
2.66820,-0.19665,0.00000,0.60000
2.66830,-0.19643,0.00000,0.60000
2.66840,-0.19622,0.00000,0.60000
2.66850,-0.19600,0.00000,0.60000
2.66860,-0.19578,0.00000,0.60000
2.66870,-0.19556,0.00000,0.60000
2.66880,-0.19534,0.00000,0.60000
2.66890,-0.19512,0.00000,0.60000
2.66900,-0.19490,0.00000,0.60000
2.66910,-0.19468,0.00000,0.60000
2.66920,-0.19446,0.00000,0.60000
2.66930,-0.19424,0.00000,0.60000
2.66940,-0.19402,0.00000,0.60000
2.66950,-0.19380,0.00000,0.60000
2.66960,-0.19358,0.00000,0.60000
2.66970,-0.19336,0.00000,0.60000
2.66980,-0.19314,0.00000,0.60000
2.66990,-0.19292,0.00000,0.60000
2.67000,-0.19270,0.00000,0.60000
2.67010,-0.19248,0.00000,0.60000
2.67020,-0.19226,0.00000,0.60000
2.67030,-0.19204,0.00000,0.60000
2.67040,-0.19182,0.00000,0.60000
2.67050,-0.19160,0.00000,0.60000
2.67060,-0.19138,0.00000,0.60000
2.67070,-0.19116,0.00000,0.60000
2.67080,-0.19094,0.00000,0.60000
2.67090,-0.19072,0.00000,0.60000
2.67100,-0.19050,0.00000,0.60000
2.67110,-0.19027,0.00000,0.60000
2.67120,-0.19005,0.00000,0.60000
2.67130,-0.18983,0.00000,0.60000
2.67140,-0.18961,0.00000,0.60000
2.67150,-0.18939,0.00000,0.60000
2.67160,-0.18917,0.00000,0.60000
2.67170,-0.18895,0.00000,0.60000
2.67180,-0.18872,0.00000,0.60000
2.67190,-0.18850,0.00000,0.60000
2.67200,-0.18828,0.00000,0.60000
2.67210,-0.18806,0.00000,0.60000
2.67220,-0.18784,0.00000,0.60000
2.67230,-0.18762,0.00000,0.60000
2.67240,-0.18739,0.00000,0.60000
2.67250,-0.18717,0.00000,0.60000
2.67260,-0.18695,0.00000,0.60000
2.67270,-0.18673,0.00000,0.60000
2.67280,-0.18651,0.00000,0.60000
2.67290,-0.18628,0.00000,0.60000
2.67300,-0.18606,0.00000,0.60000
2.67310,-0.18584,0.00000,0.60000
2.67320,-0.18562,0.00000,0.60000
2.67330,-0.18539,0.00000,0.60000
2.67340,-0.18517,0.00000,0.60000
2.67350,-0.18495,0.00000,0.60000
2.67360,-0.18472,0.00000,0.60000
2.67370,-0.18450,0.00000,0.60000
2.67380,-0.18428,0.00000,0.60000
2.67390,-0.18406,0.00000,0.60000
2.67400,-0.18383,0.00000,0.60000
2.67410,-0.18361,0.00000,0.60000
2.67420,-0.18339,0.00000,0.60000
2.67430,-0.18316,0.00000,0.60000
2.67440,-0.18294,0.00000,0.60000
2.67450,-0.18271,0.00000,0.60000
2.67460,-0.18249,0.00000,0.60000
2.67470,-0.18227,0.00000,0.60000
2.67480,-0.18204,0.00000,0.60000
2.67490,-0.18182,0.00000,0.60000
2.67500,-0.18160,0.00000,0.60000
2.67510,-0.18137,0.00000,0.60000
2.67520,-0.18115,0.00000,0.60000
2.67530,-0.18092,0.00000,0.60000
2.67540,-0.18070,0.00000,0.60000
2.67550,-0.18048,0.00000,0.60000
2.67560,-0.18025,0.00000,0.60000
2.67570,-0.18003,0.00000,0.60000
2.67580,-0.17980,0.00000,0.60000
2.67590,-0.17958,0.00000,0.60000
2.67600,-0.17935,0.00000,0.60000
2.67610,-0.17913,0.00000,0.60000
2.67620,-0.17890,0.00000,0.60000
2.67630,-0.17868,0.00000,0.60000
2.67640,-0.17845,0.00000,0.60000
2.67650,-0.17823,0.00000,0.60000
2.67660,-0.17800,0.00000,0.60000
2.67670,-0.17778,0.00000,0.60000
2.67680,-0.17755,0.00000,0.60000
2.67690,-0.17733,0.00000,0.60000
2.67700,-0.17710,0.00000,0.60000
2.67710,-0.17688,0.00000,0.60000
2.67720,-0.17665,0.00000,0.60000
2.67730,-0.17643,0.00000,0.60000
2.67740,-0.17620,0.00000,0.60000
2.67750,-0.17598,0.00000,0.60000
2.67760,-0.17575,0.00000,0.60000
2.67770,-0.17552,0.00000,0.60000
2.67780,-0.17530,0.00000,0.60000
2.67790,-0.17507,0.00000,0.60000
2.67800,-0.17485,0.00000,0.60000
2.67810,-0.17462,0.00000,0.60000
2.67820,-0.17439,0.00000,0.60000
2.67830,-0.17417,0.00000,0.60000
2.67840,-0.17394,0.00000,0.60000
2.67850,-0.17372,0.00000,0.60000
2.67860,-0.17349,0.00000,0.60000
2.67870,-0.17326,0.00000,0.60000
2.67880,-0.17304,0.00000,0.60000
2.67890,-0.17281,0.00000,0.60000
2.67900,-0.17258,0.00000,0.60000
2.67910,-0.17236,0.00000,0.60000
2.67920,-0.17213,0.00000,0.60000
2.67930,-0.17190,0.00000,0.60000
2.67940,-0.17167,0.00000,0.60000
2.67950,-0.17145,0.00000,0.60000
2.67960,-0.17122,0.00000,0.60000
2.67970,-0.17099,0.00000,0.60000
2.67980,-0.17077,0.00000,0.60000
2.67990,-0.17054,0.00000,0.60000
2.68000,-0.17031,0.00000,0.60000
2.68010,-0.17008,0.00000,0.60000
2.68020,-0.16986,0.00000,0.60000
2.68030,-0.16963,0.00000,0.60000
2.68040,-0.16940,0.00000,0.60000
2.68050,-0.16917,0.00000,0.60000
2.68060,-0.16895,0.00000,0.60000
2.68070,-0.16872,0.00000,0.60000
2.68080,-0.16849,0.00000,0.60000
2.68090,-0.16826,0.00000,0.60000
2.68100,-0.16803,0.00000,0.60000
2.68110,-0.16781,0.00000,0.60000
2.68120,-0.16758,0.00000,0.60000
2.68130,-0.16735,0.00000,0.60000
2.68140,-0.16712,0.00000,0.60000
2.68150,-0.16689,0.00000,0.60000
2.68160,-0.16666,0.00000,0.60000
2.68170,-0.16644,0.00000,0.60000
2.68180,-0.16621,0.00000,0.60000
2.68190,-0.16598,0.00000,0.60000
2.68200,-0.16575,0.00000,0.60000
2.68210,-0.16552,0.00000,0.60000
2.68220,-0.16529,0.00000,0.60000
2.68230,-0.16506,0.00000,0.60000
2.68240,-0.16483,0.00000,0.60000
2.68250,-0.16461,0.00000,0.60000
2.68260,-0.16438,0.00000,0.60000
2.68270,-0.16415,0.00000,0.60000
2.68280,-0.16392,0.00000,0.60000
2.68290,-0.16369,0.00000,0.60000
2.68300,-0.16346,0.00000,0.60000
2.68310,-0.16323,0.00000,0.60000
2.68320,-0.16300,0.00000,0.60000
2.68330,-0.16277,0.00000,0.60000
2.68340,-0.16254,0.00000,0.60000
2.68350,-0.16231,0.00000,0.60000
2.68360,-0.16208,0.00000,0.60000
2.68370,-0.16185,0.00000,0.60000
2.68380,-0.16162,0.00000,0.60000
2.68390,-0.16139,0.00000,0.60000
2.68400,-0.16116,0.00000,0.60000
2.68410,-0.16093,0.00000,0.60000
2.68420,-0.16070,0.00000,0.60000
2.68430,-0.16047,0.00000,0.60000
2.68440,-0.16024,0.00000,0.60000
2.68450,-0.16001,0.00000,0.60000
2.68460,-0.15978,0.00000,0.60000
2.68470,-0.15955,0.00000,0.60000
2.68480,-0.15932,0.00000,0.60000
2.68490,-0.15909,0.00000,0.60000
2.68500,-0.15886,0.00000,0.60000
2.68510,-0.15863,0.00000,0.60000
2.68520,-0.15840,0.00000,0.60000
2.68530,-0.15817,0.00000,0.60000
2.68540,-0.15794,0.00000,0.60000
2.68550,-0.15771,0.00000,0.60000
2.68560,-0.15747,0.00000,0.60000
2.68570,-0.15724,0.00000,0.60000
2.68580,-0.15701,0.00000,0.60000
2.68590,-0.15678,0.00000,0.60000
2.68600,-0.15655,0.00000,0.60000
2.68610,-0.15632,0.00000,0.60000
2.68620,-0.15609,0.00000,0.60000
2.68630,-0.15586,0.00000,0.60000
2.68640,-0.15562,0.00000,0.60000
2.68650,-0.15539,0.00000,0.60000
2.68660,-0.15516,0.00000,0.60000
2.68670,-0.15493,0.00000,0.60000
2.68680,-0.15470,0.00000,0.60000
2.68690,-0.15447,0.00000,0.60000
2.68700,-0.15423,0.00000,0.60000
2.68710,-0.15400,0.00000,0.60000
2.68720,-0.15377,0.00000,0.60000
2.68730,-0.15354,0.00000,0.60000
2.68740,-0.15331,0.00000,0.60000
2.68750,-0.15307,0.00000,0.60000
2.68760,-0.15284,0.00000,0.60000
2.68770,-0.15261,0.00000,0.60000
2.68780,-0.15238,0.00000,0.60000
2.68790,-0.15214,0.00000,0.60000
2.68800,-0.15191,0.00000,0.60000
2.68810,-0.15168,0.00000,0.60000
2.68820,-0.15145,0.00000,0.60000
2.68830,-0.15121,0.00000,0.60000
2.68840,-0.15098,0.00000,0.60000
2.68850,-0.15075,0.00000,0.60000
2.68860,-0.15052,0.00000,0.60000
2.68870,-0.15028,0.00000,0.60000
2.68880,-0.15005,0.00000,0.60000
2.68890,-0.14982,0.00000,0.60000
2.68900,-0.14958,0.00000,0.60000
2.68910,-0.14935,0.00000,0.60000
2.68920,-0.14912,0.00000,0.60000
2.68930,-0.14888,0.00000,0.60000
2.68940,-0.14865,0.00000,0.60000
2.68950,-0.14842,0.00000,0.60000
2.68960,-0.14818,0.00000,0.60000
2.68970,-0.14795,0.00000,0.60000
2.68980,-0.14772,0.00000,0.60000
2.68990,-0.14748,0.00000,0.60000
2.69000,-0.14725,0.00000,0.60000
2.69010,-0.14702,0.00000,0.60000
2.69020,-0.14678,0.00000,0.60000
2.69030,-0.14655,0.00000,0.60000
2.69040,-0.14631,0.00000,0.60000
2.69050,-0.14608,0.00000,0.60000
2.69060,-0.14585,0.00000,0.60000
2.69070,-0.14561,0.00000,0.60000
2.69080,-0.14538,0.00000,0.60000
2.69090,-0.14514,0.00000,0.60000
2.69100,-0.14491,0.00000,0.60000
2.69110,-0.14468,0.00000,0.60000
2.69120,-0.14444,0.00000,0.60000
2.69130,-0.14421,0.00000,0.60000
2.69140,-0.14397,0.00000,0.60000
2.69150,-0.14374,0.00000,0.60000
2.69160,-0.14350,0.00000,0.60000
2.69170,-0.14327,0.00000,0.60000
2.69180,-0.14303,0.00000,0.60000
2.69190,-0.14280,0.00000,0.60000
2.69200,-0.14256,0.00000,0.60000
2.69210,-0.14233,0.00000,0.60000
2.69220,-0.14209,0.00000,0.60000
2.69230,-0.14186,0.00000,0.60000
2.69240,-0.14163,0.00000,0.60000
2.69250,-0.14139,0.00000,0.60000
2.69260,-0.14115,0.00000,0.60000
2.69270,-0.14092,0.00000,0.60000
2.69280,-0.14068,0.00000,0.60000
2.69290,-0.14045,0.00000,0.60000
2.69300,-0.14021,0.00000,0.60000
2.69310,-0.13998,0.00000,0.60000
2.69320,-0.13974,0.00000,0.60000
2.69330,-0.13951,0.00000,0.60000
2.69340,-0.13927,0.00000,0.60000
2.69350,-0.13904,0.00000,0.60000
2.69360,-0.13880,0.00000,0.60000
2.69370,-0.13856,0.00000,0.60000
2.69380,-0.13833,0.00000,0.60000
2.69390,-0.13809,0.00000,0.60000
2.69400,-0.13786,0.00000,0.60000
2.69410,-0.13762,0.00000,0.60000
2.69420,-0.13739,0.00000,0.60000
2.69430,-0.13715,0.00000,0.60000
2.69440,-0.13691,0.00000,0.60000
2.69450,-0.13668,0.00000,0.60000
2.69460,-0.13644,0.00000,0.60000
2.69470,-0.13620,0.00000,0.60000
2.69480,-0.13597,0.00000,0.60000
2.69490,-0.13573,0.00000,0.60000
2.69500,-0.13550,0.00000,0.60000
2.69510,-0.13526,0.00000,0.60000
2.69520,-0.13502,0.00000,0.60000
2.69530,-0.13479,0.00000,0.60000
2.69540,-0.13455,0.00000,0.60000
2.69550,-0.13431,0.00000,0.60000
2.69560,-0.13408,0.00000,0.60000
2.69570,-0.13384,0.00000,0.60000
2.69580,-0.13360,0.00000,0.60000
2.69590,-0.13336,0.00000,0.60000
2.69600,-0.13313,0.00000,0.60000
2.69610,-0.13289,0.00000,0.60000
2.69620,-0.13265,0.00000,0.60000
2.69630,-0.13242,0.00000,0.60000
2.69640,-0.13218,0.00000,0.60000
2.69650,-0.13194,0.00000,0.60000
2.69660,-0.13170,0.00000,0.60000
2.69670,-0.13147,0.00000,0.60000
2.69680,-0.13123,0.00000,0.60000
2.69690,-0.13099,0.00000,0.60000
2.69700,-0.13076,0.00000,0.60000
2.69710,-0.13052,0.00000,0.60000
2.69720,-0.13028,0.00000,0.60000
2.69730,-0.13004,0.00000,0.60000
2.69740,-0.12980,0.00000,0.60000
2.69750,-0.12957,0.00000,0.60000
2.69760,-0.12933,0.00000,0.60000
2.69770,-0.12909,0.00000,0.60000
2.69780,-0.12885,0.00000,0.60000
2.69790,-0.12862,0.00000,0.60000
2.69800,-0.12838,0.00000,0.60000
2.69810,-0.12814,0.00000,0.60000
2.69820,-0.12790,0.00000,0.60000
2.69830,-0.12766,0.00000,0.60000
2.69840,-0.12742,0.00000,0.60000
2.69850,-0.12719,0.00000,0.60000
2.69860,-0.12695,0.00000,0.60000
2.69870,-0.12671,0.00000,0.60000
2.69880,-0.12647,0.00000,0.60000
2.69890,-0.12623,0.00000,0.60000
2.69900,-0.12599,0.00000,0.60000
2.69910,-0.12576,0.00000,0.60000
2.69920,-0.12552,0.00000,0.60000
2.69930,-0.12528,0.00000,0.60000
2.69940,-0.12504,0.00000,0.60000
2.69950,-0.12480,0.00000,0.60000
2.69960,-0.12456,0.00000,0.60000
2.69970,-0.12432,0.00000,0.60000
2.69980,-0.12408,0.00000,0.60000
2.69990,-0.12385,0.00000,0.60000
2.70000,-0.12361,0.00000,0.60000
2.70010,-0.12337,0.00000,0.60000
2.70020,-0.12313,0.00000,0.60000
2.70030,-0.12289,0.00000,0.60000
2.70040,-0.12265,0.00000,0.60000
2.70050,-0.12241,0.00000,0.60000
2.70060,-0.12217,0.00000,0.60000
2.70070,-0.12193,0.00000,0.60000
2.70080,-0.12169,0.00000,0.60000
2.70090,-0.12145,0.00000,0.60000
2.70100,-0.12121,0.00000,0.60000
2.70110,-0.12097,0.00000,0.60000
2.70120,-0.12073,0.00000,0.60000
2.70130,-0.12050,0.00000,0.60000
2.70140,-0.12026,0.00000,0.60000
2.70150,-0.12002,0.00000,0.60000
2.70160,-0.11978,0.00000,0.60000
2.70170,-0.11954,0.00000,0.60000
2.70180,-0.11930,0.00000,0.60000
2.70190,-0.11906,0.00000,0.60000
2.70200,-0.11882,0.00000,0.60000
2.70210,-0.11858,0.00000,0.60000
2.70220,-0.11834,0.00000,0.60000
2.70230,-0.11810,0.00000,0.60000
2.70240,-0.11786,0.00000,0.60000
2.70250,-0.11762,0.00000,0.60000
2.70260,-0.11738,0.00000,0.60000
2.70270,-0.11714,0.00000,0.60000
2.70280,-0.11690,0.00000,0.60000
2.70290,-0.11665,0.00000,0.60000
2.70300,-0.11641,0.00000,0.60000
2.70310,-0.11617,0.00000,0.60000
2.70320,-0.11593,0.00000,0.60000
2.70330,-0.11569,0.00000,0.60000
2.70340,-0.11545,0.00000,0.60000
2.70350,-0.11521,0.00000,0.60000
2.70360,-0.11497,0.00000,0.60000
2.70370,-0.11473,0.00000,0.60000
2.70380,-0.11449,0.00000,0.60000
2.70390,-0.11425,0.00000,0.60000
2.70400,-0.11401,0.00000,0.60000
2.70410,-0.11377,0.00000,0.60000
2.70420,-0.11353,0.00000,0.60000
2.70430,-0.11328,0.00000,0.60000
2.70440,-0.11304,0.00000,0.60000
2.70450,-0.11280,0.00000,0.60000
2.70460,-0.11256,0.00000,0.60000
2.70470,-0.11232,0.00000,0.60000
2.70480,-0.11208,0.00000,0.60000
2.70490,-0.11184,0.00000,0.60000
2.70500,-0.11160,0.00000,0.60000
2.70510,-0.11136,0.00000,0.60000
2.70520,-0.11111,0.00000,0.60000
2.70530,-0.11087,0.00000,0.60000
2.70540,-0.11063,0.00000,0.60000
2.70550,-0.11039,0.00000,0.60000
2.70560,-0.11015,0.00000,0.60000
2.70570,-0.10991,0.00000,0.60000
2.70580,-0.10966,0.00000,0.60000
2.70590,-0.10942,0.00000,0.60000
2.70600,-0.10918,0.00000,0.60000
2.70610,-0.10894,0.00000,0.60000
2.70620,-0.10870,0.00000,0.60000
2.70630,-0.10846,0.00000,0.60000
2.70640,-0.10821,0.00000,0.60000
2.70650,-0.10797,0.00000,0.60000
2.70660,-0.10773,0.00000,0.60000
2.70670,-0.10749,0.00000,0.60000
2.70680,-0.10725,0.00000,0.60000
2.70690,-0.10700,0.00000,0.60000
2.70700,-0.10676,0.00000,0.60000
2.70710,-0.10652,0.00000,0.60000
2.70720,-0.10628,0.00000,0.60000
2.70730,-0.10603,0.00000,0.60000
2.70740,-0.10579,0.00000,0.60000
2.70750,-0.10555,0.00000,0.60000
2.70760,-0.10531,0.00000,0.60000
2.70770,-0.10506,0.00000,0.60000
2.70780,-0.10482,0.00000,0.60000
2.70790,-0.10458,0.00000,0.60000
2.70800,-0.10434,0.00000,0.60000
2.70810,-0.10409,0.00000,0.60000
2.70820,-0.10385,0.00000,0.60000
2.70830,-0.10361,0.00000,0.60000
2.70840,-0.10337,0.00000,0.60000
2.70850,-0.10312,0.00000,0.60000
2.70860,-0.10288,0.00000,0.60000
2.70870,-0.10264,0.00000,0.60000
2.70880,-0.10239,0.00000,0.60000
2.70890,-0.10215,0.00000,0.60000
2.70900,-0.10191,0.00000,0.60000
2.70910,-0.10167,0.00000,0.60000
2.70920,-0.10142,0.00000,0.60000
2.70930,-0.10118,0.00000,0.60000
2.70940,-0.10094,0.00000,0.60000
2.70950,-0.10069,0.00000,0.60000
2.70960,-0.10045,0.00000,0.60000
2.70970,-0.10021,0.00000,0.60000
2.70980,-0.09996,0.00000,0.60000
2.70990,-0.09972,0.00000,0.60000
2.71000,-0.09948,0.00000,0.60000
2.71010,-0.09923,0.00000,0.60000
2.71020,-0.09899,0.00000,0.60000
2.71030,-0.09875,0.00000,0.60000
2.71040,-0.09850,0.00000,0.60000
2.71050,-0.09826,0.00000,0.60000
2.71060,-0.09801,0.00000,0.60000
2.71070,-0.09777,0.00000,0.60000
2.71080,-0.09753,0.00000,0.60000
2.71090,-0.09728,0.00000,0.60000
2.71100,-0.09704,0.00000,0.60000
2.71110,-0.09680,0.00000,0.60000
2.71120,-0.09655,0.00000,0.60000
2.71130,-0.09631,0.00000,0.60000
2.71140,-0.09606,0.00000,0.60000
2.71150,-0.09582,0.00000,0.60000
2.71160,-0.09558,0.00000,0.60000
2.71170,-0.09533,0.00000,0.60000
2.71180,-0.09509,0.00000,0.60000
2.71190,-0.09484,0.00000,0.60000
2.71200,-0.09460,0.00000,0.60000
2.71210,-0.09436,0.00000,0.60000
2.71220,-0.09411,0.00000,0.60000
2.71230,-0.09387,0.00000,0.60000
2.71240,-0.09362,0.00000,0.60000
2.71250,-0.09338,0.00000,0.60000
2.71260,-0.09313,0.00000,0.60000
2.71270,-0.09289,0.00000,0.60000
2.71280,-0.09264,0.00000,0.60000
2.71290,-0.09240,0.00000,0.60000
2.71300,-0.09216,0.00000,0.60000
2.71310,-0.09191,0.00000,0.60000
2.71320,-0.09167,0.00000,0.60000
2.71330,-0.09142,0.00000,0.60000
2.71340,-0.09118,0.00000,0.60000
2.71350,-0.09093,0.00000,0.60000
2.71360,-0.09069,0.00000,0.60000
2.71370,-0.09044,0.00000,0.60000
2.71380,-0.09020,0.00000,0.60000
2.71390,-0.08995,0.00000,0.60000
2.71400,-0.08971,0.00000,0.60000
2.71410,-0.08946,0.00000,0.60000
2.71420,-0.08922,0.00000,0.60000
2.71430,-0.08897,0.00000,0.60000
2.71440,-0.08873,0.00000,0.60000
2.71450,-0.08848,0.00000,0.60000
2.71460,-0.08824,0.00000,0.60000
2.71470,-0.08799,0.00000,0.60000
2.71480,-0.08775,0.00000,0.60000
2.71490,-0.08750,0.00000,0.60000
2.71500,-0.08726,0.00000,0.60000
2.71510,-0.08701,0.00000,0.60000
2.71520,-0.08677,0.00000,0.60000
2.71530,-0.08652,0.00000,0.60000
2.71540,-0.08628,0.00000,0.60000
2.71550,-0.08603,0.00000,0.60000
2.71560,-0.08579,0.00000,0.60000
2.71570,-0.08554,0.00000,0.60000
2.71580,-0.08529,0.00000,0.60000
2.71590,-0.08505,0.00000,0.60000
2.71600,-0.08480,0.00000,0.60000
2.71610,-0.08456,0.00000,0.60000
2.71620,-0.08431,0.00000,0.60000
2.71630,-0.08407,0.00000,0.60000
2.71640,-0.08382,0.00000,0.60000
2.71650,-0.08357,0.00000,0.60000
2.71660,-0.08333,0.00000,0.60000
2.71670,-0.08308,0.00000,0.60000
2.71680,-0.08284,0.00000,0.60000
2.71690,-0.08259,0.00000,0.60000
2.71700,-0.08235,0.00000,0.60000
2.71710,-0.08210,0.00000,0.60000
2.71720,-0.08185,0.00000,0.60000
2.71730,-0.08161,0.00000,0.60000
2.71740,-0.08136,0.00000,0.60000
2.71750,-0.08111,0.00000,0.60000
2.71760,-0.08087,0.00000,0.60000
2.71770,-0.08062,0.00000,0.60000
2.71780,-0.08038,0.00000,0.60000
2.71790,-0.08013,0.00000,0.60000
2.71800,-0.07988,0.00000,0.60000
2.71810,-0.07964,0.00000,0.60000
2.71820,-0.07939,0.00000,0.60000
2.71830,-0.07915,0.00000,0.60000
2.71840,-0.07890,0.00000,0.60000
2.71850,-0.07865,0.00000,0.60000
2.71860,-0.07841,0.00000,0.60000
2.71870,-0.07816,0.00000,0.60000
2.71880,-0.07791,0.00000,0.60000
2.71890,-0.07767,0.00000,0.60000
2.71900,-0.07742,0.00000,0.60000
2.71910,-0.07717,0.00000,0.60000
2.71920,-0.07693,0.00000,0.60000
2.71930,-0.07668,0.00000,0.60000
2.71940,-0.07643,0.00000,0.60000
2.71950,-0.07619,0.00000,0.60000
2.71960,-0.07594,0.00000,0.60000
2.71970,-0.07569,0.00000,0.60000
2.71980,-0.07545,0.00000,0.60000
2.71990,-0.07520,0.00000,0.60000
2.72000,-0.07495,0.00000,0.60000
2.72010,-0.07471,0.00000,0.60000
2.72020,-0.07446,0.00000,0.60000
2.72030,-0.07421,0.00000,0.60000
2.72040,-0.07396,0.00000,0.60000
2.72050,-0.07372,0.00000,0.60000
2.72060,-0.07347,0.00000,0.60000
2.72070,-0.07322,0.00000,0.60000
2.72080,-0.07298,0.00000,0.60000
2.72090,-0.07273,0.00000,0.60000
2.72100,-0.07248,0.00000,0.60000
2.72110,-0.07224,0.00000,0.60000
2.72120,-0.07199,0.00000,0.60000
2.72130,-0.07174,0.00000,0.60000
2.72140,-0.07149,0.00000,0.60000
2.72150,-0.07125,0.00000,0.60000
2.72160,-0.07100,0.00000,0.60000
2.72170,-0.07075,0.00000,0.60000
2.72180,-0.07050,0.00000,0.60000
2.72190,-0.07026,0.00000,0.60000
2.72200,-0.07001,0.00000,0.60000
2.72210,-0.06976,0.00000,0.60000
2.72220,-0.06951,0.00000,0.60000
2.72230,-0.06927,0.00000,0.60000
2.72240,-0.06902,0.00000,0.60000
2.72250,-0.06877,0.00000,0.60000
2.72260,-0.06852,0.00000,0.60000
2.72270,-0.06828,0.00000,0.60000
2.72280,-0.06803,0.00000,0.60000
2.72290,-0.06778,0.00000,0.60000
2.72300,-0.06753,0.00000,0.60000
2.72310,-0.06729,0.00000,0.60000
2.72320,-0.06704,0.00000,0.60000
2.72330,-0.06679,0.00000,0.60000
2.72340,-0.06654,0.00000,0.60000
2.72350,-0.06629,0.00000,0.60000
2.72360,-0.06605,0.00000,0.60000
2.72370,-0.06580,0.00000,0.60000
2.72380,-0.06555,0.00000,0.60000
2.72390,-0.06530,0.00000,0.60000
2.72400,-0.06505,0.00000,0.60000
2.72410,-0.06481,0.00000,0.60000
2.72420,-0.06456,0.00000,0.60000
2.72430,-0.06431,0.00000,0.60000
2.72440,-0.06406,0.00000,0.60000
2.72450,-0.06381,0.00000,0.60000
2.72460,-0.06357,0.00000,0.60000
2.72470,-0.06332,0.00000,0.60000
2.72480,-0.06307,0.00000,0.60000
2.72490,-0.06282,0.00000,0.60000
2.72500,-0.06257,0.00000,0.60000
2.72510,-0.06233,0.00000,0.60000
2.72520,-0.06208,0.00000,0.60000
2.72530,-0.06183,0.00000,0.60000
2.72540,-0.06158,0.00000,0.60000
2.72550,-0.06133,0.00000,0.60000
2.72560,-0.06108,0.00000,0.60000
2.72570,-0.06084,0.00000,0.60000
2.72580,-0.06059,0.00000,0.60000
2.72590,-0.06034,0.00000,0.60000
2.72600,-0.06009,0.00000,0.60000
2.72610,-0.05984,0.00000,0.60000
2.72620,-0.05959,0.00000,0.60000
2.72630,-0.05934,0.00000,0.60000
2.72640,-0.05910,0.00000,0.60000
2.72650,-0.05885,0.00000,0.60000
2.72660,-0.05860,0.00000,0.60000
2.72670,-0.05835,0.00000,0.60000
2.72680,-0.05810,0.00000,0.60000
2.72690,-0.05785,0.00000,0.60000
2.72700,-0.05760,0.00000,0.60000
2.72710,-0.05736,0.00000,0.60000
2.72720,-0.05711,0.00000,0.60000
2.72730,-0.05686,0.00000,0.60000
2.72740,-0.05661,0.00000,0.60000
2.72750,-0.05636,0.00000,0.60000
2.72760,-0.05611,0.00000,0.60000
2.72770,-0.05586,0.00000,0.60000
2.72780,-0.05561,0.00000,0.60000
2.72790,-0.05537,0.00000,0.60000
2.72800,-0.05512,0.00000,0.60000
2.72810,-0.05487,0.00000,0.60000
2.72820,-0.05462,0.00000,0.60000
2.72830,-0.05437,0.00000,0.60000
2.72840,-0.05412,0.00000,0.60000
2.72850,-0.05387,0.00000,0.60000
2.72860,-0.05362,0.00000,0.60000
2.72870,-0.05337,0.00000,0.60000
2.72880,-0.05312,0.00000,0.60000
2.72890,-0.05287,0.00000,0.60000
2.72900,-0.05263,0.00000,0.60000
2.72910,-0.05238,0.00000,0.60000
2.72920,-0.05213,0.00000,0.60000
2.72930,-0.05188,0.00000,0.60000
2.72940,-0.05163,0.00000,0.60000
2.72950,-0.05138,0.00000,0.60000
2.72960,-0.05113,0.00000,0.60000
2.72970,-0.05088,0.00000,0.60000
2.72980,-0.05063,0.00000,0.60000
2.72990,-0.05038,0.00000,0.60000
2.73000,-0.05013,0.00000,0.60000
2.73010,-0.04988,0.00000,0.60000
2.73020,-0.04963,0.00000,0.60000
2.73030,-0.04939,0.00000,0.60000
2.73040,-0.04914,0.00000,0.60000
2.73050,-0.04889,0.00000,0.60000
2.73060,-0.04864,0.00000,0.60000
2.73070,-0.04839,0.00000,0.60000
2.73080,-0.04814,0.00000,0.60000
2.73090,-0.04789,0.00000,0.60000
2.73100,-0.04764,0.00000,0.60000
2.73110,-0.04739,0.00000,0.60000
2.73120,-0.04714,0.00000,0.60000
2.73130,-0.04689,0.00000,0.60000
2.73140,-0.04664,0.00000,0.60000
2.73150,-0.04639,0.00000,0.60000
2.73160,-0.04614,0.00000,0.60000
2.73170,-0.04589,0.00000,0.60000
2.73180,-0.04564,0.00000,0.60000
2.73190,-0.04539,0.00000,0.60000
2.73200,-0.04514,0.00000,0.60000
2.73210,-0.04489,0.00000,0.60000
2.73220,-0.04464,0.00000,0.60000
2.73230,-0.04439,0.00000,0.60000
2.73240,-0.04414,0.00000,0.60000
2.73250,-0.04389,0.00000,0.60000
2.73260,-0.04364,0.00000,0.60000
2.73270,-0.04339,0.00000,0.60000
2.73280,-0.04314,0.00000,0.60000
2.73290,-0.04289,0.00000,0.60000
2.73300,-0.04264,0.00000,0.60000
2.73310,-0.04239,0.00000,0.60000
2.73320,-0.04214,0.00000,0.60000
2.73330,-0.04189,0.00000,0.60000
2.73340,-0.04164,0.00000,0.60000
2.73350,-0.04139,0.00000,0.60000
2.73360,-0.04114,0.00000,0.60000
2.73370,-0.04089,0.00000,0.60000
2.73380,-0.04064,0.00000,0.60000
2.73390,-0.04039,0.00000,0.60000
2.73400,-0.04014,0.00000,0.60000
2.73410,-0.03989,0.00000,0.60000
2.73420,-0.03964,0.00000,0.60000
2.73430,-0.03939,0.00000,0.60000
2.73440,-0.03914,0.00000,0.60000
2.73450,-0.03889,0.00000,0.60000
2.73460,-0.03864,0.00000,0.60000
2.73470,-0.03839,0.00000,0.60000
2.73480,-0.03814,0.00000,0.60000
2.73490,-0.03789,0.00000,0.60000
2.73500,-0.03764,0.00000,0.60000
2.73510,-0.03739,0.00000,0.60000
2.73520,-0.03714,0.00000,0.60000
2.73530,-0.03689,0.00000,0.60000
2.73540,-0.03664,0.00000,0.60000
2.73550,-0.03639,0.00000,0.60000
2.73560,-0.03614,0.00000,0.60000
2.73570,-0.03589,0.00000,0.60000
2.73580,-0.03564,0.00000,0.60000
2.73590,-0.03539,0.00000,0.60000
2.73600,-0.03514,0.00000,0.60000
2.73610,-0.03489,0.00000,0.60000
2.73620,-0.03464,0.00000,0.60000
2.73630,-0.03439,0.00000,0.60000
2.73640,-0.03414,0.00000,0.60000
2.73650,-0.03389,0.00000,0.60000
2.73660,-0.03364,0.00000,0.60000
2.73670,-0.03339,0.00000,0.60000
2.73680,-0.03314,0.00000,0.60000
2.73690,-0.03289,0.00000,0.60000
2.73700,-0.03264,0.00000,0.60000
2.73710,-0.03239,0.00000,0.60000
2.73720,-0.03214,0.00000,0.60000
2.73730,-0.03188,0.00000,0.60000
2.73740,-0.03163,0.00000,0.60000
2.73750,-0.03138,0.00000,0.60000
2.73760,-0.03113,0.00000,0.60000
2.73770,-0.03088,0.00000,0.60000
2.73780,-0.03063,0.00000,0.60000
2.73790,-0.03038,0.00000,0.60000
2.73800,-0.03013,0.00000,0.60000
2.73810,-0.02988,0.00000,0.60000
2.73820,-0.02963,0.00000,0.60000
2.73830,-0.02938,0.00000,0.60000
2.73840,-0.02913,0.00000,0.60000
2.73850,-0.02888,0.00000,0.60000
2.73860,-0.02863,0.00000,0.60000
2.73870,-0.02838,0.00000,0.60000
2.73880,-0.02813,0.00000,0.60000
2.73890,-0.02787,0.00000,0.60000
2.73900,-0.02762,0.00000,0.60000
2.73910,-0.02737,0.00000,0.60000
2.73920,-0.02712,0.00000,0.60000
2.73930,-0.02687,0.00000,0.60000
2.73940,-0.02662,0.00000,0.60000
2.73950,-0.02637,0.00000,0.60000
2.73960,-0.02612,0.00000,0.60000
2.73970,-0.02587,0.00000,0.60000
2.73980,-0.02562,0.00000,0.60000
2.73990,-0.02537,0.00000,0.60000
2.74000,-0.02512,0.00000,0.60000
2.74010,-0.02487,0.00000,0.60000
2.74020,-0.02461,0.00000,0.60000
2.74030,-0.02436,0.00000,0.60000
2.74040,-0.02411,0.00000,0.60000
2.74050,-0.02386,0.00000,0.60000
2.74060,-0.02361,0.00000,0.60000
2.74070,-0.02336,0.00000,0.60000
2.74080,-0.02311,0.00000,0.60000
2.74090,-0.02286,0.00000,0.60000
2.74100,-0.02261,0.00000,0.60000
2.74110,-0.02236,0.00000,0.60000
2.74120,-0.02211,0.00000,0.60000
2.74130,-0.02185,0.00000,0.60000
2.74140,-0.02160,0.00000,0.60000
2.74150,-0.02135,0.00000,0.60000
2.74160,-0.02110,0.00000,0.60000
2.74170,-0.02085,0.00000,0.60000
2.74180,-0.02060,0.00000,0.60000
2.74190,-0.02035,0.00000,0.60000
2.74200,-0.02010,0.00000,0.60000
2.74210,-0.01985,0.00000,0.60000
2.74220,-0.01960,0.00000,0.60000
2.74230,-0.01934,0.00000,0.60000
2.74240,-0.01909,0.00000,0.60000
2.74250,-0.01884,0.00000,0.60000
2.74260,-0.01859,0.00000,0.60000
2.74270,-0.01834,0.00000,0.60000
2.74280,-0.01809,0.00000,0.60000
2.74290,-0.01784,0.00000,0.60000
2.74300,-0.01759,0.00000,0.60000
2.74310,-0.01734,0.00000,0.60000
2.74320,-0.01709,0.00000,0.60000
2.74330,-0.01683,0.00000,0.60000
2.74340,-0.01658,0.00000,0.60000
2.74350,-0.01633,0.00000,0.60000
2.74360,-0.01608,0.00000,0.60000
2.74370,-0.01583,0.00000,0.60000
2.74380,-0.01558,0.00000,0.60000
2.74390,-0.01533,0.00000,0.60000
2.74400,-0.01508,0.00000,0.60000
2.74410,-0.01482,0.00000,0.60000
2.74420,-0.01457,0.00000,0.60000
2.74430,-0.01432,0.00000,0.60000
2.74440,-0.01407,0.00000,0.60000
2.74450,-0.01382,0.00000,0.60000
2.74460,-0.01357,0.00000,0.60000
2.74470,-0.01332,0.00000,0.60000
2.74480,-0.01307,0.00000,0.60000
2.74490,-0.01282,0.00000,0.60000
2.74500,-0.01256,0.00000,0.60000
2.74510,-0.01231,0.00000,0.60000
2.74520,-0.01206,0.00000,0.60000
2.74530,-0.01181,0.00000,0.60000
2.74540,-0.01156,0.00000,0.60000
2.74550,-0.01131,0.00000,0.60000
2.74560,-0.01106,0.00000,0.60000
2.74570,-0.01081,0.00000,0.60000
2.74580,-0.01055,0.00000,0.60000
2.74590,-0.01030,0.00000,0.60000
2.74600,-0.01005,0.00000,0.60000
2.74610,-0.00980,0.00000,0.60000
2.74620,-0.00955,0.00000,0.60000
2.74630,-0.00930,0.00000,0.60000
2.74640,-0.00905,0.00000,0.60000
2.74650,-0.00880,0.00000,0.60000
2.74660,-0.00854,0.00000,0.60000
2.74670,-0.00829,0.00000,0.60000
2.74680,-0.00804,0.00000,0.60000
2.74690,-0.00779,0.00000,0.60000
2.74700,-0.00754,0.00000,0.60000
2.74710,-0.00729,0.00000,0.60000
2.74720,-0.00704,0.00000,0.60000
2.74730,-0.00679,0.00000,0.60000
2.74740,-0.00653,0.00000,0.60000
2.74750,-0.00628,0.00000,0.60000
2.74760,-0.00603,0.00000,0.60000
2.74770,-0.00578,0.00000,0.60000
2.74780,-0.00553,0.00000,0.60000
2.74790,-0.00528,0.00000,0.60000
2.74800,-0.00503,0.00000,0.60000
2.74810,-0.00478,0.00000,0.60000
2.74820,-0.00452,0.00000,0.60000
2.74830,-0.00427,0.00000,0.60000
2.74840,-0.00402,0.00000,0.60000
2.74850,-0.00377,0.00000,0.60000
2.74860,-0.00352,0.00000,0.60000
2.74870,-0.00327,0.00000,0.60000
2.74880,-0.00302,0.00000,0.60000
2.74890,-0.00276,0.00000,0.60000
2.74900,-0.00251,0.00000,0.60000
2.74910,-0.00226,0.00000,0.60000
2.74920,-0.00201,0.00000,0.60000
2.74930,-0.00176,0.00000,0.60000
2.74940,-0.00151,0.00000,0.60000
2.74950,-0.00126,0.00000,0.60000
2.74960,-0.00101,0.00000,0.60000
2.74970,-0.00075,0.00000,0.60000
2.74980,-0.00050,0.00000,0.60000
2.74990,-0.00025,0.00000,0.60000
2.75000,-0.00000,0.00000,0.60000
2.75010,0.00025,0.00000,0.60000
2.75020,0.00050,0.00000,0.60000
2.75030,0.00075,0.00000,0.60000
2.75040,0.00101,0.00000,0.60000
2.75050,0.00126,0.00000,0.60000
2.75060,0.00151,0.00000,0.60000
2.75070,0.00176,0.00000,0.60000
2.75080,0.00201,0.00000,0.60000
2.75090,0.00226,0.00000,0.60000
2.75100,0.00251,0.00000,0.60000
2.75110,0.00276,0.00000,0.60000
2.75120,0.00302,0.00000,0.60000
2.75130,0.00327,0.00000,0.60000
2.75140,0.00352,0.00000,0.60000
2.75150,0.00377,0.00000,0.60000
2.75160,0.00402,0.00000,0.60000
2.75170,0.00427,0.00000,0.60000
2.75180,0.00452,0.00000,0.60000
2.75190,0.00478,0.00000,0.60000
2.75200,0.00503,0.00000,0.60000
2.75210,0.00528,0.00000,0.60000
2.75220,0.00553,0.00000,0.60000
2.75230,0.00578,0.00000,0.60000
2.75240,0.00603,0.00000,0.60000
2.75250,0.00628,0.00000,0.60000
2.75260,0.00653,0.00000,0.60000
2.75270,0.00679,0.00000,0.60000
2.75280,0.00704,0.00000,0.60000
2.75290,0.00729,0.00000,0.60000
2.75300,0.00754,0.00000,0.60000
2.75310,0.00779,0.00000,0.60000
2.75320,0.00804,0.00000,0.60000
2.75330,0.00829,0.00000,0.60000
2.75340,0.00854,0.00000,0.60000
2.75350,0.00880,0.00000,0.60000
2.75360,0.00905,0.00000,0.60000
2.75370,0.00930,0.00000,0.60000
2.75380,0.00955,0.00000,0.60000
2.75390,0.00980,0.00000,0.60000
2.75400,0.01005,0.00000,0.60000
2.75410,0.01030,0.00000,0.60000
2.75420,0.01055,0.00000,0.60000
2.75430,0.01081,0.00000,0.60000
2.75440,0.01106,0.00000,0.60000
2.75450,0.01131,0.00000,0.60000
2.75460,0.01156,0.00000,0.60000
2.75470,0.01181,0.00000,0.60000
2.75480,0.01206,0.00000,0.60000
2.75490,0.01231,0.00000,0.60000
2.75500,0.01256,0.00000,0.60000
2.75510,0.01282,0.00000,0.60000
2.75520,0.01307,0.00000,0.60000
2.75530,0.01332,0.00000,0.60000
2.75540,0.01357,0.00000,0.60000
2.75550,0.01382,0.00000,0.60000
2.75560,0.01407,0.00000,0.60000
2.75570,0.01432,0.00000,0.60000
2.75580,0.01457,0.00000,0.60000
2.75590,0.01482,0.00000,0.60000
2.75600,0.01508,0.00000,0.60000
2.75610,0.01533,0.00000,0.60000
2.75620,0.01558,0.00000,0.60000
2.75630,0.01583,0.00000,0.60000
2.75640,0.01608,0.00000,0.60000
2.75650,0.01633,0.00000,0.60000
2.75660,0.01658,0.00000,0.60000
2.75670,0.01683,0.00000,0.60000
2.75680,0.01709,0.00000,0.60000
2.75690,0.01734,0.00000,0.60000
2.75700,0.01759,0.00000,0.60000
2.75710,0.01784,0.00000,0.60000
2.75720,0.01809,0.00000,0.60000
2.75730,0.01834,0.00000,0.60000
2.75740,0.01859,0.00000,0.60000
2.75750,0.01884,0.00000,0.60000
2.75760,0.01909,0.00000,0.60000
2.75770,0.01934,0.00000,0.60000
2.75780,0.01960,0.00000,0.60000
2.75790,0.01985,0.00000,0.60000
2.75800,0.02010,0.00000,0.60000
2.75810,0.02035,0.00000,0.60000
2.75820,0.02060,0.00000,0.60000
2.75830,0.02085,0.00000,0.60000
2.75840,0.02110,0.00000,0.60000
2.75850,0.02135,0.00000,0.60000
2.75860,0.02160,0.00000,0.60000
2.75870,0.02185,0.00000,0.60000
2.75880,0.02211,0.00000,0.60000
2.75890,0.02236,0.00000,0.60000
2.75900,0.02261,0.00000,0.60000
2.75910,0.02286,0.00000,0.60000
2.75920,0.02311,0.00000,0.60000
2.75930,0.02336,0.00000,0.60000
2.75940,0.02361,0.00000,0.60000
2.75950,0.02386,0.00000,0.60000
2.75960,0.02411,0.00000,0.60000
2.75970,0.02436,0.00000,0.60000
2.75980,0.02461,0.00000,0.60000
2.75990,0.02487,0.00000,0.60000
2.76000,0.02512,0.00000,0.60000
2.76010,0.02537,0.00000,0.60000
2.76020,0.02562,0.00000,0.60000
2.76030,0.02587,0.00000,0.60000
2.76040,0.02612,0.00000,0.60000
2.76050,0.02637,0.00000,0.60000
2.76060,0.02662,0.00000,0.60000
2.76070,0.02687,0.00000,0.60000
2.76080,0.02712,0.00000,0.60000
2.76090,0.02737,0.00000,0.60000
2.76100,0.02762,0.00000,0.60000
2.76110,0.02787,0.00000,0.60000
2.76120,0.02813,0.00000,0.60000
2.76130,0.02838,0.00000,0.60000
2.76140,0.02863,0.00000,0.60000
2.76150,0.02888,0.00000,0.60000
2.76160,0.02913,0.00000,0.60000
2.76170,0.02938,0.00000,0.60000
2.76180,0.02963,0.00000,0.60000
2.76190,0.02988,0.00000,0.60000
2.76200,0.03013,0.00000,0.60000
2.76210,0.03038,0.00000,0.60000
2.76220,0.03063,0.00000,0.60000
2.76230,0.03088,0.00000,0.60000
2.76240,0.03113,0.00000,0.60000
2.76250,0.03138,0.00000,0.60000
2.76260,0.03163,0.00000,0.60000
2.76270,0.03188,0.00000,0.60000
2.76280,0.03214,0.00000,0.60000
2.76290,0.03239,0.00000,0.60000
2.76300,0.03264,0.00000,0.60000
2.76310,0.03289,0.00000,0.60000
2.76320,0.03314,0.00000,0.60000
2.76330,0.03339,0.00000,0.60000
2.76340,0.03364,0.00000,0.60000
2.76350,0.03389,0.00000,0.60000
2.76360,0.03414,0.00000,0.60000
2.76370,0.03439,0.00000,0.60000
2.76380,0.03464,0.00000,0.60000
2.76390,0.03489,0.00000,0.60000
2.76400,0.03514,0.00000,0.60000
2.76410,0.03539,0.00000,0.60000
2.76420,0.03564,0.00000,0.60000
2.76430,0.03589,0.00000,0.60000
2.76440,0.03614,0.00000,0.60000
2.76450,0.03639,0.00000,0.60000
2.76460,0.03664,0.00000,0.60000
2.76470,0.03689,0.00000,0.60000
2.76480,0.03714,0.00000,0.60000
2.76490,0.03739,0.00000,0.60000
2.76500,0.03764,0.00000,0.60000
2.76510,0.03789,0.00000,0.60000
2.76520,0.03814,0.00000,0.60000
2.76530,0.03839,0.00000,0.60000
2.76540,0.03864,0.00000,0.60000
2.76550,0.03889,0.00000,0.60000
2.76560,0.03914,0.00000,0.60000
2.76570,0.03939,0.00000,0.60000
2.76580,0.03964,0.00000,0.60000
2.76590,0.03989,0.00000,0.60000
2.76600,0.04014,0.00000,0.60000
2.76610,0.04039,0.00000,0.60000
2.76620,0.04064,0.00000,0.60000
2.76630,0.04089,0.00000,0.60000
2.76640,0.04114,0.00000,0.60000
2.76650,0.04139,0.00000,0.60000
2.76660,0.04164,0.00000,0.60000
2.76670,0.04189,0.00000,0.60000
2.76680,0.04214,0.00000,0.60000
2.76690,0.04239,0.00000,0.60000
2.76700,0.04264,0.00000,0.60000
2.76710,0.04289,0.00000,0.60000
2.76720,0.04314,0.00000,0.60000
2.76730,0.04339,0.00000,0.60000
2.76740,0.04364,0.00000,0.60000
2.76750,0.04389,0.00000,0.60000
2.76760,0.04414,0.00000,0.60000
2.76770,0.04439,0.00000,0.60000
2.76780,0.04464,0.00000,0.60000
2.76790,0.04489,0.00000,0.60000
2.76800,0.04514,0.00000,0.60000
2.76810,0.04539,0.00000,0.60000
2.76820,0.04564,0.00000,0.60000
2.76830,0.04589,0.00000,0.60000
2.76840,0.04614,0.00000,0.60000
2.76850,0.04639,0.00000,0.60000
2.76860,0.04664,0.00000,0.60000
2.76870,0.04689,0.00000,0.60000
2.76880,0.04714,0.00000,0.60000
2.76890,0.04739,0.00000,0.60000
2.76900,0.04764,0.00000,0.60000
2.76910,0.04789,0.00000,0.60000
2.76920,0.04814,0.00000,0.60000
2.76930,0.04839,0.00000,0.60000
2.76940,0.04864,0.00000,0.60000
2.76950,0.04889,0.00000,0.60000
2.76960,0.04914,0.00000,0.60000
2.76970,0.04939,0.00000,0.60000
2.76980,0.04963,0.00000,0.60000
2.76990,0.04988,0.00000,0.60000
2.77000,0.05013,0.00000,0.60000
2.77010,0.05038,0.00000,0.60000
2.77020,0.05063,0.00000,0.60000
2.77030,0.05088,0.00000,0.60000
2.77040,0.05113,0.00000,0.60000
2.77050,0.05138,0.00000,0.60000
2.77060,0.05163,0.00000,0.60000
2.77070,0.05188,0.00000,0.60000
2.77080,0.05213,0.00000,0.60000
2.77090,0.05238,0.00000,0.60000
2.77100,0.05263,0.00000,0.60000
2.77110,0.05287,0.00000,0.60000
2.77120,0.05312,0.00000,0.60000
2.77130,0.05337,0.00000,0.60000
2.77140,0.05362,0.00000,0.60000
2.77150,0.05387,0.00000,0.60000
2.77160,0.05412,0.00000,0.60000
2.77170,0.05437,0.00000,0.60000
2.77180,0.05462,0.00000,0.60000
2.77190,0.05487,0.00000,0.60000
2.77200,0.05512,0.00000,0.60000
2.77210,0.05537,0.00000,0.60000
2.77220,0.05561,0.00000,0.60000
2.77230,0.05586,0.00000,0.60000
2.77240,0.05611,0.00000,0.60000
2.77250,0.05636,0.00000,0.60000
2.77260,0.05661,0.00000,0.60000
2.77270,0.05686,0.00000,0.60000
2.77280,0.05711,0.00000,0.60000
2.77290,0.05736,0.00000,0.60000
2.77300,0.05760,0.00000,0.60000
2.77310,0.05785,0.00000,0.60000
2.77320,0.05810,0.00000,0.60000
2.77330,0.05835,0.00000,0.60000
2.77340,0.05860,0.00000,0.60000
2.77350,0.05885,0.00000,0.60000
2.77360,0.05910,0.00000,0.60000
2.77370,0.05934,0.00000,0.60000
2.77380,0.05959,0.00000,0.60000
2.77390,0.05984,0.00000,0.60000
2.77400,0.06009,0.00000,0.60000
2.77410,0.06034,0.00000,0.60000
2.77420,0.06059,0.00000,0.60000
2.77430,0.06084,0.00000,0.60000
2.77440,0.06108,0.00000,0.60000
2.77450,0.06133,0.00000,0.60000
2.77460,0.06158,0.00000,0.60000
2.77470,0.06183,0.00000,0.60000
2.77480,0.06208,0.00000,0.60000
2.77490,0.06233,0.00000,0.60000
2.77500,0.06257,0.00000,0.60000
2.77510,0.06282,0.00000,0.60000
2.77520,0.06307,0.00000,0.60000
2.77530,0.06332,0.00000,0.60000
2.77540,0.06357,0.00000,0.60000
2.77550,0.06381,0.00000,0.60000
2.77560,0.06406,0.00000,0.60000
2.77570,0.06431,0.00000,0.60000
2.77580,0.06456,0.00000,0.60000
2.77590,0.06481,0.00000,0.60000
2.77600,0.06505,0.00000,0.60000
2.77610,0.06530,0.00000,0.60000
2.77620,0.06555,0.00000,0.60000
2.77630,0.06580,0.00000,0.60000
2.77640,0.06605,0.00000,0.60000
2.77650,0.06629,0.00000,0.60000
2.77660,0.06654,0.00000,0.60000
2.77670,0.06679,0.00000,0.60000
2.77680,0.06704,0.00000,0.60000
2.77690,0.06729,0.00000,0.60000
2.77700,0.06753,0.00000,0.60000
2.77710,0.06778,0.00000,0.60000
2.77720,0.06803,0.00000,0.60000
2.77730,0.06828,0.00000,0.60000
2.77740,0.06852,0.00000,0.60000
2.77750,0.06877,0.00000,0.60000
2.77760,0.06902,0.00000,0.60000
2.77770,0.06927,0.00000,0.60000
2.77780,0.06951,0.00000,0.60000
2.77790,0.06976,0.00000,0.60000
2.77800,0.07001,0.00000,0.60000
2.77810,0.07026,0.00000,0.60000
2.77820,0.07050,0.00000,0.60000
2.77830,0.07075,0.00000,0.60000
2.77840,0.07100,0.00000,0.60000
2.77850,0.07125,0.00000,0.60000
2.77860,0.07149,0.00000,0.60000
2.77870,0.07174,0.00000,0.60000
2.77880,0.07199,0.00000,0.60000
2.77890,0.07224,0.00000,0.60000
2.77900,0.07248,0.00000,0.60000
2.77910,0.07273,0.00000,0.60000
2.77920,0.07298,0.00000,0.60000
2.77930,0.07322,0.00000,0.60000
2.77940,0.07347,0.00000,0.60000
2.77950,0.07372,0.00000,0.60000
2.77960,0.07396,0.00000,0.60000
2.77970,0.07421,0.00000,0.60000
2.77980,0.07446,0.00000,0.60000
2.77990,0.07471,0.00000,0.60000
2.78000,0.07495,0.00000,0.60000
2.78010,0.07520,0.00000,0.60000
2.78020,0.07545,0.00000,0.60000
2.78030,0.07569,0.00000,0.60000
2.78040,0.07594,0.00000,0.60000
2.78050,0.07619,0.00000,0.60000
2.78060,0.07643,0.00000,0.60000
2.78070,0.07668,0.00000,0.60000
2.78080,0.07693,0.00000,0.60000
2.78090,0.07717,0.00000,0.60000
2.78100,0.07742,0.00000,0.60000
2.78110,0.07767,0.00000,0.60000
2.78120,0.07791,0.00000,0.60000
2.78130,0.07816,0.00000,0.60000
2.78140,0.07841,0.00000,0.60000
2.78150,0.07865,0.00000,0.60000
2.78160,0.07890,0.00000,0.60000
2.78170,0.07915,0.00000,0.60000
2.78180,0.07939,0.00000,0.60000
2.78190,0.07964,0.00000,0.60000
2.78200,0.07988,0.00000,0.60000
2.78210,0.08013,0.00000,0.60000
2.78220,0.08038,0.00000,0.60000
2.78230,0.08062,0.00000,0.60000
2.78240,0.08087,0.00000,0.60000
2.78250,0.08111,0.00000,0.60000
2.78260,0.08136,0.00000,0.60000
2.78270,0.08161,0.00000,0.60000
2.78280,0.08185,0.00000,0.60000
2.78290,0.08210,0.00000,0.60000
2.78300,0.08235,0.00000,0.60000
2.78310,0.08259,0.00000,0.60000
2.78320,0.08284,0.00000,0.60000
2.78330,0.08308,0.00000,0.60000
2.78340,0.08333,0.00000,0.60000
2.78350,0.08357,0.00000,0.60000
2.78360,0.08382,0.00000,0.60000
2.78370,0.08407,0.00000,0.60000
2.78380,0.08431,0.00000,0.60000
2.78390,0.08456,0.00000,0.60000
2.78400,0.08480,0.00000,0.60000
2.78410,0.08505,0.00000,0.60000
2.78420,0.08529,0.00000,0.60000
2.78430,0.08554,0.00000,0.60000
2.78440,0.08579,0.00000,0.60000
2.78450,0.08603,0.00000,0.60000
2.78460,0.08628,0.00000,0.60000
2.78470,0.08652,0.00000,0.60000
2.78480,0.08677,0.00000,0.60000
2.78490,0.08701,0.00000,0.60000
2.78500,0.08726,0.00000,0.60000
2.78510,0.08750,0.00000,0.60000
2.78520,0.08775,0.00000,0.60000
2.78530,0.08799,0.00000,0.60000
2.78540,0.08824,0.00000,0.60000
2.78550,0.08848,0.00000,0.60000
2.78560,0.08873,0.00000,0.60000
2.78570,0.08897,0.00000,0.60000
2.78580,0.08922,0.00000,0.60000
2.78590,0.08946,0.00000,0.60000
2.78600,0.08971,0.00000,0.60000
2.78610,0.08995,0.00000,0.60000
2.78620,0.09020,0.00000,0.60000
2.78630,0.09044,0.00000,0.60000
2.78640,0.09069,0.00000,0.60000
2.78650,0.09093,0.00000,0.60000
2.78660,0.09118,0.00000,0.60000
2.78670,0.09142,0.00000,0.60000
2.78680,0.09167,0.00000,0.60000
2.78690,0.09191,0.00000,0.60000
2.78700,0.09216,0.00000,0.60000
2.78710,0.09240,0.00000,0.60000
2.78720,0.09264,0.00000,0.60000
2.78730,0.09289,0.00000,0.60000
2.78740,0.09313,0.00000,0.60000
2.78750,0.09338,0.00000,0.60000
2.78760,0.09362,0.00000,0.60000
2.78770,0.09387,0.00000,0.60000
2.78780,0.09411,0.00000,0.60000
2.78790,0.09436,0.00000,0.60000
2.78800,0.09460,0.00000,0.60000
2.78810,0.09484,0.00000,0.60000
2.78820,0.09509,0.00000,0.60000
2.78830,0.09533,0.00000,0.60000
2.78840,0.09558,0.00000,0.60000
2.78850,0.09582,0.00000,0.60000
2.78860,0.09606,0.00000,0.60000
2.78870,0.09631,0.00000,0.60000
2.78880,0.09655,0.00000,0.60000
2.78890,0.09680,0.00000,0.60000
2.78900,0.09704,0.00000,0.60000
2.78910,0.09728,0.00000,0.60000
2.78920,0.09753,0.00000,0.60000
2.78930,0.09777,0.00000,0.60000
2.78940,0.09801,0.00000,0.60000
2.78950,0.09826,0.00000,0.60000
2.78960,0.09850,0.00000,0.60000
2.78970,0.09875,0.00000,0.60000
2.78980,0.09899,0.00000,0.60000
2.78990,0.09923,0.00000,0.60000
2.79000,0.09948,0.00000,0.60000
2.79010,0.09972,0.00000,0.60000
2.79020,0.09996,0.00000,0.60000
2.79030,0.10021,0.00000,0.60000
2.79040,0.10045,0.00000,0.60000
2.79050,0.10069,0.00000,0.60000
2.79060,0.10094,0.00000,0.60000
2.79070,0.10118,0.00000,0.60000
2.79080,0.10142,0.00000,0.60000
2.79090,0.10167,0.00000,0.60000
2.79100,0.10191,0.00000,0.60000
2.79110,0.10215,0.00000,0.60000
2.79120,0.10239,0.00000,0.60000
2.79130,0.10264,0.00000,0.60000
2.79140,0.10288,0.00000,0.60000
2.79150,0.10312,0.00000,0.60000
2.79160,0.10337,0.00000,0.60000
2.79170,0.10361,0.00000,0.60000
2.79180,0.10385,0.00000,0.60000
2.79190,0.10409,0.00000,0.60000
2.79200,0.10434,0.00000,0.60000
2.79210,0.10458,0.00000,0.60000
2.79220,0.10482,0.00000,0.60000
2.79230,0.10506,0.00000,0.60000
2.79240,0.10531,0.00000,0.60000
2.79250,0.10555,0.00000,0.60000
2.79260,0.10579,0.00000,0.60000
2.79270,0.10603,0.00000,0.60000
2.79280,0.10628,0.00000,0.60000
2.79290,0.10652,0.00000,0.60000
2.79300,0.10676,0.00000,0.60000
2.79310,0.10700,0.00000,0.60000
2.79320,0.10725,0.00000,0.60000
2.79330,0.10749,0.00000,0.60000
2.79340,0.10773,0.00000,0.60000
2.79350,0.10797,0.00000,0.60000
2.79360,0.10821,0.00000,0.60000
2.79370,0.10846,0.00000,0.60000
2.79380,0.10870,0.00000,0.60000
2.79390,0.10894,0.00000,0.60000
2.79400,0.10918,0.00000,0.60000
2.79410,0.10942,0.00000,0.60000
2.79420,0.10966,0.00000,0.60000
2.79430,0.10991,0.00000,0.60000
2.79440,0.11015,0.00000,0.60000
2.79450,0.11039,0.00000,0.60000
2.79460,0.11063,0.00000,0.60000
2.79470,0.11087,0.00000,0.60000
2.79480,0.11111,0.00000,0.60000
2.79490,0.11136,0.00000,0.60000
2.79500,0.11160,0.00000,0.60000
2.79510,0.11184,0.00000,0.60000
2.79520,0.11208,0.00000,0.60000
2.79530,0.11232,0.00000,0.60000
2.79540,0.11256,0.00000,0.60000
2.79550,0.11280,0.00000,0.60000
2.79560,0.11304,0.00000,0.60000
2.79570,0.11328,0.00000,0.60000
2.79580,0.11353,0.00000,0.60000
2.79590,0.11377,0.00000,0.60000
2.79600,0.11401,0.00000,0.60000
2.79610,0.11425,0.00000,0.60000
2.79620,0.11449,0.00000,0.60000
2.79630,0.11473,0.00000,0.60000
2.79640,0.11497,0.00000,0.60000
2.79650,0.11521,0.00000,0.60000
2.79660,0.11545,0.00000,0.60000
2.79670,0.11569,0.00000,0.60000
2.79680,0.11593,0.00000,0.60000
2.79690,0.11617,0.00000,0.60000
2.79700,0.11641,0.00000,0.60000
2.79710,0.11665,0.00000,0.60000
2.79720,0.11690,0.00000,0.60000
2.79730,0.11714,0.00000,0.60000
2.79740,0.11738,0.00000,0.60000
2.79750,0.11762,0.00000,0.60000
2.79760,0.11786,0.00000,0.60000
2.79770,0.11810,0.00000,0.60000
2.79780,0.11834,0.00000,0.60000
2.79790,0.11858,0.00000,0.60000
2.79800,0.11882,0.00000,0.60000
2.79810,0.11906,0.00000,0.60000
2.79820,0.11930,0.00000,0.60000
2.79830,0.11954,0.00000,0.60000
2.79840,0.11978,0.00000,0.60000
2.79850,0.12002,0.00000,0.60000
2.79860,0.12026,0.00000,0.60000
2.79870,0.12050,0.00000,0.60000
2.79880,0.12073,0.00000,0.60000
2.79890,0.12097,0.00000,0.60000
2.79900,0.12121,0.00000,0.60000
2.79910,0.12145,0.00000,0.60000
2.79920,0.12169,0.00000,0.60000
2.79930,0.12193,0.00000,0.60000
2.79940,0.12217,0.00000,0.60000
2.79950,0.12241,0.00000,0.60000
2.79960,0.12265,0.00000,0.60000
2.79970,0.12289,0.00000,0.60000
2.79980,0.12313,0.00000,0.60000
2.79990,0.12337,0.00000,0.60000
2.80000,0.12361,0.00000,0.60000
2.80010,0.12385,0.00000,0.60000
2.80020,0.12408,0.00000,0.60000
2.80030,0.12432,0.00000,0.60000
2.80040,0.12456,0.00000,0.60000
2.80050,0.12480,0.00000,0.60000
2.80060,0.12504,0.00000,0.60000
2.80070,0.12528,0.00000,0.60000
2.80080,0.12552,0.00000,0.60000
2.80090,0.12576,0.00000,0.60000
2.80100,0.12599,0.00000,0.60000
2.80110,0.12623,0.00000,0.60000
2.80120,0.12647,0.00000,0.60000
2.80130,0.12671,0.00000,0.60000
2.80140,0.12695,0.00000,0.60000
2.80150,0.12719,0.00000,0.60000
2.80160,0.12742,0.00000,0.60000
2.80170,0.12766,0.00000,0.60000
2.80180,0.12790,0.00000,0.60000
2.80190,0.12814,0.00000,0.60000
2.80200,0.12838,0.00000,0.60000
2.80210,0.12862,0.00000,0.60000
2.80220,0.12885,0.00000,0.60000
2.80230,0.12909,0.00000,0.60000
2.80240,0.12933,0.00000,0.60000
2.80250,0.12957,0.00000,0.60000
2.80260,0.12980,0.00000,0.60000
2.80270,0.13004,0.00000,0.60000
2.80280,0.13028,0.00000,0.60000
2.80290,0.13052,0.00000,0.60000
2.80300,0.13076,0.00000,0.60000
2.80310,0.13099,0.00000,0.60000
2.80320,0.13123,0.00000,0.60000
2.80330,0.13147,0.00000,0.60000
2.80340,0.13170,0.00000,0.60000
2.80350,0.13194,0.00000,0.60000
2.80360,0.13218,0.00000,0.60000
2.80370,0.13242,0.00000,0.60000
2.80380,0.13265,0.00000,0.60000
2.80390,0.13289,0.00000,0.60000
2.80400,0.13313,0.00000,0.60000
2.80410,0.13336,0.00000,0.60000
2.80420,0.13360,0.00000,0.60000
2.80430,0.13384,0.00000,0.60000
2.80440,0.13408,0.00000,0.60000
2.80450,0.13431,0.00000,0.60000
2.80460,0.13455,0.00000,0.60000
2.80470,0.13479,0.00000,0.60000
2.80480,0.13502,0.00000,0.60000
2.80490,0.13526,0.00000,0.60000
2.80500,0.13550,0.00000,0.60000
2.80510,0.13573,0.00000,0.60000
2.80520,0.13597,0.00000,0.60000
2.80530,0.13620,0.00000,0.60000
2.80540,0.13644,0.00000,0.60000
2.80550,0.13668,0.00000,0.60000
2.80560,0.13691,0.00000,0.60000
2.80570,0.13715,0.00000,0.60000
2.80580,0.13739,0.00000,0.60000
2.80590,0.13762,0.00000,0.60000
2.80600,0.13786,0.00000,0.60000
2.80610,0.13809,0.00000,0.60000
2.80620,0.13833,0.00000,0.60000
2.80630,0.13856,0.00000,0.60000
2.80640,0.13880,0.00000,0.60000
2.80650,0.13904,0.00000,0.60000
2.80660,0.13927,0.00000,0.60000
2.80670,0.13951,0.00000,0.60000
2.80680,0.13974,0.00000,0.60000
2.80690,0.13998,0.00000,0.60000
2.80700,0.14021,0.00000,0.60000
2.80710,0.14045,0.00000,0.60000
2.80720,0.14068,0.00000,0.60000
2.80730,0.14092,0.00000,0.60000
2.80740,0.14115,0.00000,0.60000
2.80750,0.14139,0.00000,0.60000
2.80760,0.14163,0.00000,0.60000
2.80770,0.14186,0.00000,0.60000
2.80780,0.14209,0.00000,0.60000
2.80790,0.14233,0.00000,0.60000
2.80800,0.14256,0.00000,0.60000
2.80810,0.14280,0.00000,0.60000
2.80820,0.14303,0.00000,0.60000
2.80830,0.14327,0.00000,0.60000
2.80840,0.14350,0.00000,0.60000
2.80850,0.14374,0.00000,0.60000
2.80860,0.14397,0.00000,0.60000
2.80870,0.14421,0.00000,0.60000
2.80880,0.14444,0.00000,0.60000
2.80890,0.14468,0.00000,0.60000
2.80900,0.14491,0.00000,0.60000
2.80910,0.14514,0.00000,0.60000
2.80920,0.14538,0.00000,0.60000
2.80930,0.14561,0.00000,0.60000
2.80940,0.14585,0.00000,0.60000
2.80950,0.14608,0.00000,0.60000
2.80960,0.14631,0.00000,0.60000
2.80970,0.14655,0.00000,0.60000
2.80980,0.14678,0.00000,0.60000
2.80990,0.14702,0.00000,0.60000
2.81000,0.14725,0.00000,0.60000
2.81010,0.14748,0.00000,0.60000
2.81020,0.14772,0.00000,0.60000
2.81030,0.14795,0.00000,0.60000
2.81040,0.14818,0.00000,0.60000
2.81050,0.14842,0.00000,0.60000
2.81060,0.14865,0.00000,0.60000
2.81070,0.14888,0.00000,0.60000
2.81080,0.14912,0.00000,0.60000
2.81090,0.14935,0.00000,0.60000
2.81100,0.14958,0.00000,0.60000
2.81110,0.14982,0.00000,0.60000
2.81120,0.15005,0.00000,0.60000
2.81130,0.15028,0.00000,0.60000
2.81140,0.15052,0.00000,0.60000
2.81150,0.15075,0.00000,0.60000
2.81160,0.15098,0.00000,0.60000
2.81170,0.15121,0.00000,0.60000
2.81180,0.15145,0.00000,0.60000
2.81190,0.15168,0.00000,0.60000
2.81200,0.15191,0.00000,0.60000
2.81210,0.15214,0.00000,0.60000
2.81220,0.15238,0.00000,0.60000
2.81230,0.15261,0.00000,0.60000
2.81240,0.15284,0.00000,0.60000
2.81250,0.15307,0.00000,0.60000
2.81260,0.15331,0.00000,0.60000
2.81270,0.15354,0.00000,0.60000
2.81280,0.15377,0.00000,0.60000
2.81290,0.15400,0.00000,0.60000
2.81300,0.15423,0.00000,0.60000
2.81310,0.15447,0.00000,0.60000
2.81320,0.15470,0.00000,0.60000
2.81330,0.15493,0.00000,0.60000
2.81340,0.15516,0.00000,0.60000
2.81350,0.15539,0.00000,0.60000
2.81360,0.15562,0.00000,0.60000
2.81370,0.15586,0.00000,0.60000
2.81380,0.15609,0.00000,0.60000
2.81390,0.15632,0.00000,0.60000
2.81400,0.15655,0.00000,0.60000
2.81410,0.15678,0.00000,0.60000
2.81420,0.15701,0.00000,0.60000
2.81430,0.15724,0.00000,0.60000
2.81440,0.15747,0.00000,0.60000
2.81450,0.15771,0.00000,0.60000
2.81460,0.15794,0.00000,0.60000
2.81470,0.15817,0.00000,0.60000
2.81480,0.15840,0.00000,0.60000
2.81490,0.15863,0.00000,0.60000
2.81500,0.15886,0.00000,0.60000
2.81510,0.15909,0.00000,0.60000
2.81520,0.15932,0.00000,0.60000
2.81530,0.15955,0.00000,0.60000
2.81540,0.15978,0.00000,0.60000
2.81550,0.16001,0.00000,0.60000
2.81560,0.16024,0.00000,0.60000
2.81570,0.16047,0.00000,0.60000
2.81580,0.16070,0.00000,0.60000
2.81590,0.16093,0.00000,0.60000
2.81600,0.16116,0.00000,0.60000
2.81610,0.16139,0.00000,0.60000
2.81620,0.16162,0.00000,0.60000
2.81630,0.16185,0.00000,0.60000
2.81640,0.16208,0.00000,0.60000
2.81650,0.16231,0.00000,0.60000
2.81660,0.16254,0.00000,0.60000
2.81670,0.16277,0.00000,0.60000
2.81680,0.16300,0.00000,0.60000
2.81690,0.16323,0.00000,0.60000
2.81700,0.16346,0.00000,0.60000
2.81710,0.16369,0.00000,0.60000
2.81720,0.16392,0.00000,0.60000
2.81730,0.16415,0.00000,0.60000
2.81740,0.16438,0.00000,0.60000
2.81750,0.16461,0.00000,0.60000
2.81760,0.16483,0.00000,0.60000
2.81770,0.16506,0.00000,0.60000
2.81780,0.16529,0.00000,0.60000
2.81790,0.16552,0.00000,0.60000
2.81800,0.16575,0.00000,0.60000
2.81810,0.16598,0.00000,0.60000
2.81820,0.16621,0.00000,0.60000
2.81830,0.16644,0.00000,0.60000
2.81840,0.16666,0.00000,0.60000
2.81850,0.16689,0.00000,0.60000
2.81860,0.16712,0.00000,0.60000
2.81870,0.16735,0.00000,0.60000
2.81880,0.16758,0.00000,0.60000
2.81890,0.16781,0.00000,0.60000
2.81900,0.16803,0.00000,0.60000
2.81910,0.16826,0.00000,0.60000
2.81920,0.16849,0.00000,0.60000
2.81930,0.16872,0.00000,0.60000
2.81940,0.16895,0.00000,0.60000
2.81950,0.16917,0.00000,0.60000
2.81960,0.16940,0.00000,0.60000
2.81970,0.16963,0.00000,0.60000
2.81980,0.16986,0.00000,0.60000
2.81990,0.17008,0.00000,0.60000
2.82000,0.17031,0.00000,0.60000
2.82010,0.17054,0.00000,0.60000
2.82020,0.17077,0.00000,0.60000
2.82030,0.17099,0.00000,0.60000
2.82040,0.17122,0.00000,0.60000
2.82050,0.17145,0.00000,0.60000
2.82060,0.17167,0.00000,0.60000
2.82070,0.17190,0.00000,0.60000
2.82080,0.17213,0.00000,0.60000
2.82090,0.17236,0.00000,0.60000
2.82100,0.17258,0.00000,0.60000
2.82110,0.17281,0.00000,0.60000
2.82120,0.17304,0.00000,0.60000
2.82130,0.17326,0.00000,0.60000
2.82140,0.17349,0.00000,0.60000
2.82150,0.17372,0.00000,0.60000
2.82160,0.17394,0.00000,0.60000
2.82170,0.17417,0.00000,0.60000
2.82180,0.17439,0.00000,0.60000
2.82190,0.17462,0.00000,0.60000
2.82200,0.17485,0.00000,0.60000
2.82210,0.17507,0.00000,0.60000
2.82220,0.17530,0.00000,0.60000
2.82230,0.17552,0.00000,0.60000
2.82240,0.17575,0.00000,0.60000
2.82250,0.17598,0.00000,0.60000
2.82260,0.17620,0.00000,0.60000
2.82270,0.17643,0.00000,0.60000
2.82280,0.17665,0.00000,0.60000
2.82290,0.17688,0.00000,0.60000
2.82300,0.17710,0.00000,0.60000
2.82310,0.17733,0.00000,0.60000
2.82320,0.17755,0.00000,0.60000
2.82330,0.17778,0.00000,0.60000
2.82340,0.17800,0.00000,0.60000
2.82350,0.17823,0.00000,0.60000
2.82360,0.17845,0.00000,0.60000
2.82370,0.17868,0.00000,0.60000
2.82380,0.17890,0.00000,0.60000
2.82390,0.17913,0.00000,0.60000
2.82400,0.17935,0.00000,0.60000
2.82410,0.17958,0.00000,0.60000
2.82420,0.17980,0.00000,0.60000
2.82430,0.18003,0.00000,0.60000
2.82440,0.18025,0.00000,0.60000
2.82450,0.18048,0.00000,0.60000
2.82460,0.18070,0.00000,0.60000
2.82470,0.18092,0.00000,0.60000
2.82480,0.18115,0.00000,0.60000
2.82490,0.18137,0.00000,0.60000
2.82500,0.18160,0.00000,0.60000
2.82510,0.18182,0.00000,0.60000
2.82520,0.18204,0.00000,0.60000
2.82530,0.18227,0.00000,0.60000
2.82540,0.18249,0.00000,0.60000
2.82550,0.18271,0.00000,0.60000
2.82560,0.18294,0.00000,0.60000
2.82570,0.18316,0.00000,0.60000
2.82580,0.18339,0.00000,0.60000
2.82590,0.18361,0.00000,0.60000
2.82600,0.18383,0.00000,0.60000
2.82610,0.18406,0.00000,0.60000
2.82620,0.18428,0.00000,0.60000
2.82630,0.18450,0.00000,0.60000
2.82640,0.18472,0.00000,0.60000
2.82650,0.18495,0.00000,0.60000
2.82660,0.18517,0.00000,0.60000
2.82670,0.18539,0.00000,0.60000
2.82680,0.18562,0.00000,0.60000
2.82690,0.18584,0.00000,0.60000
2.82700,0.18606,0.00000,0.60000
2.82710,0.18628,0.00000,0.60000
2.82720,0.18651,0.00000,0.60000
2.82730,0.18673,0.00000,0.60000
2.82740,0.18695,0.00000,0.60000
2.82750,0.18717,0.00000,0.60000
2.82760,0.18739,0.00000,0.60000
2.82770,0.18762,0.00000,0.60000
2.82780,0.18784,0.00000,0.60000
2.82790,0.18806,0.00000,0.60000
2.82800,0.18828,0.00000,0.60000
2.82810,0.18850,0.00000,0.60000
2.82820,0.18872,0.00000,0.60000
2.82830,0.18895,0.00000,0.60000
2.82840,0.18917,0.00000,0.60000
2.82850,0.18939,0.00000,0.60000
2.82860,0.18961,0.00000,0.60000
2.82870,0.18983,0.00000,0.60000
2.82880,0.19005,0.00000,0.60000
2.82890,0.19027,0.00000,0.60000
2.82900,0.19050,0.00000,0.60000
2.82910,0.19072,0.00000,0.60000
2.82920,0.19094,0.00000,0.60000
2.82930,0.19116,0.00000,0.60000
2.82940,0.19138,0.00000,0.60000
2.82950,0.19160,0.00000,0.60000
2.82960,0.19182,0.00000,0.60000
2.82970,0.19204,0.00000,0.60000
2.82980,0.19226,0.00000,0.60000
2.82990,0.19248,0.00000,0.60000
2.83000,0.19270,0.00000,0.60000
2.83010,0.19292,0.00000,0.60000
2.83020,0.19314,0.00000,0.60000
2.83030,0.19336,0.00000,0.60000
2.83040,0.19358,0.00000,0.60000
2.83050,0.19380,0.00000,0.60000
2.83060,0.19402,0.00000,0.60000
2.83070,0.19424,0.00000,0.60000
2.83080,0.19446,0.00000,0.60000
2.83090,0.19468,0.00000,0.60000
2.83100,0.19490,0.00000,0.60000
2.83110,0.19512,0.00000,0.60000
2.83120,0.19534,0.00000,0.60000
2.83130,0.19556,0.00000,0.60000
2.83140,0.19578,0.00000,0.60000
2.83150,0.19600,0.00000,0.60000
2.83160,0.19622,0.00000,0.60000
2.83170,0.19643,0.00000,0.60000
2.83180,0.19665,0.00000,0.60000
2.83190,0.19687,0.00000,0.60000
2.83200,0.19709,0.00000,0.60000
2.83210,0.19731,0.00000,0.60000
2.83220,0.19753,0.00000,0.60000
2.83230,0.19775,0.00000,0.60000
2.83240,0.19797,0.00000,0.60000
2.83250,0.19818,0.00000,0.60000
2.83260,0.19840,0.00000,0.60000
2.83270,0.19862,0.00000,0.60000
2.83280,0.19884,0.00000,0.60000
2.83290,0.19906,0.00000,0.60000
2.83300,0.19927,0.00000,0.60000
2.83310,0.19949,0.00000,0.60000
2.83320,0.19971,0.00000,0.60000
2.83330,0.19993,0.00000,0.60000
2.83340,0.20015,0.00000,0.60000
2.83350,0.20036,0.00000,0.60000
2.83360,0.20058,0.00000,0.60000
2.83370,0.20080,0.00000,0.60000
2.83380,0.20101,0.00000,0.60000
2.83390,0.20123,0.00000,0.60000
2.83400,0.20145,0.00000,0.60000
2.83410,0.20167,0.00000,0.60000
2.83420,0.20188,0.00000,0.60000
2.83430,0.20210,0.00000,0.60000
2.83440,0.20232,0.00000,0.60000
2.83450,0.20253,0.00000,0.60000
2.83460,0.20275,0.00000,0.60000
2.83470,0.20297,0.00000,0.60000
2.83480,0.20318,0.00000,0.60000
2.83490,0.20340,0.00000,0.60000
2.83500,0.20362,0.00000,0.60000
2.83510,0.20383,0.00000,0.60000
2.83520,0.20405,0.00000,0.60000
2.83530,0.20427,0.00000,0.60000
2.83540,0.20448,0.00000,0.60000
2.83550,0.20470,0.00000,0.60000
2.83560,0.20491,0.00000,0.60000
2.83570,0.20513,0.00000,0.60000
2.83580,0.20534,0.00000,0.60000
2.83590,0.20556,0.00000,0.60000
2.83600,0.20578,0.00000,0.60000
2.83610,0.20599,0.00000,0.60000
2.83620,0.20621,0.00000,0.60000
2.83630,0.20642,0.00000,0.60000
2.83640,0.20664,0.00000,0.60000
2.83650,0.20685,0.00000,0.60000
2.83660,0.20707,0.00000,0.60000
2.83670,0.20728,0.00000,0.60000
2.83680,0.20750,0.00000,0.60000
2.83690,0.20771,0.00000,0.60000
2.83700,0.20793,0.00000,0.60000
2.83710,0.20814,0.00000,0.60000
2.83720,0.20836,0.00000,0.60000
2.83730,0.20857,0.00000,0.60000
2.83740,0.20879,0.00000,0.60000
2.83750,0.20900,0.00000,0.60000
2.83760,0.20921,0.00000,0.60000
2.83770,0.20943,0.00000,0.60000
2.83780,0.20964,0.00000,0.60000
2.83790,0.20986,0.00000,0.60000
2.83800,0.21007,0.00000,0.60000
2.83810,0.21028,0.00000,0.60000
2.83820,0.21050,0.00000,0.60000
2.83830,0.21071,0.00000,0.60000
2.83840,0.21092,0.00000,0.60000
2.83850,0.21114,0.00000,0.60000
2.83860,0.21135,0.00000,0.60000
2.83870,0.21156,0.00000,0.60000
2.83880,0.21178,0.00000,0.60000
2.83890,0.21199,0.00000,0.60000
2.83900,0.21220,0.00000,0.60000
2.83910,0.21242,0.00000,0.60000
2.83920,0.21263,0.00000,0.60000
2.83930,0.21284,0.00000,0.60000
2.83940,0.21306,0.00000,0.60000
2.83950,0.21327,0.00000,0.60000
2.83960,0.21348,0.00000,0.60000
2.83970,0.21369,0.00000,0.60000
2.83980,0.21391,0.00000,0.60000
2.83990,0.21412,0.00000,0.60000
2.84000,0.21433,0.00000,0.60000
2.84010,0.21454,0.00000,0.60000
2.84020,0.21475,0.00000,0.60000
2.84030,0.21497,0.00000,0.60000
2.84040,0.21518,0.00000,0.60000
2.84050,0.21539,0.00000,0.60000
2.84060,0.21560,0.00000,0.60000
2.84070,0.21581,0.00000,0.60000
2.84080,0.21603,0.00000,0.60000
2.84090,0.21624,0.00000,0.60000
2.84100,0.21645,0.00000,0.60000
2.84110,0.21666,0.00000,0.60000
2.84120,0.21687,0.00000,0.60000
2.84130,0.21708,0.00000,0.60000
2.84140,0.21729,0.00000,0.60000
2.84150,0.21750,0.00000,0.60000
2.84160,0.21772,0.00000,0.60000
2.84170,0.21793,0.00000,0.60000
2.84180,0.21814,0.00000,0.60000
2.84190,0.21835,0.00000,0.60000
2.84200,0.21856,0.00000,0.60000
2.84210,0.21877,0.00000,0.60000
2.84220,0.21898,0.00000,0.60000
2.84230,0.21919,0.00000,0.60000
2.84240,0.21940,0.00000,0.60000
2.84250,0.21961,0.00000,0.60000
2.84260,0.21982,0.00000,0.60000
2.84270,0.22003,0.00000,0.60000
2.84280,0.22024,0.00000,0.60000
2.84290,0.22045,0.00000,0.60000
2.84300,0.22066,0.00000,0.60000
2.84310,0.22087,0.00000,0.60000
2.84320,0.22108,0.00000,0.60000
2.84330,0.22129,0.00000,0.60000
2.84340,0.22150,0.00000,0.60000
2.84350,0.22171,0.00000,0.60000
2.84360,0.22191,0.00000,0.60000
2.84370,0.22212,0.00000,0.60000
2.84380,0.22233,0.00000,0.60000
2.84390,0.22254,0.00000,0.60000
2.84400,0.22275,0.00000,0.60000
2.84410,0.22296,0.00000,0.60000
2.84420,0.22317,0.00000,0.60000
2.84430,0.22338,0.00000,0.60000
2.84440,0.22358,0.00000,0.60000
2.84450,0.22379,0.00000,0.60000
2.84460,0.22400,0.00000,0.60000
2.84470,0.22421,0.00000,0.60000
2.84480,0.22442,0.00000,0.60000
2.84490,0.22463,0.00000,0.60000
2.84500,0.22483,0.00000,0.60000
2.84510,0.22504,0.00000,0.60000
2.84520,0.22525,0.00000,0.60000
2.84530,0.22546,0.00000,0.60000
2.84540,0.22566,0.00000,0.60000
2.84550,0.22587,0.00000,0.60000
2.84560,0.22608,0.00000,0.60000
2.84570,0.22629,0.00000,0.60000
2.84580,0.22649,0.00000,0.60000
2.84590,0.22670,0.00000,0.60000
2.84600,0.22691,0.00000,0.60000
2.84610,0.22711,0.00000,0.60000
2.84620,0.22732,0.00000,0.60000
2.84630,0.22753,0.00000,0.60000
2.84640,0.22773,0.00000,0.60000
2.84650,0.22794,0.00000,0.60000
2.84660,0.22815,0.00000,0.60000
2.84670,0.22835,0.00000,0.60000
2.84680,0.22856,0.00000,0.60000
2.84690,0.22877,0.00000,0.60000
2.84700,0.22897,0.00000,0.60000
2.84710,0.22918,0.00000,0.60000
2.84720,0.22938,0.00000,0.60000
2.84730,0.22959,0.00000,0.60000
2.84740,0.22980,0.00000,0.60000
2.84750,0.23000,0.00000,0.60000
2.84760,0.23021,0.00000,0.60000
2.84770,0.23041,0.00000,0.60000
2.84780,0.23062,0.00000,0.60000
2.84790,0.23082,0.00000,0.60000
2.84800,0.23103,0.00000,0.60000
2.84810,0.23123,0.00000,0.60000
2.84820,0.23144,0.00000,0.60000
2.84830,0.23164,0.00000,0.60000
2.84840,0.23185,0.00000,0.60000
2.84850,0.23205,0.00000,0.60000
2.84860,0.23226,0.00000,0.60000
2.84870,0.23246,0.00000,0.60000
2.84880,0.23267,0.00000,0.60000
2.84890,0.23287,0.00000,0.60000
2.84900,0.23308,0.00000,0.60000
2.84910,0.23328,0.00000,0.60000
2.84920,0.23348,0.00000,0.60000
2.84930,0.23369,0.00000,0.60000
2.84940,0.23389,0.00000,0.60000
2.84950,0.23410,0.00000,0.60000
2.84960,0.23430,0.00000,0.60000
2.84970,0.23450,0.00000,0.60000
2.84980,0.23471,0.00000,0.60000
2.84990,0.23491,0.00000,0.60000
2.85000,0.23511,0.00000,0.60000
2.85010,0.23532,0.00000,0.60000
2.85020,0.23552,0.00000,0.60000
2.85030,0.23572,0.00000,0.60000
2.85040,0.23593,0.00000,0.60000
2.85050,0.23613,0.00000,0.60000
2.85060,0.23633,0.00000,0.60000
2.85070,0.23654,0.00000,0.60000
2.85080,0.23674,0.00000,0.60000
2.85090,0.23694,0.00000,0.60000
2.85100,0.23714,0.00000,0.60000
2.85110,0.23735,0.00000,0.60000
2.85120,0.23755,0.00000,0.60000
2.85130,0.23775,0.00000,0.60000
2.85140,0.23795,0.00000,0.60000
2.85150,0.23815,0.00000,0.60000
2.85160,0.23836,0.00000,0.60000
2.85170,0.23856,0.00000,0.60000
2.85180,0.23876,0.00000,0.60000
2.85190,0.23896,0.00000,0.60000
2.85200,0.23916,0.00000,0.60000
2.85210,0.23936,0.00000,0.60000
2.85220,0.23956,0.00000,0.60000
2.85230,0.23977,0.00000,0.60000
2.85240,0.23997,0.00000,0.60000
2.85250,0.24017,0.00000,0.60000
2.85260,0.24037,0.00000,0.60000
2.85270,0.24057,0.00000,0.60000
2.85280,0.24077,0.00000,0.60000
2.85290,0.24097,0.00000,0.60000
2.85300,0.24117,0.00000,0.60000
2.85310,0.24137,0.00000,0.60000
2.85320,0.24157,0.00000,0.60000
2.85330,0.24177,0.00000,0.60000
2.85340,0.24197,0.00000,0.60000
2.85350,0.24217,0.00000,0.60000
2.85360,0.24237,0.00000,0.60000
2.85370,0.24257,0.00000,0.60000
2.85380,0.24277,0.00000,0.60000
2.85390,0.24297,0.00000,0.60000
2.85400,0.24317,0.00000,0.60000
2.85410,0.24337,0.00000,0.60000
2.85420,0.24357,0.00000,0.60000
2.85430,0.24377,0.00000,0.60000
2.85440,0.24397,0.00000,0.60000
2.85450,0.24417,0.00000,0.60000
2.85460,0.24437,0.00000,0.60000
2.85470,0.24457,0.00000,0.60000
2.85480,0.24477,0.00000,0.60000
2.85490,0.24496,0.00000,0.60000
2.85500,0.24516,0.00000,0.60000
2.85510,0.24536,0.00000,0.60000
2.85520,0.24556,0.00000,0.60000
2.85530,0.24576,0.00000,0.60000
2.85540,0.24596,0.00000,0.60000
2.85550,0.24615,0.00000,0.60000
2.85560,0.24635,0.00000,0.60000
2.85570,0.24655,0.00000,0.60000
2.85580,0.24675,0.00000,0.60000
2.85590,0.24695,0.00000,0.60000
2.85600,0.24714,0.00000,0.60000
2.85610,0.24734,0.00000,0.60000
2.85620,0.24754,0.00000,0.60000
2.85630,0.24774,0.00000,0.60000
2.85640,0.24793,0.00000,0.60000
2.85650,0.24813,0.00000,0.60000
2.85660,0.24833,0.00000,0.60000
2.85670,0.24852,0.00000,0.60000
2.85680,0.24872,0.00000,0.60000
2.85690,0.24892,0.00000,0.60000
2.85700,0.24912,0.00000,0.60000
2.85710,0.24931,0.00000,0.60000
2.85720,0.24951,0.00000,0.60000
2.85730,0.24970,0.00000,0.60000
2.85740,0.24990,0.00000,0.60000
2.85750,0.25010,0.00000,0.60000
2.85760,0.25029,0.00000,0.60000
2.85770,0.25049,0.00000,0.60000
2.85780,0.25069,0.00000,0.60000
2.85790,0.25088,0.00000,0.60000
2.85800,0.25108,0.00000,0.60000
2.85810,0.25127,0.00000,0.60000
2.85820,0.25147,0.00000,0.60000
2.85830,0.25166,0.00000,0.60000
2.85840,0.25186,0.00000,0.60000
2.85850,0.25205,0.00000,0.60000
2.85860,0.25225,0.00000,0.60000
2.85870,0.25244,0.00000,0.60000
2.85880,0.25264,0.00000,0.60000
2.85890,0.25283,0.00000,0.60000
2.85900,0.25303,0.00000,0.60000
2.85910,0.25322,0.00000,0.60000
2.85920,0.25342,0.00000,0.60000
2.85930,0.25361,0.00000,0.60000
2.85940,0.25381,0.00000,0.60000
2.85950,0.25400,0.00000,0.60000
2.85960,0.25419,0.00000,0.60000
2.85970,0.25439,0.00000,0.60000
2.85980,0.25458,0.00000,0.60000
2.85990,0.25478,0.00000,0.60000
2.86000,0.25497,0.00000,0.60000
2.86010,0.25516,0.00000,0.60000
2.86020,0.25536,0.00000,0.60000
2.86030,0.25555,0.00000,0.60000
2.86040,0.25574,0.00000,0.60000
2.86050,0.25594,0.00000,0.60000
2.86060,0.25613,0.00000,0.60000
2.86070,0.25632,0.00000,0.60000
2.86080,0.25652,0.00000,0.60000
2.86090,0.25671,0.00000,0.60000
2.86100,0.25690,0.00000,0.60000
2.86110,0.25709,0.00000,0.60000
2.86120,0.25729,0.00000,0.60000
2.86130,0.25748,0.00000,0.60000
2.86140,0.25767,0.00000,0.60000
2.86150,0.25786,0.00000,0.60000
2.86160,0.25806,0.00000,0.60000
2.86170,0.25825,0.00000,0.60000
2.86180,0.25844,0.00000,0.60000
2.86190,0.25863,0.00000,0.60000
2.86200,0.25882,0.00000,0.60000
2.86210,0.25901,0.00000,0.60000
2.86220,0.25921,0.00000,0.60000
2.86230,0.25940,0.00000,0.60000
2.86240,0.25959,0.00000,0.60000
2.86250,0.25978,0.00000,0.60000
2.86260,0.25997,0.00000,0.60000
2.86270,0.26016,0.00000,0.60000
2.86280,0.26035,0.00000,0.60000
2.86290,0.26054,0.00000,0.60000
2.86300,0.26073,0.00000,0.60000
2.86310,0.26092,0.00000,0.60000
2.86320,0.26111,0.00000,0.60000
2.86330,0.26130,0.00000,0.60000
2.86340,0.26150,0.00000,0.60000
2.86350,0.26169,0.00000,0.60000
2.86360,0.26188,0.00000,0.60000
2.86370,0.26207,0.00000,0.60000
2.86380,0.26225,0.00000,0.60000
2.86390,0.26244,0.00000,0.60000
2.86400,0.26263,0.00000,0.60000
2.86410,0.26282,0.00000,0.60000
2.86420,0.26301,0.00000,0.60000
2.86430,0.26320,0.00000,0.60000
2.86440,0.26339,0.00000,0.60000
2.86450,0.26358,0.00000,0.60000
2.86460,0.26377,0.00000,0.60000
2.86470,0.26396,0.00000,0.60000
2.86480,0.26415,0.00000,0.60000
2.86490,0.26434,0.00000,0.60000
2.86500,0.26452,0.00000,0.60000
2.86510,0.26471,0.00000,0.60000
2.86520,0.26490,0.00000,0.60000
2.86530,0.26509,0.00000,0.60000
2.86540,0.26528,0.00000,0.60000
2.86550,0.26547,0.00000,0.60000
2.86560,0.26565,0.00000,0.60000
2.86570,0.26584,0.00000,0.60000
2.86580,0.26603,0.00000,0.60000
2.86590,0.26622,0.00000,0.60000
2.86600,0.26640,0.00000,0.60000
2.86610,0.26659,0.00000,0.60000
2.86620,0.26678,0.00000,0.60000
2.86630,0.26697,0.00000,0.60000
2.86640,0.26715,0.00000,0.60000
2.86650,0.26734,0.00000,0.60000
2.86660,0.26753,0.00000,0.60000
2.86670,0.26771,0.00000,0.60000
2.86680,0.26790,0.00000,0.60000
2.86690,0.26809,0.00000,0.60000
2.86700,0.26827,0.00000,0.60000
2.86710,0.26846,0.00000,0.60000
2.86720,0.26865,0.00000,0.60000
2.86730,0.26883,0.00000,0.60000
2.86740,0.26902,0.00000,0.60000
2.86750,0.26921,0.00000,0.60000
2.86760,0.26939,0.00000,0.60000
2.86770,0.26958,0.00000,0.60000
2.86780,0.26976,0.00000,0.60000
2.86790,0.26995,0.00000,0.60000
2.86800,0.27013,0.00000,0.60000
2.86810,0.27032,0.00000,0.60000
2.86820,0.27050,0.00000,0.60000
2.86830,0.27069,0.00000,0.60000
2.86840,0.27087,0.00000,0.60000
2.86850,0.27106,0.00000,0.60000
2.86860,0.27124,0.00000,0.60000
2.86870,0.27143,0.00000,0.60000
2.86880,0.27161,0.00000,0.60000
2.86890,0.27180,0.00000,0.60000
2.86900,0.27198,0.00000,0.60000
2.86910,0.27217,0.00000,0.60000
2.86920,0.27235,0.00000,0.60000
2.86930,0.27253,0.00000,0.60000
2.86940,0.27272,0.00000,0.60000
2.86950,0.27290,0.00000,0.60000
2.86960,0.27309,0.00000,0.60000
2.86970,0.27327,0.00000,0.60000
2.86980,0.27345,0.00000,0.60000
2.86990,0.27364,0.00000,0.60000
2.87000,0.27382,0.00000,0.60000
2.87010,0.27400,0.00000,0.60000
2.87020,0.27419,0.00000,0.60000
2.87030,0.27437,0.00000,0.60000
2.87040,0.27455,0.00000,0.60000
2.87050,0.27473,0.00000,0.60000
2.87060,0.27492,0.00000,0.60000
2.87070,0.27510,0.00000,0.60000
2.87080,0.27528,0.00000,0.60000
2.87090,0.27546,0.00000,0.60000
2.87100,0.27565,0.00000,0.60000
2.87110,0.27583,0.00000,0.60000
2.87120,0.27601,0.00000,0.60000
2.87130,0.27619,0.00000,0.60000
2.87140,0.27637,0.00000,0.60000
2.87150,0.27655,0.00000,0.60000
2.87160,0.27674,0.00000,0.60000
2.87170,0.27692,0.00000,0.60000
2.87180,0.27710,0.00000,0.60000
2.87190,0.27728,0.00000,0.60000
2.87200,0.27746,0.00000,0.60000
2.87210,0.27764,0.00000,0.60000
2.87220,0.27782,0.00000,0.60000
2.87230,0.27800,0.00000,0.60000
2.87240,0.27818,0.00000,0.60000
2.87250,0.27837,0.00000,0.60000
2.87260,0.27855,0.00000,0.60000
2.87270,0.27873,0.00000,0.60000
2.87280,0.27891,0.00000,0.60000
2.87290,0.27909,0.00000,0.60000
2.87300,0.27927,0.00000,0.60000
2.87310,0.27945,0.00000,0.60000
2.87320,0.27963,0.00000,0.60000
2.87330,0.27981,0.00000,0.60000
2.87340,0.27999,0.00000,0.60000
2.87350,0.28016,0.00000,0.60000
2.87360,0.28034,0.00000,0.60000
2.87370,0.28052,0.00000,0.60000
2.87380,0.28070,0.00000,0.60000
2.87390,0.28088,0.00000,0.60000
2.87400,0.28106,0.00000,0.60000
2.87410,0.28124,0.00000,0.60000
2.87420,0.28142,0.00000,0.60000
2.87430,0.28160,0.00000,0.60000
2.87440,0.28177,0.00000,0.60000
2.87450,0.28195,0.00000,0.60000
2.87460,0.28213,0.00000,0.60000
2.87470,0.28231,0.00000,0.60000
2.87480,0.28249,0.00000,0.60000
2.87490,0.28266,0.00000,0.60000
2.87500,0.28284,0.00000,0.60000
2.87510,0.28302,0.00000,0.60000
2.87520,0.28320,0.00000,0.60000
2.87530,0.28338,0.00000,0.60000
2.87540,0.28355,0.00000,0.60000
2.87550,0.28373,0.00000,0.60000
2.87560,0.28391,0.00000,0.60000
2.87570,0.28408,0.00000,0.60000
2.87580,0.28426,0.00000,0.60000
2.87590,0.28444,0.00000,0.60000
2.87600,0.28461,0.00000,0.60000
2.87610,0.28479,0.00000,0.60000
2.87620,0.28497,0.00000,0.60000
2.87630,0.28514,0.00000,0.60000
2.87640,0.28532,0.00000,0.60000
2.87650,0.28550,0.00000,0.60000
2.87660,0.28567,0.00000,0.60000
2.87670,0.28585,0.00000,0.60000
2.87680,0.28602,0.00000,0.60000
2.87690,0.28620,0.00000,0.60000
2.87700,0.28637,0.00000,0.60000
2.87710,0.28655,0.00000,0.60000
2.87720,0.28673,0.00000,0.60000
2.87730,0.28690,0.00000,0.60000
2.87740,0.28708,0.00000,0.60000
2.87750,0.28725,0.00000,0.60000
2.87760,0.28743,0.00000,0.60000
2.87770,0.28760,0.00000,0.60000
2.87780,0.28777,0.00000,0.60000
2.87790,0.28795,0.00000,0.60000
2.87800,0.28812,0.00000,0.60000
2.87810,0.28830,0.00000,0.60000
2.87820,0.28847,0.00000,0.60000
2.87830,0.28865,0.00000,0.60000
2.87840,0.28882,0.00000,0.60000
2.87850,0.28899,0.00000,0.60000
2.87860,0.28917,0.00000,0.60000
2.87870,0.28934,0.00000,0.60000
2.87880,0.28951,0.00000,0.60000
2.87890,0.28969,0.00000,0.60000
2.87900,0.28986,0.00000,0.60000
2.87910,0.29003,0.00000,0.60000
2.87920,0.29021,0.00000,0.60000
2.87930,0.29038,0.00000,0.60000
2.87940,0.29055,0.00000,0.60000
2.87950,0.29073,0.00000,0.60000
2.87960,0.29090,0.00000,0.60000
2.87970,0.29107,0.00000,0.60000
2.87980,0.29124,0.00000,0.60000
2.87990,0.29142,0.00000,0.60000
2.88000,0.29159,0.00000,0.60000
2.88010,0.29176,0.00000,0.60000
2.88020,0.29193,0.00000,0.60000
2.88030,0.29210,0.00000,0.60000
2.88040,0.29227,0.00000,0.60000
2.88050,0.29245,0.00000,0.60000
2.88060,0.29262,0.00000,0.60000
2.88070,0.29279,0.00000,0.60000
2.88080,0.29296,0.00000,0.60000
2.88090,0.29313,0.00000,0.60000
2.88100,0.29330,0.00000,0.60000
2.88110,0.29347,0.00000,0.60000
2.88120,0.29364,0.00000,0.60000
2.88130,0.29381,0.00000,0.60000
2.88140,0.29398,0.00000,0.60000
2.88150,0.29416,0.00000,0.60000
2.88160,0.29433,0.00000,0.60000
2.88170,0.29450,0.00000,0.60000
2.88180,0.29467,0.00000,0.60000
2.88190,0.29484,0.00000,0.60000
2.88200,0.29501,0.00000,0.60000
2.88210,0.29517,0.00000,0.60000
2.88220,0.29534,0.00000,0.60000
2.88230,0.29551,0.00000,0.60000
2.88240,0.29568,0.00000,0.60000
2.88250,0.29585,0.00000,0.60000
2.88260,0.29602,0.00000,0.60000
2.88270,0.29619,0.00000,0.60000
2.88280,0.29636,0.00000,0.60000
2.88290,0.29653,0.00000,0.60000
2.88300,0.29670,0.00000,0.60000
2.88310,0.29687,0.00000,0.60000
2.88320,0.29703,0.00000,0.60000
2.88330,0.29720,0.00000,0.60000
2.88340,0.29737,0.00000,0.60000
2.88350,0.29754,0.00000,0.60000
2.88360,0.29771,0.00000,0.60000
2.88370,0.29787,0.00000,0.60000
2.88380,0.29804,0.00000,0.60000
2.88390,0.29821,0.00000,0.60000
2.88400,0.29838,0.00000,0.60000
2.88410,0.29854,0.00000,0.60000
2.88420,0.29871,0.00000,0.60000
2.88430,0.29888,0.00000,0.60000
2.88440,0.29905,0.00000,0.60000
2.88450,0.29921,0.00000,0.60000
2.88460,0.29938,0.00000,0.60000
2.88470,0.29955,0.00000,0.60000
2.88480,0.29971,0.00000,0.60000
2.88490,0.29988,0.00000,0.60000
2.88500,0.30004,0.00000,0.60000
2.88510,0.30021,0.00000,0.60000
2.88520,0.30038,0.00000,0.60000
2.88530,0.30054,0.00000,0.60000
2.88540,0.30071,0.00000,0.60000
2.88550,0.30087,0.00000,0.60000
2.88560,0.30104,0.00000,0.60000
2.88570,0.30120,0.00000,0.60000
2.88580,0.30137,0.00000,0.60000
2.88590,0.30154,0.00000,0.60000
2.88600,0.30170,0.00000,0.60000
2.88610,0.30187,0.00000,0.60000
2.88620,0.30203,0.00000,0.60000
2.88630,0.30220,0.00000,0.60000
2.88640,0.30236,0.00000,0.60000
2.88650,0.30252,0.00000,0.60000
2.88660,0.30269,0.00000,0.60000
2.88670,0.30285,0.00000,0.60000
2.88680,0.30302,0.00000,0.60000
2.88690,0.30318,0.00000,0.60000
2.88700,0.30334,0.00000,0.60000
2.88710,0.30351,0.00000,0.60000
2.88720,0.30367,0.00000,0.60000
2.88730,0.30384,0.00000,0.60000
2.88740,0.30400,0.00000,0.60000
2.88750,0.30416,0.00000,0.60000
2.88760,0.30433,0.00000,0.60000
2.88770,0.30449,0.00000,0.60000
2.88780,0.30465,0.00000,0.60000
2.88790,0.30481,0.00000,0.60000
2.88800,0.30498,0.00000,0.60000
2.88810,0.30514,0.00000,0.60000
2.88820,0.30530,0.00000,0.60000
2.88830,0.30546,0.00000,0.60000
2.88840,0.30563,0.00000,0.60000
2.88850,0.30579,0.00000,0.60000
2.88860,0.30595,0.00000,0.60000
2.88870,0.30611,0.00000,0.60000
2.88880,0.30627,0.00000,0.60000
2.88890,0.30644,0.00000,0.60000
2.88900,0.30660,0.00000,0.60000
2.88910,0.30676,0.00000,0.60000
2.88920,0.30692,0.00000,0.60000
2.88930,0.30708,0.00000,0.60000
2.88940,0.30724,0.00000,0.60000
2.88950,0.30740,0.00000,0.60000
2.88960,0.30756,0.00000,0.60000
2.88970,0.30772,0.00000,0.60000
2.88980,0.30788,0.00000,0.60000
2.88990,0.30805,0.00000,0.60000
2.89000,0.30821,0.00000,0.60000
2.89010,0.30837,0.00000,0.60000
2.89020,0.30853,0.00000,0.60000
2.89030,0.30869,0.00000,0.60000
2.89040,0.30885,0.00000,0.60000
2.89050,0.30900,0.00000,0.60000
2.89060,0.30916,0.00000,0.60000
2.89070,0.30932,0.00000,0.60000
2.89080,0.30948,0.00000,0.60000
2.89090,0.30964,0.00000,0.60000
2.89100,0.30980,0.00000,0.60000
2.89110,0.30996,0.00000,0.60000
2.89120,0.31012,0.00000,0.60000
2.89130,0.31028,0.00000,0.60000
2.89140,0.31044,0.00000,0.60000
2.89150,0.31059,0.00000,0.60000
2.89160,0.31075,0.00000,0.60000
2.89170,0.31091,0.00000,0.60000
2.89180,0.31107,0.00000,0.60000
2.89190,0.31123,0.00000,0.60000
2.89200,0.31138,0.00000,0.60000
2.89210,0.31154,0.00000,0.60000
2.89220,0.31170,0.00000,0.60000
2.89230,0.31186,0.00000,0.60000
2.89240,0.31201,0.00000,0.60000
2.89250,0.31217,0.00000,0.60000
2.89260,0.31233,0.00000,0.60000
2.89270,0.31249,0.00000,0.60000
2.89280,0.31264,0.00000,0.60000
2.89290,0.31280,0.00000,0.60000
2.89300,0.31296,0.00000,0.60000
2.89310,0.31311,0.00000,0.60000
2.89320,0.31327,0.00000,0.60000
2.89330,0.31343,0.00000,0.60000
2.89340,0.31358,0.00000,0.60000
2.89350,0.31374,0.00000,0.60000
2.89360,0.31389,0.00000,0.60000
2.89370,0.31405,0.00000,0.60000
2.89380,0.31420,0.00000,0.60000
2.89390,0.31436,0.00000,0.60000
2.89400,0.31452,0.00000,0.60000
2.89410,0.31467,0.00000,0.60000
2.89420,0.31483,0.00000,0.60000
2.89430,0.31498,0.00000,0.60000
2.89440,0.31514,0.00000,0.60000
2.89450,0.31529,0.00000,0.60000
2.89460,0.31544,0.00000,0.60000
2.89470,0.31560,0.00000,0.60000
2.89480,0.31575,0.00000,0.60000
2.89490,0.31591,0.00000,0.60000
2.89500,0.31606,0.00000,0.60000
2.89510,0.31622,0.00000,0.60000
2.89520,0.31637,0.00000,0.60000
2.89530,0.31652,0.00000,0.60000
2.89540,0.31668,0.00000,0.60000
2.89550,0.31683,0.00000,0.60000
2.89560,0.31698,0.00000,0.60000
2.89570,0.31714,0.00000,0.60000
2.89580,0.31729,0.00000,0.60000
2.89590,0.31744,0.00000,0.60000
2.89600,0.31760,0.00000,0.60000
2.89610,0.31775,0.00000,0.60000
2.89620,0.31790,0.00000,0.60000
2.89630,0.31805,0.00000,0.60000
2.89640,0.31821,0.00000,0.60000
2.89650,0.31836,0.00000,0.60000
2.89660,0.31851,0.00000,0.60000
2.89670,0.31866,0.00000,0.60000
2.89680,0.31881,0.00000,0.60000
2.89690,0.31897,0.00000,0.60000
2.89700,0.31912,0.00000,0.60000
2.89710,0.31927,0.00000,0.60000
2.89720,0.31942,0.00000,0.60000
2.89730,0.31957,0.00000,0.60000
2.89740,0.31972,0.00000,0.60000
2.89750,0.31987,0.00000,0.60000
2.89760,0.32002,0.00000,0.60000
2.89770,0.32018,0.00000,0.60000
2.89780,0.32033,0.00000,0.60000
2.89790,0.32048,0.00000,0.60000
2.89800,0.32063,0.00000,0.60000
2.89810,0.32078,0.00000,0.60000
2.89820,0.32093,0.00000,0.60000
2.89830,0.32108,0.00000,0.60000
2.89840,0.32123,0.00000,0.60000
2.89850,0.32138,0.00000,0.60000
2.89860,0.32153,0.00000,0.60000
2.89870,0.32168,0.00000,0.60000
2.89880,0.32182,0.00000,0.60000
2.89890,0.32197,0.00000,0.60000
2.89900,0.32212,0.00000,0.60000
2.89910,0.32227,0.00000,0.60000
2.89920,0.32242,0.00000,0.60000
2.89930,0.32257,0.00000,0.60000
2.89940,0.32272,0.00000,0.60000
2.89950,0.32287,0.00000,0.60000
2.89960,0.32301,0.00000,0.60000
2.89970,0.32316,0.00000,0.60000
2.89980,0.32331,0.00000,0.60000
2.89990,0.32346,0.00000,0.60000
2.90000,0.32361,0.00000,0.60000
2.90010,0.32375,0.00000,0.60000
2.90020,0.32390,0.00000,0.60000
2.90030,0.32405,0.00000,0.60000
2.90040,0.32420,0.00000,0.60000
2.90050,0.32434,0.00000,0.60000
2.90060,0.32449,0.00000,0.60000
2.90070,0.32464,0.00000,0.60000
2.90080,0.32478,0.00000,0.60000
2.90090,0.32493,0.00000,0.60000
2.90100,0.32508,0.00000,0.60000
2.90110,0.32522,0.00000,0.60000
2.90120,0.32537,0.00000,0.60000
2.90130,0.32552,0.00000,0.60000
2.90140,0.32566,0.00000,0.60000
2.90150,0.32581,0.00000,0.60000
2.90160,0.32595,0.00000,0.60000
2.90170,0.32610,0.00000,0.60000
2.90180,0.32625,0.00000,0.60000
2.90190,0.32639,0.00000,0.60000
2.90200,0.32654,0.00000,0.60000
2.90210,0.32668,0.00000,0.60000
2.90220,0.32683,0.00000,0.60000
2.90230,0.32697,0.00000,0.60000
2.90240,0.32712,0.00000,0.60000
2.90250,0.32726,0.00000,0.60000
2.90260,0.32740,0.00000,0.60000
2.90270,0.32755,0.00000,0.60000
2.90280,0.32769,0.00000,0.60000
2.90290,0.32784,0.00000,0.60000
2.90300,0.32798,0.00000,0.60000
2.90310,0.32812,0.00000,0.60000
2.90320,0.32827,0.00000,0.60000
2.90330,0.32841,0.00000,0.60000
2.90340,0.32856,0.00000,0.60000
2.90350,0.32870,0.00000,0.60000
2.90360,0.32884,0.00000,0.60000
2.90370,0.32898,0.00000,0.60000
2.90380,0.32913,0.00000,0.60000
2.90390,0.32927,0.00000,0.60000
2.90400,0.32941,0.00000,0.60000
2.90410,0.32956,0.00000,0.60000
2.90420,0.32970,0.00000,0.60000
2.90430,0.32984,0.00000,0.60000
2.90440,0.32998,0.00000,0.60000
2.90450,0.33012,0.00000,0.60000
2.90460,0.33027,0.00000,0.60000
2.90470,0.33041,0.00000,0.60000
2.90480,0.33055,0.00000,0.60000
2.90490,0.33069,0.00000,0.60000
2.90500,0.33083,0.00000,0.60000
2.90510,0.33097,0.00000,0.60000
2.90520,0.33111,0.00000,0.60000
2.90530,0.33126,0.00000,0.60000
2.90540,0.33140,0.00000,0.60000
2.90550,0.33154,0.00000,0.60000
2.90560,0.33168,0.00000,0.60000
2.90570,0.33182,0.00000,0.60000
2.90580,0.33196,0.00000,0.60000
2.90590,0.33210,0.00000,0.60000
2.90600,0.33224,0.00000,0.60000
2.90610,0.33238,0.00000,0.60000
2.90620,0.33252,0.00000,0.60000
2.90630,0.33266,0.00000,0.60000
2.90640,0.33280,0.00000,0.60000
2.90650,0.33294,0.00000,0.60000
2.90660,0.33308,0.00000,0.60000
2.90670,0.33321,0.00000,0.60000
2.90680,0.33335,0.00000,0.60000
2.90690,0.33349,0.00000,0.60000
2.90700,0.33363,0.00000,0.60000
2.90710,0.33377,0.00000,0.60000
2.90720,0.33391,0.00000,0.60000
2.90730,0.33405,0.00000,0.60000
2.90740,0.33418,0.00000,0.60000
2.90750,0.33432,0.00000,0.60000
2.90760,0.33446,0.00000,0.60000
2.90770,0.33460,0.00000,0.60000
2.90780,0.33474,0.00000,0.60000
2.90790,0.33487,0.00000,0.60000
2.90800,0.33501,0.00000,0.60000
2.90810,0.33515,0.00000,0.60000
2.90820,0.33529,0.00000,0.60000
2.90830,0.33542,0.00000,0.60000
2.90840,0.33556,0.00000,0.60000
2.90850,0.33570,0.00000,0.60000
2.90860,0.33583,0.00000,0.60000
2.90870,0.33597,0.00000,0.60000
2.90880,0.33611,0.00000,0.60000
2.90890,0.33624,0.00000,0.60000
2.90900,0.33638,0.00000,0.60000
2.90910,0.33651,0.00000,0.60000
2.90920,0.33665,0.00000,0.60000
2.90930,0.33679,0.00000,0.60000
2.90940,0.33692,0.00000,0.60000
2.90950,0.33706,0.00000,0.60000
2.90960,0.33719,0.00000,0.60000
2.90970,0.33733,0.00000,0.60000
2.90980,0.33746,0.00000,0.60000
2.90990,0.33760,0.00000,0.60000
2.91000,0.33773,0.00000,0.60000
2.91010,0.33787,0.00000,0.60000
2.91020,0.33800,0.00000,0.60000
2.91030,0.33813,0.00000,0.60000
2.91040,0.33827,0.00000,0.60000
2.91050,0.33840,0.00000,0.60000
2.91060,0.33854,0.00000,0.60000
2.91070,0.33867,0.00000,0.60000
2.91080,0.33880,0.00000,0.60000
2.91090,0.33894,0.00000,0.60000
2.91100,0.33907,0.00000,0.60000
2.91110,0.33920,0.00000,0.60000
2.91120,0.33934,0.00000,0.60000
2.91130,0.33947,0.00000,0.60000
2.91140,0.33960,0.00000,0.60000
2.91150,0.33974,0.00000,0.60000
2.91160,0.33987,0.00000,0.60000
2.91170,0.34000,0.00000,0.60000
2.91180,0.34013,0.00000,0.60000
2.91190,0.34027,0.00000,0.60000
2.91200,0.34040,0.00000,0.60000
2.91210,0.34053,0.00000,0.60000
2.91220,0.34066,0.00000,0.60000
2.91230,0.34079,0.00000,0.60000
2.91240,0.34092,0.00000,0.60000
2.91250,0.34106,0.00000,0.60000
2.91260,0.34119,0.00000,0.60000
2.91270,0.34132,0.00000,0.60000
2.91280,0.34145,0.00000,0.60000
2.91290,0.34158,0.00000,0.60000
2.91300,0.34171,0.00000,0.60000
2.91310,0.34184,0.00000,0.60000
2.91320,0.34197,0.00000,0.60000
2.91330,0.34210,0.00000,0.60000
2.91340,0.34223,0.00000,0.60000
2.91350,0.34236,0.00000,0.60000
2.91360,0.34249,0.00000,0.60000
2.91370,0.34262,0.00000,0.60000
2.91380,0.34275,0.00000,0.60000
2.91390,0.34288,0.00000,0.60000
2.91400,0.34301,0.00000,0.60000
2.91410,0.34314,0.00000,0.60000
2.91420,0.34327,0.00000,0.60000
2.91430,0.34340,0.00000,0.60000
2.91440,0.34353,0.00000,0.60000
2.91450,0.34366,0.00000,0.60000
2.91460,0.34378,0.00000,0.60000
2.91470,0.34391,0.00000,0.60000
2.91480,0.34404,0.00000,0.60000
2.91490,0.34417,0.00000,0.60000
2.91500,0.34430,0.00000,0.60000
2.91510,0.34442,0.00000,0.60000
2.91520,0.34455,0.00000,0.60000
2.91530,0.34468,0.00000,0.60000
2.91540,0.34481,0.00000,0.60000
2.91550,0.34493,0.00000,0.60000
2.91560,0.34506,0.00000,0.60000
2.91570,0.34519,0.00000,0.60000
2.91580,0.34532,0.00000,0.60000
2.91590,0.34544,0.00000,0.60000
2.91600,0.34557,0.00000,0.60000
2.91610,0.34570,0.00000,0.60000
2.91620,0.34582,0.00000,0.60000
2.91630,0.34595,0.00000,0.60000
2.91640,0.34607,0.00000,0.60000
2.91650,0.34620,0.00000,0.60000
2.91660,0.34633,0.00000,0.60000
2.91670,0.34645,0.00000,0.60000
2.91680,0.34658,0.00000,0.60000
2.91690,0.34670,0.00000,0.60000
2.91700,0.34683,0.00000,0.60000
2.91710,0.34695,0.00000,0.60000
2.91720,0.34708,0.00000,0.60000
2.91730,0.34720,0.00000,0.60000
2.91740,0.34733,0.00000,0.60000
2.91750,0.34745,0.00000,0.60000
2.91760,0.34758,0.00000,0.60000
2.91770,0.34770,0.00000,0.60000
2.91780,0.34783,0.00000,0.60000
2.91790,0.34795,0.00000,0.60000
2.91800,0.34807,0.00000,0.60000
2.91810,0.34820,0.00000,0.60000
2.91820,0.34832,0.00000,0.60000
2.91830,0.34844,0.00000,0.60000
2.91840,0.34857,0.00000,0.60000
2.91850,0.34869,0.00000,0.60000
2.91860,0.34881,0.00000,0.60000
2.91870,0.34894,0.00000,0.60000
2.91880,0.34906,0.00000,0.60000
2.91890,0.34918,0.00000,0.60000
2.91900,0.34930,0.00000,0.60000
2.91910,0.34943,0.00000,0.60000
2.91920,0.34955,0.00000,0.60000
2.91930,0.34967,0.00000,0.60000
2.91940,0.34979,0.00000,0.60000
2.91950,0.34992,0.00000,0.60000
2.91960,0.35004,0.00000,0.60000
2.91970,0.35016,0.00000,0.60000
2.91980,0.35028,0.00000,0.60000
2.91990,0.35040,0.00000,0.60000
2.92000,0.35052,0.00000,0.60000
2.92010,0.35064,0.00000,0.60000
2.92020,0.35076,0.00000,0.60000
2.92030,0.35089,0.00000,0.60000
2.92040,0.35101,0.00000,0.60000
2.92050,0.35113,0.00000,0.60000
2.92060,0.35125,0.00000,0.60000
2.92070,0.35137,0.00000,0.60000
2.92080,0.35149,0.00000,0.60000
2.92090,0.35161,0.00000,0.60000
2.92100,0.35173,0.00000,0.60000
2.92110,0.35185,0.00000,0.60000
2.92120,0.35197,0.00000,0.60000
2.92130,0.35208,0.00000,0.60000
2.92140,0.35220,0.00000,0.60000
2.92150,0.35232,0.00000,0.60000
2.92160,0.35244,0.00000,0.60000
2.92170,0.35256,0.00000,0.60000
2.92180,0.35268,0.00000,0.60000
2.92190,0.35280,0.00000,0.60000
2.92200,0.35292,0.00000,0.60000
2.92210,0.35303,0.00000,0.60000
2.92220,0.35315,0.00000,0.60000
2.92230,0.35327,0.00000,0.60000
2.92240,0.35339,0.00000,0.60000
2.92250,0.35351,0.00000,0.60000
2.92260,0.35362,0.00000,0.60000
2.92270,0.35374,0.00000,0.60000
2.92280,0.35386,0.00000,0.60000
2.92290,0.35398,0.00000,0.60000
2.92300,0.35409,0.00000,0.60000
2.92310,0.35421,0.00000,0.60000
2.92320,0.35433,0.00000,0.60000
2.92330,0.35444,0.00000,0.60000
2.92340,0.35456,0.00000,0.60000
2.92350,0.35468,0.00000,0.60000
2.92360,0.35479,0.00000,0.60000
2.92370,0.35491,0.00000,0.60000
2.92380,0.35502,0.00000,0.60000
2.92390,0.35514,0.00000,0.60000
2.92400,0.35525,0.00000,0.60000
2.92410,0.35537,0.00000,0.60000
2.92420,0.35549,0.00000,0.60000
2.92430,0.35560,0.00000,0.60000
2.92440,0.35572,0.00000,0.60000
2.92450,0.35583,0.00000,0.60000
2.92460,0.35595,0.00000,0.60000
2.92470,0.35606,0.00000,0.60000
2.92480,0.35617,0.00000,0.60000
2.92490,0.35629,0.00000,0.60000
2.92500,0.35640,0.00000,0.60000
2.92510,0.35652,0.00000,0.60000
2.92520,0.35663,0.00000,0.60000
2.92530,0.35674,0.00000,0.60000
2.92540,0.35686,0.00000,0.60000
2.92550,0.35697,0.00000,0.60000
2.92560,0.35708,0.00000,0.60000
2.92570,0.35720,0.00000,0.60000
2.92580,0.35731,0.00000,0.60000
2.92590,0.35742,0.00000,0.60000
2.92600,0.35754,0.00000,0.60000
2.92610,0.35765,0.00000,0.60000
2.92620,0.35776,0.00000,0.60000
2.92630,0.35787,0.00000,0.60000
2.92640,0.35799,0.00000,0.60000
2.92650,0.35810,0.00000,0.60000
2.92660,0.35821,0.00000,0.60000
2.92670,0.35832,0.00000,0.60000
2.92680,0.35843,0.00000,0.60000
2.92690,0.35855,0.00000,0.60000
2.92700,0.35866,0.00000,0.60000
2.92710,0.35877,0.00000,0.60000
2.92720,0.35888,0.00000,0.60000
2.92730,0.35899,0.00000,0.60000
2.92740,0.35910,0.00000,0.60000
2.92750,0.35921,0.00000,0.60000
2.92760,0.35932,0.00000,0.60000
2.92770,0.35943,0.00000,0.60000
2.92780,0.35954,0.00000,0.60000
2.92790,0.35965,0.00000,0.60000
2.92800,0.35976,0.00000,0.60000
2.92810,0.35987,0.00000,0.60000
2.92820,0.35998,0.00000,0.60000
2.92830,0.36009,0.00000,0.60000
2.92840,0.36020,0.00000,0.60000
2.92850,0.36031,0.00000,0.60000
2.92860,0.36042,0.00000,0.60000
2.92870,0.36053,0.00000,0.60000
2.92880,0.36064,0.00000,0.60000
2.92890,0.36075,0.00000,0.60000
2.92900,0.36085,0.00000,0.60000
2.92910,0.36096,0.00000,0.60000
2.92920,0.36107,0.00000,0.60000
2.92930,0.36118,0.00000,0.60000
2.92940,0.36129,0.00000,0.60000
2.92950,0.36139,0.00000,0.60000
2.92960,0.36150,0.00000,0.60000
2.92970,0.36161,0.00000,0.60000
2.92980,0.36172,0.00000,0.60000
2.92990,0.36182,0.00000,0.60000
2.93000,0.36193,0.00000,0.60000
2.93010,0.36204,0.00000,0.60000
2.93020,0.36214,0.00000,0.60000
2.93030,0.36225,0.00000,0.60000
2.93040,0.36236,0.00000,0.60000
2.93050,0.36246,0.00000,0.60000
2.93060,0.36257,0.00000,0.60000
2.93070,0.36268,0.00000,0.60000
2.93080,0.36278,0.00000,0.60000
2.93090,0.36289,0.00000,0.60000
2.93100,0.36299,0.00000,0.60000
2.93110,0.36310,0.00000,0.60000
2.93120,0.36320,0.00000,0.60000
2.93130,0.36331,0.00000,0.60000
2.93140,0.36341,0.00000,0.60000
2.93150,0.36352,0.00000,0.60000
2.93160,0.36362,0.00000,0.60000
2.93170,0.36373,0.00000,0.60000
2.93180,0.36383,0.00000,0.60000
2.93190,0.36394,0.00000,0.60000
2.93200,0.36404,0.00000,0.60000
2.93210,0.36415,0.00000,0.60000
2.93220,0.36425,0.00000,0.60000
2.93230,0.36435,0.00000,0.60000
2.93240,0.36446,0.00000,0.60000
2.93250,0.36456,0.00000,0.60000
2.93260,0.36466,0.00000,0.60000
2.93270,0.36477,0.00000,0.60000
2.93280,0.36487,0.00000,0.60000
2.93290,0.36497,0.00000,0.60000
2.93300,0.36508,0.00000,0.60000
2.93310,0.36518,0.00000,0.60000
2.93320,0.36528,0.00000,0.60000
2.93330,0.36538,0.00000,0.60000
2.93340,0.36549,0.00000,0.60000
2.93350,0.36559,0.00000,0.60000
2.93360,0.36569,0.00000,0.60000
2.93370,0.36579,0.00000,0.60000
2.93380,0.36589,0.00000,0.60000
2.93390,0.36600,0.00000,0.60000
2.93400,0.36610,0.00000,0.60000
2.93410,0.36620,0.00000,0.60000
2.93420,0.36630,0.00000,0.60000
2.93430,0.36640,0.00000,0.60000
2.93440,0.36650,0.00000,0.60000
2.93450,0.36660,0.00000,0.60000
2.93460,0.36670,0.00000,0.60000
2.93470,0.36680,0.00000,0.60000
2.93480,0.36690,0.00000,0.60000
2.93490,0.36700,0.00000,0.60000
2.93500,0.36710,0.00000,0.60000
2.93510,0.36720,0.00000,0.60000
2.93520,0.36730,0.00000,0.60000
2.93530,0.36740,0.00000,0.60000
2.93540,0.36750,0.00000,0.60000
2.93550,0.36760,0.00000,0.60000
2.93560,0.36770,0.00000,0.60000
2.93570,0.36780,0.00000,0.60000
2.93580,0.36790,0.00000,0.60000
2.93590,0.36799,0.00000,0.60000
2.93600,0.36809,0.00000,0.60000
2.93610,0.36819,0.00000,0.60000
2.93620,0.36829,0.00000,0.60000
2.93630,0.36839,0.00000,0.60000
2.93640,0.36849,0.00000,0.60000
2.93650,0.36858,0.00000,0.60000
2.93660,0.36868,0.00000,0.60000
2.93670,0.36878,0.00000,0.60000
2.93680,0.36887,0.00000,0.60000
2.93690,0.36897,0.00000,0.60000
2.93700,0.36907,0.00000,0.60000
2.93710,0.36917,0.00000,0.60000
2.93720,0.36926,0.00000,0.60000
2.93730,0.36936,0.00000,0.60000
2.93740,0.36946,0.00000,0.60000
2.93750,0.36955,0.00000,0.60000
2.93760,0.36965,0.00000,0.60000
2.93770,0.36974,0.00000,0.60000
2.93780,0.36984,0.00000,0.60000
2.93790,0.36994,0.00000,0.60000
2.93800,0.37003,0.00000,0.60000
2.93810,0.37013,0.00000,0.60000
2.93820,0.37022,0.00000,0.60000
2.93830,0.37032,0.00000,0.60000
2.93840,0.37041,0.00000,0.60000
2.93850,0.37051,0.00000,0.60000
2.93860,0.37060,0.00000,0.60000
2.93870,0.37070,0.00000,0.60000
2.93880,0.37079,0.00000,0.60000
2.93890,0.37088,0.00000,0.60000
2.93900,0.37098,0.00000,0.60000
2.93910,0.37107,0.00000,0.60000
2.93920,0.37117,0.00000,0.60000
2.93930,0.37126,0.00000,0.60000
2.93940,0.37135,0.00000,0.60000
2.93950,0.37145,0.00000,0.60000
2.93960,0.37154,0.00000,0.60000
2.93970,0.37163,0.00000,0.60000
2.93980,0.37173,0.00000,0.60000
2.93990,0.37182,0.00000,0.60000
2.94000,0.37191,0.00000,0.60000
2.94010,0.37200,0.00000,0.60000
2.94020,0.37210,0.00000,0.60000
2.94030,0.37219,0.00000,0.60000
2.94040,0.37228,0.00000,0.60000
2.94050,0.37237,0.00000,0.60000
2.94060,0.37246,0.00000,0.60000
2.94070,0.37255,0.00000,0.60000
2.94080,0.37265,0.00000,0.60000
2.94090,0.37274,0.00000,0.60000
2.94100,0.37283,0.00000,0.60000
2.94110,0.37292,0.00000,0.60000
2.94120,0.37301,0.00000,0.60000
2.94130,0.37310,0.00000,0.60000
2.94140,0.37319,0.00000,0.60000
2.94150,0.37328,0.00000,0.60000
2.94160,0.37337,0.00000,0.60000
2.94170,0.37346,0.00000,0.60000
2.94180,0.37355,0.00000,0.60000
2.94190,0.37364,0.00000,0.60000
2.94200,0.37373,0.00000,0.60000
2.94210,0.37382,0.00000,0.60000
2.94220,0.37391,0.00000,0.60000
2.94230,0.37400,0.00000,0.60000
2.94240,0.37409,0.00000,0.60000
2.94250,0.37418,0.00000,0.60000
2.94260,0.37427,0.00000,0.60000
2.94270,0.37435,0.00000,0.60000
2.94280,0.37444,0.00000,0.60000
2.94290,0.37453,0.00000,0.60000
2.94300,0.37462,0.00000,0.60000
2.94310,0.37471,0.00000,0.60000
2.94320,0.37480,0.00000,0.60000
2.94330,0.37488,0.00000,0.60000
2.94340,0.37497,0.00000,0.60000
2.94350,0.37506,0.00000,0.60000
2.94360,0.37515,0.00000,0.60000
2.94370,0.37523,0.00000,0.60000
2.94380,0.37532,0.00000,0.60000
2.94390,0.37541,0.00000,0.60000
2.94400,0.37549,0.00000,0.60000
2.94410,0.37558,0.00000,0.60000
2.94420,0.37567,0.00000,0.60000
2.94430,0.37575,0.00000,0.60000
2.94440,0.37584,0.00000,0.60000
2.94450,0.37592,0.00000,0.60000
2.94460,0.37601,0.00000,0.60000
2.94470,0.37610,0.00000,0.60000
2.94480,0.37618,0.00000,0.60000
2.94490,0.37627,0.00000,0.60000
2.94500,0.37635,0.00000,0.60000
2.94510,0.37644,0.00000,0.60000
2.94520,0.37652,0.00000,0.60000
2.94530,0.37661,0.00000,0.60000
2.94540,0.37669,0.00000,0.60000
2.94550,0.37678,0.00000,0.60000
2.94560,0.37686,0.00000,0.60000
2.94570,0.37694,0.00000,0.60000
2.94580,0.37703,0.00000,0.60000
2.94590,0.37711,0.00000,0.60000
2.94600,0.37720,0.00000,0.60000
2.94610,0.37728,0.00000,0.60000
2.94620,0.37736,0.00000,0.60000
2.94630,0.37745,0.00000,0.60000
2.94640,0.37753,0.00000,0.60000
2.94650,0.37761,0.00000,0.60000
2.94660,0.37770,0.00000,0.60000
2.94670,0.37778,0.00000,0.60000
2.94680,0.37786,0.00000,0.60000
2.94690,0.37794,0.00000,0.60000
2.94700,0.37803,0.00000,0.60000
2.94710,0.37811,0.00000,0.60000
2.94720,0.37819,0.00000,0.60000
2.94730,0.37827,0.00000,0.60000
2.94740,0.37835,0.00000,0.60000
2.94750,0.37843,0.00000,0.60000
2.94760,0.37852,0.00000,0.60000
2.94770,0.37860,0.00000,0.60000
2.94780,0.37868,0.00000,0.60000
2.94790,0.37876,0.00000,0.60000
2.94800,0.37884,0.00000,0.60000
2.94810,0.37892,0.00000,0.60000
2.94820,0.37900,0.00000,0.60000
2.94830,0.37908,0.00000,0.60000
2.94840,0.37916,0.00000,0.60000
2.94850,0.37924,0.00000,0.60000
2.94860,0.37932,0.00000,0.60000
2.94870,0.37940,0.00000,0.60000
2.94880,0.37948,0.00000,0.60000
2.94890,0.37956,0.00000,0.60000
2.94900,0.37964,0.00000,0.60000
2.94910,0.37972,0.00000,0.60000
2.94920,0.37980,0.00000,0.60000
2.94930,0.37988,0.00000,0.60000
2.94940,0.37995,0.00000,0.60000
2.94950,0.38003,0.00000,0.60000
2.94960,0.38011,0.00000,0.60000
2.94970,0.38019,0.00000,0.60000
2.94980,0.38027,0.00000,0.60000
2.94990,0.38034,0.00000,0.60000
2.95000,0.38042,0.00000,0.60000
2.95010,0.38050,0.00000,0.60000
2.95020,0.38058,0.00000,0.60000
2.95030,0.38065,0.00000,0.60000
2.95040,0.38073,0.00000,0.60000
2.95050,0.38081,0.00000,0.60000
2.95060,0.38089,0.00000,0.60000
2.95070,0.38096,0.00000,0.60000
2.95080,0.38104,0.00000,0.60000
2.95090,0.38112,0.00000,0.60000
2.95100,0.38119,0.00000,0.60000
2.95110,0.38127,0.00000,0.60000
2.95120,0.38134,0.00000,0.60000
2.95130,0.38142,0.00000,0.60000
2.95140,0.38150,0.00000,0.60000
2.95150,0.38157,0.00000,0.60000
2.95160,0.38165,0.00000,0.60000
2.95170,0.38172,0.00000,0.60000
2.95180,0.38180,0.00000,0.60000
2.95190,0.38187,0.00000,0.60000
2.95200,0.38195,0.00000,0.60000
2.95210,0.38202,0.00000,0.60000
2.95220,0.38209,0.00000,0.60000
2.95230,0.38217,0.00000,0.60000
2.95240,0.38224,0.00000,0.60000
2.95250,0.38232,0.00000,0.60000
2.95260,0.38239,0.00000,0.60000
2.95270,0.38246,0.00000,0.60000
2.95280,0.38254,0.00000,0.60000
2.95290,0.38261,0.00000,0.60000
2.95300,0.38268,0.00000,0.60000
2.95310,0.38276,0.00000,0.60000
2.95320,0.38283,0.00000,0.60000
2.95330,0.38290,0.00000,0.60000
2.95340,0.38298,0.00000,0.60000
2.95350,0.38305,0.00000,0.60000
2.95360,0.38312,0.00000,0.60000
2.95370,0.38319,0.00000,0.60000
2.95380,0.38327,0.00000,0.60000
2.95390,0.38334,0.00000,0.60000
2.95400,0.38341,0.00000,0.60000
2.95410,0.38348,0.00000,0.60000
2.95420,0.38355,0.00000,0.60000
2.95430,0.38362,0.00000,0.60000
2.95440,0.38369,0.00000,0.60000
2.95450,0.38376,0.00000,0.60000
2.95460,0.38384,0.00000,0.60000
2.95470,0.38391,0.00000,0.60000
2.95480,0.38398,0.00000,0.60000
2.95490,0.38405,0.00000,0.60000
2.95500,0.38412,0.00000,0.60000
2.95510,0.38419,0.00000,0.60000
2.95520,0.38426,0.00000,0.60000
2.95530,0.38433,0.00000,0.60000
2.95540,0.38440,0.00000,0.60000
2.95550,0.38447,0.00000,0.60000
2.95560,0.38454,0.00000,0.60000
2.95570,0.38460,0.00000,0.60000
2.95580,0.38467,0.00000,0.60000
2.95590,0.38474,0.00000,0.60000
2.95600,0.38481,0.00000,0.60000
2.95610,0.38488,0.00000,0.60000
2.95620,0.38495,0.00000,0.60000
2.95630,0.38502,0.00000,0.60000
2.95640,0.38508,0.00000,0.60000
2.95650,0.38515,0.00000,0.60000
2.95660,0.38522,0.00000,0.60000
2.95670,0.38529,0.00000,0.60000
2.95680,0.38536,0.00000,0.60000
2.95690,0.38542,0.00000,0.60000
2.95700,0.38549,0.00000,0.60000
2.95710,0.38556,0.00000,0.60000
2.95720,0.38562,0.00000,0.60000
2.95730,0.38569,0.00000,0.60000
2.95740,0.38576,0.00000,0.60000
2.95750,0.38582,0.00000,0.60000
2.95760,0.38589,0.00000,0.60000
2.95770,0.38596,0.00000,0.60000
2.95780,0.38602,0.00000,0.60000
2.95790,0.38609,0.00000,0.60000
2.95800,0.38615,0.00000,0.60000
2.95810,0.38622,0.00000,0.60000
2.95820,0.38628,0.00000,0.60000
2.95830,0.38635,0.00000,0.60000
2.95840,0.38641,0.00000,0.60000
2.95850,0.38648,0.00000,0.60000
2.95860,0.38654,0.00000,0.60000
2.95870,0.38661,0.00000,0.60000
2.95880,0.38667,0.00000,0.60000
2.95890,0.38674,0.00000,0.60000
2.95900,0.38680,0.00000,0.60000
2.95910,0.38686,0.00000,0.60000
2.95920,0.38693,0.00000,0.60000
2.95930,0.38699,0.00000,0.60000
2.95940,0.38706,0.00000,0.60000
2.95950,0.38712,0.00000,0.60000
2.95960,0.38718,0.00000,0.60000
2.95970,0.38725,0.00000,0.60000
2.95980,0.38731,0.00000,0.60000
2.95990,0.38737,0.00000,0.60000
2.96000,0.38743,0.00000,0.60000
2.96010,0.38750,0.00000,0.60000
2.96020,0.38756,0.00000,0.60000
2.96030,0.38762,0.00000,0.60000
2.96040,0.38768,0.00000,0.60000
2.96050,0.38774,0.00000,0.60000
2.96060,0.38781,0.00000,0.60000
2.96070,0.38787,0.00000,0.60000
2.96080,0.38793,0.00000,0.60000
2.96090,0.38799,0.00000,0.60000
2.96100,0.38805,0.00000,0.60000
2.96110,0.38811,0.00000,0.60000
2.96120,0.38817,0.00000,0.60000
2.96130,0.38823,0.00000,0.60000
2.96140,0.38829,0.00000,0.60000
2.96150,0.38835,0.00000,0.60000
2.96160,0.38841,0.00000,0.60000
2.96170,0.38847,0.00000,0.60000
2.96180,0.38853,0.00000,0.60000
2.96190,0.38859,0.00000,0.60000
2.96200,0.38865,0.00000,0.60000
2.96210,0.38871,0.00000,0.60000
2.96220,0.38877,0.00000,0.60000
2.96230,0.38883,0.00000,0.60000
2.96240,0.38889,0.00000,0.60000
2.96250,0.38895,0.00000,0.60000
2.96260,0.38901,0.00000,0.60000
2.96270,0.38907,0.00000,0.60000
2.96280,0.38912,0.00000,0.60000
2.96290,0.38918,0.00000,0.60000
2.96300,0.38924,0.00000,0.60000
2.96310,0.38930,0.00000,0.60000
2.96320,0.38935,0.00000,0.60000
2.96330,0.38941,0.00000,0.60000
2.96340,0.38947,0.00000,0.60000
2.96350,0.38953,0.00000,0.60000
2.96360,0.38958,0.00000,0.60000
2.96370,0.38964,0.00000,0.60000
2.96380,0.38970,0.00000,0.60000
2.96390,0.38975,0.00000,0.60000
2.96400,0.38981,0.00000,0.60000
2.96410,0.38987,0.00000,0.60000
2.96420,0.38992,0.00000,0.60000
2.96430,0.38998,0.00000,0.60000
2.96440,0.39003,0.00000,0.60000
2.96450,0.39009,0.00000,0.60000
2.96460,0.39015,0.00000,0.60000
2.96470,0.39020,0.00000,0.60000
2.96480,0.39026,0.00000,0.60000
2.96490,0.39031,0.00000,0.60000
2.96500,0.39037,0.00000,0.60000
2.96510,0.39042,0.00000,0.60000
2.96520,0.39048,0.00000,0.60000
2.96530,0.39053,0.00000,0.60000
2.96540,0.39058,0.00000,0.60000
2.96550,0.39064,0.00000,0.60000
2.96560,0.39069,0.00000,0.60000
2.96570,0.39075,0.00000,0.60000
2.96580,0.39080,0.00000,0.60000
2.96590,0.39085,0.00000,0.60000
2.96600,0.39091,0.00000,0.60000
2.96610,0.39096,0.00000,0.60000
2.96620,0.39101,0.00000,0.60000
2.96630,0.39107,0.00000,0.60000
2.96640,0.39112,0.00000,0.60000
2.96650,0.39117,0.00000,0.60000
2.96660,0.39122,0.00000,0.60000
2.96670,0.39128,0.00000,0.60000
2.96680,0.39133,0.00000,0.60000
2.96690,0.39138,0.00000,0.60000
2.96700,0.39143,0.00000,0.60000
2.96710,0.39148,0.00000,0.60000
2.96720,0.39154,0.00000,0.60000
2.96730,0.39159,0.00000,0.60000
2.96740,0.39164,0.00000,0.60000
2.96750,0.39169,0.00000,0.60000
2.96760,0.39174,0.00000,0.60000
2.96770,0.39179,0.00000,0.60000
2.96780,0.39184,0.00000,0.60000
2.96790,0.39189,0.00000,0.60000
2.96800,0.39194,0.00000,0.60000
2.96810,0.39199,0.00000,0.60000
2.96820,0.39204,0.00000,0.60000
2.96830,0.39209,0.00000,0.60000
2.96840,0.39214,0.00000,0.60000
2.96850,0.39219,0.00000,0.60000
2.96860,0.39224,0.00000,0.60000
2.96870,0.39229,0.00000,0.60000
2.96880,0.39234,0.00000,0.60000
2.96890,0.39239,0.00000,0.60000
2.96900,0.39244,0.00000,0.60000
2.96910,0.39248,0.00000,0.60000
2.96920,0.39253,0.00000,0.60000
2.96930,0.39258,0.00000,0.60000
2.96940,0.39263,0.00000,0.60000
2.96950,0.39268,0.00000,0.60000
2.96960,0.39273,0.00000,0.60000
2.96970,0.39277,0.00000,0.60000
2.96980,0.39282,0.00000,0.60000
2.96990,0.39287,0.00000,0.60000
2.97000,0.39291,0.00000,0.60000
2.97010,0.39296,0.00000,0.60000
2.97020,0.39301,0.00000,0.60000
2.97030,0.39306,0.00000,0.60000
2.97040,0.39310,0.00000,0.60000
2.97050,0.39315,0.00000,0.60000
2.97060,0.39319,0.00000,0.60000
2.97070,0.39324,0.00000,0.60000
2.97080,0.39329,0.00000,0.60000
2.97090,0.39333,0.00000,0.60000
2.97100,0.39338,0.00000,0.60000
2.97110,0.39342,0.00000,0.60000
2.97120,0.39347,0.00000,0.60000
2.97130,0.39351,0.00000,0.60000
2.97140,0.39356,0.00000,0.60000
2.97150,0.39360,0.00000,0.60000
2.97160,0.39365,0.00000,0.60000
2.97170,0.39369,0.00000,0.60000
2.97180,0.39374,0.00000,0.60000
2.97190,0.39378,0.00000,0.60000
2.97200,0.39383,0.00000,0.60000
2.97210,0.39387,0.00000,0.60000
2.97220,0.39391,0.00000,0.60000
2.97230,0.39396,0.00000,0.60000
2.97240,0.39400,0.00000,0.60000
2.97250,0.39404,0.00000,0.60000
2.97260,0.39409,0.00000,0.60000
2.97270,0.39413,0.00000,0.60000
2.97280,0.39417,0.00000,0.60000
2.97290,0.39422,0.00000,0.60000
2.97300,0.39426,0.00000,0.60000
2.97310,0.39430,0.00000,0.60000
2.97320,0.39434,0.00000,0.60000
2.97330,0.39438,0.00000,0.60000
2.97340,0.39443,0.00000,0.60000
2.97350,0.39447,0.00000,0.60000
2.97360,0.39451,0.00000,0.60000
2.97370,0.39455,0.00000,0.60000
2.97380,0.39459,0.00000,0.60000
2.97390,0.39463,0.00000,0.60000
2.97400,0.39467,0.00000,0.60000
2.97410,0.39472,0.00000,0.60000
2.97420,0.39476,0.00000,0.60000
2.97430,0.39480,0.00000,0.60000
2.97440,0.39484,0.00000,0.60000
2.97450,0.39488,0.00000,0.60000
2.97460,0.39492,0.00000,0.60000
2.97470,0.39496,0.00000,0.60000
2.97480,0.39500,0.00000,0.60000
2.97490,0.39504,0.00000,0.60000
2.97500,0.39508,0.00000,0.60000
2.97510,0.39511,0.00000,0.60000
2.97520,0.39515,0.00000,0.60000
2.97530,0.39519,0.00000,0.60000
2.97540,0.39523,0.00000,0.60000
2.97550,0.39527,0.00000,0.60000
2.97560,0.39531,0.00000,0.60000
2.97570,0.39535,0.00000,0.60000
2.97580,0.39538,0.00000,0.60000
2.97590,0.39542,0.00000,0.60000
2.97600,0.39546,0.00000,0.60000
2.97610,0.39550,0.00000,0.60000
2.97620,0.39554,0.00000,0.60000
2.97630,0.39557,0.00000,0.60000
2.97640,0.39561,0.00000,0.60000
2.97650,0.39565,0.00000,0.60000
2.97660,0.39568,0.00000,0.60000
2.97670,0.39572,0.00000,0.60000
2.97680,0.39576,0.00000,0.60000
2.97690,0.39579,0.00000,0.60000
2.97700,0.39583,0.00000,0.60000
2.97710,0.39587,0.00000,0.60000
2.97720,0.39590,0.00000,0.60000
2.97730,0.39594,0.00000,0.60000
2.97740,0.39597,0.00000,0.60000
2.97750,0.39601,0.00000,0.60000
2.97760,0.39604,0.00000,0.60000
2.97770,0.39608,0.00000,0.60000
2.97780,0.39611,0.00000,0.60000
2.97790,0.39615,0.00000,0.60000
2.97800,0.39618,0.00000,0.60000
2.97810,0.39622,0.00000,0.60000
2.97820,0.39625,0.00000,0.60000
2.97830,0.39629,0.00000,0.60000
2.97840,0.39632,0.00000,0.60000
2.97850,0.39636,0.00000,0.60000
2.97860,0.39639,0.00000,0.60000
2.97870,0.39642,0.00000,0.60000
2.97880,0.39646,0.00000,0.60000
2.97890,0.39649,0.00000,0.60000
2.97900,0.39652,0.00000,0.60000
2.97910,0.39656,0.00000,0.60000
2.97920,0.39659,0.00000,0.60000
2.97930,0.39662,0.00000,0.60000
2.97940,0.39665,0.00000,0.60000
2.97950,0.39669,0.00000,0.60000
2.97960,0.39672,0.00000,0.60000
2.97970,0.39675,0.00000,0.60000
2.97980,0.39678,0.00000,0.60000
2.97990,0.39681,0.00000,0.60000
2.98000,0.39685,0.00000,0.60000
2.98010,0.39688,0.00000,0.60000
2.98020,0.39691,0.00000,0.60000
2.98030,0.39694,0.00000,0.60000
2.98040,0.39697,0.00000,0.60000
2.98050,0.39700,0.00000,0.60000
2.98060,0.39703,0.00000,0.60000
2.98070,0.39706,0.00000,0.60000
2.98080,0.39709,0.00000,0.60000
2.98090,0.39712,0.00000,0.60000
2.98100,0.39715,0.00000,0.60000
2.98110,0.39718,0.00000,0.60000
2.98120,0.39721,0.00000,0.60000
2.98130,0.39724,0.00000,0.60000
2.98140,0.39727,0.00000,0.60000
2.98150,0.39730,0.00000,0.60000
2.98160,0.39733,0.00000,0.60000
2.98170,0.39736,0.00000,0.60000
2.98180,0.39739,0.00000,0.60000
2.98190,0.39742,0.00000,0.60000
2.98200,0.39744,0.00000,0.60000
2.98210,0.39747,0.00000,0.60000
2.98220,0.39750,0.00000,0.60000
2.98230,0.39753,0.00000,0.60000
2.98240,0.39756,0.00000,0.60000
2.98250,0.39758,0.00000,0.60000
2.98260,0.39761,0.00000,0.60000
2.98270,0.39764,0.00000,0.60000
2.98280,0.39767,0.00000,0.60000
2.98290,0.39769,0.00000,0.60000
2.98300,0.39772,0.00000,0.60000
2.98310,0.39775,0.00000,0.60000
2.98320,0.39777,0.00000,0.60000
2.98330,0.39780,0.00000,0.60000
2.98340,0.39783,0.00000,0.60000
2.98350,0.39785,0.00000,0.60000
2.98360,0.39788,0.00000,0.60000
2.98370,0.39790,0.00000,0.60000
2.98380,0.39793,0.00000,0.60000
2.98390,0.39796,0.00000,0.60000
2.98400,0.39798,0.00000,0.60000
2.98410,0.39801,0.00000,0.60000
2.98420,0.39803,0.00000,0.60000
2.98430,0.39806,0.00000,0.60000
2.98440,0.39808,0.00000,0.60000
2.98450,0.39810,0.00000,0.60000
2.98460,0.39813,0.00000,0.60000
2.98470,0.39815,0.00000,0.60000
2.98480,0.39818,0.00000,0.60000
2.98490,0.39820,0.00000,0.60000
2.98500,0.39822,0.00000,0.60000
2.98510,0.39825,0.00000,0.60000
2.98520,0.39827,0.00000,0.60000
2.98530,0.39830,0.00000,0.60000
2.98540,0.39832,0.00000,0.60000
2.98550,0.39834,0.00000,0.60000
2.98560,0.39836,0.00000,0.60000
2.98570,0.39839,0.00000,0.60000
2.98580,0.39841,0.00000,0.60000
2.98590,0.39843,0.00000,0.60000
2.98600,0.39845,0.00000,0.60000
2.98610,0.39848,0.00000,0.60000
2.98620,0.39850,0.00000,0.60000
2.98630,0.39852,0.00000,0.60000
2.98640,0.39854,0.00000,0.60000
2.98650,0.39856,0.00000,0.60000
2.98660,0.39858,0.00000,0.60000
2.98670,0.39860,0.00000,0.60000
2.98680,0.39863,0.00000,0.60000
2.98690,0.39865,0.00000,0.60000
2.98700,0.39867,0.00000,0.60000
2.98710,0.39869,0.00000,0.60000
2.98720,0.39871,0.00000,0.60000
2.98730,0.39873,0.00000,0.60000
2.98740,0.39875,0.00000,0.60000
2.98750,0.39877,0.00000,0.60000
2.98760,0.39879,0.00000,0.60000
2.98770,0.39881,0.00000,0.60000
2.98780,0.39883,0.00000,0.60000
2.98790,0.39884,0.00000,0.60000
2.98800,0.39886,0.00000,0.60000
2.98810,0.39888,0.00000,0.60000
2.98820,0.39890,0.00000,0.60000
2.98830,0.39892,0.00000,0.60000
2.98840,0.39894,0.00000,0.60000
2.98850,0.39896,0.00000,0.60000
2.98860,0.39897,0.00000,0.60000
2.98870,0.39899,0.00000,0.60000
2.98880,0.39901,0.00000,0.60000
2.98890,0.39903,0.00000,0.60000
2.98900,0.39905,0.00000,0.60000
2.98910,0.39906,0.00000,0.60000
2.98920,0.39908,0.00000,0.60000
2.98930,0.39910,0.00000,0.60000
2.98940,0.39911,0.00000,0.60000
2.98950,0.39913,0.00000,0.60000
2.98960,0.39915,0.00000,0.60000
2.98970,0.39916,0.00000,0.60000
2.98980,0.39918,0.00000,0.60000
2.98990,0.39919,0.00000,0.60000
2.99000,0.39921,0.00000,0.60000
2.99010,0.39923,0.00000,0.60000
2.99020,0.39924,0.00000,0.60000
2.99030,0.39926,0.00000,0.60000
2.99040,0.39927,0.00000,0.60000
2.99050,0.39929,0.00000,0.60000
2.99060,0.39930,0.00000,0.60000
2.99070,0.39932,0.00000,0.60000
2.99080,0.39933,0.00000,0.60000
2.99090,0.39935,0.00000,0.60000
2.99100,0.39936,0.00000,0.60000
2.99110,0.39937,0.00000,0.60000
2.99120,0.39939,0.00000,0.60000
2.99130,0.39940,0.00000,0.60000
2.99140,0.39942,0.00000,0.60000
2.99150,0.39943,0.00000,0.60000
2.99160,0.39944,0.00000,0.60000
2.99170,0.39946,0.00000,0.60000
2.99180,0.39947,0.00000,0.60000
2.99190,0.39948,0.00000,0.60000
2.99200,0.39949,0.00000,0.60000
2.99210,0.39951,0.00000,0.60000
2.99220,0.39952,0.00000,0.60000
2.99230,0.39953,0.00000,0.60000
2.99240,0.39954,0.00000,0.60000
2.99250,0.39956,0.00000,0.60000
2.99260,0.39957,0.00000,0.60000
2.99270,0.39958,0.00000,0.60000
2.99280,0.39959,0.00000,0.60000
2.99290,0.39960,0.00000,0.60000
2.99300,0.39961,0.00000,0.60000
2.99310,0.39962,0.00000,0.60000
2.99320,0.39963,0.00000,0.60000
2.99330,0.39965,0.00000,0.60000
2.99340,0.39966,0.00000,0.60000
2.99350,0.39967,0.00000,0.60000
2.99360,0.39968,0.00000,0.60000
2.99370,0.39969,0.00000,0.60000
2.99380,0.39970,0.00000,0.60000
2.99390,0.39971,0.00000,0.60000
2.99400,0.39972,0.00000,0.60000
2.99410,0.39973,0.00000,0.60000
2.99420,0.39973,0.00000,0.60000
2.99430,0.39974,0.00000,0.60000
2.99440,0.39975,0.00000,0.60000
2.99450,0.39976,0.00000,0.60000
2.99460,0.39977,0.00000,0.60000
2.99470,0.39978,0.00000,0.60000
2.99480,0.39979,0.00000,0.60000
2.99490,0.39979,0.00000,0.60000
2.99500,0.39980,0.00000,0.60000
2.99510,0.39981,0.00000,0.60000
2.99520,0.39982,0.00000,0.60000
2.99530,0.39983,0.00000,0.60000
2.99540,0.39983,0.00000,0.60000
2.99550,0.39984,0.00000,0.60000
2.99560,0.39985,0.00000,0.60000
2.99570,0.39985,0.00000,0.60000
2.99580,0.39986,0.00000,0.60000
2.99590,0.39987,0.00000,0.60000
2.99600,0.39987,0.00000,0.60000
2.99610,0.39988,0.00000,0.60000
2.99620,0.39989,0.00000,0.60000
2.99630,0.39989,0.00000,0.60000
2.99640,0.39990,0.00000,0.60000
2.99650,0.39990,0.00000,0.60000
2.99660,0.39991,0.00000,0.60000
2.99670,0.39991,0.00000,0.60000
2.99680,0.39992,0.00000,0.60000
2.99690,0.39992,0.00000,0.60000
2.99700,0.39993,0.00000,0.60000
2.99710,0.39993,0.00000,0.60000
2.99720,0.39994,0.00000,0.60000
2.99730,0.39994,0.00000,0.60000
2.99740,0.39995,0.00000,0.60000
2.99750,0.39995,0.00000,0.60000
2.99760,0.39995,0.00000,0.60000
2.99770,0.39996,0.00000,0.60000
2.99780,0.39996,0.00000,0.60000
2.99790,0.39997,0.00000,0.60000
2.99800,0.39997,0.00000,0.60000
2.99810,0.39997,0.00000,0.60000
2.99820,0.39997,0.00000,0.60000
2.99830,0.39998,0.00000,0.60000
2.99840,0.39998,0.00000,0.60000
2.99850,0.39998,0.00000,0.60000
2.99860,0.39998,0.00000,0.60000
2.99870,0.39999,0.00000,0.60000
2.99880,0.39999,0.00000,0.60000
2.99890,0.39999,0.00000,0.60000
2.99900,0.39999,0.00000,0.60000
2.99910,0.39999,0.00000,0.60000
2.99920,0.39999,0.00000,0.60000
2.99930,0.40000,0.00000,0.60000
2.99940,0.40000,0.00000,0.60000
2.99950,0.40000,0.00000,0.60000
2.99960,0.40000,0.00000,0.60000
2.99970,0.40000,0.00000,0.60000
2.99980,0.40000,0.00000,0.60000
2.99990,0.40000,0.00000,0.60000
