time,pos_x,pos_y,pos_z,vel_x,vel_y,vel_z,acc_x,acc_y,acc_z,joint_pos_1,joint_pos_2,joint_pos_3,joint_vel_1,joint_vel_2,joint_vel_3,joint_acc_1,joint_acc_2,joint_acc_3
0.00000,0.78333,0.00000,0.40451,-0.04199,0.49218,0.34803,0.06153,-0.05277,-3.72264,0.00000,0.07071,0.10000,0.62832,0.44429,0.00000,-0.00000,-2.79155,-3.94784
0.00100,0.78329,0.00049,0.40486,-0.04193,0.49212,0.34430,0.06818,-0.07168,-3.73568,0.00063,0.07115,0.10000,0.62831,0.44149,-0.00395,-0.02480,-2.80903,-3.94776
0.00200,0.78325,0.00098,0.40520,-0.04186,0.49204,0.34055,0.07482,-0.09058,-3.74857,0.00126,0.07159,0.09999,0.62827,0.43867,-0.00790,-0.04961,-2.82640,-3.94753
0.00300,0.78321,0.00148,0.40554,-0.04178,0.49194,0.33680,0.08144,-0.10945,-3.76132,0.00188,0.07203,0.09998,0.62821,0.43584,-0.01184,-0.07441,-2.84367,-3.94714
0.00400,0.78316,0.00197,0.40588,-0.04169,0.49182,0.33303,0.08805,-0.12830,-3.77392,0.00251,0.07247,0.09997,0.62812,0.43298,-0.01579,-0.09921,-2.86082,-3.94659
0.00500,0.78312,0.00246,0.40621,-0.04160,0.49168,0.32925,0.09464,-0.14713,-3.78638,0.00314,0.07290,0.09995,0.62801,0.43011,-0.01974,-0.12400,-2.87785,-3.94589
0.00600,0.78308,0.00295,0.40654,-0.04150,0.49153,0.32546,0.10122,-0.16593,-3.79869,0.00377,0.07333,0.09993,0.62787,0.42723,-0.02368,-0.14879,-2.89478,-3.94504
0.00700,0.78304,0.00344,0.40686,-0.04140,0.49135,0.32165,0.10778,-0.18471,-3.81085,0.00440,0.07375,0.09990,0.62771,0.42432,-0.02763,-0.17358,-2.91159,-3.94402
0.00800,0.78300,0.00393,0.40718,-0.04129,0.49116,0.31784,0.11433,-0.20346,-3.82288,0.00502,0.07417,0.09987,0.62752,0.42140,-0.03157,-0.19836,-2.92828,-3.94286
0.00900,0.78296,0.00443,0.40749,-0.04117,0.49094,0.31401,0.12085,-0.22219,-3.83475,0.00565,0.07459,0.09984,0.62731,0.41847,-0.03551,-0.22313,-2.94486,-3.94153
0.01000,0.78292,0.00492,0.40781,-0.04105,0.49071,0.31017,0.12736,-0.24090,-3.84648,0.00628,0.07501,0.09980,0.62708,0.41551,-0.03945,-0.24789,-2.96132,-3.94005
0.01100,0.78287,0.00541,0.40812,-0.04092,0.49046,0.30632,0.13384,-0.25957,-3.85806,0.00691,0.07543,0.09976,0.62682,0.41254,-0.04339,-0.27264,-2.97767,-3.93842
0.01200,0.78283,0.00590,0.40842,-0.04078,0.49019,0.30245,0.14030,-0.27823,-3.86950,0.00753,0.07584,0.09972,0.62653,0.40956,-0.04733,-0.29738,-2.99389,-3.93663
0.01300,0.78279,0.00639,0.40872,-0.04063,0.48990,0.29858,0.14674,-0.29685,-3.88078,0.00816,0.07624,0.09967,0.62622,0.40656,-0.05126,-0.32211,-3.01000,-3.93468
0.01400,0.78275,0.00688,0.40902,-0.04048,0.48960,0.29469,0.15316,-0.31545,-3.89192,0.00879,0.07665,0.09961,0.62589,0.40354,-0.05520,-0.34682,-3.02599,-3.93258
0.01500,0.78271,0.00737,0.40931,-0.04033,0.48927,0.29079,0.15955,-0.33401,-3.90292,0.00941,0.07705,0.09956,0.62553,0.40051,-0.05913,-0.37152,-3.04186,-3.93032
0.01600,0.78267,0.00786,0.40960,-0.04017,0.48893,0.28688,0.16591,-0.35255,-3.91376,0.01004,0.07745,0.09950,0.62515,0.39746,-0.06306,-0.39621,-3.05762,-3.92791
0.01700,0.78263,0.00834,0.40988,-0.04000,0.48857,0.28296,0.17225,-0.37106,-3.92446,0.01066,0.07785,0.09943,0.62474,0.39439,-0.06699,-0.42088,-3.07325,-3.92534
0.01800,0.78259,0.00883,0.41016,-0.03982,0.48819,0.27904,0.17855,-0.38955,-3.93501,0.01129,0.07824,0.09936,0.62430,0.39131,-0.07091,-0.44554,-3.08876,-3.92262
0.01900,0.78255,0.00932,0.41044,-0.03964,0.48779,0.27509,0.18483,-0.40800,-3.94541,0.01191,0.07863,0.09929,0.62385,0.38821,-0.07483,-0.47018,-3.10414,-3.91974
0.02000,0.78251,0.00981,0.41071,-0.03945,0.48737,0.27114,0.19108,-0.42642,-3.95566,0.01253,0.07902,0.09921,0.62336,0.38510,-0.07875,-0.49480,-3.11941,-3.91671
0.02100,0.78247,0.01030,0.41098,-0.03926,0.48694,0.26718,0.19730,-0.44481,-3.96576,0.01316,0.07940,0.09913,0.62286,0.38197,-0.08266,-0.51940,-3.13455,-3.91353
0.02200,0.78243,0.01078,0.41125,-0.03906,0.48648,0.26321,0.20348,-0.46317,-3.97572,0.01378,0.07978,0.09905,0.62233,0.37883,-0.08658,-0.54397,-3.14957,-3.91018
0.02300,0.78240,0.01127,0.41151,-0.03885,0.48601,0.25923,0.20964,-0.48150,-3.98552,0.01440,0.08016,0.09896,0.62177,0.37567,-0.09048,-0.56853,-3.16446,-3.90669
0.02400,0.78236,0.01175,0.41177,-0.03864,0.48552,0.25524,0.21575,-0.49979,-3.99518,0.01502,0.08053,0.09887,0.62119,0.37250,-0.09439,-0.59307,-3.17923,-3.90304
0.02500,0.78232,0.01224,0.41202,-0.03842,0.48501,0.25124,0.22184,-0.51806,-4.00468,0.01564,0.08090,0.09877,0.62058,0.36932,-0.09829,-0.61758,-3.19387,-3.89924
0.02600,0.78228,0.01272,0.41227,-0.03819,0.48448,0.24723,0.22788,-0.53629,-4.01404,0.01626,0.08127,0.09867,0.61995,0.36612,-0.10219,-0.64207,-3.20839,-3.89528
0.02700,0.78224,0.01321,0.41251,-0.03796,0.48394,0.24321,0.23390,-0.55449,-4.02324,0.01688,0.08163,0.09856,0.61930,0.36290,-0.10608,-0.66653,-3.22278,-3.89117
0.02800,0.78220,0.01369,0.41276,-0.03773,0.48337,0.23919,0.23987,-0.57265,-4.03229,0.01750,0.08200,0.09846,0.61862,0.35967,-0.10997,-0.69096,-3.23704,-3.88690
0.02900,0.78217,0.01417,0.41299,-0.03748,0.48279,0.23515,0.24580,-0.59078,-4.04120,0.01812,0.08235,0.09834,0.61792,0.35643,-0.11385,-0.71537,-3.25118,-3.88249
0.03000,0.78213,0.01466,0.41323,-0.03723,0.48219,0.23110,0.25169,-0.60888,-4.04995,0.01874,0.08271,0.09823,0.61719,0.35317,-0.11774,-0.73975,-3.26518,-3.87791
0.03100,0.78209,0.01514,0.41346,-0.03698,0.48158,0.22705,0.25755,-0.62694,-4.05855,0.01935,0.08306,0.09811,0.61644,0.34990,-0.12161,-0.76410,-3.27906,-3.87319
0.03200,0.78205,0.01562,0.41368,-0.03672,0.48094,0.22299,0.26336,-0.64496,-4.06701,0.01997,0.08341,0.09799,0.61566,0.34661,-0.12548,-0.78842,-3.29281,-3.86831
0.03300,0.78202,0.01610,0.41390,-0.03645,0.48029,0.21892,0.26913,-0.66295,-4.07531,0.02059,0.08375,0.09786,0.61486,0.34331,-0.12935,-0.81271,-3.30643,-3.86328
0.03400,0.78198,0.01658,0.41412,-0.03618,0.47961,0.21484,0.27485,-0.68091,-4.08345,0.02120,0.08409,0.09773,0.61404,0.34000,-0.13321,-0.83697,-3.31992,-3.85810
0.03500,0.78195,0.01706,0.41433,-0.03590,0.47892,0.21075,0.28053,-0.69882,-4.09145,0.02181,0.08443,0.09759,0.61319,0.33667,-0.13706,-0.86119,-3.33327,-3.85276
0.03600,0.78191,0.01754,0.41454,-0.03562,0.47822,0.20665,0.28617,-0.71671,-4.09930,0.02243,0.08477,0.09745,0.61231,0.33333,-0.14091,-0.88539,-3.34650,-3.84728
0.03700,0.78187,0.01802,0.41474,-0.03533,0.47749,0.20255,0.29176,-0.73455,-4.10699,0.02304,0.08510,0.09731,0.61142,0.32998,-0.14476,-0.90954,-3.35959,-3.84164
0.03800,0.78184,0.01849,0.41494,-0.03504,0.47675,0.19844,0.29730,-0.75236,-4.11453,0.02365,0.08543,0.09716,0.61049,0.32661,-0.14860,-0.93366,-3.37255,-3.83585
0.03900,0.78180,0.01897,0.41514,-0.03474,0.47599,0.19432,0.30280,-0.77013,-4.12192,0.02426,0.08575,0.09701,0.60955,0.32323,-0.15243,-0.95774,-3.38538,-3.82991
0.04000,0.78177,0.01945,0.41533,-0.03443,0.47521,0.19020,0.30824,-0.78786,-4.12915,0.02487,0.08607,0.09686,0.60858,0.31984,-0.15626,-0.98179,-3.39807,-3.82381
0.04100,0.78174,0.01992,0.41552,-0.03412,0.47441,0.18606,0.31364,-0.80556,-4.13624,0.02548,0.08639,0.09670,0.60758,0.31644,-0.16008,-1.00579,-3.41063,-3.81757
0.04200,0.78170,0.02039,0.41571,-0.03380,0.47360,0.18192,0.31898,-0.82321,-4.14317,0.02608,0.08671,0.09654,0.60657,0.31302,-0.16389,-1.02976,-3.42306,-3.81117
0.04300,0.78167,0.02087,0.41589,-0.03348,0.47276,0.17778,0.32428,-0.84083,-4.14995,0.02669,0.08702,0.09637,0.60553,0.30959,-0.16770,-1.05369,-3.43535,-3.80463
0.04400,0.78163,0.02134,0.41606,-0.03316,0.47191,0.17362,0.32952,-0.85840,-4.15657,0.02730,0.08733,0.09620,0.60446,0.30615,-0.17150,-1.07757,-3.44750,-3.79793
0.04500,0.78160,0.02181,0.41623,-0.03282,0.47105,0.16946,0.33471,-0.87594,-4.16304,0.02790,0.08763,0.09603,0.60337,0.30269,-0.17530,-1.10141,-3.45952,-3.79109
0.04600,0.78157,0.02228,0.41640,-0.03249,0.47016,0.16530,0.33985,-0.89344,-4.16936,0.02850,0.08793,0.09585,0.60226,0.29923,-0.17908,-1.12521,-3.47140,-3.78409
0.04700,0.78154,0.02275,0.41656,-0.03214,0.46926,0.16112,0.34493,-0.91090,-4.17552,0.02910,0.08823,0.09567,0.60112,0.29575,-0.18286,-1.14896,-3.48315,-3.77695
0.04800,0.78150,0.02322,0.41672,-0.03180,0.46834,0.15695,0.34996,-0.92832,-4.18153,0.02970,0.08852,0.09549,0.59996,0.29226,-0.18664,-1.17267,-3.49475,-3.76965
0.04900,0.78147,0.02369,0.41688,-0.03144,0.46740,0.15276,0.35493,-0.94569,-4.18739,0.03030,0.08881,0.09530,0.59877,0.28876,-0.19040,-1.19634,-3.50622,-3.76221
0.05000,0.78144,0.02416,0.41703,-0.03109,0.46645,0.14857,0.35984,-0.96303,-4.19309,0.03090,0.08910,0.09511,0.59757,0.28525,-0.19416,-1.21995,-3.51755,-3.75462
0.05100,0.78141,0.02462,0.41717,-0.03072,0.46548,0.14438,0.36470,-0.98032,-4.19864,0.03150,0.08938,0.09491,0.59633,0.28173,-0.19791,-1.24352,-3.52874,-3.74688
0.05200,0.78138,0.02509,0.41732,-0.03036,0.46449,0.14017,0.36949,-0.99758,-4.20404,0.03209,0.08966,0.09471,0.59508,0.27819,-0.20165,-1.26703,-3.53980,-3.73899
0.05300,0.78135,0.02555,0.41745,-0.02999,0.46348,0.13597,0.37423,-1.01479,-4.20928,0.03269,0.08994,0.09451,0.59380,0.27465,-0.20539,-1.29050,-3.55071,-3.73096
0.05400,0.78132,0.02601,0.41759,-0.02961,0.46246,0.13176,0.37891,-1.03195,-4.21436,0.03328,0.09021,0.09430,0.59250,0.27109,-0.20912,-1.31392,-3.56148,-3.72278
0.05500,0.78129,0.02648,0.41772,-0.02923,0.46142,0.12754,0.38353,-1.04908,-4.21929,0.03387,0.09048,0.09409,0.59117,0.26753,-0.21284,-1.33728,-3.57211,-3.71445
0.05600,0.78126,0.02694,0.41784,-0.02884,0.46036,0.12332,0.38808,-1.06616,-4.22407,0.03446,0.09075,0.09387,0.58982,0.26395,-0.21655,-1.36060,-3.58260,-3.70597
0.05700,0.78123,0.02740,0.41796,-0.02845,0.45929,0.11909,0.39258,-1.08320,-4.22869,0.03505,0.09101,0.09365,0.58845,0.26036,-0.22025,-1.38385,-3.59295,-3.69735
0.05800,0.78121,0.02785,0.41808,-0.02806,0.45819,0.11486,0.39701,-1.10020,-4.23316,0.03564,0.09127,0.09343,0.58706,0.25676,-0.22394,-1.40706,-3.60316,-3.68858
0.05900,0.78118,0.02831,0.41819,-0.02766,0.45709,0.11062,0.40138,-1.11716,-4.23747,0.03623,0.09152,0.09321,0.58564,0.25315,-0.22762,-1.43021,-3.61323,-3.67967
0.06000,0.78115,0.02877,0.41830,-0.02725,0.45596,0.10639,0.40569,-1.13406,-4.24162,0.03681,0.09178,0.09298,0.58420,0.24954,-0.23130,-1.45330,-3.62315,-3.67061
0.06100,0.78112,0.02922,0.41841,-0.02685,0.45482,0.10214,0.40993,-1.15093,-4.24562,0.03740,0.09202,0.09274,0.58273,0.24591,-0.23497,-1.47633,-3.63293,-3.66141
0.06200,0.78110,0.02968,0.41851,-0.02643,0.45366,0.09789,0.41410,-1.16775,-4.24947,0.03798,0.09227,0.09251,0.58124,0.24227,-0.23862,-1.49931,-3.64257,-3.65206
0.06300,0.78107,0.03013,0.41860,-0.02602,0.45248,0.09364,0.41821,-1.18453,-4.25316,0.03856,0.09251,0.09227,0.57973,0.23862,-0.24227,-1.52222,-3.65206,-3.64257
0.06400,0.78104,0.03058,0.41869,-0.02560,0.45129,0.08939,0.42225,-1.20126,-4.25669,0.03914,0.09274,0.09202,0.57820,0.23497,-0.24591,-1.54508,-3.66141,-3.63293
0.06500,0.78102,0.03103,0.41878,-0.02517,0.45008,0.08513,0.42623,-1.21794,-4.26007,0.03971,0.09298,0.09178,0.57664,0.23130,-0.24954,-1.56788,-3.67061,-3.62315
0.06600,0.78099,0.03148,0.41886,-0.02475,0.44885,0.08087,0.43014,-1.23459,-4.26329,0.04029,0.09321,0.09152,0.57506,0.22762,-0.25315,-1.59061,-3.67967,-3.61323
0.06700,0.78097,0.03193,0.41894,-0.02431,0.44761,0.07660,0.43397,-1.25118,-4.26636,0.04086,0.09343,0.09127,0.57346,0.22394,-0.25676,-1.61328,-3.68858,-3.60316
0.06800,0.78095,0.03238,0.41902,-0.02388,0.44635,0.07233,0.43774,-1.26773,-4.26927,0.04144,0.09365,0.09101,0.57184,0.22025,-0.26036,-1.63589,-3.69735,-3.59295
0.06900,0.78092,0.03282,0.41909,-0.02344,0.44507,0.06806,0.44144,-1.28423,-4.27202,0.04201,0.09387,0.09075,0.57019,0.21655,-0.26395,-1.65843,-3.70597,-3.58260
0.07000,0.78090,0.03327,0.41915,-0.02299,0.44378,0.06379,0.44508,-1.30069,-4.27462,0.04258,0.09409,0.09048,0.56852,0.21284,-0.26753,-1.68091,-3.71445,-3.57211
0.07100,0.78088,0.03371,0.41922,-0.02255,0.44247,0.05952,0.44864,-1.31710,-4.27706,0.04315,0.09430,0.09021,0.56683,0.20912,-0.27109,-1.70332,-3.72278,-3.56148
0.07200,0.78085,0.03415,0.41927,-0.02210,0.44115,0.05524,0.45212,-1.33346,-4.27934,0.04371,0.09451,0.08994,0.56511,0.20539,-0.27465,-1.72566,-3.73096,-3.55071
0.07300,0.78083,0.03459,0.41933,-0.02164,0.43981,0.05096,0.45554,-1.34977,-4.28147,0.04428,0.09471,0.08966,0.56338,0.20165,-0.27819,-1.74794,-3.73899,-3.53980
0.07400,0.78081,0.03503,0.41938,-0.02119,0.43845,0.04667,0.45889,-1.36604,-4.28344,0.04484,0.09491,0.08938,0.56162,0.19791,-0.28173,-1.77015,-3.74688,-3.52874
0.07500,0.78079,0.03547,0.41942,-0.02073,0.43707,0.04239,0.46216,-1.38226,-4.28525,0.04540,0.09511,0.08910,0.55984,0.19416,-0.28525,-1.79228,-3.75462,-3.51755
0.07600,0.78077,0.03591,0.41946,-0.02026,0.43568,0.03810,0.46536,-1.39843,-4.28691,0.04596,0.09530,0.08881,0.55803,0.19040,-0.28876,-1.81435,-3.76221,-3.50622
0.07700,0.78075,0.03634,0.41950,-0.01979,0.43428,0.03382,0.46848,-1.41455,-4.28841,0.04652,0.09549,0.08852,0.55621,0.18664,-0.29226,-1.83634,-3.76965,-3.49475
0.07800,0.78073,0.03678,0.41953,-0.01932,0.43285,0.02953,0.47153,-1.43063,-4.28975,0.04707,0.09567,0.08823,0.55436,0.18286,-0.29575,-1.85826,-3.77695,-3.48315
0.07900,0.78071,0.03721,0.41956,-0.01885,0.43142,0.02524,0.47451,-1.44665,-4.29093,0.04762,0.09585,0.08793,0.55249,0.17908,-0.29923,-1.88011,-3.78409,-3.47140
0.08000,0.78069,0.03764,0.41958,-0.01838,0.42996,0.02094,0.47741,-1.46263,-4.29196,0.04818,0.09603,0.08763,0.55060,0.17530,-0.30269,-1.90189,-3.79109,-3.45952
0.08100,0.78067,0.03807,0.41960,-0.01790,0.42849,0.01665,0.48023,-1.47856,-4.29283,0.04873,0.09620,0.08733,0.54869,0.17150,-0.30615,-1.92359,-3.79793,-3.44750
0.08200,0.78066,0.03850,0.41961,-0.01742,0.42700,0.01236,0.48298,-1.49443,-4.29355,0.04927,0.09637,0.08702,0.54675,0.16770,-0.30959,-1.94521,-3.80463,-3.43535
0.08300,0.78064,0.03892,0.41962,-0.01693,0.42550,0.00807,0.48566,-1.51026,-4.29410,0.04982,0.09654,0.08671,0.54480,0.16389,-0.31302,-1.96676,-3.81117,-3.42306
0.08400,0.78062,0.03935,0.41963,-0.01644,0.42398,0.00377,0.48825,-1.52604,-4.29450,0.05036,0.09670,0.08639,0.54282,0.16008,-0.31644,-1.98822,-3.81757,-3.41063
0.08500,0.78061,0.03977,0.41963,-0.01595,0.42245,-0.00052,0.49077,-1.54176,-4.29474,0.05090,0.09686,0.08607,0.54082,0.15626,-0.31984,-2.00961,-3.82381,-3.39807
0.08600,0.78059,0.04019,0.41963,-0.01546,0.42090,-0.00482,0.49321,-1.55744,-4.29482,0.05144,0.09701,0.08575,0.53880,0.15243,-0.32323,-2.03093,-3.82991,-3.38538
0.08700,0.78057,0.04061,0.41962,-0.01497,0.41934,-0.00911,0.49558,-1.57306,-4.29475,0.05198,0.09716,0.08543,0.53676,0.14860,-0.32661,-2.05216,-3.83585,-3.37255
0.08800,0.78056,0.04103,0.41961,-0.01447,0.41775,-0.01341,0.49786,-1.58863,-4.29451,0.05252,0.09731,0.08510,0.53470,0.14476,-0.32998,-2.07331,-3.84164,-3.35959
0.08900,0.78055,0.04145,0.41959,-0.01397,0.41616,-0.01770,0.50007,-1.60415,-4.29412,0.05305,0.09745,0.08477,0.53261,0.14091,-0.33333,-2.09437,-3.84728,-3.34650
0.09000,0.78053,0.04186,0.41957,-0.01347,0.41455,-0.02200,0.50220,-1.61962,-4.29357,0.05358,0.09759,0.08443,0.53051,0.13706,-0.33667,-2.11536,-3.85276,-3.33327
0.09100,0.78052,0.04228,0.41955,-0.01297,0.41292,-0.02629,0.50425,-1.63504,-4.29287,0.05411,0.09773,0.08409,0.52838,0.13321,-0.34000,-2.13626,-3.85810,-3.31992
0.09200,0.78051,0.04269,0.41952,-0.01246,0.41128,-0.03058,0.50622,-1.65040,-4.29200,0.05464,0.09786,0.08375,0.52623,0.12935,-0.34331,-2.15708,-3.86328,-3.30643
0.09300,0.78049,0.04310,0.41949,-0.01196,0.40962,-0.03487,0.50811,-1.66572,-4.29098,0.05516,0.09799,0.08341,0.52407,0.12548,-0.34661,-2.17781,-3.86831,-3.29281
0.09400,0.78048,0.04351,0.41945,-0.01145,0.40794,-0.03916,0.50991,-1.68097,-4.28979,0.05569,0.09811,0.08306,0.52188,0.12161,-0.34990,-2.19846,-3.87319,-3.27906
0.09500,0.78047,0.04392,0.41941,-0.01094,0.40626,-0.04345,0.51164,-1.69618,-4.28845,0.05621,0.09823,0.08271,0.51967,0.11774,-0.35317,-2.21902,-3.87791,-3.26518
0.09600,0.78046,0.04432,0.41936,-0.01042,0.40455,-0.04774,0.51329,-1.71133,-4.28695,0.05673,0.09834,0.08235,0.51744,0.11385,-0.35643,-2.23949,-3.88249,-3.25118
0.09700,0.78045,0.04472,0.41931,-0.00991,0.40283,-0.05203,0.51486,-1.72643,-4.28530,0.05724,0.09846,0.08200,0.51519,0.10997,-0.35967,-2.25987,-3.88690,-3.23704
0.09800,0.78044,0.04513,0.41926,-0.00939,0.40110,-0.05631,0.51635,-1.74147,-4.28348,0.05776,0.09856,0.08163,0.51292,0.10608,-0.36290,-2.28017,-3.89117,-3.22278
0.09900,0.78043,0.04553,0.41920,-0.00888,0.39935,-0.06059,0.51775,-1.75646,-4.28151,0.05827,0.09867,0.08127,0.51063,0.10219,-0.36612,-2.30037,-3.89528,-3.20839
0.10000,0.78042,0.04592,0.41914,-0.00836,0.39759,-0.06487,0.51908,-1.77139,-4.27938,0.05878,0.09877,0.08090,0.50832,0.09829,-0.36932,-2.32048,-3.89924,-3.19387
0.10100,0.78041,0.04632,0.41907,-0.00784,0.39581,-0.06915,0.52032,-1.78627,-4.27708,0.05929,0.09887,0.08053,0.50599,0.09439,-0.37250,-2.34050,-3.90304,-3.17923
0.10200,0.78041,0.04672,0.41900,-0.00732,0.39401,-0.07343,0.52148,-1.80110,-4.27464,0.05979,0.09896,0.08016,0.50364,0.09048,-0.37567,-2.36043,-3.90669,-3.16446
0.10300,0.78040,0.04711,0.41892,-0.00680,0.39221,-0.07770,0.52256,-1.81586,-4.27203,0.06029,0.09905,0.07978,0.50127,0.08658,-0.37883,-2.38027,-3.91018,-3.14957
0.10400,0.78039,0.04750,0.41884,-0.00627,0.39038,-0.08197,0.52355,-1.83057,-4.26926,0.06079,0.09913,0.07940,0.49888,0.08266,-0.38197,-2.40001,-3.91353,-3.13455
0.10500,0.78039,0.04789,0.41876,-0.00575,0.38854,-0.08624,0.52447,-1.84523,-4.26633,0.06129,0.09921,0.07902,0.49647,0.07875,-0.38510,-2.41966,-3.91671,-3.11941
0.10600,0.78038,0.04828,0.41867,-0.00522,0.38669,-0.09050,0.52530,-1.85983,-4.26325,0.06179,0.09929,0.07863,0.49404,0.07483,-0.38821,-2.43921,-3.91974,-3.10414
0.10700,0.78038,0.04866,0.41858,-0.00470,0.38482,-0.09477,0.52605,-1.87437,-4.26001,0.06228,0.09936,0.07824,0.49159,0.07091,-0.39131,-2.45867,-3.92262,-3.08876
0.10800,0.78037,0.04905,0.41848,-0.00417,0.38294,-0.09902,0.52672,-1.88885,-4.25660,0.06277,0.09943,0.07785,0.48912,0.06699,-0.39439,-2.47803,-3.92534,-3.07325
0.10900,0.78037,0.04943,0.41838,-0.00364,0.38105,-0.10328,0.52730,-1.90328,-4.25304,0.06326,0.09950,0.07745,0.48663,0.06306,-0.39746,-2.49729,-3.92791,-3.05762
0.11000,0.78037,0.04981,0.41828,-0.00312,0.37914,-0.10753,0.52780,-1.91765,-4.24932,0.06374,0.09956,0.07705,0.48413,0.05913,-0.40051,-2.51645,-3.93032,-3.04186
0.11100,0.78036,0.05019,0.41817,-0.00259,0.37721,-0.11178,0.52822,-1.93196,-4.24545,0.06423,0.09961,0.07665,0.48160,0.05520,-0.40354,-2.53551,-3.93258,-3.02599
0.11200,0.78036,0.05056,0.41805,-0.00206,0.37527,-0.11602,0.52856,-1.94621,-4.24141,0.06471,0.09967,0.07624,0.47906,0.05126,-0.40656,-2.55447,-3.93468,-3.01000
0.11300,0.78036,0.05094,0.41793,-0.00153,0.37332,-0.12026,0.52881,-1.96040,-4.23721,0.06518,0.09972,0.07584,0.47649,0.04733,-0.40956,-2.57334,-3.93663,-2.99389
0.11400,0.78036,0.05131,0.41781,-0.00100,0.37135,-0.12450,0.52898,-1.97453,-4.23286,0.06566,0.09976,0.07543,0.47391,0.04339,-0.41254,-2.59210,-3.93842,-2.97767
0.11500,0.78036,0.05168,0.41769,-0.00047,0.36937,-0.12873,0.52907,-1.98860,-4.22835,0.06613,0.09980,0.07501,0.47131,0.03945,-0.41551,-2.61075,-3.94005,-2.96132
0.11600,0.78036,0.05205,0.41755,0.00006,0.36737,-0.13295,0.52907,-2.00262,-4.22367,0.06660,0.09984,0.07459,0.46869,0.03551,-0.41847,-2.62931,-3.94153,-2.94486
0.11700,0.78036,0.05242,0.41742,0.00058,0.36537,-0.13717,0.52899,-2.01657,-4.21884,0.06707,0.09987,0.07417,0.46605,0.03157,-0.42140,-2.64776,-3.94286,-2.92828
0.11800,0.78036,0.05278,0.41728,0.00111,0.36334,-0.14139,0.52883,-2.03046,-4.21385,0.06753,0.09990,0.07375,0.46339,0.02763,-0.42432,-2.66611,-3.94402,-2.91159
0.11900,0.78036,0.05314,0.41714,0.00164,0.36130,-0.14560,0.52859,-2.04429,-4.20870,0.06800,0.09993,0.07333,0.46072,0.02368,-0.42723,-2.68435,-3.94504,-2.89478
0.12000,0.78036,0.05350,0.41699,0.00217,0.35925,-0.14981,0.52826,-2.05805,-4.20340,0.06845,0.09995,0.07290,0.45802,0.01974,-0.43011,-2.70248,-3.94589,-2.87785
0.12100,0.78036,0.05386,0.41684,0.00270,0.35719,-0.15401,0.52785,-2.07176,-4.19793,0.06891,0.09997,0.07247,0.45531,0.01579,-0.43298,-2.72051,-3.94659,-2.86082
0.12200,0.78037,0.05422,0.41668,0.00323,0.35511,-0.15820,0.52736,-2.08540,-4.19231,0.06937,0.09998,0.07203,0.45258,0.01184,-0.43584,-2.73843,-3.94714,-2.84367
0.12300,0.78037,0.05457,0.41652,0.00375,0.35302,-0.16239,0.52679,-2.09898,-4.18652,0.06982,0.09999,0.07159,0.44984,0.00790,-0.43867,-2.75625,-3.94753,-2.82640
0.12400,0.78037,0.05492,0.41636,0.00428,0.35091,-0.16658,0.52613,-2.11250,-4.18058,0.07026,0.10000,0.07115,0.44707,0.00395,-0.44149,-2.77395,-3.94776,-2.80903
0.12500,0.78038,0.05527,0.41619,0.00481,0.34879,-0.17075,0.52539,-2.12595,-4.17448,0.07071,0.10000,0.07071,0.44429,0.00000,-0.44429,-2.79155,-3.94784,-2.79155
0.12600,0.78038,0.05562,0.41601,0.00533,0.34666,-0.17493,0.52457,-2.13934,-4.16822,0.07115,0.10000,0.07026,0.44149,-0.00395,-0.44707,-2.80903,-3.94776,-2.77395
0.12700,0.78039,0.05597,0.41584,0.00585,0.34451,-0.17909,0.52366,-2.15267,-4.16181,0.07159,0.09999,0.06982,0.43867,-0.00790,-0.44984,-2.82640,-3.94753,-2.75625
0.12800,0.78039,0.05631,0.41566,0.00638,0.34235,-0.18325,0.52268,-2.16593,-4.15523,0.07203,0.09998,0.06937,0.43584,-0.01184,-0.45258,-2.84367,-3.94714,-2.73843
0.12900,0.78040,0.05665,0.41547,0.00690,0.34018,-0.18740,0.52161,-2.17912,-4.14850,0.07247,0.09997,0.06891,0.43298,-0.01579,-0.45531,-2.86082,-3.94659,-2.72051
0.13000,0.78041,0.05699,0.41528,0.00742,0.33800,-0.19155,0.52046,-2.19225,-4.14160,0.07290,0.09995,0.06845,0.43011,-0.01974,-0.45802,-2.87785,-3.94589,-2.70248
0.13100,0.78042,0.05733,0.41509,0.00794,0.33580,-0.19568,0.51923,-2.20532,-4.13455,0.07333,0.09993,0.06800,0.42723,-0.02368,-0.46072,-2.89478,-3.94504,-2.68435
0.13200,0.78042,0.05766,0.41489,0.00846,0.33359,-0.19981,0.51792,-2.21831,-4.12734,0.07375,0.09990,0.06753,0.42432,-0.02763,-0.46339,-2.91159,-3.94402,-2.66611
0.13300,0.78043,0.05799,0.41469,0.00898,0.33136,-0.20394,0.51653,-2.23124,-4.11998,0.07417,0.09987,0.06707,0.42140,-0.03157,-0.46605,-2.92828,-3.94286,-2.64776
0.13400,0.78044,0.05832,0.41448,0.00949,0.32912,-0.20805,0.51506,-2.24411,-4.11245,0.07459,0.09984,0.06660,0.41847,-0.03551,-0.46869,-2.94486,-3.94153,-2.62931
0.13500,0.78045,0.05865,0.41427,0.01001,0.32687,-0.21216,0.51350,-2.25690,-4.10477,0.07501,0.09980,0.06613,0.41551,-0.03945,-0.47131,-2.96132,-3.94005,-2.61075
0.13600,0.78046,0.05898,0.41406,0.01052,0.32461,-0.21626,0.51187,-2.26963,-4.09693,0.07543,0.09976,0.06566,0.41254,-0.04339,-0.47391,-2.97767,-3.93842,-2.59210
0.13700,0.78047,0.05930,0.41384,0.01103,0.32233,-0.22036,0.51016,-2.28228,-4.08893,0.07584,0.09972,0.06518,0.40956,-0.04733,-0.47649,-2.99389,-3.93663,-2.57334
0.13800,0.78048,0.05962,0.41362,0.01154,0.32004,-0.22444,0.50837,-2.29487,-4.08077,0.07624,0.09967,0.06471,0.40656,-0.05126,-0.47906,-3.01000,-3.93468,-2.55447
0.13900,0.78050,0.05994,0.41339,0.01205,0.31774,-0.22852,0.50649,-2.30739,-4.07246,0.07665,0.09961,0.06423,0.40354,-0.05520,-0.48160,-3.02599,-3.93258,-2.53551
0.14000,0.78051,0.06026,0.41316,0.01255,0.31543,-0.23259,0.50454,-2.31984,-4.06399,0.07705,0.09956,0.06374,0.40051,-0.05913,-0.48413,-3.04186,-3.93032,-2.51645
0.14100,0.78052,0.06057,0.41293,0.01306,0.31310,-0.23665,0.50251,-2.33222,-4.05536,0.07745,0.09950,0.06326,0.39746,-0.06306,-0.48663,-3.05762,-3.92791,-2.49729
0.14200,0.78053,0.06088,0.41269,0.01356,0.31077,-0.24070,0.50040,-2.34452,-4.04657,0.07785,0.09943,0.06277,0.39439,-0.06699,-0.48912,-3.07325,-3.92534,-2.47803
0.14300,0.78055,0.06119,0.41244,0.01406,0.30841,-0.24474,0.49822,-2.35676,-4.03763,0.07824,0.09936,0.06228,0.39131,-0.07091,-0.49159,-3.08876,-3.92262,-2.45867
0.14400,0.78056,0.06150,0.41220,0.01455,0.30605,-0.24877,0.49595,-2.36892,-4.02853,0.07863,0.09929,0.06179,0.38821,-0.07483,-0.49404,-3.10414,-3.91974,-2.43921
0.14500,0.78058,0.06181,0.41195,0.01505,0.30368,-0.25280,0.49361,-2.38101,-4.01927,0.07902,0.09921,0.06129,0.38510,-0.07875,-0.49647,-3.11941,-3.91671,-2.41966
0.14600,0.78059,0.06211,0.41169,0.01554,0.30129,-0.25681,0.49120,-2.39303,-4.00986,0.07940,0.09913,0.06079,0.38197,-0.08266,-0.49888,-3.13455,-3.91353,-2.40001
0.14700,0.78061,0.06241,0.41143,0.01603,0.29889,-0.26082,0.48870,-2.40497,-4.00029,0.07978,0.09905,0.06029,0.37883,-0.08658,-0.50127,-3.14957,-3.91018,-2.38027
0.14800,0.78062,0.06271,0.41117,0.01652,0.29648,-0.26481,0.48613,-2.41684,-3.99056,0.08016,0.09896,0.05979,0.37567,-0.09048,-0.50364,-3.16446,-3.90669,-2.36043
0.14900,0.78064,0.06300,0.41090,0.01700,0.29406,-0.26880,0.48348,-2.42863,-3.98068,0.08053,0.09887,0.05929,0.37250,-0.09439,-0.50599,-3.17923,-3.90304,-2.34050
0.15000,0.78066,0.06329,0.41063,0.01749,0.29162,-0.27277,0.48076,-2.44035,-3.97064,0.08090,0.09877,0.05878,0.36932,-0.09829,-0.50832,-3.19387,-3.89924,-2.32048
0.15100,0.78068,0.06359,0.41036,0.01796,0.28918,-0.27674,0.47796,-2.45200,-3.96044,0.08127,0.09867,0.05827,0.36612,-0.10219,-0.51063,-3.20839,-3.89528,-2.30037
0.15200,0.78069,0.06387,0.41008,0.01844,0.28672,-0.28069,0.47509,-2.46357,-3.95009,0.08163,0.09856,0.05776,0.36290,-0.10608,-0.51292,-3.22278,-3.89117,-2.28017
0.15300,0.78071,0.06416,0.40980,0.01891,0.28425,-0.28464,0.47215,-2.47506,-3.93959,0.08200,0.09846,0.05724,0.35967,-0.10997,-0.51519,-3.23704,-3.88690,-2.25987
0.15400,0.78073,0.06444,0.40951,0.01939,0.28177,-0.28857,0.46913,-2.48647,-3.92893,0.08235,0.09834,0.05673,0.35643,-0.11385,-0.51744,-3.25118,-3.88249,-2.23949
0.15500,0.78075,0.06472,0.40922,0.01985,0.27928,-0.29250,0.46604,-2.49781,-3.91811,0.08271,0.09823,0.05621,0.35317,-0.11774,-0.51967,-3.26518,-3.87791,-2.21902
0.15600,0.78077,0.06500,0.40893,0.02032,0.27677,-0.29641,0.46287,-2.50907,-3.90714,0.08306,0.09811,0.05569,0.34990,-0.12161,-0.52188,-3.27906,-3.87319,-2.19846
0.15700,0.78079,0.06528,0.40863,0.02078,0.27426,-0.30031,0.45963,-2.52025,-3.89601,0.08341,0.09799,0.05516,0.34661,-0.12548,-0.52407,-3.29281,-3.86831,-2.17781
0.15800,0.78081,0.06555,0.40832,0.02124,0.27173,-0.30420,0.45632,-2.53135,-3.88473,0.08375,0.09786,0.05464,0.34331,-0.12935,-0.52623,-3.30643,-3.86328,-2.15708
0.15900,0.78084,0.06582,0.40802,0.02169,0.26920,-0.30808,0.45294,-2.54237,-3.87329,0.08409,0.09773,0.05411,0.34000,-0.13321,-0.52838,-3.31992,-3.85810,-2.13626
0.16000,0.78086,0.06609,0.40771,0.02214,0.26665,-0.31195,0.44949,-2.55331,-3.86170,0.08443,0.09759,0.05358,0.33667,-0.13706,-0.53051,-3.33327,-3.85276,-2.11536
0.16100,0.78088,0.06635,0.40739,0.02259,0.26409,-0.31580,0.44597,-2.56416,-3.84996,0.08477,0.09745,0.05305,0.33333,-0.14091,-0.53261,-3.34650,-3.84728,-2.09437
0.16200,0.78090,0.06662,0.40708,0.02303,0.26152,-0.31965,0.44238,-2.57494,-3.83806,0.08510,0.09731,0.05252,0.32998,-0.14476,-0.53470,-3.35959,-3.84164,-2.07331
0.16300,0.78093,0.06688,0.40676,0.02348,0.25894,-0.32348,0.43873,-2.58564,-3.82601,0.08543,0.09716,0.05198,0.32661,-0.14860,-0.53676,-3.37255,-3.83585,-2.05216
0.16400,0.78095,0.06713,0.40643,0.02391,0.25635,-0.32730,0.43500,-2.59625,-3.81380,0.08575,0.09701,0.05144,0.32323,-0.15243,-0.53880,-3.38538,-3.82991,-2.03093
0.16500,0.78097,0.06739,0.40610,0.02435,0.25375,-0.33111,0.43120,-2.60678,-3.80145,0.08607,0.09686,0.05090,0.31984,-0.15626,-0.54082,-3.39807,-3.82381,-2.00961
0.16600,0.78100,0.06764,0.40577,0.02477,0.25114,-0.33490,0.42734,-2.61722,-3.78894,0.08639,0.09670,0.05036,0.31644,-0.16008,-0.54282,-3.41063,-3.81757,-1.98822
0.16700,0.78102,0.06789,0.40543,0.02520,0.24851,-0.33868,0.42341,-2.62758,-3.77627,0.08671,0.09654,0.04982,0.31302,-0.16389,-0.54480,-3.42306,-3.81117,-1.96676
0.16800,0.78105,0.06814,0.40509,0.02562,0.24588,-0.34245,0.41942,-2.63786,-3.76346,0.08702,0.09637,0.04927,0.30959,-0.16770,-0.54675,-3.43535,-3.80463,-1.94521
0.16900,0.78107,0.06838,0.40475,0.02604,0.24324,-0.34621,0.41536,-2.64805,-3.75049,0.08733,0.09620,0.04873,0.30615,-0.17150,-0.54869,-3.44750,-3.79793,-1.92359
0.17000,0.78110,0.06862,0.40440,0.02645,0.24058,-0.34996,0.41123,-2.65815,-3.73737,0.08763,0.09603,0.04818,0.30269,-0.17530,-0.55060,-3.45952,-3.79109,-1.90189
0.17100,0.78113,0.06886,0.40405,0.02686,0.23792,-0.35369,0.40704,-2.66817,-3.72410,0.08793,0.09585,0.04762,0.29923,-0.17908,-0.55249,-3.47140,-3.78409,-1.88011
0.17200,0.78115,0.06910,0.40369,0.02727,0.23525,-0.35740,0.40279,-2.67810,-3.71068,0.08823,0.09567,0.04707,0.29575,-0.18286,-0.55436,-3.48315,-3.77695,-1.85826
0.17300,0.78118,0.06933,0.40333,0.02767,0.23256,-0.36111,0.39848,-2.68794,-3.69711,0.08852,0.09549,0.04652,0.29226,-0.18664,-0.55621,-3.49475,-3.76965,-1.83634
0.17400,0.78121,0.06957,0.40297,0.02806,0.22987,-0.36480,0.39410,-2.69769,-3.68339,0.08881,0.09530,0.04596,0.28876,-0.19040,-0.55803,-3.50622,-3.76221,-1.81435
0.17500,0.78124,0.06979,0.40260,0.02845,0.22717,-0.36847,0.38966,-2.70735,-3.66952,0.08910,0.09511,0.04540,0.28525,-0.19416,-0.55984,-3.51755,-3.75462,-1.79228
0.17600,0.78127,0.07002,0.40223,0.02884,0.22446,-0.37214,0.38516,-2.71693,-3.65550,0.08938,0.09491,0.04484,0.28173,-0.19791,-0.56162,-3.52874,-3.74688,-1.77015
0.17700,0.78130,0.07024,0.40186,0.02923,0.22174,-0.37579,0.38060,-2.72641,-3.64132,0.08966,0.09471,0.04428,0.27819,-0.20165,-0.56338,-3.53980,-3.73899,-1.74794
0.17800,0.78132,0.07046,0.40148,0.02960,0.21900,-0.37942,0.37598,-2.73580,-3.62700,0.08994,0.09451,0.04371,0.27465,-0.20539,-0.56511,-3.55071,-3.73096,-1.72566
0.17900,0.78135,0.07068,0.40110,0.02998,0.21626,-0.38304,0.37130,-2.74510,-3.61254,0.09021,0.09430,0.04315,0.27109,-0.20912,-0.56683,-3.56148,-3.72278,-1.70332
0.18000,0.78138,0.07090,0.40071,0.03035,0.21351,-0.38664,0.36657,-2.75431,-3.59792,0.09048,0.09409,0.04258,0.26753,-0.21284,-0.56852,-3.57211,-3.71445,-1.68091
0.18100,0.78142,0.07111,0.40033,0.03071,0.21076,-0.39024,0.36178,-2.76343,-3.58315,0.09075,0.09387,0.04201,0.26395,-0.21655,-0.57019,-3.58260,-3.70597,-1.65843
0.18200,0.78145,0.07132,0.39993,0.03107,0.20799,-0.39381,0.35693,-2.77245,-3.56824,0.09101,0.09365,0.04144,0.26036,-0.22025,-0.57184,-3.59295,-3.69735,-1.63589
0.18300,0.78148,0.07152,0.39954,0.03142,0.20521,-0.39737,0.35202,-2.78138,-3.55318,0.09127,0.09343,0.04086,0.25676,-0.22394,-0.57346,-3.60316,-3.68858,-1.61328
0.18400,0.78151,0.07173,0.39914,0.03177,0.20242,-0.40092,0.34706,-2.79021,-3.53797,0.09152,0.09321,0.04029,0.25315,-0.22762,-0.57506,-3.61323,-3.67967,-1.59061
0.18500,0.78154,0.07193,0.39874,0.03212,0.19963,-0.40445,0.34205,-2.79895,-3.52262,0.09178,0.09298,0.03971,0.24954,-0.23130,-0.57664,-3.62315,-3.67061,-1.56788
0.18600,0.78157,0.07213,0.39833,0.03246,0.19683,-0.40796,0.33698,-2.80759,-3.50712,0.09202,0.09274,0.03914,0.24591,-0.23497,-0.57820,-3.63293,-3.66141,-1.54508
0.18700,0.78161,0.07232,0.39792,0.03279,0.19401,-0.41146,0.33186,-2.81613,-3.49148,0.09227,0.09251,0.03856,0.24227,-0.23862,-0.57973,-3.64257,-3.65206,-1.52222
0.18800,0.78164,0.07251,0.39751,0.03312,0.19119,-0.41495,0.32669,-2.82458,-3.47569,0.09251,0.09227,0.03798,0.23862,-0.24227,-0.58124,-3.65206,-3.64257,-1.49931
0.18900,0.78167,0.07270,0.39709,0.03345,0.18837,-0.41841,0.32147,-2.83293,-3.45975,0.09274,0.09202,0.03740,0.23497,-0.24591,-0.58273,-3.66141,-3.63293,-1.47633
0.19000,0.78171,0.07289,0.39667,0.03376,0.18553,-0.42186,0.31619,-2.84118,-3.44368,0.09298,0.09178,0.03681,0.23130,-0.24954,-0.58420,-3.67061,-3.62315,-1.45330
0.19100,0.78174,0.07308,0.39625,0.03408,0.18268,-0.42530,0.31087,-2.84933,-3.42745,0.09321,0.09152,0.03623,0.22762,-0.25315,-0.58564,-3.67967,-3.61323,-1.43021
0.19200,0.78177,0.07326,0.39582,0.03439,0.17983,-0.42872,0.30550,-2.85738,-3.41109,0.09343,0.09127,0.03564,0.22394,-0.25676,-0.58706,-3.68858,-3.60316,-1.40706
0.19300,0.78181,0.07344,0.39539,0.03469,0.17697,-0.43212,0.30008,-2.86533,-3.39458,0.09365,0.09101,0.03505,0.22025,-0.26036,-0.58845,-3.69735,-3.59295,-1.38385
0.19400,0.78184,0.07361,0.39496,0.03499,0.17410,-0.43551,0.29461,-2.87318,-3.37793,0.09387,0.09075,0.03446,0.21655,-0.26395,-0.58982,-3.70597,-3.58260,-1.36060
0.19500,0.78188,0.07378,0.39452,0.03528,0.17122,-0.43888,0.28910,-2.88093,-3.36114,0.09409,0.09048,0.03387,0.21284,-0.26753,-0.59117,-3.71445,-3.57211,-1.33728
0.19600,0.78191,0.07395,0.39408,0.03556,0.16834,-0.44223,0.28354,-2.88858,-3.34420,0.09430,0.09021,0.03328,0.20912,-0.27109,-0.59250,-3.72278,-3.56148,-1.31392
0.19700,0.78195,0.07412,0.39363,0.03584,0.16545,-0.44557,0.27794,-2.89612,-3.32713,0.09451,0.08994,0.03269,0.20539,-0.27465,-0.59380,-3.73096,-3.55071,-1.29050
0.19800,0.78199,0.07428,0.39319,0.03612,0.16255,-0.44889,0.27230,-2.90356,-3.30991,0.09471,0.08966,0.03209,0.20165,-0.27819,-0.59508,-3.73899,-3.53980,-1.26703
0.19900,0.78202,0.07445,0.39274,0.03639,0.15964,-0.45219,0.26661,-2.91090,-3.29256,0.09491,0.08938,0.03150,0.19791,-0.28173,-0.59633,-3.74688,-3.52874,-1.24352
0.20000,0.78206,0.07460,0.39228,0.03665,0.15672,-0.45547,0.26088,-2.91813,-3.27506,0.09511,0.08910,0.03090,0.19416,-0.28525,-0.59757,-3.75462,-3.51755,-1.21995
0.20100,0.78210,0.07476,0.39182,0.03691,0.15380,-0.45874,0.25511,-2.92525,-3.25743,0.09530,0.08881,0.03030,0.19040,-0.28876,-0.59877,-3.76221,-3.50622,-1.19634
0.20200,0.78213,0.07491,0.39136,0.03716,0.15087,-0.46199,0.24930,-2.93227,-3.23966,0.09549,0.08852,0.02970,0.18664,-0.29226,-0.59996,-3.76965,-3.49475,-1.17267
0.20300,0.78217,0.07506,0.39090,0.03741,0.14794,-0.46522,0.24345,-2.93918,-3.22175,0.09567,0.08823,0.02910,0.18286,-0.29575,-0.60112,-3.77695,-3.48315,-1.14896
0.20400,0.78221,0.07521,0.39043,0.03765,0.14499,-0.46843,0.23756,-2.94599,-3.20370,0.09585,0.08793,0.02850,0.17908,-0.29923,-0.60226,-3.78409,-3.47140,-1.12521
0.20500,0.78224,0.07535,0.38996,0.03789,0.14205,-0.47162,0.23163,-2.95268,-3.18552,0.09603,0.08763,0.02790,0.17530,-0.30269,-0.60337,-3.79109,-3.45952,-1.10141
0.20600,0.78228,0.07549,0.38949,0.03811,0.13909,-0.47480,0.22567,-2.95927,-3.16720,0.09620,0.08733,0.02730,0.17150,-0.30615,-0.60446,-3.79793,-3.44750,-1.07757
0.20700,0.78232,0.07563,0.38901,0.03834,0.13613,-0.47796,0.21967,-2.96575,-3.14875,0.09637,0.08702,0.02669,0.16770,-0.30959,-0.60553,-3.80463,-3.43535,-1.05369
0.20800,0.78236,0.07576,0.38853,0.03855,0.13316,-0.48110,0.21364,-2.97212,-3.13016,0.09654,0.08671,0.02608,0.16389,-0.31302,-0.60657,-3.81117,-3.42306,-1.02976
0.20900,0.78240,0.07589,0.38805,0.03876,0.13018,-0.48422,0.20758,-2.97837,-3.11143,0.09670,0.08639,0.02548,0.16008,-0.31644,-0.60758,-3.81757,-3.41063,-1.00579
0.21000,0.78244,0.07602,0.38757,0.03897,0.12720,-0.48732,0.20148,-2.98452,-3.09258,0.09686,0.08607,0.02487,0.15626,-0.31984,-0.60858,-3.82381,-3.39807,-0.98179
0.21100,0.78248,0.07615,0.38708,0.03917,0.12421,-0.49040,0.19535,-2.99056,-3.07359,0.09701,0.08575,0.02426,0.15243,-0.32323,-0.60955,-3.82991,-3.38538,-0.95774
0.21200,0.78252,0.07627,0.38659,0.03936,0.12122,-0.49347,0.18919,-2.99648,-3.05447,0.09716,0.08543,0.02365,0.14860,-0.32661,-0.61049,-3.83585,-3.37255,-0.93366
0.21300,0.78255,0.07639,0.38609,0.03954,0.11822,-0.49651,0.18299,-3.00229,-3.03521,0.09731,0.08510,0.02304,0.14476,-0.32998,-0.61142,-3.84164,-3.35959,-0.90954
0.21400,0.78259,0.07651,0.38559,0.03972,0.11522,-0.49954,0.17677,-3.00798,-3.01583,0.09745,0.08477,0.02243,0.14091,-0.33333,-0.61231,-3.84728,-3.34650,-0.88539
0.21500,0.78263,0.07662,0.38509,0.03990,0.11220,-0.50254,0.17053,-3.01356,-2.99632,0.09759,0.08443,0.02181,0.13706,-0.33667,-0.61319,-3.85276,-3.33327,-0.86119
0.21600,0.78267,0.07673,0.38459,0.04007,0.10919,-0.50553,0.16425,-3.01903,-2.97667,0.09773,0.08409,0.02120,0.13321,-0.34000,-0.61404,-3.85810,-3.31992,-0.83697
0.21700,0.78271,0.07684,0.38408,0.04023,0.10617,-0.50850,0.15795,-3.02438,-2.95690,0.09786,0.08375,0.02059,0.12935,-0.34331,-0.61486,-3.86328,-3.30643,-0.81271
0.21800,0.78275,0.07695,0.38357,0.04038,0.10314,-0.51144,0.15162,-3.02961,-2.93700,0.09799,0.08341,0.01997,0.12548,-0.34661,-0.61566,-3.86831,-3.29281,-0.78842
0.21900,0.78279,0.07705,0.38306,0.04053,0.10011,-0.51437,0.14527,-3.03473,-2.91697,0.09811,0.08306,0.01935,0.12161,-0.34990,-0.61644,-3.87319,-3.27906,-0.76410
0.22000,0.78284,0.07715,0.38254,0.04067,0.09707,-0.51728,0.13890,-3.03973,-2.89681,0.09823,0.08271,0.01874,0.11774,-0.35317,-0.61719,-3.87791,-3.26518,-0.73975
0.22100,0.78288,0.07724,0.38202,0.04081,0.09403,-0.52016,0.13251,-3.04462,-2.87653,0.09834,0.08235,0.01812,0.11385,-0.35643,-0.61792,-3.88249,-3.25118,-0.71537
0.22200,0.78292,0.07733,0.38150,0.04094,0.09098,-0.52303,0.12609,-3.04938,-2.85613,0.09846,0.08200,0.01750,0.10997,-0.35967,-0.61862,-3.88690,-3.23704,-0.69096
0.22300,0.78296,0.07742,0.38098,0.04106,0.08793,-0.52588,0.11965,-3.05403,-2.83559,0.09856,0.08163,0.01688,0.10608,-0.36290,-0.61930,-3.89117,-3.22278,-0.66653
0.22400,0.78300,0.07751,0.38045,0.04118,0.08487,-0.52870,0.11320,-3.05855,-2.81494,0.09867,0.08127,0.01626,0.10219,-0.36612,-0.61995,-3.89528,-3.20839,-0.64207
0.22500,0.78304,0.07759,0.37992,0.04129,0.08181,-0.53151,0.10672,-3.06296,-2.79416,0.09877,0.08090,0.01564,0.09829,-0.36932,-0.62058,-3.89924,-3.19387,-0.61758
0.22600,0.78308,0.07767,0.37939,0.04139,0.07875,-0.53429,0.10023,-3.06724,-2.77326,0.09887,0.08053,0.01502,0.09439,-0.37250,-0.62119,-3.90304,-3.17923,-0.59307
0.22700,0.78312,0.07775,0.37885,0.04149,0.07568,-0.53705,0.09372,-3.07140,-2.75224,0.09896,0.08016,0.01440,0.09048,-0.37567,-0.62177,-3.90669,-3.16446,-0.56853
0.22800,0.78316,0.07782,0.37831,0.04158,0.07260,-0.53979,0.08720,-3.07545,-2.73109,0.09905,0.07978,0.01378,0.08658,-0.37883,-0.62233,-3.91018,-3.14957,-0.54397
0.22900,0.78321,0.07790,0.37777,0.04166,0.06953,-0.54251,0.08066,-3.07936,-2.70983,0.09913,0.07940,0.01316,0.08266,-0.38197,-0.62286,-3.91353,-3.13455,-0.51940
0.23000,0.78325,0.07796,0.37723,0.04174,0.06645,-0.54521,0.07411,-3.08316,-2.68845,0.09921,0.07902,0.01253,0.07875,-0.38510,-0.62336,-3.91671,-3.11941,-0.49480
0.23100,0.78329,0.07803,0.37668,0.04181,0.06336,-0.54789,0.06755,-3.08683,-2.66695,0.09929,0.07863,0.01191,0.07483,-0.38821,-0.62385,-3.91974,-3.10414,-0.47018
0.23200,0.78333,0.07809,0.37613,0.04187,0.06027,-0.55055,0.06098,-3.09038,-2.64533,0.09936,0.07824,0.01129,0.07091,-0.39131,-0.62430,-3.92262,-3.08876,-0.44554
0.23300,0.78337,0.07815,0.37558,0.04193,0.05718,-0.55318,0.05439,-3.09380,-2.62359,0.09943,0.07785,0.01066,0.06699,-0.39439,-0.62474,-3.92534,-3.07325,-0.42088
0.23400,0.78342,0.07820,0.37503,0.04198,0.05408,-0.55580,0.04780,-3.09710,-2.60174,0.09950,0.07745,0.01004,0.06306,-0.39746,-0.62515,-3.92791,-3.05762,-0.39621
0.23500,0.78346,0.07826,0.37447,0.04203,0.05099,-0.55839,0.04120,-3.10027,-2.57978,0.09956,0.07705,0.00941,0.05913,-0.40051,-0.62553,-3.93032,-3.04186,-0.37152
0.23600,0.78350,0.07831,0.37391,0.04207,0.04788,-0.56095,0.03459,-3.10332,-2.55770,0.09961,0.07665,0.00879,0.05520,-0.40354,-0.62589,-3.93258,-3.02599,-0.34682
0.23700,0.78354,0.07835,0.37335,0.04210,0.04478,-0.56350,0.02798,-3.10624,-2.53550,0.09967,0.07624,0.00816,0.05126,-0.40656,-0.62622,-3.93468,-3.01000,-0.32211
0.23800,0.78358,0.07840,0.37278,0.04212,0.04167,-0.56603,0.02136,-3.10903,-2.51320,0.09972,0.07584,0.00753,0.04733,-0.40956,-0.62653,-3.93663,-2.99389,-0.29738
0.23900,0.78363,0.07844,0.37221,0.04214,0.03856,-0.56853,0.01474,-3.11170,-2.49078,0.09976,0.07543,0.00691,0.04339,-0.41254,-0.62682,-3.93842,-2.97767,-0.27264
0.24000,0.78367,0.07847,0.37164,0.04215,0.03545,-0.57101,0.00811,-3.11424,-2.46825,0.09980,0.07501,0.00628,0.03945,-0.41551,-0.62708,-3.94005,-2.96132,-0.24789
0.24100,0.78371,0.07851,0.37107,0.04216,0.03233,-0.57346,0.00148,-3.11664,-2.44562,0.09984,0.07459,0.00565,0.03551,-0.41847,-0.62731,-3.94153,-2.94486,-0.22313
0.24200,0.78375,0.07854,0.37050,0.04215,0.02922,-0.57590,-0.00515,-3.11892,-2.42287,0.09987,0.07417,0.00502,0.03157,-0.42140,-0.62752,-3.94286,-2.92828,-0.19836
0.24300,0.78379,0.07857,0.36992,0.04214,0.02610,-0.57831,-0.01177,-3.12107,-2.40001,0.09990,0.07375,0.00440,0.02763,-0.42432,-0.62771,-3.94402,-2.91159,-0.17358
0.24400,0.78376,0.07858,0.36930,0.04213,0.02297,-0.58070,-0.01840,-3.12309,-2.37705,0.09993,0.07333,0.00377,0.02368,-0.42723,-0.62787,-3.94504,-2.89478,-0.14879
0.24500,0.78380,0.07860,0.36872,0.04211,0.01985,-0.58306,-0.02503,-3.12498,-2.35399,0.09995,0.07290,0.00314,0.01974,-0.43011,-0.62801,-3.94589,-2.87785,-0.12400
0.24600,0.78392,0.07863,0.36817,0.04208,0.01672,-0.58541,-0.03165,-3.12674,-2.33081,0.09997,0.07247,0.00251,0.01579,-0.43298,-0.62812,-3.94659,-2.86082,-0.09921
0.24700,0.78396,0.07864,0.36759,0.04204,0.01360,-0.58773,-0.03827,-3.12836,-2.30754,0.09998,0.07203,0.00188,0.01184,-0.43584,-0.62821,-3.94714,-2.84367,-0.07441
0.24800,0.78393,0.07865,0.36696,0.04200,0.01047,-0.59002,-0.04488,-3.12986,-2.28416,0.09999,0.07159,0.00126,0.00790,-0.43867,-0.62827,-3.94753,-2.82640,-0.04961
0.24900,0.78397,0.07866,0.36637,0.04196,0.00734,-0.59229,-0.05149,-3.13122,-2.26067,0.10000,0.07115,0.00063,0.00395,-0.44149,-0.62831,-3.94776,-2.80903,-0.02480
0.25000,0.78401,0.07866,0.36577,0.04190,0.00420,-0.59454,-0.05808,-3.13245,-2.23709,0.10000,0.07071,0.00000,0.00000,-0.44429,-0.62832,-3.94784,-2.79155,-0.00000
0.25100,0.78413,0.07867,0.36522,0.04184,0.00107,-0.59677,-0.06468,-3.13355,-2.21341,0.10000,0.07026,-0.00063,-0.00395,-0.44707,-0.62831,-3.94776,-2.77395,0.02480
0.25200,0.78417,0.07867,0.36462,0.04177,-0.00206,-0.59897,-0.07126,-3.13451,-2.18962,0.09999,0.06982,-0.00126,-0.00790,-0.44984,-0.62827,-3.94753,-2.75625,0.04961
0.25300,0.78421,0.07867,0.36402,0.04170,-0.00520,-0.60115,-0.07783,-3.13534,-2.16574,0.09998,0.06937,-0.00188,-0.01184,-0.45258,-0.62821,-3.94714,-2.73843,0.07441
0.25400,0.78418,0.07865,0.36338,0.04162,-0.00833,-0.60330,-0.08439,-3.13603,-2.14176,0.09997,0.06891,-0.00251,-0.01579,-0.45531,-0.62812,-3.94659,-2.72051,0.09921
0.25500,0.78422,0.07864,0.36277,0.04153,-0.01147,-0.60543,-0.09093,-3.13659,-2.11769,0.09995,0.06845,-0.00314,-0.01974,-0.45802,-0.62801,-3.94589,-2.70248,0.12400
0.25600,0.78434,0.07864,0.36221,0.04143,-0.01461,-0.60754,-0.09747,-3.13702,-2.09352,0.09993,0.06800,-0.00377,-0.02368,-0.46072,-0.62787,-3.94504,-2.68435,0.14879
0.25700,0.78438,0.07862,0.36160,0.04133,-0.01774,-0.60962,-0.10399,-3.13731,-2.06925,0.09990,0.06753,-0.00440,-0.02763,-0.46339,-0.62771,-3.94402,-2.66611,0.17358
0.25800,0.78442,0.07860,0.36099,0.04123,-0.02088,-0.61167,-0.11049,-3.13746,-2.04489,0.09987,0.06707,-0.00502,-0.03157,-0.46605,-0.62752,-3.94286,-2.64776,0.19836
0.25900,0.78446,0.07858,0.36038,0.04111,-0.02402,-0.61371,-0.11698,-3.13748,-2.02044,0.09984,0.06660,-0.00565,-0.03551,-0.46869,-0.62731,-3.94153,-2.62931,0.22313
0.26000,0.78450,0.07856,0.35976,0.04099,-0.02716,-0.61572,-0.12344,-3.13736,-1.99590,0.09980,0.06613,-0.00628,-0.03945,-0.47131,-0.62708,-3.94005,-2.61075,0.24789
0.26100,0.78454,0.07853,0.35914,0.04086,-0.03029,-0.61770,-0.12990,-3.13711,-1.97127,0.09976,0.06566,-0.00691,-0.04339,-0.47391,-0.62682,-3.93842,-2.59210,0.27264
0.26200,0.78459,0.07850,0.35853,0.04073,-0.03343,-0.61966,-0.13633,-3.13671,-1.94655,0.09972,0.06518,-0.00753,-0.04733,-0.47649,-0.62653,-3.93663,-2.57334,0.29738
0.26300,0.78463,0.07846,0.35791,0.04059,-0.03657,-0.62159,-0.14274,-3.13618,-1.92175,0.09967,0.06471,-0.00816,-0.05126,-0.47906,-0.62622,-3.93468,-2.55447,0.32211
0.26400,0.78467,0.07842,0.35728,0.04045,-0.03970,-0.62350,-0.14913,-3.13552,-1.89685,0.09961,0.06423,-0.00879,-0.05520,-0.48160,-0.62589,-3.93258,-2.53551,0.34682
0.26500,0.78471,0.07838,0.35666,0.04029,-0.04284,-0.62539,-0.15549,-3.13471,-1.87187,0.09956,0.06374,-0.00941,-0.05913,-0.48413,-0.62553,-3.93032,-2.51645,0.37152
0.26600,0.78475,0.07834,0.35603,0.04014,-0.04597,-0.62725,-0.16184,-3.13377,-1.84681,0.09950,0.06326,-0.01004,-0.06306,-0.48663,-0.62515,-3.92791,-2.49729,0.39621
0.26700,0.78479,0.07829,0.35540,0.03997,-0.04911,-0.62908,-0.16815,-3.13269,-1.82166,0.09943,0.06277,-0.01066,-0.06699,-0.48912,-0.62474,-3.92534,-2.47803,0.42088
0.26800,0.78483,0.07824,0.35477,0.03980,-0.05224,-0.63089,-0.17445,-3.13147,-1.79643,0.09936,0.06228,-0.01129,-0.07091,-0.49159,-0.62430,-3.92262,-2.45867,0.44554
0.26900,0.78487,0.07819,0.35414,0.03962,-0.05537,-0.63267,-0.18071,-3.13011,-1.77112,0.09929,0.06179,-0.01191,-0.07483,-0.49404,-0.62385,-3.91974,-2.43921,0.47018
0.27000,0.78491,0.07813,0.35351,0.03944,-0.05850,-0.63443,-0.18695,-3.12862,-1.74573,0.09921,0.06129,-0.01253,-0.07875,-0.49647,-0.62336,-3.91671,-2.41966,0.49480
0.27100,0.78495,0.07807,0.35287,0.03925,-0.06163,-0.63616,-0.19316,-3.12698,-1.72026,0.09913,0.06079,-0.01316,-0.08266,-0.49888,-0.62286,-3.91353,-2.40001,0.51940
0.27200,0.78499,0.07800,0.35224,0.03905,-0.06475,-0.63787,-0.19934,-3.12520,-1.69471,0.09905,0.06029,-0.01378,-0.08658,-0.50127,-0.62233,-3.91018,-2.38027,0.54397
0.27300,0.78502,0.07794,0.35160,0.03885,-0.06788,-0.63955,-0.20549,-3.12329,-1.66908,0.09896,0.05979,-0.01440,-0.09048,-0.50364,-0.62177,-3.90669,-2.36043,0.56853
0.27400,0.78506,0.07787,0.35096,0.03864,-0.07100,-0.64121,-0.21161,-3.12123,-1.64338,0.09887,0.05929,-0.01502,-0.09439,-0.50599,-0.62119,-3.90304,-2.34050,0.59307
0.27500,0.78510,0.07780,0.35032,0.03843,-0.07412,-0.64284,-0.21769,-3.11904,-1.61761,0.09877,0.05878,-0.01564,-0.09829,-0.50832,-0.62058,-3.89924,-2.32048,0.61758
0.27600,0.78514,0.07772,0.34967,0.03820,-0.07724,-0.64444,-0.22375,-3.11670,-1.59176,0.09867,0.05827,-0.01626,-0.10219,-0.51063,-0.61995,-3.89528,-2.30037,0.64207
0.27700,0.78518,0.07764,0.34903,0.03798,-0.08035,-0.64602,-0.22977,-3.11423,-1.56584,0.09856,0.05776,-0.01688,-0.10608,-0.51292,-0.61930,-3.89117,-2.28017,0.66653
0.27800,0.78522,0.07756,0.34838,0.03775,-0.08346,-0.64758,-0.23575,-3.11161,-1.53985,0.09846,0.05724,-0.01750,-0.10997,-0.51519,-0.61862,-3.88690,-2.25987,0.69096
0.27900,0.78525,0.07748,0.34773,0.03751,-0.08657,-0.64910,-0.24170,-3.10885,-1.51379,0.09834,0.05673,-0.01812,-0.11385,-0.51744,-0.61792,-3.88249,-2.23949,0.71537
0.28000,0.78529,0.07739,0.34708,0.03726,-0.08968,-0.65060,-0.24760,-3.10596,-1.48766,0.09823,0.05621,-0.01874,-0.11774,-0.51967,-0.61719,-3.87791,-2.21902,0.73975
0.28100,0.78533,0.07730,0.34643,0.03701,-0.09279,-0.65208,-0.25348,-3.10292,-1.46147,0.09811,0.05569,-0.01935,-0.12161,-0.52188,-0.61644,-3.87319,-2.19846,0.76410
0.28200,0.78536,0.07720,0.34578,0.03676,-0.09589,-0.65353,-0.25931,-3.09974,-1.43521,0.09799,0.05516,-0.01997,-0.12548,-0.52407,-0.61566,-3.86831,-2.17781,0.78842
0.28300,0.78540,0.07710,0.34512,0.03649,-0.09899,-0.65495,-0.26510,-3.09642,-1.40888,0.09786,0.05464,-0.02059,-0.12935,-0.52623,-0.61486,-3.86328,-2.15708,0.81271
0.28400,0.78544,0.07700,0.34447,0.03622,-0.10208,-0.65634,-0.27085,-3.09296,-1.38249,0.09773,0.05411,-0.02120,-0.13321,-0.52838,-0.61404,-3.85810,-2.13626,0.83697
0.28500,0.78547,0.07690,0.34381,0.03595,-0.10517,-0.65771,-0.27656,-3.08936,-1.35604,0.09759,0.05358,-0.02181,-0.13706,-0.53051,-0.61319,-3.85276,-2.11536,0.86119
0.28600,0.78551,0.07679,0.34315,0.03567,-0.10826,-0.65906,-0.28223,-3.08562,-1.32953,0.09745,0.05305,-0.02243,-0.14091,-0.53261,-0.61231,-3.84728,-2.09437,0.88539
0.28700,0.78555,0.07668,0.34249,0.03539,-0.11134,-0.66037,-0.28785,-3.08174,-1.30295,0.09731,0.05252,-0.02304,-0.14476,-0.53470,-0.61142,-3.84164,-2.07331,0.90954
0.28800,0.78558,0.07657,0.34183,0.03510,-0.11442,-0.66166,-0.29343,-3.07771,-1.27632,0.09716,0.05198,-0.02365,-0.14860,-0.53676,-0.61049,-3.83585,-2.05216,0.93366
0.28900,0.78562,0.07645,0.34117,0.03480,-0.11750,-0.66293,-0.29896,-3.07355,-1.24963,0.09701,0.05144,-0.02426,-0.15243,-0.53880,-0.60955,-3.82991,-2.03093,0.95774
0.29000,0.78565,0.07634,0.34051,0.03450,-0.12057,-0.66416,-0.30445,-3.06924,-1.22289,0.09686,0.05090,-0.02487,-0.15626,-0.54082,-0.60858,-3.82381,-2.00961,0.98179
0.29100,0.78568,0.07621,0.33984,0.03419,-0.12364,-0.66537,-0.30989,-3.06479,-1.19609,0.09670,0.05036,-0.02548,-0.16008,-0.54282,-0.60758,-3.81757,-1.98822,1.00579
0.29200,0.78572,0.07609,0.33917,0.03388,-0.12670,-0.66655,-0.31528,-3.06021,-1.16923,0.09654,0.04982,-0.02608,-0.16389,-0.54480,-0.60657,-3.81117,-1.96676,1.02976
0.29300,0.78575,0.07596,0.33851,0.03356,-0.12976,-0.66771,-0.32063,-3.05548,-1.14233,0.09637,0.04927,-0.02669,-0.16770,-0.54675,-0.60553,-3.80463,-1.94521,1.05369
0.29400,0.78579,0.07583,0.33784,0.03324,-0.13281,-0.66884,-0.32592,-3.05061,-1.11537,0.09620,0.04873,-0.02730,-0.17150,-0.54869,-0.60446,-3.79793,-1.92359,1.07757
0.29500,0.78582,0.07569,0.33717,0.03291,-0.13586,-0.66994,-0.33116,-3.04560,-1.08836,0.09603,0.04818,-0.02790,-0.17530,-0.55060,-0.60337,-3.79109,-1.90189,1.10141
0.29600,0.78585,0.07556,0.33650,0.03257,-0.13890,-0.67102,-0.33635,-3.04045,-1.06131,0.09585,0.04762,-0.02850,-0.17908,-0.55249,-0.60226,-3.78409,-1.88011,1.12521
0.29700,0.78588,0.07542,0.33583,0.03224,-0.14194,-0.67206,-0.34149,-3.03516,-1.03420,0.09567,0.04707,-0.02910,-0.18286,-0.55436,-0.60112,-3.77695,-1.85826,1.14896
0.29800,0.78592,0.07527,0.33516,0.03189,-0.14497,-0.67308,-0.34658,-3.02972,-1.00705,0.09549,0.04652,-0.02970,-0.18664,-0.55621,-0.59996,-3.76965,-1.83634,1.17267
0.29900,0.78595,0.07513,0.33448,0.03154,-0.14800,-0.67408,-0.35161,-3.02415,-0.97986,0.09530,0.04596,-0.03030,-0.19040,-0.55803,-0.59877,-3.76221,-1.81435,1.19634
0.30000,0.78598,0.07498,0.33381,0.03119,-0.15102,-0.67504,-0.35659,-3.01844,-0.95262,0.09511,0.04540,-0.03090,-0.19416,-0.55984,-0.59757,-3.75462,-1.79228,1.21995
0.30100,0.78601,0.07482,0.33313,0.03083,-0.15404,-0.67598,-0.36151,-3.01259,-0.92534,0.09491,0.04484,-0.03150,-0.19791,-0.56162,-0.59633,-3.74688,-1.77015,1.24352
0.30200,0.78604,0.07467,0.33246,0.03047,-0.15705,-0.67689,-0.36637,-3.00660,-0.89802,0.09471,0.04428,-0.03209,-0.20165,-0.56338,-0.59508,-3.73899,-1.74794,1.26703
0.30300,0.78607,0.07451,0.33178,0.03010,-0.16005,-0.67778,-0.37118,-3.00046,-0.87066,0.09451,0.04371,-0.03269,-0.20539,-0.56511,-0.59380,-3.73096,-1.72566,1.29050
0.30400,0.78610,0.07435,0.33110,0.02972,-0.16305,-0.67864,-0.37593,-2.99419,-0.84327,0.09430,0.04315,-0.03328,-0.20912,-0.56683,-0.59250,-3.72278,-1.70332,1.31392
0.30500,0.78613,0.07418,0.33042,0.02935,-0.16604,-0.67946,-0.38062,-2.98778,-0.81583,0.09409,0.04258,-0.03387,-0.21284,-0.56852,-0.59117,-3.71445,-1.68091,1.33728
0.30600,0.78616,0.07402,0.32974,0.02896,-0.16902,-0.68027,-0.38525,-2.98123,-0.78836,0.09387,0.04201,-0.03446,-0.21655,-0.57019,-0.58982,-3.70597,-1.65843,1.36060
0.30700,0.78619,0.07385,0.32906,0.02857,-0.17200,-0.68104,-0.38983,-2.97455,-0.76086,0.09365,0.04144,-0.03505,-0.22025,-0.57184,-0.58845,-3.69735,-1.63589,1.38385
0.30800,0.78622,0.07367,0.32838,0.02818,-0.17497,-0.68179,-0.39434,-2.96772,-0.73332,0.09343,0.04086,-0.03564,-0.22394,-0.57346,-0.58706,-3.68858,-1.61328,1.40706
0.30900,0.78624,0.07350,0.32770,0.02779,-0.17793,-0.68251,-0.39879,-2.96076,-0.70575,0.09321,0.04029,-0.03623,-0.22762,-0.57506,-0.58564,-3.67967,-1.59061,1.43021
0.31000,0.78627,0.07332,0.32701,0.02739,-0.18089,-0.68320,-0.40317,-2.95365,-0.67815,0.09298,0.03971,-0.03681,-0.23130,-0.57664,-0.58420,-3.67061,-1.56788,1.45330
0.31100,0.78630,0.07313,0.32633,0.02698,-0.18384,-0.68386,-0.40750,-2.94641,-0.65052,0.09274,0.03914,-0.03740,-0.23497,-0.57820,-0.58273,-3.66141,-1.54508,1.47633
0.31200,0.78633,0.07295,0.32565,0.02657,-0.18678,-0.68450,-0.41176,-2.93903,-0.62286,0.09251,0.03856,-0.03798,-0.23862,-0.57973,-0.58124,-3.65206,-1.52222,1.49931
0.31300,0.78635,0.07276,0.32496,0.02616,-0.18972,-0.68511,-0.41595,-2.93152,-0.59518,0.09227,0.03798,-0.03856,-0.24227,-0.58124,-0.57973,-3.64257,-1.49931,1.52222
0.31400,0.78638,0.07257,0.32428,0.02574,-0.19265,-0.68569,-0.42008,-2.92387,-0.56747,0.09202,0.03740,-0.03914,-0.24591,-0.58273,-0.57820,-3.63293,-1.47633,1.54508
0.31500,0.78640,0.07238,0.32359,0.02532,-0.19557,-0.68624,-0.42415,-2.91608,-0.53974,0.09178,0.03681,-0.03971,-0.24954,-0.58420,-0.57664,-3.62315,-1.45330,1.56788
0.31600,0.78643,0.07218,0.32290,0.02489,-0.19848,-0.68677,-0.42815,-2.90816,-0.51198,0.09152,0.03623,-0.04029,-0.25315,-0.58564,-0.57506,-3.61323,-1.43021,1.59061
0.31700,0.78645,0.07198,0.32222,0.02446,-0.20138,-0.68727,-0.43208,-2.90010,-0.48421,0.09127,0.03564,-0.04086,-0.25676,-0.58706,-0.57346,-3.60316,-1.40706,1.61328
0.31800,0.78648,0.07178,0.32153,0.02403,-0.20428,-0.68774,-0.43594,-2.89190,-0.45641,0.09101,0.03505,-0.04144,-0.26036,-0.58845,-0.57184,-3.59295,-1.38385,1.63589
0.31900,0.78650,0.07157,0.32084,0.02359,-0.20717,-0.68818,-0.43974,-2.88357,-0.42860,0.09075,0.03446,-0.04201,-0.26395,-0.58982,-0.57019,-3.58260,-1.36060,1.65843
0.32000,0.78653,0.07136,0.32015,0.02315,-0.21005,-0.68860,-0.44346,-2.87511,-0.40077,0.09048,0.03387,-0.04258,-0.26753,-0.59117,-0.56852,-3.57211,-1.33728,1.68091
0.32100,0.78655,0.07115,0.31946,0.02270,-0.21292,-0.68898,-0.44712,-2.86651,-0.37292,0.09021,0.03328,-0.04315,-0.27109,-0.59250,-0.56683,-3.56148,-1.31392,1.70332
0.32200,0.78657,0.07094,0.31877,0.02225,-0.21578,-0.68934,-0.45070,-2.85778,-0.34506,0.08994,0.03269,-0.04371,-0.27465,-0.59380,-0.56511,-3.55071,-1.29050,1.72566
0.32300,0.78659,0.07072,0.31808,0.02180,-0.21863,-0.68967,-0.45422,-2.84891,-0.31718,0.08966,0.03209,-0.04428,-0.27819,-0.59508,-0.56338,-3.53980,-1.26703,1.74794
0.32400,0.78661,0.07050,0.31740,0.02134,-0.22148,-0.68998,-0.45766,-2.83991,-0.28930,0.08938,0.03150,-0.04484,-0.28173,-0.59633,-0.56162,-3.52874,-1.24352,1.77015
0.32500,0.78664,0.07028,0.31670,0.02088,-0.22431,-0.69025,-0.46103,-2.83078,-0.26140,0.08910,0.03090,-0.04540,-0.28525,-0.59757,-0.55984,-3.51755,-1.21995,1.79228
0.32600,0.78666,0.07005,0.31601,0.02042,-0.22714,-0.69050,-0.46433,-2.82152,-0.23349,0.08881,0.03030,-0.04596,-0.28876,-0.59877,-0.55803,-3.50622,-1.19634,1.81435
0.32700,0.78668,0.06982,0.31532,0.01996,-0.22996,-0.69072,-0.46756,-2.81213,-0.20558,0.08852,0.02970,-0.04652,-0.29226,-0.59996,-0.55621,-3.49475,-1.17267,1.83634
0.32800,0.78670,0.06959,0.31463,0.01949,-0.23276,-0.69091,-0.47071,-2.80260,-0.17766,0.08823,0.02910,-0.04707,-0.29575,-0.60112,-0.55436,-3.48315,-1.14896,1.85826
0.32900,0.78671,0.06936,0.31394,0.01901,-0.23556,-0.69107,-0.47379,-2.79295,-0.14973,0.08793,0.02850,-0.04762,-0.29923,-0.60226,-0.55249,-3.47140,-1.12521,1.88011
0.33000,0.78673,0.06912,0.31325,0.01854,-0.23835,-0.69121,-0.47679,-2.78316,-0.12181,0.08763,0.02790,-0.04818,-0.30269,-0.60337,-0.55060,-3.45952,-1.10141,1.90189
0.33100,0.78675,0.06888,0.31256,0.01806,-0.24113,-0.69132,-0.47972,-2.77325,-0.09387,0.08733,0.02730,-0.04873,-0.30615,-0.60446,-0.54869,-3.44750,-1.07757,1.92359
0.33200,0.78677,0.06864,0.31187,0.01758,-0.24390,-0.69140,-0.48258,-2.76321,-0.06594,0.08702,0.02669,-0.04927,-0.30959,-0.60553,-0.54675,-3.43535,-1.05369,1.94521
0.33300,0.78679,0.06839,0.31118,0.01710,-0.24665,-0.69145,-0.48535,-2.75304,-0.03801,0.08671,0.02608,-0.04982,-0.31302,-0.60657,-0.54480,-3.42306,-1.02976,1.96676
0.33400,0.78680,0.06814,0.31049,0.01661,-0.24940,-0.69147,-0.48805,-2.74274,-0.01008,0.08639,0.02548,-0.05036,-0.31644,-0.60758,-0.54282,-3.41063,-1.00579,1.98822
0.33500,0.78682,0.06789,0.30979,0.01612,-0.25214,-0.69147,-0.49068,-2.73231,0.01785,0.08607,0.02487,-0.05090,-0.31984,-0.60858,-0.54082,-3.39807,-0.98179,2.00961
0.33600,0.78684,0.06764,0.30910,0.01563,-0.25487,-0.69144,-0.49322,-2.72176,0.04578,0.08575,0.02426,-0.05144,-0.32323,-0.60955,-0.53880,-3.38538,-0.95774,2.03093
0.33700,0.78685,0.06738,0.30841,0.01513,-0.25758,-0.69138,-0.49569,-2.71108,0.07369,0.08543,0.02365,-0.05198,-0.32661,-0.61049,-0.53676,-3.37255,-0.93366,2.05216
0.33800,0.78687,0.06712,0.30772,0.01464,-0.26029,-0.69129,-0.49808,-2.70028,0.10161,0.08510,0.02304,-0.05252,-0.32998,-0.61142,-0.53470,-3.35959,-0.90954,2.07331
0.33900,0.78688,0.06686,0.30703,0.01414,-0.26298,-0.69118,-0.50039,-2.68935,0.12951,0.08477,0.02243,-0.05305,-0.33333,-0.61231,-0.53261,-3.34650,-0.88539,2.09437
0.34000,0.78689,0.06660,0.30634,0.01364,-0.26567,-0.69103,-0.50262,-2.67830,0.15740,0.08443,0.02181,-0.05358,-0.33667,-0.61319,-0.53051,-3.33327,-0.86119,2.11536
0.34100,0.78691,0.06633,0.30565,0.01313,-0.26834,-0.69086,-0.50478,-2.66713,0.18529,0.08409,0.02120,-0.05411,-0.34000,-0.61404,-0.52838,-3.31992,-0.83697,2.13626
0.34200,0.78692,0.06606,0.30496,0.01263,-0.27100,-0.69066,-0.50685,-2.65583,0.21316,0.08375,0.02059,-0.05464,-0.34331,-0.61486,-0.52623,-3.30643,-0.81271,2.15708
0.34300,0.78693,0.06579,0.30427,0.01212,-0.27365,-0.69043,-0.50884,-2.64441,0.24102,0.08341,0.01997,-0.05516,-0.34661,-0.61566,-0.52407,-3.29281,-0.78842,2.17781
0.34400,0.78695,0.06551,0.30357,0.01161,-0.27629,-0.69018,-0.51075,-2.63287,0.26886,0.08306,0.01935,-0.05569,-0.34990,-0.61644,-0.52188,-3.27906,-0.76410,2.19846
0.34500,0.78696,0.06524,0.30288,0.01110,-0.27892,-0.68990,-0.51258,-2.62121,0.29669,0.08271,0.01874,-0.05621,-0.35317,-0.61719,-0.51967,-3.26518,-0.73975,2.21902
0.34600,0.78697,0.06496,0.30220,0.01058,-0.28153,-0.68959,-0.51433,-2.60943,0.32450,0.08235,0.01812,-0.05673,-0.35643,-0.61792,-0.51744,-3.25118,-0.71537,2.23949
0.34700,0.78698,0.06467,0.30151,0.01007,-0.28414,-0.68925,-0.51600,-2.59753,0.35229,0.08200,0.01750,-0.05724,-0.35967,-0.61862,-0.51519,-3.23704,-0.69096,2.25987
0.34800,0.78699,0.06439,0.30082,0.00955,-0.28673,-0.68888,-0.51759,-2.58552,0.38006,0.08163,0.01688,-0.05776,-0.36290,-0.61930,-0.51292,-3.22278,-0.66653,2.28017
0.34900,0.78700,0.06410,0.30013,0.00903,-0.28931,-0.68849,-0.51909,-2.57338,0.40781,0.08127,0.01626,-0.05827,-0.36612,-0.61995,-0.51063,-3.20839,-0.64207,2.30037
0.35000,0.78701,0.06381,0.29944,0.00851,-0.29187,-0.68807,-0.52051,-2.56113,0.43554,0.08090,0.01564,-0.05878,-0.36932,-0.62058,-0.50832,-3.19387,-0.61758,2.32048
0.35100,0.78701,0.06352,0.29875,0.00799,-0.29443,-0.68762,-0.52185,-2.54876,0.46324,0.08053,0.01502,-0.05929,-0.37250,-0.62119,-0.50599,-3.17923,-0.59307,2.34050
0.35200,0.78702,0.06322,0.29806,0.00747,-0.29697,-0.68714,-0.52311,-2.53628,0.49092,0.08016,0.01440,-0.05979,-0.37567,-0.62177,-0.50364,-3.16446,-0.56853,2.36043
0.35300,0.78703,0.06292,0.29738,0.00695,-0.29950,-0.68663,-0.52429,-2.52368,0.51857,0.07978,0.01378,-0.06029,-0.37883,-0.62233,-0.50127,-3.14957,-0.54397,2.38027
0.35400,0.78704,0.06262,0.29669,0.00642,-0.30202,-0.68610,-0.52538,-2.51097,0.54620,0.07940,0.01316,-0.06079,-0.38197,-0.62286,-0.49888,-3.13455,-0.51940,2.40001
0.35500,0.78704,0.06232,0.29601,0.00589,-0.30452,-0.68554,-0.52638,-2.49814,0.57379,0.07902,0.01253,-0.06129,-0.38510,-0.62336,-0.49647,-3.11941,-0.49480,2.41966
0.35600,0.78705,0.06201,0.29532,0.00537,-0.30702,-0.68495,-0.52731,-2.48521,0.60136,0.07863,0.01191,-0.06179,-0.38821,-0.62385,-0.49404,-3.10414,-0.47018,2.43921
0.35700,0.78705,0.06170,0.29464,0.00484,-0.30949,-0.68434,-0.52815,-2.47216,0.62889,0.07824,0.01129,-0.06228,-0.39131,-0.62430,-0.49159,-3.08876,-0.44554,2.45867
0.35800,0.78706,0.06139,0.29395,0.00431,-0.31196,-0.68370,-0.52890,-2.45900,0.65639,0.07785,0.01066,-0.06277,-0.39439,-0.62474,-0.48912,-3.07325,-0.42088,2.47803
0.35900,0.78706,0.06108,0.29327,0.00378,-0.31441,-0.68303,-0.52958,-2.44573,0.68386,0.07745,0.01004,-0.06326,-0.39746,-0.62515,-0.48663,-3.05762,-0.39621,2.49729
0.36000,0.78706,0.06076,0.29259,0.00325,-0.31685,-0.68233,-0.53016,-2.43236,0.71129,0.07705,0.00941,-0.06374,-0.40051,-0.62553,-0.48413,-3.04186,-0.37152,2.51645
0.36100,0.78707,0.06045,0.29190,0.00272,-0.31928,-0.68160,-0.53067,-2.41887,0.73868,0.07665,0.00879,-0.06423,-0.40354,-0.62589,-0.48160,-3.02599,-0.34682,2.53551
0.36200,0.78707,0.06013,0.29122,0.00219,-0.32169,-0.68085,-0.53109,-2.40528,0.76604,0.07624,0.00816,-0.06471,-0.40656,-0.62622,-0.47906,-3.01000,-0.32211,2.55447
0.36300,0.78707,0.05980,0.29054,0.00166,-0.32409,-0.68007,-0.53142,-2.39158,0.79336,0.07584,0.00753,-0.06518,-0.40956,-0.62653,-0.47649,-2.99389,-0.29738,2.57334
0.36400,0.78707,0.05948,0.28986,0.00113,-0.32647,-0.67926,-0.53167,-2.37778,0.82064,0.07543,0.00691,-0.06566,-0.41254,-0.62682,-0.47391,-2.97767,-0.27264,2.59210
0.36500,0.78707,0.05915,0.28918,0.00060,-0.32884,-0.67843,-0.53184,-2.36387,0.84787,0.07501,0.00628,-0.06613,-0.41551,-0.62708,-0.47131,-2.96132,-0.24789,2.61075
0.36600,0.78707,0.05882,0.28851,0.00006,-0.33120,-0.67757,-0.53192,-2.34986,0.87507,0.07459,0.00565,-0.06660,-0.41847,-0.62731,-0.46869,-2.94486,-0.22313,2.62931
0.36700,0.78707,0.05849,0.28783,-0.00047,-0.33354,-0.67668,-0.53191,-2.33574,0.90222,0.07417,0.00502,-0.06707,-0.42140,-0.62752,-0.46605,-2.92828,-0.19836,2.64776
0.36800,0.78707,0.05815,0.28715,-0.00100,-0.33587,-0.67576,-0.53183,-2.32153,0.92932,0.07375,0.00440,-0.06753,-0.42432,-0.62771,-0.46339,-2.91159,-0.17358,2.66611
0.36900,0.78707,0.05782,0.28648,-0.00153,-0.33819,-0.67482,-0.53165,-2.30721,0.95638,0.07333,0.00377,-0.06800,-0.42723,-0.62787,-0.46072,-2.89478,-0.14879,2.68435
0.37000,0.78707,0.05748,0.28580,-0.00206,-0.34049,-0.67385,-0.53140,-2.29280,0.98339,0.07290,0.00314,-0.06845,-0.43011,-0.62801,-0.45802,-2.87785,-0.12400,2.70248
0.37100,0.78707,0.05714,0.28513,-0.00259,-0.34277,-0.67286,-0.53105,-2.27828,1.01035,0.07247,0.00251,-0.06891,-0.43298,-0.62812,-0.45531,-2.86082,-0.09921,2.72051
0.37200,0.78707,0.05679,0.28446,-0.00312,-0.34504,-0.67183,-0.53063,-2.26367,1.03726,0.07203,0.00188,-0.06937,-0.43584,-0.62821,-0.45258,-2.84367,-0.07441,2.73843
0.37300,0.78706,0.05645,0.28379,-0.00365,-0.34730,-0.67078,-0.53011,-2.24896,1.06412,0.07159,0.00126,-0.06982,-0.43867,-0.62827,-0.44984,-2.82640,-0.04961,2.75625
0.37400,0.78706,0.05610,0.28311,-0.00418,-0.34954,-0.66970,-0.52952,-2.23415,1.09093,0.07115,0.00063,-0.07026,-0.44149,-0.62831,-0.44707,-2.80903,-0.02480,2.77395
0.37500,0.78705,0.05575,0.28245,-0.00471,-0.35177,-0.66860,-0.52884,-2.21925,1.11768,0.07071,0.00000,-0.07071,-0.44429,-0.62832,-0.44429,-2.79155,-0.00000,2.79155
0.37600,0.78705,0.05539,0.28178,-0.00524,-0.35398,-0.66747,-0.52807,-2.20425,1.14438,0.07026,-0.00063,-0.07115,-0.44707,-0.62831,-0.44149,-2.77395,0.02480,2.80903
0.37700,0.78704,0.05504,0.28111,-0.00577,-0.35618,-0.66631,-0.52722,-2.18916,1.17103,0.06982,-0.00126,-0.07159,-0.44984,-0.62827,-0.43867,-2.75625,0.04961,2.82640
0.37800,0.78704,0.05468,0.28045,-0.00630,-0.35836,-0.66513,-0.52629,-2.17398,1.19761,0.06937,-0.00188,-0.07203,-0.45258,-0.62821,-0.43584,-2.73843,0.07441,2.84367
0.37900,0.78703,0.05432,0.27978,-0.00682,-0.36052,-0.66391,-0.52527,-2.15871,1.22414,0.06891,-0.00251,-0.07247,-0.45531,-0.62812,-0.43298,-2.72051,0.09921,2.86082
0.38000,0.78702,0.05396,0.27912,-0.00735,-0.36267,-0.66268,-0.52417,-2.14335,1.25061,0.06845,-0.00314,-0.07290,-0.45802,-0.62801,-0.43011,-2.70248,0.12400,2.87785
0.38100,0.78702,0.05360,0.27846,-0.00787,-0.36481,-0.66141,-0.52299,-2.12789,1.27702,0.06800,-0.00377,-0.07333,-0.46072,-0.62787,-0.42723,-2.68435,0.14879,2.89478
0.38200,0.78701,0.05323,0.27779,-0.00839,-0.36693,-0.66012,-0.52172,-2.11235,1.30336,0.06753,-0.00440,-0.07375,-0.46339,-0.62771,-0.42432,-2.66611,0.17358,2.91159
0.38300,0.78700,0.05286,0.27714,-0.00891,-0.36903,-0.65881,-0.52037,-2.09673,1.32965,0.06707,-0.00502,-0.07417,-0.46605,-0.62752,-0.42140,-2.64776,0.19836,2.92828
0.38400,0.78699,0.05249,0.27648,-0.00943,-0.37112,-0.65746,-0.51893,-2.08101,1.35587,0.06660,-0.00565,-0.07459,-0.46869,-0.62731,-0.41847,-2.62931,0.22313,2.94486
0.38500,0.78698,0.05212,0.27582,-0.00995,-0.37320,-0.65610,-0.51742,-2.06521,1.38202,0.06613,-0.00628,-0.07501,-0.47131,-0.62708,-0.41551,-2.61075,0.24789,2.96132
0.38600,0.78697,0.05175,0.27516,-0.01047,-0.37525,-0.65470,-0.51582,-2.04933,1.40811,0.06566,-0.00691,-0.07543,-0.47391,-0.62682,-0.41254,-2.59210,0.27264,2.97767
0.38700,0.78696,0.05137,0.27451,-0.01098,-0.37730,-0.65328,-0.51414,-2.03336,1.43413,0.06518,-0.00753,-0.07584,-0.47649,-0.62653,-0.40956,-2.57334,0.29738,2.99389
0.38800,0.78695,0.05099,0.27386,-0.01150,-0.37932,-0.65183,-0.51237,-2.01731,1.46008,0.06471,-0.00816,-0.07624,-0.47906,-0.62622,-0.40656,-2.55447,0.32211,3.01000
0.38900,0.78694,0.05061,0.27321,-0.01201,-0.38133,-0.65036,-0.51052,-2.00118,1.48597,0.06423,-0.00879,-0.07665,-0.48160,-0.62589,-0.40354,-2.53551,0.34682,3.02599
0.39000,0.78692,0.05023,0.27256,-0.01252,-0.38332,-0.64886,-0.50860,-1.98497,1.51178,0.06374,-0.00941,-0.07705,-0.48413,-0.62553,-0.40051,-2.51645,0.37152,3.04186
0.39100,0.78691,0.04984,0.27191,-0.01303,-0.38530,-0.64734,-0.50659,-1.96869,1.53752,0.06326,-0.01004,-0.07745,-0.48663,-0.62515,-0.39746,-2.49729,0.39621,3.05762
0.39200,0.78690,0.04946,0.27126,-0.01353,-0.38726,-0.64578,-0.50450,-1.95232,1.56319,0.06277,-0.01066,-0.07785,-0.48912,-0.62474,-0.39439,-2.47803,0.42088,3.07325
0.39300,0.78688,0.04907,0.27062,-0.01403,-0.38920,-0.64421,-0.50233,-1.93587,1.58878,0.06228,-0.01129,-0.07824,-0.49159,-0.62430,-0.39131,-2.45867,0.44554,3.08876
0.39400,0.78687,0.04868,0.26997,-0.01454,-0.39113,-0.64261,-0.50008,-1.91935,1.61430,0.06179,-0.01191,-0.07863,-0.49404,-0.62385,-0.38821,-2.43921,0.47018,3.10414
0.39500,0.78686,0.04829,0.26933,-0.01503,-0.39304,-0.64098,-0.49774,-1.90276,1.63975,0.06129,-0.01253,-0.07902,-0.49647,-0.62336,-0.38510,-2.41966,0.49480,3.11941
0.39600,0.78684,0.04789,0.26869,-0.01553,-0.39494,-0.63933,-0.49533,-1.88609,1.66511,0.06079,-0.01316,-0.07940,-0.49888,-0.62286,-0.38197,-2.40001,0.51940,3.13455
0.39700,0.78682,0.04750,0.26805,-0.01603,-0.39682,-0.63765,-0.49284,-1.86935,1.69040,0.06029,-0.01378,-0.07978,-0.50127,-0.62233,-0.37883,-2.38027,0.54397,3.14957
0.39800,0.78681,0.04710,0.26742,-0.01652,-0.39868,-0.63595,-0.49028,-1.85254,1.71561,0.05979,-0.01440,-0.08016,-0.50364,-0.62177,-0.37567,-2.36043,0.56853,3.16446
0.39900,0.78679,0.04670,0.26678,-0.01701,-0.40052,-0.63422,-0.48763,-1.83565,1.74074,0.05929,-0.01502,-0.08053,-0.50599,-0.62119,-0.37250,-2.34050,0.59307,3.17923
0.40000,0.78677,0.04630,0.26615,-0.01749,-0.40235,-0.63247,-0.48490,-1.81870,1.76579,0.05878,-0.01564,-0.08090,-0.50832,-0.62058,-0.36932,-2.32048,0.61758,3.19387
0.40100,0.78676,0.04590,0.26552,-0.01798,-0.40416,-0.63069,-0.48210,-1.80168,1.79076,0.05827,-0.01626,-0.08127,-0.51063,-0.61995,-0.36612,-2.30037,0.64207,3.20839
0.40200,0.78674,0.04549,0.26489,-0.01846,-0.40595,-0.62888,-0.47922,-1.78459,1.81564,0.05776,-0.01688,-0.08163,-0.51292,-0.61930,-0.36290,-2.28017,0.66653,3.22278
0.40300,0.78672,0.04508,0.26426,-0.01893,-0.40773,-0.62706,-0.47627,-1.76743,1.84044,0.05724,-0.01750,-0.08200,-0.51519,-0.61862,-0.35967,-2.25987,0.69096,3.23704
0.40400,0.78670,0.04467,0.26363,-0.01941,-0.40949,-0.62520,-0.47323,-1.75021,1.86516,0.05673,-0.01812,-0.08235,-0.51744,-0.61792,-0.35643,-2.23949,0.71537,3.25118
0.40500,0.78668,0.04426,0.26301,-0.01988,-0.41123,-0.62333,-0.47012,-1.73292,1.88979,0.05621,-0.01874,-0.08271,-0.51967,-0.61719,-0.35317,-2.21902,0.73975,3.26518
0.40600,0.78666,0.04385,0.26239,-0.02035,-0.41295,-0.62142,-0.46694,-1.71558,1.91433,0.05569,-0.01935,-0.08306,-0.52188,-0.61644,-0.34990,-2.19846,0.76410,3.27906
0.40700,0.78664,0.04344,0.26177,-0.02081,-0.41466,-0.61950,-0.46368,-1.69817,1.93878,0.05516,-0.01997,-0.08341,-0.52407,-0.61566,-0.34661,-2.17781,0.78842,3.29281
0.40800,0.78662,0.04302,0.26115,-0.02128,-0.41635,-0.61755,-0.46035,-1.68069,1.96315,0.05464,-0.02059,-0.08375,-0.52623,-0.61486,-0.34331,-2.15708,0.81271,3.30643
0.40900,0.78660,0.04261,0.26053,-0.02173,-0.41802,-0.61557,-0.45695,-1.66316,1.98742,0.05411,-0.02120,-0.08409,-0.52838,-0.61404,-0.34000,-2.13626,0.83697,3.31992
0.41000,0.78658,0.04219,0.25992,-0.02219,-0.41967,-0.61357,-0.45347,-1.64557,2.01161,0.05358,-0.02181,-0.08443,-0.53051,-0.61319,-0.33667,-2.11536,0.86119,3.33327
0.41100,0.78655,0.04177,0.25930,-0.02264,-0.42131,-0.61155,-0.44991,-1.62792,2.03570,0.05305,-0.02243,-0.08477,-0.53261,-0.61231,-0.33333,-2.09437,0.88539,3.34650
0.41200,0.78653,0.04134,0.25869,-0.02309,-0.42293,-0.60950,-0.44629,-1.61022,2.05970,0.05252,-0.02304,-0.08510,-0.53470,-0.61142,-0.32998,-2.07331,0.90954,3.35959
0.41300,0.78651,0.04092,0.25808,-0.02353,-0.42453,-0.60743,-0.44260,-1.59246,2.08361,0.05198,-0.02365,-0.08543,-0.53676,-0.61049,-0.32661,-2.05216,0.93366,3.37255
0.41400,0.78648,0.04050,0.25748,-0.02397,-0.42611,-0.60533,-0.43883,-1.57464,2.10742,0.05144,-0.02426,-0.08575,-0.53880,-0.60955,-0.32323,-2.03093,0.95774,3.38538
0.41500,0.78646,0.04007,0.25687,-0.02441,-0.42768,-0.60321,-0.43499,-1.55677,2.13114,0.05090,-0.02487,-0.08607,-0.54082,-0.60858,-0.31984,-2.00961,0.98179,3.39807
0.41600,0.78643,0.03964,0.25627,-0.02484,-0.42923,-0.60107,-0.43109,-1.53885,2.15476,0.05036,-0.02548,-0.08639,-0.54282,-0.60758,-0.31644,-1.98822,1.00579,3.41063
0.41700,0.78641,0.03921,0.25567,-0.02527,-0.43076,-0.59890,-0.42711,-1.52088,2.17829,0.04982,-0.02608,-0.08671,-0.54480,-0.60657,-0.31302,-1.96676,1.02976,3.42306
0.41800,0.78638,0.03878,0.25507,-0.02570,-0.43227,-0.59671,-0.42307,-1.50285,2.20171,0.04927,-0.02669,-0.08702,-0.54675,-0.60553,-0.30959,-1.94521,1.05369,3.43535
0.41900,0.78636,0.03835,0.25448,-0.02612,-0.43376,-0.59450,-0.41896,-1.48478,2.22504,0.04873,-0.02730,-0.08733,-0.54869,-0.60446,-0.30615,-1.92359,1.07757,3.44750
0.42000,0.78633,0.03791,0.25389,-0.02654,-0.43524,-0.59226,-0.41478,-1.46666,2.24827,0.04818,-0.02790,-0.08763,-0.55060,-0.60337,-0.30269,-1.90189,1.10141,3.45952
0.42100,0.78630,0.03748,0.25329,-0.02695,-0.43670,-0.59000,-0.41054,-1.44849,2.27140,0.04762,-0.02850,-0.08793,-0.55249,-0.60226,-0.29923,-1.88011,1.12521,3.47140
0.42200,0.78628,0.03704,0.25271,-0.02736,-0.43814,-0.58772,-0.40623,-1.43027,2.29442,0.04707,-0.02910,-0.08823,-0.55436,-0.60112,-0.29575,-1.85826,1.14896,3.48315
0.42300,0.78625,0.03660,0.25212,-0.02776,-0.43956,-0.58542,-0.40186,-1.41201,2.31735,0.04652,-0.02970,-0.08852,-0.55621,-0.59996,-0.29226,-1.83634,1.17267,3.49475
0.42400,0.78622,0.03616,0.25153,-0.02816,-0.44096,-0.58309,-0.39742,-1.39371,2.34017,0.04596,-0.03030,-0.08881,-0.55803,-0.59877,-0.28876,-1.81435,1.19634,3.50622
0.42500,0.78619,0.03572,0.25095,-0.02856,-0.44235,-0.58074,-0.39291,-1.37536,2.36289,0.04540,-0.03090,-0.08910,-0.55984,-0.59757,-0.28525,-1.79228,1.21995,3.51755
0.42600,0.78616,0.03527,0.25037,-0.02895,-0.44371,-0.57836,-0.38835,-1.35698,2.38550,0.04484,-0.03150,-0.08938,-0.56162,-0.59633,-0.28173,-1.77015,1.24352,3.52874
0.42700,0.78614,0.03483,0.24980,-0.02933,-0.44506,-0.57596,-0.38372,-1.33855,2.40801,0.04428,-0.03209,-0.08966,-0.56338,-0.59508,-0.27819,-1.74794,1.26703,3.53980
0.42800,0.78611,0.03438,0.24922,-0.02972,-0.44639,-0.57354,-0.37903,-1.32008,2.43041,0.04371,-0.03269,-0.08994,-0.56511,-0.59380,-0.27465,-1.72566,1.29050,3.55071
0.42900,0.78608,0.03394,0.24865,-0.03009,-0.44770,-0.57110,-0.37428,-1.30157,2.45270,0.04315,-0.03328,-0.09021,-0.56683,-0.59250,-0.27109,-1.70332,1.31392,3.56148
0.43000,0.78605,0.03349,0.24808,-0.03046,-0.44899,-0.56864,-0.36948,-1.28302,2.47489,0.04258,-0.03387,-0.09048,-0.56852,-0.59117,-0.26753,-1.68091,1.33728,3.57211
0.43100,0.78602,0.03304,0.24751,-0.03083,-0.45027,-0.56615,-0.36461,-1.26444,2.49697,0.04201,-0.03446,-0.09075,-0.57019,-0.58982,-0.26395,-1.65843,1.36060,3.58260
0.43200,0.78598,0.03259,0.24695,-0.03119,-0.45152,-0.56365,-0.35968,-1.24582,2.51894,0.04144,-0.03505,-0.09101,-0.57184,-0.58845,-0.26036,-1.63589,1.38385,3.59295
0.43300,0.78595,0.03214,0.24638,-0.03155,-0.45276,-0.56112,-0.35470,-1.22717,2.54080,0.04086,-0.03564,-0.09127,-0.57346,-0.58706,-0.25676,-1.61328,1.40706,3.60316
0.43400,0.78592,0.03168,0.24582,-0.03190,-0.45397,-0.55856,-0.34966,-1.20848,2.56254,0.04029,-0.03623,-0.09152,-0.57506,-0.58564,-0.25315,-1.59061,1.43021,3.61323
0.43500,0.78589,0.03123,0.24527,-0.03225,-0.45517,-0.55599,-0.34456,-1.18976,2.58418,0.03971,-0.03681,-0.09178,-0.57664,-0.58420,-0.24954,-1.56788,1.45330,3.62315
0.43600,0.78586,0.03077,0.24471,-0.03259,-0.45635,-0.55340,-0.33941,-1.17101,2.60571,0.03914,-0.03740,-0.09202,-0.57820,-0.58273,-0.24591,-1.54508,1.47633,3.63293
0.43700,0.78582,0.03032,0.24416,-0.03293,-0.45752,-0.55078,-0.33420,-1.15223,2.62712,0.03856,-0.03798,-0.09227,-0.57973,-0.58124,-0.24227,-1.52222,1.49931,3.64257
0.43800,0.78579,0.02986,0.24361,-0.03326,-0.45866,-0.54814,-0.32895,-1.13342,2.64842,0.03798,-0.03856,-0.09251,-0.58124,-0.57973,-0.23862,-1.49931,1.52222,3.65206
0.43900,0.78576,0.02940,0.24306,-0.03359,-0.45978,-0.54548,-0.32363,-1.11458,2.66960,0.03740,-0.03914,-0.09274,-0.58273,-0.57820,-0.23497,-1.47633,1.54508,3.66141
0.44000,0.78572,0.02894,0.24252,-0.03391,-0.46089,-0.54280,-0.31827,-1.09571,2.69067,0.03681,-0.03971,-0.09298,-0.58420,-0.57664,-0.23130,-1.45330,1.56788,3.67061
0.44100,0.78569,0.02848,0.24198,-0.03422,-0.46197,-0.54010,-0.31286,-1.07682,2.71162,0.03623,-0.04029,-0.09321,-0.58564,-0.57506,-0.22762,-1.43021,1.59061,3.67967
0.44200,0.78566,0.02801,0.24144,-0.03453,-0.46304,-0.53738,-0.30740,-1.05790,2.73246,0.03564,-0.04086,-0.09343,-0.58706,-0.57346,-0.22394,-1.40706,1.61328,3.68858
0.44300,0.78562,0.02755,0.24090,-0.03484,-0.46409,-0.53464,-0.30188,-1.03895,2.75318,0.03505,-0.04144,-0.09365,-0.58845,-0.57184,-0.22025,-1.38385,1.63589,3.69735
0.44400,0.78559,0.02709,0.24037,-0.03514,-0.46512,-0.53187,-0.29632,-1.01999,2.77378,0.03446,-0.04201,-0.09387,-0.58982,-0.57019,-0.21655,-1.36060,1.65843,3.70597
0.44500,0.78555,0.02662,0.23984,-0.03543,-0.46613,-0.52909,-0.29072,-1.00099,2.79427,0.03387,-0.04258,-0.09409,-0.59117,-0.56852,-0.21284,-1.33728,1.68091,3.71445
0.44600,0.78551,0.02615,0.23931,-0.03572,-0.46712,-0.52628,-0.28506,-0.98198,2.81463,0.03328,-0.04315,-0.09430,-0.59250,-0.56683,-0.20912,-1.31392,1.70332,3.72278
0.44700,0.78548,0.02569,0.23879,-0.03600,-0.46809,-0.52346,-0.27936,-0.96295,2.83488,0.03269,-0.04371,-0.09451,-0.59380,-0.56511,-0.20539,-1.29050,1.72566,3.73096
0.44800,0.78544,0.02522,0.23827,-0.03628,-0.46905,-0.52061,-0.27362,-0.94390,2.85500,0.03209,-0.04428,-0.09471,-0.59508,-0.56338,-0.20165,-1.26703,1.74794,3.73899
0.44900,0.78541,0.02475,0.23775,-0.03655,-0.46998,-0.51775,-0.26783,-0.92482,2.87501,0.03150,-0.04484,-0.09491,-0.59633,-0.56162,-0.19791,-1.24352,1.77015,3.74688
0.45000,0.78537,0.02428,0.23723,-0.03681,-0.47090,-0.51486,-0.26200,-0.90573,2.89489,0.03090,-0.04540,-0.09511,-0.59757,-0.55984,-0.19416,-1.21995,1.79228,3.75462
0.45100,0.78533,0.02381,0.23672,-0.03707,-0.47179,-0.51196,-0.25613,-0.88663,2.91465,0.03030,-0.04596,-0.09530,-0.59877,-0.55803,-0.19040,-1.19634,1.81435,3.76221
0.45200,0.78530,0.02333,0.23621,-0.03732,-0.47267,-0.50904,-0.25022,-0.86750,2.93429,0.02970,-0.04652,-0.09549,-0.59996,-0.55621,-0.18664,-1.17267,1.83634,3.76965
0.45300,0.78526,0.02286,0.23570,-0.03757,-0.47353,-0.50609,-0.24427,-0.84837,2.95380,0.02910,-0.04707,-0.09567,-0.60112,-0.55436,-0.18286,-1.14896,1.85826,3.77695
0.45400,0.78522,0.02239,0.23519,-0.03781,-0.47437,-0.50313,-0.23828,-0.82921,2.97319,0.02850,-0.04762,-0.09585,-0.60226,-0.55249,-0.17908,-1.12521,1.88011,3.78409
0.45500,0.78518,0.02191,0.23469,-0.03805,-0.47519,-0.50014,-0.23225,-0.81005,2.99246,0.02790,-0.04818,-0.09603,-0.60337,-0.55060,-0.17530,-1.10141,1.90189,3.79109
0.45600,0.78514,0.02144,0.23419,-0.03828,-0.47599,-0.49714,-0.22618,-0.79087,3.01160,0.02730,-0.04873,-0.09620,-0.60446,-0.54869,-0.17150,-1.07757,1.92359,3.79793
0.45700,0.78511,0.02096,0.23370,-0.03850,-0.47677,-0.49412,-0.22008,-0.77168,3.03062,0.02669,-0.04927,-0.09637,-0.60553,-0.54675,-0.16770,-1.05369,1.94521,3.80463
0.45800,0.78507,0.02048,0.23321,-0.03872,-0.47753,-0.49108,-0.21394,-0.75248,3.04951,0.02608,-0.04982,-0.09654,-0.60657,-0.54480,-0.16389,-1.02976,1.96676,3.81117
0.45900,0.78503,0.02000,0.23272,-0.03893,-0.47827,-0.48802,-0.20777,-0.73327,3.06827,0.02548,-0.05036,-0.09670,-0.60758,-0.54282,-0.16008,-1.00579,1.98822,3.81757
0.46000,0.78499,0.01953,0.23223,-0.03913,-0.47900,-0.48495,-0.20157,-0.71405,3.08690,0.02487,-0.05090,-0.09686,-0.60858,-0.54082,-0.15626,-0.98179,2.00961,3.82381
0.46100,0.78495,0.01905,0.23175,-0.03933,-0.47970,-0.48185,-0.19534,-0.69482,3.10541,0.02426,-0.05144,-0.09701,-0.60955,-0.53880,-0.15243,-0.95774,2.03093,3.82991
0.46200,0.78491,0.01857,0.23127,-0.03952,-0.48039,-0.47873,-0.18907,-0.67559,3.12379,0.02365,-0.05198,-0.09716,-0.61049,-0.53676,-0.14860,-0.93366,2.05216,3.83585
0.46300,0.78487,0.01809,0.23079,-0.03971,-0.48105,-0.47560,-0.18278,-0.65635,3.14204,0.02304,-0.05252,-0.09731,-0.61142,-0.53470,-0.14476,-0.90954,2.07331,3.84164
0.46400,0.78483,0.01760,0.23031,-0.03989,-0.48170,-0.47245,-0.17645,-0.63710,3.16016,0.02243,-0.05305,-0.09745,-0.61231,-0.53261,-0.14091,-0.88539,2.09437,3.84728
0.46500,0.78479,0.01712,0.22984,-0.04006,-0.48233,-0.46928,-0.17010,-0.61785,3.17816,0.02181,-0.05358,-0.09759,-0.61319,-0.53051,-0.13706,-0.86119,2.11536,3.85276
0.46600,0.78475,0.01664,0.22938,-0.04023,-0.48293,-0.46609,-0.16372,-0.59860,3.19602,0.02120,-0.05411,-0.09773,-0.61404,-0.52838,-0.13321,-0.83697,2.13626,3.85810
0.46700,0.78471,0.01616,0.22891,-0.04039,-0.48352,-0.46289,-0.15732,-0.57934,3.21375,0.02059,-0.05464,-0.09786,-0.61486,-0.52623,-0.12935,-0.81271,2.15708,3.86328
0.46800,0.78467,0.01567,0.22845,-0.04054,-0.48409,-0.45967,-0.15089,-0.56008,3.23135,0.01997,-0.05516,-0.09799,-0.61566,-0.52407,-0.12548,-0.78842,2.17781,3.86831
0.46900,0.78463,0.01519,0.22799,-0.04069,-0.48464,-0.45643,-0.14444,-0.54082,3.24881,0.01935,-0.05569,-0.09811,-0.61644,-0.52188,-0.12161,-0.76410,2.19846,3.87319
0.47000,0.78459,0.01470,0.22754,-0.04083,-0.48518,-0.45317,-0.13796,-0.52156,3.26615,0.01874,-0.05621,-0.09823,-0.61719,-0.51967,-0.11774,-0.73975,2.21902,3.87791
0.47100,0.78455,0.01422,0.22709,-0.04097,-0.48569,-0.44989,-0.13147,-0.50230,3.28335,0.01812,-0.05673,-0.09834,-0.61792,-0.51744,-0.11385,-0.71537,2.23949,3.88249
0.47200,0.78451,0.01373,0.22664,-0.04110,-0.48618,-0.44660,-0.12495,-0.48304,3.30042,0.01750,-0.05724,-0.09846,-0.61862,-0.51519,-0.10997,-0.69096,2.25987,3.88690
0.47300,0.78447,0.01325,0.22619,-0.04122,-0.48665,-0.44329,-0.11841,-0.46379,3.31736,0.01688,-0.05776,-0.09856,-0.61930,-0.51292,-0.10608,-0.66653,2.28017,3.89117
0.47400,0.78442,0.01276,0.22575,-0.04133,-0.48711,-0.43997,-0.11186,-0.44453,3.33416,0.01626,-0.05827,-0.09867,-0.61995,-0.51063,-0.10219,-0.64207,2.30037,3.89528
0.47500,0.78438,0.01227,0.22531,-0.04144,-0.48754,-0.43663,-0.10528,-0.42528,3.35083,0.01564,-0.05878,-0.09877,-0.62058,-0.50832,-0.09829,-0.61758,2.32048,3.89924
0.47600,0.78434,0.01178,0.22488,-0.04154,-0.48796,-0.43327,-0.09869,-0.40603,3.36736,0.01502,-0.05929,-0.09887,-0.62119,-0.50599,-0.09439,-0.59307,2.34050,3.90304
0.47700,0.78430,0.01130,0.22445,-0.04164,-0.48835,-0.42989,-0.09209,-0.38679,3.38376,0.01440,-0.05979,-0.09896,-0.62177,-0.50364,-0.09048,-0.56853,2.36043,3.90669
0.47800,0.78426,0.01081,0.22402,-0.04173,-0.48873,-0.42650,-0.08547,-0.36756,3.40002,0.01378,-0.06029,-0.09905,-0.62233,-0.50127,-0.08658,-0.54397,2.38027,3.91018
0.47900,0.78422,0.01032,0.22359,-0.04181,-0.48909,-0.42309,-0.07884,-0.34833,3.41614,0.01316,-0.06079,-0.09913,-0.62286,-0.49888,-0.08266,-0.51940,2.40001,3.91353
0.48000,0.78417,0.00983,0.22317,-0.04189,-0.48943,-0.41967,-0.07220,-0.32910,3.43213,0.01253,-0.06129,-0.09921,-0.62336,-0.49647,-0.07875,-0.49480,2.41966,3.91671
0.48100,0.78413,0.00934,0.22275,-0.04195,-0.48975,-0.41623,-0.06554,-0.30989,3.44798,0.01191,-0.06179,-0.09929,-0.62385,-0.49404,-0.07483,-0.47018,2.43921,3.91974
0.48200,0.78409,0.00885,0.22234,-0.04202,-0.49005,-0.41277,-0.05888,-0.29068,3.46370,0.01129,-0.06228,-0.09936,-0.62430,-0.49159,-0.07091,-0.44554,2.45867,3.92262
0.48300,0.78405,0.00836,0.22193,-0.04207,-0.49033,-0.40930,-0.05221,-0.27149,3.47927,0.01066,-0.06277,-0.09943,-0.62474,-0.48912,-0.06699,-0.42088,2.47803,3.92534
0.48400,0.78401,0.00787,0.22152,-0.04212,-0.49059,-0.40581,-0.04553,-0.25230,3.49471,0.01004,-0.06326,-0.09950,-0.62515,-0.48663,-0.06306,-0.39621,2.49729,3.92791
0.48500,0.78396,0.00738,0.22112,-0.04216,-0.49083,-0.40231,-0.03884,-0.23313,3.51001,0.00941,-0.06374,-0.09956,-0.62553,-0.48413,-0.05913,-0.37152,2.51645,3.93032
0.48600,0.78392,0.00689,0.22072,-0.04220,-0.49106,-0.39879,-0.03215,-0.21396,3.52517,0.00879,-0.06423,-0.09961,-0.62589,-0.48160,-0.05520,-0.34682,2.53551,3.93258
0.48700,0.78388,0.00640,0.22032,-0.04223,-0.49126,-0.39526,-0.02545,-0.19481,3.54019,0.00816,-0.06471,-0.09967,-0.62622,-0.47906,-0.05126,-0.32211,2.55447,3.93468
0.48800,0.78384,0.00590,0.21993,-0.04225,-0.49145,-0.39171,-0.01875,-0.17567,3.55508,0.00753,-0.06518,-0.09972,-0.62653,-0.47649,-0.04733,-0.29738,2.57334,3.93663
0.48900,0.78380,0.00541,0.21954,-0.04226,-0.49161,-0.38815,-0.01205,-0.15655,3.56982,0.00691,-0.06566,-0.09976,-0.62682,-0.47391,-0.04339,-0.27264,2.59210,3.93842
0.49000,0.78375,0.00492,0.21915,-0.04227,-0.49176,-0.38457,-0.00534,-0.13743,3.58442,0.00628,-0.06613,-0.09980,-0.62708,-0.47131,-0.03945,-0.24789,2.61075,3.94005
0.49100,0.78371,0.00443,0.21877,-0.04228,-0.49189,-0.38098,0.00136,-0.11834,3.59888,0.00565,-0.06660,-0.09984,-0.62731,-0.46869,-0.03551,-0.22313,2.62931,3.94153
0.49200,0.78367,0.00394,0.21839,-0.04227,-0.49200,-0.37737,0.00807,-0.09926,3.61320,0.00502,-0.06707,-0.09987,-0.62752,-0.46605,-0.03157,-0.19836,2.64776,3.94286
0.49300,0.78363,0.00345,0.21801,-0.04226,-0.49209,-0.37375,0.01477,-0.08019,3.62738,0.00440,-0.06753,-0.09990,-0.62771,-0.46339,-0.02763,-0.17358,2.66611,3.94402
0.49400,0.78358,0.00295,0.21764,-0.04224,-0.49216,-0.37012,0.02147,-0.06114,3.64141,0.00377,-0.06800,-0.09993,-0.62787,-0.46072,-0.02368,-0.14879,2.68435,3.94504
0.49500,0.78354,0.00246,0.21727,-0.04222,-0.49221,-0.36647,0.02816,-0.04211,3.65531,0.00314,-0.06845,-0.09995,-0.62801,-0.45802,-0.01974,-0.12400,2.70248,3.94589
0.49600,0.78350,0.00197,0.21691,-0.04218,-0.49224,-0.36281,0.03485,-0.02310,3.66906,0.00251,-0.06891,-0.09997,-0.62812,-0.45531,-0.01579,-0.09921,2.72051,3.94659
0.49700,0.78346,0.00148,0.21655,-0.04215,-0.49225,-0.35913,0.04153,-0.00410,3.68267,0.00188,-0.06937,-0.09998,-0.62821,-0.45258,-0.01184,-0.07441,2.73843,3.94714
0.49800,0.78342,0.00098,0.21619,-0.04210,-0.49225,-0.35544,0.04821,0.01488,3.69614,0.00126,-0.06982,-0.09999,-0.62827,-0.44984,-0.00790,-0.04961,2.75625,3.94753
0.49900,0.78337,0.00049,0.21583,-0.04205,-0.49222,-0.35174,0.05488,0.03383,3.70946,0.00063,-0.07026,-0.10000,-0.62831,-0.44707,-0.00395,-0.02480,2.77395,3.94776
0.50000,0.78333,0.00000,0.21549,-0.04199,-0.49218,-0.34803,0.06153,0.05277,3.72264,0.00000,-0.07071,-0.10000,-0.62832,-0.44429,-0.00000,-0.00000,2.79155,3.94784
0.50100,0.78329,-0.00049,0.21514,-0.04193,-0.49212,-0.34430,0.06818,0.07168,3.73568,-0.00063,-0.07115,-0.10000,-0.62831,-0.44149,0.00395,0.02480,2.80903,3.94776
0.50200,0.78325,-0.00098,0.21480,-0.04186,-0.49204,-0.34055,0.07482,0.09058,3.74857,-0.00126,-0.07159,-0.09999,-0.62827,-0.43867,0.00790,0.04961,2.82640,3.94753
0.50300,0.78321,-0.00148,0.21446,-0.04178,-0.49194,-0.33680,0.08144,0.10945,3.76132,-0.00188,-0.07203,-0.09998,-0.62821,-0.43584,0.01184,0.07441,2.84367,3.94714
0.50400,0.78316,-0.00197,0.21412,-0.04169,-0.49182,-0.33303,0.08805,0.12830,3.77392,-0.00251,-0.07247,-0.09997,-0.62812,-0.43298,0.01579,0.09921,2.86082,3.94659
0.50500,0.78312,-0.00246,0.21379,-0.04160,-0.49168,-0.32925,0.09464,0.14713,3.78638,-0.00314,-0.07290,-0.09995,-0.62801,-0.43011,0.01974,0.12400,2.87785,3.94589
0.50600,0.78308,-0.00295,0.21346,-0.04150,-0.49153,-0.32546,0.10122,0.16593,3.79869,-0.00377,-0.07333,-0.09993,-0.62787,-0.42723,0.02368,0.14879,2.89478,3.94504
0.50700,0.78304,-0.00344,0.21314,-0.04140,-0.49135,-0.32165,0.10778,0.18471,3.81085,-0.00440,-0.07375,-0.09990,-0.62771,-0.42432,0.02763,0.17358,2.91159,3.94402
0.50800,0.78300,-0.00393,0.21282,-0.04129,-0.49116,-0.31784,0.11433,0.20346,3.82288,-0.00502,-0.07417,-0.09987,-0.62752,-0.42140,0.03157,0.19836,2.92828,3.94286
0.50900,0.78296,-0.00443,0.21251,-0.04117,-0.49094,-0.31401,0.12085,0.22219,3.83475,-0.00565,-0.07459,-0.09984,-0.62731,-0.41847,0.03551,0.22313,2.94486,3.94153
0.51000,0.78292,-0.00492,0.21219,-0.04105,-0.49071,-0.31017,0.12736,0.24090,3.84648,-0.00628,-0.07501,-0.09980,-0.62708,-0.41551,0.03945,0.24789,2.96132,3.94005
0.51100,0.78287,-0.00541,0.21188,-0.04092,-0.49046,-0.30632,0.13384,0.25957,3.85806,-0.00691,-0.07543,-0.09976,-0.62682,-0.41254,0.04339,0.27264,2.97767,3.93842
0.51200,0.78283,-0.00590,0.21158,-0.04078,-0.49019,-0.30245,0.14030,0.27823,3.86950,-0.00753,-0.07584,-0.09972,-0.62653,-0.40956,0.04733,0.29738,2.99389,3.93663
0.51300,0.78279,-0.00639,0.21128,-0.04063,-0.48990,-0.29858,0.14674,0.29685,3.88078,-0.00816,-0.07624,-0.09967,-0.62622,-0.40656,0.05126,0.32211,3.01000,3.93468
0.51400,0.78275,-0.00688,0.21098,-0.04048,-0.48960,-0.29469,0.15316,0.31545,3.89192,-0.00879,-0.07665,-0.09961,-0.62589,-0.40354,0.05520,0.34682,3.02599,3.93258
0.51500,0.78271,-0.00737,0.21069,-0.04033,-0.48927,-0.29079,0.15955,0.33401,3.90292,-0.00941,-0.07705,-0.09956,-0.62553,-0.40051,0.05913,0.37152,3.04186,3.93032
0.51600,0.78267,-0.00786,0.21040,-0.04017,-0.48893,-0.28688,0.16591,0.35255,3.91376,-0.01004,-0.07745,-0.09950,-0.62515,-0.39746,0.06306,0.39621,3.05762,3.92791
0.51700,0.78263,-0.00834,0.21012,-0.04000,-0.48857,-0.28296,0.17225,0.37106,3.92446,-0.01066,-0.07785,-0.09943,-0.62474,-0.39439,0.06699,0.42088,3.07325,3.92534
0.51800,0.78259,-0.00883,0.20984,-0.03982,-0.48819,-0.27904,0.17855,0.38955,3.93501,-0.01129,-0.07824,-0.09936,-0.62430,-0.39131,0.07091,0.44554,3.08876,3.92262
0.51900,0.78255,-0.00932,0.20956,-0.03964,-0.48779,-0.27509,0.18483,0.40800,3.94541,-0.01191,-0.07863,-0.09929,-0.62385,-0.38821,0.07483,0.47018,3.10414,3.91974
0.52000,0.78251,-0.00981,0.20929,-0.03945,-0.48737,-0.27114,0.19108,0.42642,3.95566,-0.01253,-0.07902,-0.09921,-0.62336,-0.38510,0.07875,0.49480,3.11941,3.91671
0.52100,0.78247,-0.01030,0.20902,-0.03926,-0.48694,-0.26718,0.19730,0.44481,3.96576,-0.01316,-0.07940,-0.09913,-0.62286,-0.38197,0.08266,0.51940,3.13455,3.91353
0.52200,0.78243,-0.01078,0.20875,-0.03906,-0.48648,-0.26321,0.20348,0.46317,3.97572,-0.01378,-0.07978,-0.09905,-0.62233,-0.37883,0.08658,0.54397,3.14957,3.91018
0.52300,0.78240,-0.01127,0.20849,-0.03885,-0.48601,-0.25923,0.20964,0.48150,3.98552,-0.01440,-0.08016,-0.09896,-0.62177,-0.37567,0.09048,0.56853,3.16446,3.90669
0.52400,0.78236,-0.01175,0.20823,-0.03864,-0.48552,-0.25524,0.21575,0.49979,3.99518,-0.01502,-0.08053,-0.09887,-0.62119,-0.37250,0.09439,0.59307,3.17923,3.90304
0.52500,0.78232,-0.01224,0.20798,-0.03842,-0.48501,-0.25124,0.22184,0.51806,4.00468,-0.01564,-0.08090,-0.09877,-0.62058,-0.36932,0.09829,0.61758,3.19387,3.89924
0.52600,0.78228,-0.01272,0.20773,-0.03819,-0.48448,-0.24723,0.22788,0.53629,4.01404,-0.01626,-0.08127,-0.09867,-0.61995,-0.36612,0.10219,0.64207,3.20839,3.89528
0.52700,0.78224,-0.01321,0.20749,-0.03796,-0.48394,-0.24321,0.23390,0.55449,4.02324,-0.01688,-0.08163,-0.09856,-0.61930,-0.36290,0.10608,0.66653,3.22278,3.89117
0.52800,0.78220,-0.01369,0.20724,-0.03773,-0.48337,-0.23919,0.23987,0.57265,4.03229,-0.01750,-0.08200,-0.09846,-0.61862,-0.35967,0.10997,0.69096,3.23704,3.88690
0.52900,0.78217,-0.01417,0.20701,-0.03748,-0.48279,-0.23515,0.24580,0.59078,4.04120,-0.01812,-0.08235,-0.09834,-0.61792,-0.35643,0.11385,0.71537,3.25118,3.88249
0.53000,0.78213,-0.01466,0.20677,-0.03723,-0.48219,-0.23110,0.25169,0.60888,4.04995,-0.01874,-0.08271,-0.09823,-0.61719,-0.35317,0.11774,0.73975,3.26518,3.87791
0.53100,0.78209,-0.01514,0.20654,-0.03698,-0.48158,-0.22705,0.25755,0.62694,4.05855,-0.01935,-0.08306,-0.09811,-0.61644,-0.34990,0.12161,0.76410,3.27906,3.87319
0.53200,0.78205,-0.01562,0.20632,-0.03672,-0.48094,-0.22299,0.26336,0.64496,4.06701,-0.01997,-0.08341,-0.09799,-0.61566,-0.34661,0.12548,0.78842,3.29281,3.86831
0.53300,0.78202,-0.01610,0.20610,-0.03645,-0.48029,-0.21892,0.26913,0.66295,4.07531,-0.02059,-0.08375,-0.09786,-0.61486,-0.34331,0.12935,0.81271,3.30643,3.86328
0.53400,0.78198,-0.01658,0.20588,-0.03618,-0.47961,-0.21484,0.27485,0.68091,4.08345,-0.02120,-0.08409,-0.09773,-0.61404,-0.34000,0.13321,0.83697,3.31992,3.85810
0.53500,0.78195,-0.01706,0.20567,-0.03590,-0.47892,-0.21075,0.28053,0.69882,4.09145,-0.02181,-0.08443,-0.09759,-0.61319,-0.33667,0.13706,0.86119,3.33327,3.85276
0.53600,0.78191,-0.01754,0.20546,-0.03562,-0.47822,-0.20665,0.28617,0.71671,4.09930,-0.02243,-0.08477,-0.09745,-0.61231,-0.33333,0.14091,0.88539,3.34650,3.84728
0.53700,0.78187,-0.01802,0.20526,-0.03533,-0.47749,-0.20255,0.29176,0.73455,4.10699,-0.02304,-0.08510,-0.09731,-0.61142,-0.32998,0.14476,0.90954,3.35959,3.84164
0.53800,0.78184,-0.01849,0.20506,-0.03504,-0.47675,-0.19844,0.29730,0.75236,4.11453,-0.02365,-0.08543,-0.09716,-0.61049,-0.32661,0.14860,0.93366,3.37255,3.83585
0.53900,0.78180,-0.01897,0.20486,-0.03474,-0.47599,-0.19432,0.30280,0.77013,4.12192,-0.02426,-0.08575,-0.09701,-0.60955,-0.32323,0.15243,0.95774,3.38538,3.82991
0.54000,0.78177,-0.01945,0.20467,-0.03443,-0.47521,-0.19020,0.30824,0.78786,4.12915,-0.02487,-0.08607,-0.09686,-0.60858,-0.31984,0.15626,0.98179,3.39807,3.82381
0.54100,0.78174,-0.01992,0.20448,-0.03412,-0.47441,-0.18606,0.31364,0.80556,4.13624,-0.02548,-0.08639,-0.09670,-0.60758,-0.31644,0.16008,1.00579,3.41063,3.81757
0.54200,0.78170,-0.02039,0.20429,-0.03380,-0.47360,-0.18192,0.31898,0.82321,4.14317,-0.02608,-0.08671,-0.09654,-0.60657,-0.31302,0.16389,1.02976,3.42306,3.81117
0.54300,0.78167,-0.02087,0.20411,-0.03348,-0.47276,-0.17778,0.32428,0.84083,4.14995,-0.02669,-0.08702,-0.09637,-0.60553,-0.30959,0.16770,1.05369,3.43535,3.80463
0.54400,0.78163,-0.02134,0.20394,-0.03316,-0.47191,-0.17362,0.32952,0.85840,4.15657,-0.02730,-0.08733,-0.09620,-0.60446,-0.30615,0.17150,1.07757,3.44750,3.79793
0.54500,0.78160,-0.02181,0.20377,-0.03282,-0.47105,-0.16946,0.33471,0.87594,4.16304,-0.02790,-0.08763,-0.09603,-0.60337,-0.30269,0.17530,1.10141,3.45952,3.79109
0.54600,0.78157,-0.02228,0.20360,-0.03249,-0.47016,-0.16530,0.33985,0.89344,4.16936,-0.02850,-0.08793,-0.09585,-0.60226,-0.29923,0.17908,1.12521,3.47140,3.78409
0.54700,0.78154,-0.02275,0.20344,-0.03214,-0.46926,-0.16112,0.34493,0.91090,4.17552,-0.02910,-0.08823,-0.09567,-0.60112,-0.29575,0.18286,1.14896,3.48315,3.77695
0.54800,0.78150,-0.02322,0.20328,-0.03180,-0.46834,-0.15695,0.34996,0.92832,4.18153,-0.02970,-0.08852,-0.09549,-0.59996,-0.29226,0.18664,1.17267,3.49475,3.76965
0.54900,0.78147,-0.02369,0.20312,-0.03144,-0.46740,-0.15276,0.35493,0.94569,4.18739,-0.03030,-0.08881,-0.09530,-0.59877,-0.28876,0.19040,1.19634,3.50622,3.76221
0.55000,0.78144,-0.02416,0.20297,-0.03109,-0.46645,-0.14857,0.35984,0.96303,4.19309,-0.03090,-0.08910,-0.09511,-0.59757,-0.28525,0.19416,1.21995,3.51755,3.75462
0.55100,0.78141,-0.02462,0.20283,-0.03072,-0.46548,-0.14438,0.36470,0.98032,4.19864,-0.03150,-0.08938,-0.09491,-0.59633,-0.28173,0.19791,1.24352,3.52874,3.74688
0.55200,0.78138,-0.02509,0.20268,-0.03036,-0.46449,-0.14017,0.36949,0.99758,4.20404,-0.03209,-0.08966,-0.09471,-0.59508,-0.27819,0.20165,1.26703,3.53980,3.73899
0.55300,0.78135,-0.02555,0.20255,-0.02999,-0.46348,-0.13597,0.37423,1.01479,4.20928,-0.03269,-0.08994,-0.09451,-0.59380,-0.27465,0.20539,1.29050,3.55071,3.73096
0.55400,0.78132,-0.02601,0.20241,-0.02961,-0.46246,-0.13176,0.37891,1.03195,4.21436,-0.03328,-0.09021,-0.09430,-0.59250,-0.27109,0.20912,1.31392,3.56148,3.72278
0.55500,0.78129,-0.02648,0.20228,-0.02923,-0.46142,-0.12754,0.38353,1.04908,4.21929,-0.03387,-0.09048,-0.09409,-0.59117,-0.26753,0.21284,1.33728,3.57211,3.71445
0.55600,0.78126,-0.02694,0.20216,-0.02884,-0.46036,-0.12332,0.38808,1.06616,4.22407,-0.03446,-0.09075,-0.09387,-0.58982,-0.26395,0.21655,1.36060,3.58260,3.70597
0.55700,0.78123,-0.02740,0.20204,-0.02845,-0.45929,-0.11909,0.39258,1.08320,4.22869,-0.03505,-0.09101,-0.09365,-0.58845,-0.26036,0.22025,1.38385,3.59295,3.69735
0.55800,0.78121,-0.02785,0.20192,-0.02806,-0.45819,-0.11486,0.39701,1.10020,4.23316,-0.03564,-0.09127,-0.09343,-0.58706,-0.25676,0.22394,1.40706,3.60316,3.68858
0.55900,0.78118,-0.02831,0.20181,-0.02766,-0.45709,-0.11062,0.40138,1.11716,4.23747,-0.03623,-0.09152,-0.09321,-0.58564,-0.25315,0.22762,1.43021,3.61323,3.67967
0.56000,0.78115,-0.02877,0.20170,-0.02725,-0.45596,-0.10639,0.40569,1.13406,4.24162,-0.03681,-0.09178,-0.09298,-0.58420,-0.24954,0.23130,1.45330,3.62315,3.67061
0.56100,0.78112,-0.02922,0.20159,-0.02685,-0.45482,-0.10214,0.40993,1.15093,4.24562,-0.03740,-0.09202,-0.09274,-0.58273,-0.24591,0.23497,1.47633,3.63293,3.66141
0.56200,0.78110,-0.02968,0.20149,-0.02643,-0.45366,-0.09789,0.41410,1.16775,4.24947,-0.03798,-0.09227,-0.09251,-0.58124,-0.24227,0.23862,1.49931,3.64257,3.65206
0.56300,0.78107,-0.03013,0.20140,-0.02602,-0.45248,-0.09364,0.41821,1.18453,4.25316,-0.03856,-0.09251,-0.09227,-0.57973,-0.23862,0.24227,1.52222,3.65206,3.64257
0.56400,0.78104,-0.03058,0.20131,-0.02560,-0.45129,-0.08939,0.42225,1.20126,4.25669,-0.03914,-0.09274,-0.09202,-0.57820,-0.23497,0.24591,1.54508,3.66141,3.63293
0.56500,0.78102,-0.03103,0.20122,-0.02517,-0.45008,-0.08513,0.42623,1.21794,4.26007,-0.03971,-0.09298,-0.09178,-0.57664,-0.23130,0.24954,1.56788,3.67061,3.62315
0.56600,0.78099,-0.03148,0.20114,-0.02475,-0.44885,-0.08087,0.43014,1.23459,4.26329,-0.04029,-0.09321,-0.09152,-0.57506,-0.22762,0.25315,1.59061,3.67967,3.61323
0.56700,0.78097,-0.03193,0.20106,-0.02431,-0.44761,-0.07660,0.43397,1.25118,4.26636,-0.04086,-0.09343,-0.09127,-0.57346,-0.22394,0.25676,1.61328,3.68858,3.60316
0.56800,0.78095,-0.03238,0.20098,-0.02388,-0.44635,-0.07233,0.43774,1.26773,4.26927,-0.04144,-0.09365,-0.09101,-0.57184,-0.22025,0.26036,1.63589,3.69735,3.59295
0.56900,0.78092,-0.03282,0.20091,-0.02344,-0.44507,-0.06806,0.44144,1.28423,4.27202,-0.04201,-0.09387,-0.09075,-0.57019,-0.21655,0.26395,1.65843,3.70597,3.58260
0.57000,0.78090,-0.03327,0.20085,-0.02299,-0.44378,-0.06379,0.44508,1.30069,4.27462,-0.04258,-0.09409,-0.09048,-0.56852,-0.21284,0.26753,1.68091,3.71445,3.57211
0.57100,0.78088,-0.03371,0.20078,-0.02255,-0.44247,-0.05952,0.44864,1.31710,4.27706,-0.04315,-0.09430,-0.09021,-0.56683,-0.20912,0.27109,1.70332,3.72278,3.56148
0.57200,0.78085,-0.03415,0.20073,-0.02210,-0.44115,-0.05524,0.45212,1.33346,4.27934,-0.04371,-0.09451,-0.08994,-0.56511,-0.20539,0.27465,1.72566,3.73096,3.55071
0.57300,0.78083,-0.03459,0.20067,-0.02164,-0.43981,-0.05096,0.45554,1.34977,4.28147,-0.04428,-0.09471,-0.08966,-0.56338,-0.20165,0.27819,1.74794,3.73899,3.53980
0.57400,0.78081,-0.03503,0.20062,-0.02119,-0.43845,-0.04667,0.45889,1.36604,4.28344,-0.04484,-0.09491,-0.08938,-0.56162,-0.19791,0.28173,1.77015,3.74688,3.52874
0.57500,0.78079,-0.03547,0.20058,-0.02073,-0.43707,-0.04239,0.46216,1.38226,4.28525,-0.04540,-0.09511,-0.08910,-0.55984,-0.19416,0.28525,1.79228,3.75462,3.51755
0.57600,0.78077,-0.03591,0.20054,-0.02026,-0.43568,-0.03810,0.46536,1.39843,4.28691,-0.04596,-0.09530,-0.08881,-0.55803,-0.19040,0.28876,1.81435,3.76221,3.50622
0.57700,0.78075,-0.03634,0.20050,-0.01979,-0.43428,-0.03382,0.46848,1.41455,4.28841,-0.04652,-0.09549,-0.08852,-0.55621,-0.18664,0.29226,1.83634,3.76965,3.49475
0.57800,0.78073,-0.03678,0.20047,-0.01932,-0.43285,-0.02953,0.47153,1.43063,4.28975,-0.04707,-0.09567,-0.08823,-0.55436,-0.18286,0.29575,1.85826,3.77695,3.48315
0.57900,0.78071,-0.03721,0.20044,-0.01885,-0.43142,-0.02524,0.47451,1.44665,4.29093,-0.04762,-0.09585,-0.08793,-0.55249,-0.17908,0.29923,1.88011,3.78409,3.47140
0.58000,0.78069,-0.03764,0.20042,-0.01838,-0.42996,-0.02094,0.47741,1.46263,4.29196,-0.04818,-0.09603,-0.08763,-0.55060,-0.17530,0.30269,1.90189,3.79109,3.45952
0.58100,0.78067,-0.03807,0.20040,-0.01790,-0.42849,-0.01665,0.48023,1.47856,4.29283,-0.04873,-0.09620,-0.08733,-0.54869,-0.17150,0.30615,1.92359,3.79793,3.44750
0.58200,0.78066,-0.03850,0.20039,-0.01742,-0.42700,-0.01236,0.48298,1.49443,4.29355,-0.04927,-0.09637,-0.08702,-0.54675,-0.16770,0.30959,1.94521,3.80463,3.43535
0.58300,0.78064,-0.03892,0.20038,-0.01693,-0.42550,-0.00807,0.48566,1.51026,4.29410,-0.04982,-0.09654,-0.08671,-0.54480,-0.16389,0.31302,1.96676,3.81117,3.42306
0.58400,0.78062,-0.03935,0.20037,-0.01644,-0.42398,-0.00377,0.48825,1.52604,4.29450,-0.05036,-0.09670,-0.08639,-0.54282,-0.16008,0.31644,1.98822,3.81757,3.41063
0.58500,0.78061,-0.03977,0.20037,-0.01595,-0.42245,0.00052,0.49077,1.54176,4.29474,-0.05090,-0.09686,-0.08607,-0.54082,-0.15626,0.31984,2.00961,3.82381,3.39807
0.58600,0.78059,-0.04019,0.20037,-0.01546,-0.42090,0.00482,0.49321,1.55744,4.29482,-0.05144,-0.09701,-0.08575,-0.53880,-0.15243,0.32323,2.03093,3.82991,3.38538
0.58700,0.78057,-0.04061,0.20038,-0.01497,-0.41934,0.00911,0.49558,1.57306,4.29475,-0.05198,-0.09716,-0.08543,-0.53676,-0.14860,0.32661,2.05216,3.83585,3.37255
0.58800,0.78056,-0.04103,0.20039,-0.01447,-0.41775,0.01341,0.49786,1.58863,4.29451,-0.05252,-0.09731,-0.08510,-0.53470,-0.14476,0.32998,2.07331,3.84164,3.35959
0.58900,0.78055,-0.04145,0.20041,-0.01397,-0.41616,0.01770,0.50007,1.60415,4.29412,-0.05305,-0.09745,-0.08477,-0.53261,-0.14091,0.33333,2.09437,3.84728,3.34650
0.59000,0.78053,-0.04186,0.20043,-0.01347,-0.41455,0.02200,0.50220,1.61962,4.29357,-0.05358,-0.09759,-0.08443,-0.53051,-0.13706,0.33667,2.11536,3.85276,3.33327
0.59100,0.78052,-0.04228,0.20045,-0.01297,-0.41292,0.02629,0.50425,1.63504,4.29287,-0.05411,-0.09773,-0.08409,-0.52838,-0.13321,0.34000,2.13626,3.85810,3.31992
0.59200,0.78051,-0.04269,0.20048,-0.01246,-0.41128,0.03058,0.50622,1.65040,4.29200,-0.05464,-0.09786,-0.08375,-0.52623,-0.12935,0.34331,2.15708,3.86328,3.30643
0.59300,0.78049,-0.04310,0.20051,-0.01196,-0.40962,0.03487,0.50811,1.66572,4.29098,-0.05516,-0.09799,-0.08341,-0.52407,-0.12548,0.34661,2.17781,3.86831,3.29281
0.59400,0.78048,-0.04351,0.20055,-0.01145,-0.40794,0.03916,0.50991,1.68097,4.28979,-0.05569,-0.09811,-0.08306,-0.52188,-0.12161,0.34990,2.19846,3.87319,3.27906
0.59500,0.78047,-0.04392,0.20059,-0.01094,-0.40626,0.04345,0.51164,1.69618,4.28845,-0.05621,-0.09823,-0.08271,-0.51967,-0.11774,0.35317,2.21902,3.87791,3.26518
0.59600,0.78046,-0.04432,0.20064,-0.01042,-0.40455,0.04774,0.51329,1.71133,4.28695,-0.05673,-0.09834,-0.08235,-0.51744,-0.11385,0.35643,2.23949,3.88249,3.25118
0.59700,0.78045,-0.04472,0.20069,-0.00991,-0.40283,0.05203,0.51486,1.72643,4.28530,-0.05724,-0.09846,-0.08200,-0.51519,-0.10997,0.35967,2.25987,3.88690,3.23704
0.59800,0.78044,-0.04513,0.20074,-0.00939,-0.40110,0.05631,0.51635,1.74147,4.28348,-0.05776,-0.09856,-0.08163,-0.51292,-0.10608,0.36290,2.28017,3.89117,3.22278
0.59900,0.78043,-0.04553,0.20080,-0.00888,-0.39935,0.06059,0.51775,1.75646,4.28151,-0.05827,-0.09867,-0.08127,-0.51063,-0.10219,0.36612,2.30037,3.89528,3.20839
0.60000,0.78042,-0.04592,0.20086,-0.00836,-0.39759,0.06487,0.51908,1.77139,4.27938,-0.05878,-0.09877,-0.08090,-0.50832,-0.09829,0.36932,2.32048,3.89924,3.19387
0.60100,0.78041,-0.04632,0.20093,-0.00784,-0.39581,0.06915,0.52032,1.78627,4.27708,-0.05929,-0.09887,-0.08053,-0.50599,-0.09439,0.37250,2.34050,3.90304,3.17923
0.60200,0.78041,-0.04672,0.20100,-0.00732,-0.39401,0.07343,0.52148,1.80110,4.27464,-0.05979,-0.09896,-0.08016,-0.50364,-0.09048,0.37567,2.36043,3.90669,3.16446
0.60300,0.78040,-0.04711,0.20108,-0.00680,-0.39221,0.07770,0.52256,1.81586,4.27203,-0.06029,-0.09905,-0.07978,-0.50127,-0.08658,0.37883,2.38027,3.91018,3.14957
0.60400,0.78039,-0.04750,0.20116,-0.00627,-0.39038,0.08197,0.52355,1.83057,4.26926,-0.06079,-0.09913,-0.07940,-0.49888,-0.08266,0.38197,2.40001,3.91353,3.13455
0.60500,0.78039,-0.04789,0.20124,-0.00575,-0.38854,0.08624,0.52447,1.84523,4.26633,-0.06129,-0.09921,-0.07902,-0.49647,-0.07875,0.38510,2.41966,3.91671,3.11941
0.60600,0.78038,-0.04828,0.20133,-0.00522,-0.38669,0.09050,0.52530,1.85983,4.26325,-0.06179,-0.09929,-0.07863,-0.49404,-0.07483,0.38821,2.43921,3.91974,3.10414
0.60700,0.78038,-0.04866,0.20142,-0.00470,-0.38482,0.09477,0.52605,1.87437,4.26001,-0.06228,-0.09936,-0.07824,-0.49159,-0.07091,0.39131,2.45867,3.92262,3.08876
0.60800,0.78037,-0.04905,0.20152,-0.00417,-0.38294,0.09902,0.52672,1.88885,4.25660,-0.06277,-0.09943,-0.07785,-0.48912,-0.06699,0.39439,2.47803,3.92534,3.07325
0.60900,0.78037,-0.04943,0.20162,-0.00364,-0.38105,0.10328,0.52730,1.90328,4.25304,-0.06326,-0.09950,-0.07745,-0.48663,-0.06306,0.39746,2.49729,3.92791,3.05762
0.61000,0.78037,-0.04981,0.20172,-0.00312,-0.37914,0.10753,0.52780,1.91765,4.24932,-0.06374,-0.09956,-0.07705,-0.48413,-0.05913,0.40051,2.51645,3.93032,3.04186
0.61100,0.78036,-0.05019,0.20183,-0.00259,-0.37721,0.11178,0.52822,1.93196,4.24545,-0.06423,-0.09961,-0.07665,-0.48160,-0.05520,0.40354,2.53551,3.93258,3.02599
0.61200,0.78036,-0.05056,0.20195,-0.00206,-0.37527,0.11602,0.52856,1.94621,4.24141,-0.06471,-0.09967,-0.07624,-0.47906,-0.05126,0.40656,2.55447,3.93468,3.01000
0.61300,0.78036,-0.05094,0.20207,-0.00153,-0.37332,0.12026,0.52881,1.96040,4.23721,-0.06518,-0.09972,-0.07584,-0.47649,-0.04733,0.40956,2.57334,3.93663,2.99389
0.61400,0.78036,-0.05131,0.20219,-0.00100,-0.37135,0.12450,0.52898,1.97453,4.23286,-0.06566,-0.09976,-0.07543,-0.47391,-0.04339,0.41254,2.59210,3.93842,2.97767
0.61500,0.78036,-0.05168,0.20231,-0.00047,-0.36937,0.12873,0.52907,1.98860,4.22835,-0.06613,-0.09980,-0.07501,-0.47131,-0.03945,0.41551,2.61075,3.94005,2.96132
0.61600,0.78036,-0.05205,0.20245,0.00006,-0.36737,0.13295,0.52907,2.00262,4.22367,-0.06660,-0.09984,-0.07459,-0.46869,-0.03551,0.41847,2.62931,3.94153,2.94486
0.61700,0.78036,-0.05242,0.20258,0.00058,-0.36537,0.13717,0.52899,2.01657,4.21884,-0.06707,-0.09987,-0.07417,-0.46605,-0.03157,0.42140,2.64776,3.94286,2.92828
0.61800,0.78036,-0.05278,0.20272,0.00111,-0.36334,0.14139,0.52883,2.03046,4.21385,-0.06753,-0.09990,-0.07375,-0.46339,-0.02763,0.42432,2.66611,3.94402,2.91159
0.61900,0.78036,-0.05314,0.20286,0.00164,-0.36130,0.14560,0.52859,2.04429,4.20870,-0.06800,-0.09993,-0.07333,-0.46072,-0.02368,0.42723,2.68435,3.94504,2.89478
0.62000,0.78036,-0.05350,0.20301,0.00217,-0.35925,0.14981,0.52826,2.05805,4.20340,-0.06845,-0.09995,-0.07290,-0.45802,-0.01974,0.43011,2.70248,3.94589,2.87785
0.62100,0.78036,-0.05386,0.20316,0.00270,-0.35719,0.15401,0.52785,2.07176,4.19793,-0.06891,-0.09997,-0.07247,-0.45531,-0.01579,0.43298,2.72051,3.94659,2.86082
0.62200,0.78037,-0.05422,0.20332,0.00323,-0.35511,0.15820,0.52736,2.08540,4.19231,-0.06937,-0.09998,-0.07203,-0.45258,-0.01184,0.43584,2.73843,3.94714,2.84367
0.62300,0.78037,-0.05457,0.20348,0.00375,-0.35302,0.16239,0.52679,2.09898,4.18652,-0.06982,-0.09999,-0.07159,-0.44984,-0.00790,0.43867,2.75625,3.94753,2.82640
0.62400,0.78037,-0.05492,0.20364,0.00428,-0.35091,0.16658,0.52613,2.11250,4.18058,-0.07026,-0.10000,-0.07115,-0.44707,-0.00395,0.44149,2.77395,3.94776,2.80903
0.62500,0.78038,-0.05527,0.20381,0.00481,-0.34879,0.17075,0.52539,2.12595,4.17448,-0.07071,-0.10000,-0.07071,-0.44429,-0.00000,0.44429,2.79155,3.94784,2.79155
0.62600,0.78038,-0.05562,0.20399,0.00533,-0.34666,0.17493,0.52457,2.13934,4.16822,-0.07115,-0.10000,-0.07026,-0.44149,0.00395,0.44707,2.80903,3.94776,2.77395
0.62700,0.78039,-0.05597,0.20416,0.00585,-0.34451,0.17909,0.52366,2.15267,4.16181,-0.07159,-0.09999,-0.06982,-0.43867,0.00790,0.44984,2.82640,3.94753,2.75625
0.62800,0.78039,-0.05631,0.20434,0.00638,-0.34235,0.18325,0.52268,2.16593,4.15523,-0.07203,-0.09998,-0.06937,-0.43584,0.01184,0.45258,2.84367,3.94714,2.73843
0.62900,0.78040,-0.05665,0.20453,0.00690,-0.34018,0.18740,0.52161,2.17912,4.14850,-0.07247,-0.09997,-0.06891,-0.43298,0.01579,0.45531,2.86082,3.94659,2.72051
0.63000,0.78041,-0.05699,0.20472,0.00742,-0.33800,0.19155,0.52046,2.19225,4.14160,-0.07290,-0.09995,-0.06845,-0.43011,0.01974,0.45802,2.87785,3.94589,2.70248
0.63100,0.78042,-0.05733,0.20491,0.00794,-0.33580,0.19568,0.51923,2.20532,4.13455,-0.07333,-0.09993,-0.06800,-0.42723,0.02368,0.46072,2.89478,3.94504,2.68435
0.63200,0.78042,-0.05766,0.20511,0.00846,-0.33359,0.19981,0.51792,2.21831,4.12734,-0.07375,-0.09990,-0.06753,-0.42432,0.02763,0.46339,2.91159,3.94402,2.66611
0.63300,0.78043,-0.05799,0.20531,0.00898,-0.33136,0.20394,0.51653,2.23124,4.11998,-0.07417,-0.09987,-0.06707,-0.42140,0.03157,0.46605,2.92828,3.94286,2.64776
0.63400,0.78044,-0.05832,0.20552,0.00949,-0.32912,0.20805,0.51506,2.24411,4.11245,-0.07459,-0.09984,-0.06660,-0.41847,0.03551,0.46869,2.94486,3.94153,2.62931
0.63500,0.78045,-0.05865,0.20573,0.01001,-0.32687,0.21216,0.51350,2.25690,4.10477,-0.07501,-0.09980,-0.06613,-0.41551,0.03945,0.47131,2.96132,3.94005,2.61075
0.63600,0.78046,-0.05898,0.20594,0.01052,-0.32461,0.21626,0.51187,2.26963,4.09693,-0.07543,-0.09976,-0.06566,-0.41254,0.04339,0.47391,2.97767,3.93842,2.59210
0.63700,0.78047,-0.05930,0.20616,0.01103,-0.32233,0.22036,0.51016,2.28228,4.08893,-0.07584,-0.09972,-0.06518,-0.40956,0.04733,0.47649,2.99389,3.93663,2.57334
0.63800,0.78048,-0.05962,0.20638,0.01154,-0.32004,0.22444,0.50837,2.29487,4.08077,-0.07624,-0.09967,-0.06471,-0.40656,0.05126,0.47906,3.01000,3.93468,2.55447
0.63900,0.78050,-0.05994,0.20661,0.01205,-0.31774,0.22852,0.50649,2.30739,4.07246,-0.07665,-0.09961,-0.06423,-0.40354,0.05520,0.48160,3.02599,3.93258,2.53551
0.64000,0.78051,-0.06026,0.20684,0.01255,-0.31543,0.23259,0.50454,2.31984,4.06399,-0.07705,-0.09956,-0.06374,-0.40051,0.05913,0.48413,3.04186,3.93032,2.51645
0.64100,0.78052,-0.06057,0.20707,0.01306,-0.31310,0.23665,0.50251,2.33222,4.05536,-0.07745,-0.09950,-0.06326,-0.39746,0.06306,0.48663,3.05762,3.92791,2.49729
0.64200,0.78053,-0.06088,0.20731,0.01356,-0.31077,0.24070,0.50040,2.34452,4.04657,-0.07785,-0.09943,-0.06277,-0.39439,0.06699,0.48912,3.07325,3.92534,2.47803
0.64300,0.78055,-0.06119,0.20756,0.01406,-0.30841,0.24474,0.49822,2.35676,4.03763,-0.07824,-0.09936,-0.06228,-0.39131,0.07091,0.49159,3.08876,3.92262,2.45867
0.64400,0.78056,-0.06150,0.20780,0.01455,-0.30605,0.24877,0.49595,2.36892,4.02853,-0.07863,-0.09929,-0.06179,-0.38821,0.07483,0.49404,3.10414,3.91974,2.43921
0.64500,0.78058,-0.06181,0.20805,0.01505,-0.30368,0.25280,0.49361,2.38101,4.01927,-0.07902,-0.09921,-0.06129,-0.38510,0.07875,0.49647,3.11941,3.91671,2.41966
0.64600,0.78059,-0.06211,0.20831,0.01554,-0.30129,0.25681,0.49120,2.39303,4.00986,-0.07940,-0.09913,-0.06079,-0.38197,0.08266,0.49888,3.13455,3.91353,2.40001
0.64700,0.78061,-0.06241,0.20857,0.01603,-0.29889,0.26082,0.48870,2.40497,4.00029,-0.07978,-0.09905,-0.06029,-0.37883,0.08658,0.50127,3.14957,3.91018,2.38027
0.64800,0.78062,-0.06271,0.20883,0.01652,-0.29648,0.26481,0.48613,2.41684,3.99056,-0.08016,-0.09896,-0.05979,-0.37567,0.09048,0.50364,3.16446,3.90669,2.36043
0.64900,0.78064,-0.06300,0.20910,0.01700,-0.29406,0.26880,0.48348,2.42863,3.98068,-0.08053,-0.09887,-0.05929,-0.37250,0.09439,0.50599,3.17923,3.90304,2.34050
0.65000,0.78066,-0.06329,0.20937,0.01749,-0.29162,0.27277,0.48076,2.44035,3.97064,-0.08090,-0.09877,-0.05878,-0.36932,0.09829,0.50832,3.19387,3.89924,2.32048
0.65100,0.78068,-0.06359,0.20964,0.01796,-0.28918,0.27674,0.47796,2.45200,3.96044,-0.08127,-0.09867,-0.05827,-0.36612,0.10219,0.51063,3.20839,3.89528,2.30037
0.65200,0.78069,-0.06387,0.20992,0.01844,-0.28672,0.28069,0.47509,2.46357,3.95009,-0.08163,-0.09856,-0.05776,-0.36290,0.10608,0.51292,3.22278,3.89117,2.28017
0.65300,0.78071,-0.06416,0.21020,0.01891,-0.28425,0.28464,0.47215,2.47506,3.93959,-0.08200,-0.09846,-0.05724,-0.35967,0.10997,0.51519,3.23704,3.88690,2.25987
0.65400,0.78073,-0.06444,0.21049,0.01939,-0.28177,0.28857,0.46913,2.48647,3.92893,-0.08235,-0.09834,-0.05673,-0.35643,0.11385,0.51744,3.25118,3.88249,2.23949
0.65500,0.78075,-0.06472,0.21078,0.01985,-0.27928,0.29250,0.46604,2.49781,3.91811,-0.08271,-0.09823,-0.05621,-0.35317,0.11774,0.51967,3.26518,3.87791,2.21902
0.65600,0.78077,-0.06500,0.21107,0.02032,-0.27677,0.29641,0.46287,2.50907,3.90714,-0.08306,-0.09811,-0.05569,-0.34990,0.12161,0.52188,3.27906,3.87319,2.19846
0.65700,0.78079,-0.06528,0.21137,0.02078,-0.27426,0.30031,0.45963,2.52025,3.89601,-0.08341,-0.09799,-0.05516,-0.34661,0.12548,0.52407,3.29281,3.86831,2.17781
0.65800,0.78081,-0.06555,0.21168,0.02124,-0.27173,0.30420,0.45632,2.53135,3.88473,-0.08375,-0.09786,-0.05464,-0.34331,0.12935,0.52623,3.30643,3.86328,2.15708
0.65900,0.78084,-0.06582,0.21198,0.02169,-0.26920,0.30808,0.45294,2.54237,3.87329,-0.08409,-0.09773,-0.05411,-0.34000,0.13321,0.52838,3.31992,3.85810,2.13626
0.66000,0.78086,-0.06609,0.21229,0.02214,-0.26665,0.31195,0.44949,2.55331,3.86170,-0.08443,-0.09759,-0.05358,-0.33667,0.13706,0.53051,3.33327,3.85276,2.11536
0.66100,0.78088,-0.06635,0.21261,0.02259,-0.26409,0.31580,0.44597,2.56416,3.84996,-0.08477,-0.09745,-0.05305,-0.33333,0.14091,0.53261,3.34650,3.84728,2.09437
0.66200,0.78090,-0.06662,0.21292,0.02303,-0.26152,0.31965,0.44238,2.57494,3.83806,-0.08510,-0.09731,-0.05252,-0.32998,0.14476,0.53470,3.35959,3.84164,2.07331
0.66300,0.78093,-0.06688,0.21324,0.02348,-0.25894,0.32348,0.43873,2.58564,3.82601,-0.08543,-0.09716,-0.05198,-0.32661,0.14860,0.53676,3.37255,3.83585,2.05216
0.66400,0.78095,-0.06713,0.21357,0.02391,-0.25635,0.32730,0.43500,2.59625,3.81380,-0.08575,-0.09701,-0.05144,-0.32323,0.15243,0.53880,3.38538,3.82991,2.03093
0.66500,0.78097,-0.06739,0.21390,0.02435,-0.25375,0.33111,0.43120,2.60678,3.80145,-0.08607,-0.09686,-0.05090,-0.31984,0.15626,0.54082,3.39807,3.82381,2.00961
0.66600,0.78100,-0.06764,0.21423,0.02477,-0.25114,0.33490,0.42734,2.61722,3.78894,-0.08639,-0.09670,-0.05036,-0.31644,0.16008,0.54282,3.41063,3.81757,1.98822
0.66700,0.78102,-0.06789,0.21457,0.02520,-0.24851,0.33868,0.42341,2.62758,3.77627,-0.08671,-0.09654,-0.04982,-0.31302,0.16389,0.54480,3.42306,3.81117,1.96676
0.66800,0.78105,-0.06814,0.21491,0.02562,-0.24588,0.34245,0.41942,2.63786,3.76346,-0.08702,-0.09637,-0.04927,-0.30959,0.16770,0.54675,3.43535,3.80463,1.94521
0.66900,0.78107,-0.06838,0.21525,0.02604,-0.24324,0.34621,0.41536,2.64805,3.75049,-0.08733,-0.09620,-0.04873,-0.30615,0.17150,0.54869,3.44750,3.79793,1.92359
0.67000,0.78110,-0.06862,0.21560,0.02645,-0.24058,0.34996,0.41123,2.65815,3.73737,-0.08763,-0.09603,-0.04818,-0.30269,0.17530,0.55060,3.45952,3.79109,1.90189
0.67100,0.78113,-0.06886,0.21595,0.02686,-0.23792,0.35369,0.40704,2.66817,3.72410,-0.08793,-0.09585,-0.04762,-0.29923,0.17908,0.55249,3.47140,3.78409,1.88011
0.67200,0.78115,-0.06910,0.21631,0.02727,-0.23525,0.35740,0.40279,2.67810,3.71068,-0.08823,-0.09567,-0.04707,-0.29575,0.18286,0.55436,3.48315,3.77695,1.85826
0.67300,0.78118,-0.06933,0.21667,0.02767,-0.23256,0.36111,0.39848,2.68794,3.69711,-0.08852,-0.09549,-0.04652,-0.29226,0.18664,0.55621,3.49475,3.76965,1.83634
0.67400,0.78121,-0.06957,0.21703,0.02806,-0.22987,0.36480,0.39410,2.69769,3.68339,-0.08881,-0.09530,-0.04596,-0.28876,0.19040,0.55803,3.50622,3.76221,1.81435
0.67500,0.78124,-0.06979,0.21740,0.02845,-0.22717,0.36847,0.38966,2.70735,3.66952,-0.08910,-0.09511,-0.04540,-0.28525,0.19416,0.55984,3.51755,3.75462,1.79228
0.67600,0.78127,-0.07002,0.21777,0.02884,-0.22446,0.37214,0.38516,2.71693,3.65550,-0.08938,-0.09491,-0.04484,-0.28173,0.19791,0.56162,3.52874,3.74688,1.77015
0.67700,0.78130,-0.07024,0.21814,0.02923,-0.22174,0.37579,0.38060,2.72641,3.64132,-0.08966,-0.09471,-0.04428,-0.27819,0.20165,0.56338,3.53980,3.73899,1.74794
0.67800,0.78132,-0.07046,0.21852,0.02960,-0.21900,0.37942,0.37598,2.73580,3.62700,-0.08994,-0.09451,-0.04371,-0.27465,0.20539,0.56511,3.55071,3.73096,1.72566
0.67900,0.78135,-0.07068,0.21890,0.02998,-0.21626,0.38304,0.37130,2.74510,3.61254,-0.09021,-0.09430,-0.04315,-0.27109,0.20912,0.56683,3.56148,3.72278,1.70332
0.68000,0.78138,-0.07090,0.21929,0.03035,-0.21351,0.38664,0.36657,2.75431,3.59792,-0.09048,-0.09409,-0.04258,-0.26753,0.21284,0.56852,3.57211,3.71445,1.68091
0.68100,0.78142,-0.07111,0.21967,0.03071,-0.21076,0.39024,0.36178,2.76343,3.58315,-0.09075,-0.09387,-0.04201,-0.26395,0.21655,0.57019,3.58260,3.70597,1.65843
0.68200,0.78145,-0.07132,0.22007,0.03107,-0.20799,0.39381,0.35693,2.77245,3.56824,-0.09101,-0.09365,-0.04144,-0.26036,0.22025,0.57184,3.59295,3.69735,1.63589
0.68300,0.78148,-0.07152,0.22046,0.03142,-0.20521,0.39737,0.35202,2.78138,3.55318,-0.09127,-0.09343,-0.04086,-0.25676,0.22394,0.57346,3.60316,3.68858,1.61328
0.68400,0.78151,-0.07173,0.22086,0.03177,-0.20242,0.40092,0.34706,2.79021,3.53797,-0.09152,-0.09321,-0.04029,-0.25315,0.22762,0.57506,3.61323,3.67967,1.59061
0.68500,0.78154,-0.07193,0.22126,0.03212,-0.19963,0.40445,0.34205,2.79895,3.52262,-0.09178,-0.09298,-0.03971,-0.24954,0.23130,0.57664,3.62315,3.67061,1.56788
0.68600,0.78157,-0.07213,0.22167,0.03246,-0.19683,0.40796,0.33698,2.80759,3.50712,-0.09202,-0.09274,-0.03914,-0.24591,0.23497,0.57820,3.63293,3.66141,1.54508
0.68700,0.78161,-0.07232,0.22208,0.03279,-0.19401,0.41146,0.33186,2.81613,3.49148,-0.09227,-0.09251,-0.03856,-0.24227,0.23862,0.57973,3.64257,3.65206,1.52222
0.68800,0.78164,-0.07251,0.22249,0.03312,-0.19119,0.41495,0.32669,2.82458,3.47569,-0.09251,-0.09227,-0.03798,-0.23862,0.24227,0.58124,3.65206,3.64257,1.49931
0.68900,0.78167,-0.07270,0.22291,0.03345,-0.18837,0.41841,0.32147,2.83293,3.45975,-0.09274,-0.09202,-0.03740,-0.23497,0.24591,0.58273,3.66141,3.63293,1.47633
0.69000,0.78171,-0.07289,0.22333,0.03376,-0.18553,0.42186,0.31619,2.84118,3.44368,-0.09298,-0.09178,-0.03681,-0.23130,0.24954,0.58420,3.67061,3.62315,1.45330
0.69100,0.78174,-0.07308,0.22375,0.03408,-0.18268,0.42530,0.31087,2.84933,3.42745,-0.09321,-0.09152,-0.03623,-0.22762,0.25315,0.58564,3.67967,3.61323,1.43021
0.69200,0.78177,-0.07326,0.22418,0.03439,-0.17983,0.42872,0.30550,2.85738,3.41109,-0.09343,-0.09127,-0.03564,-0.22394,0.25676,0.58706,3.68858,3.60316,1.40706
0.69300,0.78181,-0.07344,0.22461,0.03469,-0.17697,0.43212,0.30008,2.86533,3.39458,-0.09365,-0.09101,-0.03505,-0.22025,0.26036,0.58845,3.69735,3.59295,1.38385
0.69400,0.78184,-0.07361,0.22504,0.03499,-0.17410,0.43551,0.29461,2.87318,3.37793,-0.09387,-0.09075,-0.03446,-0.21655,0.26395,0.58982,3.70597,3.58260,1.36060
0.69500,0.78188,-0.07378,0.22548,0.03528,-0.17122,0.43888,0.28910,2.88093,3.36114,-0.09409,-0.09048,-0.03387,-0.21284,0.26753,0.59117,3.71445,3.57211,1.33728
0.69600,0.78191,-0.07395,0.22592,0.03556,-0.16834,0.44223,0.28354,2.88858,3.34420,-0.09430,-0.09021,-0.03328,-0.20912,0.27109,0.59250,3.72278,3.56148,1.31392
0.69700,0.78195,-0.07412,0.22637,0.03584,-0.16545,0.44557,0.27794,2.89612,3.32713,-0.09451,-0.08994,-0.03269,-0.20539,0.27465,0.59380,3.73096,3.55071,1.29050
0.69800,0.78199,-0.07428,0.22681,0.03612,-0.16255,0.44889,0.27230,2.90356,3.30991,-0.09471,-0.08966,-0.03209,-0.20165,0.27819,0.59508,3.73899,3.53980,1.26703
0.69900,0.78202,-0.07445,0.22726,0.03639,-0.15964,0.45219,0.26661,2.91090,3.29256,-0.09491,-0.08938,-0.03150,-0.19791,0.28173,0.59633,3.74688,3.52874,1.24352
0.70000,0.78206,-0.07460,0.22772,0.03665,-0.15672,0.45547,0.26088,2.91813,3.27506,-0.09511,-0.08910,-0.03090,-0.19416,0.28525,0.59757,3.75462,3.51755,1.21995
0.70100,0.78210,-0.07476,0.22818,0.03691,-0.15380,0.45874,0.25511,2.92525,3.25743,-0.09530,-0.08881,-0.03030,-0.19040,0.28876,0.59877,3.76221,3.50622,1.19634
0.70200,0.78213,-0.07491,0.22864,0.03716,-0.15087,0.46199,0.24930,2.93227,3.23966,-0.09549,-0.08852,-0.02970,-0.18664,0.29226,0.59996,3.76965,3.49475,1.17267
0.70300,0.78217,-0.07506,0.22910,0.03741,-0.14794,0.46522,0.24345,2.93918,3.22175,-0.09567,-0.08823,-0.02910,-0.18286,0.29575,0.60112,3.77695,3.48315,1.14896
0.70400,0.78221,-0.07521,0.22957,0.03765,-0.14499,0.46843,0.23756,2.94599,3.20370,-0.09585,-0.08793,-0.02850,-0.17908,0.29923,0.60226,3.78409,3.47140,1.12521
0.70500,0.78224,-0.07535,0.23004,0.03789,-0.14205,0.47162,0.23163,2.95268,3.18552,-0.09603,-0.08763,-0.02790,-0.17530,0.30269,0.60337,3.79109,3.45952,1.10141
0.70600,0.78228,-0.07549,0.23051,0.03811,-0.13909,0.47480,0.22567,2.95927,3.16720,-0.09620,-0.08733,-0.02730,-0.17150,0.30615,0.60446,3.79793,3.44750,1.07757
0.70700,0.78232,-0.07563,0.23099,0.03834,-0.13613,0.47796,0.21967,2.96575,3.14875,-0.09637,-0.08702,-0.02669,-0.16770,0.30959,0.60553,3.80463,3.43535,1.05369
0.70800,0.78236,-0.07576,0.23147,0.03855,-0.13316,0.48110,0.21364,2.97212,3.13016,-0.09654,-0.08671,-0.02608,-0.16389,0.31302,0.60657,3.81117,3.42306,1.02976
0.70900,0.78240,-0.07589,0.23195,0.03876,-0.13018,0.48422,0.20758,2.97837,3.11143,-0.09670,-0.08639,-0.02548,-0.16008,0.31644,0.60758,3.81757,3.41063,1.00579
0.71000,0.78244,-0.07602,0.23243,0.03897,-0.12720,0.48732,0.20148,2.98452,3.09258,-0.09686,-0.08607,-0.02487,-0.15626,0.31984,0.60858,3.82381,3.39807,0.98179
0.71100,0.78248,-0.07615,0.23292,0.03917,-0.12421,0.49040,0.19535,2.99056,3.07359,-0.09701,-0.08575,-0.02426,-0.15243,0.32323,0.60955,3.82991,3.38538,0.95774
0.71200,0.78252,-0.07627,0.23341,0.03936,-0.12122,0.49347,0.18919,2.99648,3.05447,-0.09716,-0.08543,-0.02365,-0.14860,0.32661,0.61049,3.83585,3.37255,0.93366
0.71300,0.78255,-0.07639,0.23391,0.03954,-0.11822,0.49651,0.18299,3.00229,3.03521,-0.09731,-0.08510,-0.02304,-0.14476,0.32998,0.61142,3.84164,3.35959,0.90954
0.71400,0.78259,-0.07651,0.23441,0.03972,-0.11522,0.49954,0.17677,3.00798,3.01583,-0.09745,-0.08477,-0.02243,-0.14091,0.33333,0.61231,3.84728,3.34650,0.88539
0.71500,0.78263,-0.07662,0.23491,0.03990,-0.11220,0.50254,0.17053,3.01356,2.99632,-0.09759,-0.08443,-0.02181,-0.13706,0.33667,0.61319,3.85276,3.33327,0.86119
0.71600,0.78267,-0.07673,0.23541,0.04007,-0.10919,0.50553,0.16425,3.01903,2.97667,-0.09773,-0.08409,-0.02120,-0.13321,0.34000,0.61404,3.85810,3.31992,0.83697
0.71700,0.78271,-0.07684,0.23592,0.04023,-0.10617,0.50850,0.15795,3.02438,2.95690,-0.09786,-0.08375,-0.02059,-0.12935,0.34331,0.61486,3.86328,3.30643,0.81271
0.71800,0.78275,-0.07695,0.23643,0.04038,-0.10314,0.51144,0.15162,3.02961,2.93700,-0.09799,-0.08341,-0.01997,-0.12548,0.34661,0.61566,3.86831,3.29281,0.78842
0.71900,0.78279,-0.07705,0.23694,0.04053,-0.10011,0.51437,0.14527,3.03473,2.91697,-0.09811,-0.08306,-0.01935,-0.12161,0.34990,0.61644,3.87319,3.27906,0.76410
0.72000,0.78284,-0.07715,0.23746,0.04067,-0.09707,0.51728,0.13890,3.03973,2.89681,-0.09823,-0.08271,-0.01874,-0.11774,0.35317,0.61719,3.87791,3.26518,0.73975
0.72100,0.78288,-0.07724,0.23798,0.04081,-0.09403,0.52016,0.13251,3.04462,2.87653,-0.09834,-0.08235,-0.01812,-0.11385,0.35643,0.61792,3.88249,3.25118,0.71537
0.72200,0.78292,-0.07733,0.23850,0.04094,-0.09098,0.52303,0.12609,3.04938,2.85613,-0.09846,-0.08200,-0.01750,-0.10997,0.35967,0.61862,3.88690,3.23704,0.69096
0.72300,0.78296,-0.07742,0.23902,0.04106,-0.08793,0.52588,0.11965,3.05403,2.83559,-0.09856,-0.08163,-0.01688,-0.10608,0.36290,0.61930,3.89117,3.22278,0.66653
0.72400,0.78300,-0.07751,0.23955,0.04118,-0.08487,0.52870,0.11320,3.05855,2.81494,-0.09867,-0.08127,-0.01626,-0.10219,0.36612,0.61995,3.89528,3.20839,0.64207
0.72500,0.78304,-0.07759,0.24008,0.04129,-0.08181,0.53151,0.10672,3.06296,2.79416,-0.09877,-0.08090,-0.01564,-0.09829,0.36932,0.62058,3.89924,3.19387,0.61758
0.72600,0.78308,-0.07767,0.24061,0.04139,-0.07875,0.53429,0.10023,3.06724,2.77326,-0.09887,-0.08053,-0.01502,-0.09439,0.37250,0.62119,3.90304,3.17923,0.59307
0.72700,0.78312,-0.07775,0.24115,0.04149,-0.07568,0.53705,0.09372,3.07140,2.75224,-0.09896,-0.08016,-0.01440,-0.09048,0.37567,0.62177,3.90669,3.16446,0.56853
0.72800,0.78316,-0.07782,0.24169,0.04158,-0.07260,0.53979,0.08720,3.07545,2.73109,-0.09905,-0.07978,-0.01378,-0.08658,0.37883,0.62233,3.91018,3.14957,0.54397
0.72900,0.78321,-0.07790,0.24223,0.04166,-0.06953,0.54251,0.08066,3.07936,2.70983,-0.09913,-0.07940,-0.01316,-0.08266,0.38197,0.62286,3.91353,3.13455,0.51940
0.73000,0.78325,-0.07796,0.24277,0.04174,-0.06645,0.54521,0.07411,3.08316,2.68845,-0.09921,-0.07902,-0.01253,-0.07875,0.38510,0.62336,3.91671,3.11941,0.49480
0.73100,0.78329,-0.07803,0.24332,0.04181,-0.06336,0.54789,0.06755,3.08683,2.66695,-0.09929,-0.07863,-0.01191,-0.07483,0.38821,0.62385,3.91974,3.10414,0.47018
0.73200,0.78333,-0.07809,0.24387,0.04187,-0.06027,0.55055,0.06098,3.09038,2.64533,-0.09936,-0.07824,-0.01129,-0.07091,0.39131,0.62430,3.92262,3.08876,0.44554
0.73300,0.78337,-0.07815,0.24442,0.04193,-0.05718,0.55318,0.05439,3.09380,2.62359,-0.09943,-0.07785,-0.01066,-0.06699,0.39439,0.62474,3.92534,3.07325,0.42088
0.73400,0.78342,-0.07820,0.24497,0.04198,-0.05408,0.55580,0.04780,3.09710,2.60174,-0.09950,-0.07745,-0.01004,-0.06306,0.39746,0.62515,3.92791,3.05762,0.39621
0.73500,0.78346,-0.07826,0.24553,0.04203,-0.05099,0.55839,0.04120,3.10027,2.57978,-0.09956,-0.07705,-0.00941,-0.05913,0.40051,0.62553,3.93032,3.04186,0.37152
0.73600,0.78350,-0.07831,0.24609,0.04207,-0.04788,0.56095,0.03459,3.10332,2.55770,-0.09961,-0.07665,-0.00879,-0.05520,0.40354,0.62589,3.93258,3.02599,0.34682
0.73700,0.78354,-0.07835,0.24665,0.04210,-0.04478,0.56350,0.02798,3.10624,2.53550,-0.09967,-0.07624,-0.00816,-0.05126,0.40656,0.62622,3.93468,3.01000,0.32211
0.73800,0.78358,-0.07840,0.24722,0.04212,-0.04167,0.56603,0.02136,3.10903,2.51320,-0.09972,-0.07584,-0.00753,-0.04733,0.40956,0.62653,3.93663,2.99389,0.29738
0.73900,0.78363,-0.07844,0.24779,0.04214,-0.03856,0.56853,0.01474,3.11170,2.49078,-0.09976,-0.07543,-0.00691,-0.04339,0.41254,0.62682,3.93842,2.97767,0.27264
0.74000,0.78367,-0.07847,0.24836,0.04215,-0.03545,0.57101,0.00811,3.11424,2.46825,-0.09980,-0.07501,-0.00628,-0.03945,0.41551,0.62708,3.94005,2.96132,0.24789
0.74100,0.78371,-0.07851,0.24893,0.04216,-0.03233,0.57346,0.00148,3.11664,2.44562,-0.09984,-0.07459,-0.00565,-0.03551,0.41847,0.62731,3.94153,2.94486,0.22313
0.74200,0.78375,-0.07854,0.24950,0.04215,-0.02922,0.57590,-0.00515,3.11892,2.42287,-0.09987,-0.07417,-0.00502,-0.03157,0.42140,0.62752,3.94286,2.92828,0.19836
0.74300,0.78379,-0.07857,0.25008,0.04214,-0.02610,0.57831,-0.01177,3.12107,2.40001,-0.09990,-0.07375,-0.00440,-0.02763,0.42432,0.62771,3.94402,2.91159,0.17358
0.74400,0.78376,-0.07858,0.25063,0.04213,-0.02297,0.58070,-0.01840,3.12309,2.37705,-0.09993,-0.07333,-0.00377,-0.02368,0.42723,0.62787,3.94504,2.89478,0.14879
0.74500,0.78380,-0.07860,0.25121,0.04211,-0.01985,0.58306,-0.02503,3.12498,2.35399,-0.09995,-0.07290,-0.00314,-0.01974,0.43011,0.62801,3.94589,2.87785,0.12400
0.74600,0.78392,-0.07863,0.25183,0.04208,-0.01672,0.58541,-0.03165,3.12674,2.33081,-0.09997,-0.07247,-0.00251,-0.01579,0.43298,0.62812,3.94659,2.86082,0.09921
0.74700,0.78396,-0.07864,0.25241,0.04204,-0.01360,0.58773,-0.03827,3.12836,2.30754,-0.09998,-0.07203,-0.00188,-0.01184,0.43584,0.62821,3.94714,2.84367,0.07441
0.74800,0.78393,-0.07865,0.25297,0.04200,-0.01047,0.59002,-0.04488,3.12986,2.28416,-0.09999,-0.07159,-0.00126,-0.00790,0.43867,0.62827,3.94753,2.82640,0.04961
0.74900,0.78397,-0.07866,0.25356,0.04196,-0.00734,0.59229,-0.05149,3.13122,2.26067,-0.10000,-0.07115,-0.00063,-0.00395,0.44149,0.62831,3.94776,2.80903,0.02480
0.75000,0.78401,-0.07866,0.25416,0.04190,-0.00420,0.59454,-0.05808,3.13245,2.23709,-0.10000,-0.07071,-0.00000,-0.00000,0.44429,0.62832,3.94784,2.79155,0.00000
0.75100,0.78413,-0.07867,0.25478,0.04184,-0.00107,0.59677,-0.06468,3.13355,2.21341,-0.10000,-0.07026,0.00063,0.00395,0.44707,0.62831,3.94776,2.77395,-0.02480
0.75200,0.78417,-0.07867,0.25538,0.04177,0.00206,0.59897,-0.07126,3.13451,2.18962,-0.09999,-0.06982,0.00126,0.00790,0.44984,0.62827,3.94753,2.75625,-0.04961
0.75300,0.78421,-0.07867,0.25598,0.04170,0.00520,0.60115,-0.07783,3.13534,2.16574,-0.09998,-0.06937,0.00188,0.01184,0.45258,0.62821,3.94714,2.73843,-0.07441
0.75400,0.78418,-0.07865,0.25655,0.04162,0.00833,0.60330,-0.08439,3.13603,2.14176,-0.09997,-0.06891,0.00251,0.01579,0.45531,0.62812,3.94659,2.72051,-0.09921
0.75500,0.78422,-0.07864,0.25716,0.04153,0.01147,0.60543,-0.09093,3.13659,2.11769,-0.09995,-0.06845,0.00314,0.01974,0.45802,0.62801,3.94589,2.70248,-0.12400
0.75600,0.78434,-0.07864,0.25779,0.04143,0.01461,0.60754,-0.09747,3.13702,2.09352,-0.09993,-0.06800,0.00377,0.02368,0.46072,0.62787,3.94504,2.68435,-0.14879
0.75700,0.78438,-0.07862,0.25840,0.04133,0.01774,0.60962,-0.10399,3.13731,2.06925,-0.09990,-0.06753,0.00440,0.02763,0.46339,0.62771,3.94402,2.66611,-0.17358
0.75800,0.78442,-0.07860,0.25901,0.04123,0.02088,0.61167,-0.11049,3.13746,2.04489,-0.09987,-0.06707,0.00502,0.03157,0.46605,0.62752,3.94286,2.64776,-0.19836
0.75900,0.78446,-0.07858,0.25962,0.04111,0.02402,0.61371,-0.11698,3.13748,2.02044,-0.09984,-0.06660,0.00565,0.03551,0.46869,0.62731,3.94153,2.62931,-0.22313
0.76000,0.78450,-0.07856,0.26024,0.04099,0.02716,0.61572,-0.12344,3.13736,1.99590,-0.09980,-0.06613,0.00628,0.03945,0.47131,0.62708,3.94005,2.61075,-0.24789
0.76100,0.78454,-0.07853,0.26086,0.04086,0.03029,0.61770,-0.12990,3.13711,1.97127,-0.09976,-0.06566,0.00691,0.04339,0.47391,0.62682,3.93842,2.59210,-0.27264
0.76200,0.78459,-0.07850,0.26147,0.04073,0.03343,0.61966,-0.13633,3.13671,1.94655,-0.09972,-0.06518,0.00753,0.04733,0.47649,0.62653,3.93663,2.57334,-0.29738
0.76300,0.78463,-0.07846,0.26209,0.04059,0.03657,0.62159,-0.14274,3.13618,1.92175,-0.09967,-0.06471,0.00816,0.05126,0.47906,0.62622,3.93468,2.55447,-0.32211
0.76400,0.78467,-0.07842,0.26272,0.04045,0.03970,0.62350,-0.14913,3.13552,1.89685,-0.09961,-0.06423,0.00879,0.05520,0.48160,0.62589,3.93258,2.53551,-0.34682
0.76500,0.78471,-0.07838,0.26334,0.04029,0.04284,0.62539,-0.15549,3.13471,1.87187,-0.09956,-0.06374,0.00941,0.05913,0.48413,0.62553,3.93032,2.51645,-0.37152
0.76600,0.78475,-0.07834,0.26397,0.04014,0.04597,0.62725,-0.16184,3.13377,1.84681,-0.09950,-0.06326,0.01004,0.06306,0.48663,0.62515,3.92791,2.49729,-0.39621
0.76700,0.78479,-0.07829,0.26460,0.03997,0.04911,0.62908,-0.16815,3.13269,1.82166,-0.09943,-0.06277,0.01066,0.06699,0.48912,0.62474,3.92534,2.47803,-0.42088
0.76800,0.78483,-0.07824,0.26523,0.03980,0.05224,0.63089,-0.17445,3.13147,1.79643,-0.09936,-0.06228,0.01129,0.07091,0.49159,0.62430,3.92262,2.45867,-0.44554
0.76900,0.78487,-0.07819,0.26586,0.03962,0.05537,0.63267,-0.18071,3.13011,1.77112,-0.09929,-0.06179,0.01191,0.07483,0.49404,0.62385,3.91974,2.43921,-0.47018
0.77000,0.78491,-0.07813,0.26649,0.03944,0.05850,0.63443,-0.18695,3.12862,1.74573,-0.09921,-0.06129,0.01253,0.07875,0.49647,0.62336,3.91671,2.41966,-0.49480
0.77100,0.78495,-0.07807,0.26713,0.03925,0.06163,0.63616,-0.19316,3.12698,1.72026,-0.09913,-0.06079,0.01316,0.08266,0.49888,0.62286,3.91353,2.40001,-0.51940
0.77200,0.78499,-0.07800,0.26776,0.03905,0.06475,0.63787,-0.19934,3.12520,1.69471,-0.09905,-0.06029,0.01378,0.08658,0.50127,0.62233,3.91018,2.38027,-0.54397
0.77300,0.78502,-0.07794,0.26840,0.03885,0.06788,0.63955,-0.20549,3.12329,1.66908,-0.09896,-0.05979,0.01440,0.09048,0.50364,0.62177,3.90669,2.36043,-0.56853
0.77400,0.78506,-0.07787,0.26904,0.03864,0.07100,0.64121,-0.21161,3.12123,1.64338,-0.09887,-0.05929,0.01502,0.09439,0.50599,0.62119,3.90304,2.34050,-0.59307
0.77500,0.78510,-0.07780,0.26968,0.03843,0.07412,0.64284,-0.21769,3.11904,1.61761,-0.09877,-0.05878,0.01564,0.09829,0.50832,0.62058,3.89924,2.32048,-0.61758
0.77600,0.78514,-0.07772,0.27033,0.03820,0.07724,0.64444,-0.22375,3.11670,1.59176,-0.09867,-0.05827,0.01626,0.10219,0.51063,0.61995,3.89528,2.30037,-0.64207
0.77700,0.78518,-0.07764,0.27097,0.03798,0.08035,0.64602,-0.22977,3.11423,1.56584,-0.09856,-0.05776,0.01688,0.10608,0.51292,0.61930,3.89117,2.28017,-0.66653
0.77800,0.78522,-0.07756,0.27162,0.03775,0.08346,0.64758,-0.23575,3.11161,1.53985,-0.09846,-0.05724,0.01750,0.10997,0.51519,0.61862,3.88690,2.25987,-0.69096
0.77900,0.78525,-0.07748,0.27227,0.03751,0.08657,0.64910,-0.24170,3.10885,1.51379,-0.09834,-0.05673,0.01812,0.11385,0.51744,0.61792,3.88249,2.23949,-0.71537
0.78000,0.78529,-0.07739,0.27292,0.03726,0.08968,0.65060,-0.24760,3.10596,1.48766,-0.09823,-0.05621,0.01874,0.11774,0.51967,0.61719,3.87791,2.21902,-0.73975
0.78100,0.78533,-0.07730,0.27357,0.03701,0.09279,0.65208,-0.25348,3.10292,1.46147,-0.09811,-0.05569,0.01935,0.12161,0.52188,0.61644,3.87319,2.19846,-0.76410
0.78200,0.78536,-0.07720,0.27422,0.03676,0.09589,0.65353,-0.25931,3.09974,1.43521,-0.09799,-0.05516,0.01997,0.12548,0.52407,0.61566,3.86831,2.17781,-0.78842
0.78300,0.78540,-0.07710,0.27488,0.03649,0.09899,0.65495,-0.26510,3.09642,1.40888,-0.09786,-0.05464,0.02059,0.12935,0.52623,0.61486,3.86328,2.15708,-0.81271
0.78400,0.78544,-0.07700,0.27553,0.03622,0.10208,0.65634,-0.27085,3.09296,1.38249,-0.09773,-0.05411,0.02120,0.13321,0.52838,0.61404,3.85810,2.13626,-0.83697
0.78500,0.78547,-0.07690,0.27619,0.03595,0.10517,0.65771,-0.27656,3.08936,1.35604,-0.09759,-0.05358,0.02181,0.13706,0.53051,0.61319,3.85276,2.11536,-0.86119
0.78600,0.78551,-0.07679,0.27685,0.03567,0.10826,0.65906,-0.28223,3.08562,1.32953,-0.09745,-0.05305,0.02243,0.14091,0.53261,0.61231,3.84728,2.09437,-0.88539
0.78700,0.78555,-0.07668,0.27751,0.03539,0.11134,0.66037,-0.28785,3.08174,1.30295,-0.09731,-0.05252,0.02304,0.14476,0.53470,0.61142,3.84164,2.07331,-0.90954
0.78800,0.78558,-0.07657,0.27817,0.03510,0.11442,0.66166,-0.29343,3.07771,1.27632,-0.09716,-0.05198,0.02365,0.14860,0.53676,0.61049,3.83585,2.05216,-0.93366
0.78900,0.78562,-0.07645,0.27883,0.03480,0.11750,0.66293,-0.29896,3.07355,1.24963,-0.09701,-0.05144,0.02426,0.15243,0.53880,0.60955,3.82991,2.03093,-0.95774
0.79000,0.78565,-0.07634,0.27949,0.03450,0.12057,0.66416,-0.30445,3.06924,1.22289,-0.09686,-0.05090,0.02487,0.15626,0.54082,0.60858,3.82381,2.00961,-0.98179
0.79100,0.78568,-0.07621,0.28016,0.03419,0.12364,0.66537,-0.30989,3.06479,1.19609,-0.09670,-0.05036,0.02548,0.16008,0.54282,0.60758,3.81757,1.98822,-1.00579
0.79200,0.78572,-0.07609,0.28083,0.03388,0.12670,0.66655,-0.31528,3.06021,1.16923,-0.09654,-0.04982,0.02608,0.16389,0.54480,0.60657,3.81117,1.96676,-1.02976
0.79300,0.78575,-0.07596,0.28149,0.03356,0.12976,0.66771,-0.32063,3.05548,1.14233,-0.09637,-0.04927,0.02669,0.16770,0.54675,0.60553,3.80463,1.94521,-1.05369
0.79400,0.78579,-0.07583,0.28216,0.03324,0.13281,0.66884,-0.32592,3.05061,1.11537,-0.09620,-0.04873,0.02730,0.17150,0.54869,0.60446,3.79793,1.92359,-1.07757
0.79500,0.78582,-0.07569,0.28283,0.03291,0.13586,0.66994,-0.33116,3.04560,1.08836,-0.09603,-0.04818,0.02790,0.17530,0.55060,0.60337,3.79109,1.90189,-1.10141
0.79600,0.78585,-0.07556,0.28350,0.03257,0.13890,0.67102,-0.33635,3.04045,1.06131,-0.09585,-0.04762,0.02850,0.17908,0.55249,0.60226,3.78409,1.88011,-1.12521
0.79700,0.78588,-0.07542,0.28417,0.03224,0.14194,0.67206,-0.34149,3.03516,1.03420,-0.09567,-0.04707,0.02910,0.18286,0.55436,0.60112,3.77695,1.85826,-1.14896
0.79800,0.78592,-0.07527,0.28484,0.03189,0.14497,0.67308,-0.34658,3.02972,1.00705,-0.09549,-0.04652,0.02970,0.18664,0.55621,0.59996,3.76965,1.83634,-1.17267
0.79900,0.78595,-0.07513,0.28552,0.03154,0.14800,0.67408,-0.35161,3.02415,0.97986,-0.09530,-0.04596,0.03030,0.19040,0.55803,0.59877,3.76221,1.81435,-1.19634
0.80000,0.78598,-0.07498,0.28619,0.03119,0.15102,0.67504,-0.35659,3.01844,0.95262,-0.09511,-0.04540,0.03090,0.19416,0.55984,0.59757,3.75462,1.79228,-1.21995
0.80100,0.78601,-0.07482,0.28687,0.03083,0.15404,0.67598,-0.36151,3.01259,0.92534,-0.09491,-0.04484,0.03150,0.19791,0.56162,0.59633,3.74688,1.77015,-1.24352
0.80200,0.78604,-0.07467,0.28754,0.03047,0.15705,0.67689,-0.36637,3.00660,0.89802,-0.09471,-0.04428,0.03209,0.20165,0.56338,0.59508,3.73899,1.74794,-1.26703
0.80300,0.78607,-0.07451,0.28822,0.03010,0.16005,0.67778,-0.37118,3.00046,0.87066,-0.09451,-0.04371,0.03269,0.20539,0.56511,0.59380,3.73096,1.72566,-1.29050
0.80400,0.78610,-0.07435,0.28890,0.02972,0.16305,0.67864,-0.37593,2.99419,0.84327,-0.09430,-0.04315,0.03328,0.20912,0.56683,0.59250,3.72278,1.70332,-1.31392
0.80500,0.78613,-0.07418,0.28958,0.02935,0.16604,0.67946,-0.38062,2.98778,0.81583,-0.09409,-0.04258,0.03387,0.21284,0.56852,0.59117,3.71445,1.68091,-1.33728
0.80600,0.78616,-0.07402,0.29026,0.02896,0.16902,0.68027,-0.38525,2.98123,0.78836,-0.09387,-0.04201,0.03446,0.21655,0.57019,0.58982,3.70597,1.65843,-1.36060
0.80700,0.78619,-0.07385,0.29094,0.02857,0.17200,0.68104,-0.38983,2.97455,0.76086,-0.09365,-0.04144,0.03505,0.22025,0.57184,0.58845,3.69735,1.63589,-1.38385
0.80800,0.78622,-0.07367,0.29162,0.02818,0.17497,0.68179,-0.39434,2.96772,0.73332,-0.09343,-0.04086,0.03564,0.22394,0.57346,0.58706,3.68858,1.61328,-1.40706
0.80900,0.78624,-0.07350,0.29230,0.02779,0.17793,0.68251,-0.39879,2.96076,0.70575,-0.09321,-0.04029,0.03623,0.22762,0.57506,0.58564,3.67967,1.59061,-1.43021
0.81000,0.78627,-0.07332,0.29299,0.02739,0.18089,0.68320,-0.40317,2.95365,0.67815,-0.09298,-0.03971,0.03681,0.23130,0.57664,0.58420,3.67061,1.56788,-1.45330
0.81100,0.78630,-0.07313,0.29367,0.02698,0.18384,0.68386,-0.40750,2.94641,0.65052,-0.09274,-0.03914,0.03740,0.23497,0.57820,0.58273,3.66141,1.54508,-1.47633
0.81200,0.78633,-0.07295,0.29435,0.02657,0.18678,0.68450,-0.41176,2.93903,0.62286,-0.09251,-0.03856,0.03798,0.23862,0.57973,0.58124,3.65206,1.52222,-1.49931
0.81300,0.78635,-0.07276,0.29504,0.02616,0.18972,0.68511,-0.41595,2.93152,0.59518,-0.09227,-0.03798,0.03856,0.24227,0.58124,0.57973,3.64257,1.49931,-1.52222
0.81400,0.78638,-0.07257,0.29572,0.02574,0.19265,0.68569,-0.42008,2.92387,0.56747,-0.09202,-0.03740,0.03914,0.24591,0.58273,0.57820,3.63293,1.47633,-1.54508
0.81500,0.78640,-0.07238,0.29641,0.02532,0.19557,0.68624,-0.42415,2.91608,0.53974,-0.09178,-0.03681,0.03971,0.24954,0.58420,0.57664,3.62315,1.45330,-1.56788
0.81600,0.78643,-0.07218,0.29710,0.02489,0.19848,0.68677,-0.42815,2.90816,0.51198,-0.09152,-0.03623,0.04029,0.25315,0.58564,0.57506,3.61323,1.43021,-1.59061
0.81700,0.78645,-0.07198,0.29778,0.02446,0.20138,0.68727,-0.43208,2.90010,0.48421,-0.09127,-0.03564,0.04086,0.25676,0.58706,0.57346,3.60316,1.40706,-1.61328
0.81800,0.78648,-0.07178,0.29847,0.02403,0.20428,0.68774,-0.43594,2.89190,0.45641,-0.09101,-0.03505,0.04144,0.26036,0.58845,0.57184,3.59295,1.38385,-1.63589
0.81900,0.78650,-0.07157,0.29916,0.02359,0.20717,0.68818,-0.43974,2.88357,0.42860,-0.09075,-0.03446,0.04201,0.26395,0.58982,0.57019,3.58260,1.36060,-1.65843
0.82000,0.78653,-0.07136,0.29985,0.02315,0.21005,0.68860,-0.44346,2.87511,0.40077,-0.09048,-0.03387,0.04258,0.26753,0.59117,0.56852,3.57211,1.33728,-1.68091
0.82100,0.78655,-0.07115,0.30054,0.02270,0.21292,0.68898,-0.44712,2.86651,0.37292,-0.09021,-0.03328,0.04315,0.27109,0.59250,0.56683,3.56148,1.31392,-1.70332
0.82200,0.78657,-0.07094,0.30123,0.02225,0.21578,0.68934,-0.45070,2.85778,0.34506,-0.08994,-0.03269,0.04371,0.27465,0.59380,0.56511,3.55071,1.29050,-1.72566
0.82300,0.78659,-0.07072,0.30192,0.02180,0.21863,0.68967,-0.45422,2.84891,0.31718,-0.08966,-0.03209,0.04428,0.27819,0.59508,0.56338,3.53980,1.26703,-1.74794
0.82400,0.78661,-0.07050,0.30260,0.02134,0.22148,0.68998,-0.45766,2.83991,0.28930,-0.08938,-0.03150,0.04484,0.28173,0.59633,0.56162,3.52874,1.24352,-1.77015
0.82500,0.78664,-0.07028,0.30330,0.02088,0.22431,0.69025,-0.46103,2.83078,0.26140,-0.08910,-0.03090,0.04540,0.28525,0.59757,0.55984,3.51755,1.21995,-1.79228
0.82600,0.78666,-0.07005,0.30399,0.02042,0.22714,0.69050,-0.46433,2.82152,0.23349,-0.08881,-0.03030,0.04596,0.28876,0.59877,0.55803,3.50622,1.19634,-1.81435
0.82700,0.78668,-0.06982,0.30468,0.01996,0.22996,0.69072,-0.46756,2.81213,0.20558,-0.08852,-0.02970,0.04652,0.29226,0.59996,0.55621,3.49475,1.17267,-1.83634
0.82800,0.78670,-0.06959,0.30537,0.01949,0.23276,0.69091,-0.47071,2.80260,0.17766,-0.08823,-0.02910,0.04707,0.29575,0.60112,0.55436,3.48315,1.14896,-1.85826
0.82900,0.78671,-0.06936,0.30606,0.01901,0.23556,0.69107,-0.47379,2.79295,0.14973,-0.08793,-0.02850,0.04762,0.29923,0.60226,0.55249,3.47140,1.12521,-1.88011
0.83000,0.78673,-0.06912,0.30675,0.01854,0.23835,0.69121,-0.47679,2.78316,0.12181,-0.08763,-0.02790,0.04818,0.30269,0.60337,0.55060,3.45952,1.10141,-1.90189
0.83100,0.78675,-0.06888,0.30744,0.01806,0.24113,0.69132,-0.47972,2.77325,0.09387,-0.08733,-0.02730,0.04873,0.30615,0.60446,0.54869,3.44750,1.07757,-1.92359
0.83200,0.78677,-0.06864,0.30813,0.01758,0.24390,0.69140,-0.48258,2.76321,0.06594,-0.08702,-0.02669,0.04927,0.30959,0.60553,0.54675,3.43535,1.05369,-1.94521
0.83300,0.78679,-0.06839,0.30882,0.01710,0.24665,0.69145,-0.48535,2.75304,0.03801,-0.08671,-0.02608,0.04982,0.31302,0.60657,0.54480,3.42306,1.02976,-1.96676
0.83400,0.78680,-0.06814,0.30951,0.01661,0.24940,0.69147,-0.48805,2.74274,0.01008,-0.08639,-0.02548,0.05036,0.31644,0.60758,0.54282,3.41063,1.00579,-1.98822
0.83500,0.78682,-0.06789,0.31021,0.01612,0.25214,0.69147,-0.49068,2.73231,-0.01785,-0.08607,-0.02487,0.05090,0.31984,0.60858,0.54082,3.39807,0.98179,-2.00961
0.83600,0.78684,-0.06764,0.31090,0.01563,0.25487,0.69144,-0.49322,2.72176,-0.04578,-0.08575,-0.02426,0.05144,0.32323,0.60955,0.53880,3.38538,0.95774,-2.03093
0.83700,0.78685,-0.06738,0.31159,0.01513,0.25758,0.69138,-0.49569,2.71108,-0.07369,-0.08543,-0.02365,0.05198,0.32661,0.61049,0.53676,3.37255,0.93366,-2.05216
0.83800,0.78687,-0.06712,0.31228,0.01464,0.26029,0.69129,-0.49808,2.70028,-0.10161,-0.08510,-0.02304,0.05252,0.32998,0.61142,0.53470,3.35959,0.90954,-2.07331
0.83900,0.78688,-0.06686,0.31297,0.01414,0.26298,0.69118,-0.50039,2.68935,-0.12951,-0.08477,-0.02243,0.05305,0.33333,0.61231,0.53261,3.34650,0.88539,-2.09437
0.84000,0.78689,-0.06660,0.31366,0.01364,0.26567,0.69103,-0.50262,2.67830,-0.15740,-0.08443,-0.02181,0.05358,0.33667,0.61319,0.53051,3.33327,0.86119,-2.11536
0.84100,0.78691,-0.06633,0.31435,0.01313,0.26834,0.69086,-0.50478,2.66713,-0.18529,-0.08409,-0.02120,0.05411,0.34000,0.61404,0.52838,3.31992,0.83697,-2.13626
0.84200,0.78692,-0.06606,0.31504,0.01263,0.27100,0.69066,-0.50685,2.65583,-0.21316,-0.08375,-0.02059,0.05464,0.34331,0.61486,0.52623,3.30643,0.81271,-2.15708
0.84300,0.78693,-0.06579,0.31573,0.01212,0.27365,0.69043,-0.50884,2.64441,-0.24102,-0.08341,-0.01997,0.05516,0.34661,0.61566,0.52407,3.29281,0.78842,-2.17781
0.84400,0.78695,-0.06551,0.31643,0.01161,0.27629,0.69018,-0.51075,2.63287,-0.26886,-0.08306,-0.01935,0.05569,0.34990,0.61644,0.52188,3.27906,0.76410,-2.19846
0.84500,0.78696,-0.06524,0.31712,0.01110,0.27892,0.68990,-0.51258,2.62121,-0.29669,-0.08271,-0.01874,0.05621,0.35317,0.61719,0.51967,3.26518,0.73975,-2.21902
0.84600,0.78697,-0.06496,0.31780,0.01058,0.28153,0.68959,-0.51433,2.60943,-0.32450,-0.08235,-0.01812,0.05673,0.35643,0.61792,0.51744,3.25118,0.71537,-2.23949
0.84700,0.78698,-0.06467,0.31849,0.01007,0.28414,0.68925,-0.51600,2.59753,-0.35229,-0.08200,-0.01750,0.05724,0.35967,0.61862,0.51519,3.23704,0.69096,-2.25987
0.84800,0.78699,-0.06439,0.31918,0.00955,0.28673,0.68888,-0.51759,2.58552,-0.38006,-0.08163,-0.01688,0.05776,0.36290,0.61930,0.51292,3.22278,0.66653,-2.28017
0.84900,0.78700,-0.06410,0.31987,0.00903,0.28931,0.68849,-0.51909,2.57338,-0.40781,-0.08127,-0.01626,0.05827,0.36612,0.61995,0.51063,3.20839,0.64207,-2.30037
0.85000,0.78701,-0.06381,0.32056,0.00851,0.29187,0.68807,-0.52051,2.56113,-0.43554,-0.08090,-0.01564,0.05878,0.36932,0.62058,0.50832,3.19387,0.61758,-2.32048
0.85100,0.78701,-0.06352,0.32125,0.00799,0.29443,0.68762,-0.52185,2.54876,-0.46324,-0.08053,-0.01502,0.05929,0.37250,0.62119,0.50599,3.17923,0.59307,-2.34050
0.85200,0.78702,-0.06322,0.32194,0.00747,0.29697,0.68714,-0.52311,2.53628,-0.49092,-0.08016,-0.01440,0.05979,0.37567,0.62177,0.50364,3.16446,0.56853,-2.36043
0.85300,0.78703,-0.06292,0.32262,0.00695,0.29950,0.68663,-0.52429,2.52368,-0.51857,-0.07978,-0.01378,0.06029,0.37883,0.62233,0.50127,3.14957,0.54397,-2.38027
0.85400,0.78704,-0.06262,0.32331,0.00642,0.30202,0.68610,-0.52538,2.51097,-0.54620,-0.07940,-0.01316,0.06079,0.38197,0.62286,0.49888,3.13455,0.51940,-2.40001
0.85500,0.78704,-0.06232,0.32399,0.00589,0.30452,0.68554,-0.52638,2.49814,-0.57379,-0.07902,-0.01253,0.06129,0.38510,0.62336,0.49647,3.11941,0.49480,-2.41966
0.85600,0.78705,-0.06201,0.32468,0.00537,0.30702,0.68495,-0.52731,2.48521,-0.60136,-0.07863,-0.01191,0.06179,0.38821,0.62385,0.49404,3.10414,0.47018,-2.43921
0.85700,0.78705,-0.06170,0.32536,0.00484,0.30949,0.68434,-0.52815,2.47216,-0.62889,-0.07824,-0.01129,0.06228,0.39131,0.62430,0.49159,3.08876,0.44554,-2.45867
0.85800,0.78706,-0.06139,0.32605,0.00431,0.31196,0.68370,-0.52890,2.45900,-0.65639,-0.07785,-0.01066,0.06277,0.39439,0.62474,0.48912,3.07325,0.42088,-2.47803
0.85900,0.78706,-0.06108,0.32673,0.00378,0.31441,0.68303,-0.52958,2.44573,-0.68386,-0.07745,-0.01004,0.06326,0.39746,0.62515,0.48663,3.05762,0.39621,-2.49729
0.86000,0.78706,-0.06076,0.32741,0.00325,0.31685,0.68233,-0.53016,2.43236,-0.71129,-0.07705,-0.00941,0.06374,0.40051,0.62553,0.48413,3.04186,0.37152,-2.51645
0.86100,0.78707,-0.06045,0.32810,0.00272,0.31928,0.68160,-0.53067,2.41887,-0.73868,-0.07665,-0.00879,0.06423,0.40354,0.62589,0.48160,3.02599,0.34682,-2.53551
0.86200,0.78707,-0.06013,0.32878,0.00219,0.32169,0.68085,-0.53109,2.40528,-0.76604,-0.07624,-0.00816,0.06471,0.40656,0.62622,0.47906,3.01000,0.32211,-2.55447
0.86300,0.78707,-0.05980,0.32946,0.00166,0.32409,0.68007,-0.53142,2.39158,-0.79336,-0.07584,-0.00753,0.06518,0.40956,0.62653,0.47649,2.99389,0.29738,-2.57334
0.86400,0.78707,-0.05948,0.33014,0.00113,0.32647,0.67926,-0.53167,2.37778,-0.82064,-0.07543,-0.00691,0.06566,0.41254,0.62682,0.47391,2.97767,0.27264,-2.59210
0.86500,0.78707,-0.05915,0.33082,0.00060,0.32884,0.67843,-0.53184,2.36387,-0.84787,-0.07501,-0.00628,0.06613,0.41551,0.62708,0.47131,2.96132,0.24789,-2.61075
0.86600,0.78707,-0.05882,0.33149,0.00006,0.33120,0.67757,-0.53192,2.34986,-0.87507,-0.07459,-0.00565,0.06660,0.41847,0.62731,0.46869,2.94486,0.22313,-2.62931
0.86700,0.78707,-0.05849,0.33217,-0.00047,0.33354,0.67668,-0.53191,2.33574,-0.90222,-0.07417,-0.00502,0.06707,0.42140,0.62752,0.46605,2.92828,0.19836,-2.64776
0.86800,0.78707,-0.05815,0.33285,-0.00100,0.33587,0.67576,-0.53183,2.32153,-0.92932,-0.07375,-0.00440,0.06753,0.42432,0.62771,0.46339,2.91159,0.17358,-2.66611
0.86900,0.78707,-0.05782,0.33352,-0.00153,0.33819,0.67482,-0.53165,2.30721,-0.95638,-0.07333,-0.00377,0.06800,0.42723,0.62787,0.46072,2.89478,0.14879,-2.68435
0.87000,0.78707,-0.05748,0.33420,-0.00206,0.34049,0.67385,-0.53140,2.29280,-0.98339,-0.07290,-0.00314,0.06845,0.43011,0.62801,0.45802,2.87785,0.12400,-2.70248
0.87100,0.78707,-0.05714,0.33487,-0.00259,0.34277,0.67286,-0.53105,2.27828,-1.01035,-0.07247,-0.00251,0.06891,0.43298,0.62812,0.45531,2.86082,0.09921,-2.72051
0.87200,0.78707,-0.05679,0.33554,-0.00312,0.34504,0.67183,-0.53063,2.26367,-1.03726,-0.07203,-0.00188,0.06937,0.43584,0.62821,0.45258,2.84367,0.07441,-2.73843
0.87300,0.78706,-0.05645,0.33621,-0.00365,0.34730,0.67078,-0.53011,2.24896,-1.06412,-0.07159,-0.00126,0.06982,0.43867,0.62827,0.44984,2.82640,0.04961,-2.75625
0.87400,0.78706,-0.05610,0.33689,-0.00418,0.34954,0.66970,-0.52952,2.23415,-1.09093,-0.07115,-0.00063,0.07026,0.44149,0.62831,0.44707,2.80903,0.02480,-2.77395
0.87500,0.78705,-0.05575,0.33755,-0.00471,0.35177,0.66860,-0.52884,2.21925,-1.11768,-0.07071,-0.00000,0.07071,0.44429,0.62832,0.44429,2.79155,0.00000,-2.79155
0.87600,0.78705,-0.05539,0.33822,-0.00524,0.35398,0.66747,-0.52807,2.20425,-1.14438,-0.07026,0.00063,0.07115,0.44707,0.62831,0.44149,2.77395,-0.02480,-2.80903
0.87700,0.78704,-0.05504,0.33889,-0.00577,0.35618,0.66631,-0.52722,2.18916,-1.17103,-0.06982,0.00126,0.07159,0.44984,0.62827,0.43867,2.75625,-0.04961,-2.82640
0.87800,0.78704,-0.05468,0.33955,-0.00630,0.35836,0.66513,-0.52629,2.17398,-1.19761,-0.06937,0.00188,0.07203,0.45258,0.62821,0.43584,2.73843,-0.07441,-2.84367
0.87900,0.78703,-0.05432,0.34022,-0.00682,0.36052,0.66391,-0.52527,2.15871,-1.22414,-0.06891,0.00251,0.07247,0.45531,0.62812,0.43298,2.72051,-0.09921,-2.86082
0.88000,0.78702,-0.05396,0.34088,-0.00735,0.36267,0.66268,-0.52417,2.14335,-1.25061,-0.06845,0.00314,0.07290,0.45802,0.62801,0.43011,2.70248,-0.12400,-2.87785
0.88100,0.78702,-0.05360,0.34154,-0.00787,0.36481,0.66141,-0.52299,2.12789,-1.27702,-0.06800,0.00377,0.07333,0.46072,0.62787,0.42723,2.68435,-0.14879,-2.89478
0.88200,0.78701,-0.05323,0.34221,-0.00839,0.36693,0.66012,-0.52172,2.11235,-1.30336,-0.06753,0.00440,0.07375,0.46339,0.62771,0.42432,2.66611,-0.17358,-2.91159
0.88300,0.78700,-0.05286,0.34286,-0.00891,0.36903,0.65881,-0.52037,2.09673,-1.32965,-0.06707,0.00502,0.07417,0.46605,0.62752,0.42140,2.64776,-0.19836,-2.92828
0.88400,0.78699,-0.05249,0.34352,-0.00943,0.37112,0.65746,-0.51893,2.08101,-1.35587,-0.06660,0.00565,0.07459,0.46869,0.62731,0.41847,2.62931,-0.22313,-2.94486
0.88500,0.78698,-0.05212,0.34418,-0.00995,0.37320,0.65610,-0.51742,2.06521,-1.38202,-0.06613,0.00628,0.07501,0.47131,0.62708,0.41551,2.61075,-0.24789,-2.96132
0.88600,0.78697,-0.05175,0.34484,-0.01047,0.37525,0.65470,-0.51582,2.04933,-1.40811,-0.06566,0.00691,0.07543,0.47391,0.62682,0.41254,2.59210,-0.27264,-2.97767
0.88700,0.78696,-0.05137,0.34549,-0.01098,0.37730,0.65328,-0.51414,2.03336,-1.43413,-0.06518,0.00753,0.07584,0.47649,0.62653,0.40956,2.57334,-0.29738,-2.99389
0.88800,0.78695,-0.05099,0.34614,-0.01150,0.37932,0.65183,-0.51237,2.01731,-1.46008,-0.06471,0.00816,0.07624,0.47906,0.62622,0.40656,2.55447,-0.32211,-3.01000
0.88900,0.78694,-0.05061,0.34679,-0.01201,0.38133,0.65036,-0.51052,2.00118,-1.48597,-0.06423,0.00879,0.07665,0.48160,0.62589,0.40354,2.53551,-0.34682,-3.02599
0.89000,0.78692,-0.05023,0.34744,-0.01252,0.38332,0.64886,-0.50860,1.98497,-1.51178,-0.06374,0.00941,0.07705,0.48413,0.62553,0.40051,2.51645,-0.37152,-3.04186
0.89100,0.78691,-0.04984,0.34809,-0.01303,0.38530,0.64734,-0.50659,1.96869,-1.53752,-0.06326,0.01004,0.07745,0.48663,0.62515,0.39746,2.49729,-0.39621,-3.05762
0.89200,0.78690,-0.04946,0.34874,-0.01353,0.38726,0.64578,-0.50450,1.95232,-1.56319,-0.06277,0.01066,0.07785,0.48912,0.62474,0.39439,2.47803,-0.42088,-3.07325
0.89300,0.78688,-0.04907,0.34938,-0.01403,0.38920,0.64421,-0.50233,1.93587,-1.58878,-0.06228,0.01129,0.07824,0.49159,0.62430,0.39131,2.45867,-0.44554,-3.08876
0.89400,0.78687,-0.04868,0.35003,-0.01454,0.39113,0.64261,-0.50008,1.91935,-1.61430,-0.06179,0.01191,0.07863,0.49404,0.62385,0.38821,2.43921,-0.47018,-3.10414
0.89500,0.78686,-0.04829,0.35067,-0.01503,0.39304,0.64098,-0.49774,1.90276,-1.63975,-0.06129,0.01253,0.07902,0.49647,0.62336,0.38510,2.41966,-0.49480,-3.11941
0.89600,0.78684,-0.04789,0.35131,-0.01553,0.39494,0.63933,-0.49533,1.88609,-1.66511,-0.06079,0.01316,0.07940,0.49888,0.62286,0.38197,2.40001,-0.51940,-3.13455
0.89700,0.78682,-0.04750,0.35195,-0.01603,0.39682,0.63765,-0.49284,1.86935,-1.69040,-0.06029,0.01378,0.07978,0.50127,0.62233,0.37883,2.38027,-0.54397,-3.14957
0.89800,0.78681,-0.04710,0.35258,-0.01652,0.39868,0.63595,-0.49028,1.85254,-1.71561,-0.05979,0.01440,0.08016,0.50364,0.62177,0.37567,2.36043,-0.56853,-3.16446
0.89900,0.78679,-0.04670,0.35322,-0.01701,0.40052,0.63422,-0.48763,1.83565,-1.74074,-0.05929,0.01502,0.08053,0.50599,0.62119,0.37250,2.34050,-0.59307,-3.17923
0.90000,0.78677,-0.04630,0.35385,-0.01749,0.40235,0.63247,-0.48490,1.81870,-1.76579,-0.05878,0.01564,0.08090,0.50832,0.62058,0.36932,2.32048,-0.61758,-3.19387
0.90100,0.78676,-0.04590,0.35448,-0.01798,0.40416,0.63069,-0.48210,1.80168,-1.79076,-0.05827,0.01626,0.08127,0.51063,0.61995,0.36612,2.30037,-0.64207,-3.20839
0.90200,0.78674,-0.04549,0.35511,-0.01846,0.40595,0.62888,-0.47922,1.78459,-1.81564,-0.05776,0.01688,0.08163,0.51292,0.61930,0.36290,2.28017,-0.66653,-3.22278
0.90300,0.78672,-0.04508,0.35574,-0.01893,0.40773,0.62706,-0.47627,1.76743,-1.84044,-0.05724,0.01750,0.08200,0.51519,0.61862,0.35967,2.25987,-0.69096,-3.23704
0.90400,0.78670,-0.04467,0.35637,-0.01941,0.40949,0.62520,-0.47323,1.75021,-1.86516,-0.05673,0.01812,0.08235,0.51744,0.61792,0.35643,2.23949,-0.71537,-3.25118
0.90500,0.78668,-0.04426,0.35699,-0.01988,0.41123,0.62333,-0.47012,1.73292,-1.88979,-0.05621,0.01874,0.08271,0.51967,0.61719,0.35317,2.21902,-0.73975,-3.26518
0.90600,0.78666,-0.04385,0.35761,-0.02035,0.41295,0.62142,-0.46694,1.71558,-1.91433,-0.05569,0.01935,0.08306,0.52188,0.61644,0.34990,2.19846,-0.76410,-3.27906
0.90700,0.78664,-0.04344,0.35823,-0.02081,0.41466,0.61950,-0.46368,1.69817,-1.93878,-0.05516,0.01997,0.08341,0.52407,0.61566,0.34661,2.17781,-0.78842,-3.29281
0.90800,0.78662,-0.04302,0.35885,-0.02128,0.41635,0.61755,-0.46035,1.68069,-1.96315,-0.05464,0.02059,0.08375,0.52623,0.61486,0.34331,2.15708,-0.81271,-3.30643
0.90900,0.78660,-0.04261,0.35947,-0.02173,0.41802,0.61557,-0.45695,1.66316,-1.98742,-0.05411,0.02120,0.08409,0.52838,0.61404,0.34000,2.13626,-0.83697,-3.31992
0.91000,0.78658,-0.04219,0.36008,-0.02219,0.41967,0.61357,-0.45347,1.64557,-2.01161,-0.05358,0.02181,0.08443,0.53051,0.61319,0.33667,2.11536,-0.86119,-3.33327
0.91100,0.78655,-0.04177,0.36070,-0.02264,0.42131,0.61155,-0.44991,1.62792,-2.03570,-0.05305,0.02243,0.08477,0.53261,0.61231,0.33333,2.09437,-0.88539,-3.34650
0.91200,0.78653,-0.04134,0.36131,-0.02309,0.42293,0.60950,-0.44629,1.61022,-2.05970,-0.05252,0.02304,0.08510,0.53470,0.61142,0.32998,2.07331,-0.90954,-3.35959
0.91300,0.78651,-0.04092,0.36192,-0.02353,0.42453,0.60743,-0.44260,1.59246,-2.08361,-0.05198,0.02365,0.08543,0.53676,0.61049,0.32661,2.05216,-0.93366,-3.37255
0.91400,0.78648,-0.04050,0.36252,-0.02397,0.42611,0.60533,-0.43883,1.57464,-2.10742,-0.05144,0.02426,0.08575,0.53880,0.60955,0.32323,2.03093,-0.95774,-3.38538
0.91500,0.78646,-0.04007,0.36313,-0.02441,0.42768,0.60321,-0.43499,1.55677,-2.13114,-0.05090,0.02487,0.08607,0.54082,0.60858,0.31984,2.00961,-0.98179,-3.39807
0.91600,0.78643,-0.03964,0.36373,-0.02484,0.42923,0.60107,-0.43109,1.53885,-2.15476,-0.05036,0.02548,0.08639,0.54282,0.60758,0.31644,1.98822,-1.00579,-3.41063
0.91700,0.78641,-0.03921,0.36433,-0.02527,0.43076,0.59890,-0.42711,1.52088,-2.17829,-0.04982,0.02608,0.08671,0.54480,0.60657,0.31302,1.96676,-1.02976,-3.42306
0.91800,0.78638,-0.03878,0.36493,-0.02570,0.43227,0.59671,-0.42307,1.50285,-2.20171,-0.04927,0.02669,0.08702,0.54675,0.60553,0.30959,1.94521,-1.05369,-3.43535
0.91900,0.78636,-0.03835,0.36552,-0.02612,0.43376,0.59450,-0.41896,1.48478,-2.22504,-0.04873,0.02730,0.08733,0.54869,0.60446,0.30615,1.92359,-1.07757,-3.44750
0.92000,0.78633,-0.03791,0.36611,-0.02654,0.43524,0.59226,-0.41478,1.46666,-2.24827,-0.04818,0.02790,0.08763,0.55060,0.60337,0.30269,1.90189,-1.10141,-3.45952
0.92100,0.78630,-0.03748,0.36671,-0.02695,0.43670,0.59000,-0.41054,1.44849,-2.27140,-0.04762,0.02850,0.08793,0.55249,0.60226,0.29923,1.88011,-1.12521,-3.47140
0.92200,0.78628,-0.03704,0.36729,-0.02736,0.43814,0.58772,-0.40623,1.43027,-2.29442,-0.04707,0.02910,0.08823,0.55436,0.60112,0.29575,1.85826,-1.14896,-3.48315
0.92300,0.78625,-0.03660,0.36788,-0.02776,0.43956,0.58542,-0.40186,1.41201,-2.31735,-0.04652,0.02970,0.08852,0.55621,0.59996,0.29226,1.83634,-1.17267,-3.49475
0.92400,0.78622,-0.03616,0.36847,-0.02816,0.44096,0.58309,-0.39742,1.39371,-2.34017,-0.04596,0.03030,0.08881,0.55803,0.59877,0.28876,1.81435,-1.19634,-3.50622
0.92500,0.78619,-0.03572,0.36905,-0.02856,0.44235,0.58074,-0.39291,1.37536,-2.36289,-0.04540,0.03090,0.08910,0.55984,0.59757,0.28525,1.79228,-1.21995,-3.51755
0.92600,0.78616,-0.03527,0.36963,-0.02895,0.44371,0.57836,-0.38835,1.35698,-2.38550,-0.04484,0.03150,0.08938,0.56162,0.59633,0.28173,1.77015,-1.24352,-3.52874
0.92700,0.78614,-0.03483,0.37020,-0.02933,0.44506,0.57596,-0.38372,1.33855,-2.40801,-0.04428,0.03209,0.08966,0.56338,0.59508,0.27819,1.74794,-1.26703,-3.53980
0.92800,0.78611,-0.03438,0.37078,-0.02972,0.44639,0.57354,-0.37903,1.32008,-2.43041,-0.04371,0.03269,0.08994,0.56511,0.59380,0.27465,1.72566,-1.29050,-3.55071
0.92900,0.78608,-0.03394,0.37135,-0.03009,0.44770,0.57110,-0.37428,1.30157,-2.45270,-0.04315,0.03328,0.09021,0.56683,0.59250,0.27109,1.70332,-1.31392,-3.56148
0.93000,0.78605,-0.03349,0.37192,-0.03046,0.44899,0.56864,-0.36948,1.28302,-2.47489,-0.04258,0.03387,0.09048,0.56852,0.59117,0.26753,1.68091,-1.33728,-3.57211
0.93100,0.78602,-0.03304,0.37249,-0.03083,0.45027,0.56615,-0.36461,1.26444,-2.49697,-0.04201,0.03446,0.09075,0.57019,0.58982,0.26395,1.65843,-1.36060,-3.58260
0.93200,0.78598,-0.03259,0.37305,-0.03119,0.45152,0.56365,-0.35968,1.24582,-2.51894,-0.04144,0.03505,0.09101,0.57184,0.58845,0.26036,1.63589,-1.38385,-3.59295
0.93300,0.78595,-0.03214,0.37362,-0.03155,0.45276,0.56112,-0.35470,1.22717,-2.54080,-0.04086,0.03564,0.09127,0.57346,0.58706,0.25676,1.61328,-1.40706,-3.60316
0.93400,0.78592,-0.03168,0.37418,-0.03190,0.45397,0.55856,-0.34966,1.20848,-2.56254,-0.04029,0.03623,0.09152,0.57506,0.58564,0.25315,1.59061,-1.43021,-3.61323
0.93500,0.78589,-0.03123,0.37473,-0.03225,0.45517,0.55599,-0.34456,1.18976,-2.58418,-0.03971,0.03681,0.09178,0.57664,0.58420,0.24954,1.56788,-1.45330,-3.62315
0.93600,0.78586,-0.03077,0.37529,-0.03259,0.45635,0.55340,-0.33941,1.17101,-2.60571,-0.03914,0.03740,0.09202,0.57820,0.58273,0.24591,1.54508,-1.47633,-3.63293
0.93700,0.78582,-0.03032,0.37584,-0.03293,0.45752,0.55078,-0.33420,1.15223,-2.62712,-0.03856,0.03798,0.09227,0.57973,0.58124,0.24227,1.52222,-1.49931,-3.64257
0.93800,0.78579,-0.02986,0.37639,-0.03326,0.45866,0.54814,-0.32895,1.13342,-2.64842,-0.03798,0.03856,0.09251,0.58124,0.57973,0.23862,1.49931,-1.52222,-3.65206
0.93900,0.78576,-0.02940,0.37694,-0.03359,0.45978,0.54548,-0.32363,1.11458,-2.66960,-0.03740,0.03914,0.09274,0.58273,0.57820,0.23497,1.47633,-1.54508,-3.66141
0.94000,0.78572,-0.02894,0.37748,-0.03391,0.46089,0.54280,-0.31827,1.09571,-2.69067,-0.03681,0.03971,0.09298,0.58420,0.57664,0.23130,1.45330,-1.56788,-3.67061
0.94100,0.78569,-0.02848,0.37802,-0.03422,0.46197,0.54010,-0.31286,1.07682,-2.71162,-0.03623,0.04029,0.09321,0.58564,0.57506,0.22762,1.43021,-1.59061,-3.67967
0.94200,0.78566,-0.02801,0.37856,-0.03453,0.46304,0.53738,-0.30740,1.05790,-2.73246,-0.03564,0.04086,0.09343,0.58706,0.57346,0.22394,1.40706,-1.61328,-3.68858
0.94300,0.78562,-0.02755,0.37910,-0.03484,0.46409,0.53464,-0.30188,1.03895,-2.75318,-0.03505,0.04144,0.09365,0.58845,0.57184,0.22025,1.38385,-1.63589,-3.69735
0.94400,0.78559,-0.02709,0.37963,-0.03514,0.46512,0.53187,-0.29632,1.01999,-2.77378,-0.03446,0.04201,0.09387,0.58982,0.57019,0.21655,1.36060,-1.65843,-3.70597
0.94500,0.78555,-0.02662,0.38016,-0.03543,0.46613,0.52909,-0.29072,1.00099,-2.79427,-0.03387,0.04258,0.09409,0.59117,0.56852,0.21284,1.33728,-1.68091,-3.71445
0.94600,0.78551,-0.02615,0.38069,-0.03572,0.46712,0.52628,-0.28506,0.98198,-2.81463,-0.03328,0.04315,0.09430,0.59250,0.56683,0.20912,1.31392,-1.70332,-3.72278
0.94700,0.78548,-0.02569,0.38121,-0.03600,0.46809,0.52346,-0.27936,0.96295,-2.83488,-0.03269,0.04371,0.09451,0.59380,0.56511,0.20539,1.29050,-1.72566,-3.73096
0.94800,0.78544,-0.02522,0.38173,-0.03628,0.46905,0.52061,-0.27362,0.94390,-2.85500,-0.03209,0.04428,0.09471,0.59508,0.56338,0.20165,1.26703,-1.74794,-3.73899
0.94900,0.78541,-0.02475,0.38225,-0.03655,0.46998,0.51775,-0.26783,0.92482,-2.87501,-0.03150,0.04484,0.09491,0.59633,0.56162,0.19791,1.24352,-1.77015,-3.74688
0.95000,0.78537,-0.02428,0.38277,-0.03681,0.47090,0.51486,-0.26200,0.90573,-2.89489,-0.03090,0.04540,0.09511,0.59757,0.55984,0.19416,1.21995,-1.79228,-3.75462
0.95100,0.78533,-0.02381,0.38328,-0.03707,0.47179,0.51196,-0.25613,0.88663,-2.91465,-0.03030,0.04596,0.09530,0.59877,0.55803,0.19040,1.19634,-1.81435,-3.76221
0.95200,0.78530,-0.02333,0.38379,-0.03732,0.47267,0.50904,-0.25022,0.86750,-2.93429,-0.02970,0.04652,0.09549,0.59996,0.55621,0.18664,1.17267,-1.83634,-3.76965
0.95300,0.78526,-0.02286,0.38430,-0.03757,0.47353,0.50609,-0.24427,0.84837,-2.95380,-0.02910,0.04707,0.09567,0.60112,0.55436,0.18286,1.14896,-1.85826,-3.77695
0.95400,0.78522,-0.02239,0.38481,-0.03781,0.47437,0.50313,-0.23828,0.82921,-2.97319,-0.02850,0.04762,0.09585,0.60226,0.55249,0.17908,1.12521,-1.88011,-3.78409
0.95500,0.78518,-0.02191,0.38531,-0.03805,0.47519,0.50014,-0.23225,0.81005,-2.99246,-0.02790,0.04818,0.09603,0.60337,0.55060,0.17530,1.10141,-1.90189,-3.79109
0.95600,0.78514,-0.02144,0.38581,-0.03828,0.47599,0.49714,-0.22618,0.79087,-3.01160,-0.02730,0.04873,0.09620,0.60446,0.54869,0.17150,1.07757,-1.92359,-3.79793
0.95700,0.78511,-0.02096,0.38630,-0.03850,0.47677,0.49412,-0.22008,0.77168,-3.03062,-0.02669,0.04927,0.09637,0.60553,0.54675,0.16770,1.05369,-1.94521,-3.80463
0.95800,0.78507,-0.02048,0.38679,-0.03872,0.47753,0.49108,-0.21394,0.75248,-3.04951,-0.02608,0.04982,0.09654,0.60657,0.54480,0.16389,1.02976,-1.96676,-3.81117
0.95900,0.78503,-0.02000,0.38728,-0.03893,0.47827,0.48802,-0.20777,0.73327,-3.06827,-0.02548,0.05036,0.09670,0.60758,0.54282,0.16008,1.00579,-1.98822,-3.81757
0.96000,0.78499,-0.01953,0.38777,-0.03913,0.47900,0.48495,-0.20157,0.71405,-3.08690,-0.02487,0.05090,0.09686,0.60858,0.54082,0.15626,0.98179,-2.00961,-3.82381
0.96100,0.78495,-0.01905,0.38825,-0.03933,0.47970,0.48185,-0.19534,0.69482,-3.10541,-0.02426,0.05144,0.09701,0.60955,0.53880,0.15243,0.95774,-2.03093,-3.82991
0.96200,0.78491,-0.01857,0.38873,-0.03952,0.48039,0.47873,-0.18907,0.67559,-3.12379,-0.02365,0.05198,0.09716,0.61049,0.53676,0.14860,0.93366,-2.05216,-3.83585
0.96300,0.78487,-0.01809,0.38921,-0.03971,0.48105,0.47560,-0.18278,0.65635,-3.14204,-0.02304,0.05252,0.09731,0.61142,0.53470,0.14476,0.90954,-2.07331,-3.84164
0.96400,0.78483,-0.01760,0.38969,-0.03989,0.48170,0.47245,-0.17645,0.63710,-3.16016,-0.02243,0.05305,0.09745,0.61231,0.53261,0.14091,0.88539,-2.09437,-3.84728
0.96500,0.78479,-0.01712,0.39016,-0.04006,0.48233,0.46928,-0.17010,0.61785,-3.17816,-0.02181,0.05358,0.09759,0.61319,0.53051,0.13706,0.86119,-2.11536,-3.85276
0.96600,0.78475,-0.01664,0.39062,-0.04023,0.48293,0.46609,-0.16372,0.59860,-3.19602,-0.02120,0.05411,0.09773,0.61404,0.52838,0.13321,0.83697,-2.13626,-3.85810
0.96700,0.78471,-0.01616,0.39109,-0.04039,0.48352,0.46289,-0.15732,0.57934,-3.21375,-0.02059,0.05464,0.09786,0.61486,0.52623,0.12935,0.81271,-2.15708,-3.86328
0.96800,0.78467,-0.01567,0.39155,-0.04054,0.48409,0.45967,-0.15089,0.56008,-3.23135,-0.01997,0.05516,0.09799,0.61566,0.52407,0.12548,0.78842,-2.17781,-3.86831
0.96900,0.78463,-0.01519,0.39201,-0.04069,0.48464,0.45643,-0.14444,0.54082,-3.24881,-0.01935,0.05569,0.09811,0.61644,0.52188,0.12161,0.76410,-2.19846,-3.87319
0.97000,0.78459,-0.01470,0.39246,-0.04083,0.48518,0.45317,-0.13796,0.52156,-3.26615,-0.01874,0.05621,0.09823,0.61719,0.51967,0.11774,0.73975,-2.21902,-3.87791
0.97100,0.78455,-0.01422,0.39291,-0.04097,0.48569,0.44989,-0.13147,0.50230,-3.28335,-0.01812,0.05673,0.09834,0.61792,0.51744,0.11385,0.71537,-2.23949,-3.88249
0.97200,0.78451,-0.01373,0.39336,-0.04110,0.48618,0.44660,-0.12495,0.48304,-3.30042,-0.01750,0.05724,0.09846,0.61862,0.51519,0.10997,0.69096,-2.25987,-3.88690
0.97300,0.78447,-0.01325,0.39381,-0.04122,0.48665,0.44329,-0.11841,0.46379,-3.31736,-0.01688,0.05776,0.09856,0.61930,0.51292,0.10608,0.66653,-2.28017,-3.89117
0.97400,0.78442,-0.01276,0.39425,-0.04133,0.48711,0.43997,-0.11186,0.44453,-3.33416,-0.01626,0.05827,0.09867,0.61995,0.51063,0.10219,0.64207,-2.30037,-3.89528
0.97500,0.78438,-0.01227,0.39469,-0.04144,0.48754,0.43663,-0.10528,0.42528,-3.35083,-0.01564,0.05878,0.09877,0.62058,0.50832,0.09829,0.61758,-2.32048,-3.89924
0.97600,0.78434,-0.01178,0.39512,-0.04154,0.48796,0.43327,-0.09869,0.40603,-3.36736,-0.01502,0.05929,0.09887,0.62119,0.50599,0.09439,0.59307,-2.34050,-3.90304
0.97700,0.78430,-0.01130,0.39555,-0.04164,0.48835,0.42989,-0.09209,0.38679,-3.38376,-0.01440,0.05979,0.09896,0.62177,0.50364,0.09048,0.56853,-2.36043,-3.90669
0.97800,0.78426,-0.01081,0.39598,-0.04173,0.48873,0.42650,-0.08547,0.36756,-3.40002,-0.01378,0.06029,0.09905,0.62233,0.50127,0.08658,0.54397,-2.38027,-3.91018
0.97900,0.78422,-0.01032,0.39641,-0.04181,0.48909,0.42309,-0.07884,0.34833,-3.41614,-0.01316,0.06079,0.09913,0.62286,0.49888,0.08266,0.51940,-2.40001,-3.91353
0.98000,0.78417,-0.00983,0.39683,-0.04189,0.48943,0.41967,-0.07220,0.32910,-3.43213,-0.01253,0.06129,0.09921,0.62336,0.49647,0.07875,0.49480,-2.41966,-3.91671
0.98100,0.78413,-0.00934,0.39725,-0.04195,0.48975,0.41623,-0.06554,0.30989,-3.44798,-0.01191,0.06179,0.09929,0.62385,0.49404,0.07483,0.47018,-2.43921,-3.91974
0.98200,0.78409,-0.00885,0.39766,-0.04202,0.49005,0.41277,-0.05888,0.29068,-3.46370,-0.01129,0.06228,0.09936,0.62430,0.49159,0.07091,0.44554,-2.45867,-3.92262
0.98300,0.78405,-0.00836,0.39807,-0.04207,0.49033,0.40930,-0.05221,0.27149,-3.47927,-0.01066,0.06277,0.09943,0.62474,0.48912,0.06699,0.42088,-2.47803,-3.92534
0.98400,0.78401,-0.00787,0.39848,-0.04212,0.49059,0.40581,-0.04553,0.25230,-3.49471,-0.01004,0.06326,0.09950,0.62515,0.48663,0.06306,0.39621,-2.49729,-3.92791
0.98500,0.78396,-0.00738,0.39888,-0.04216,0.49083,0.40231,-0.03884,0.23313,-3.51001,-0.00941,0.06374,0.09956,0.62553,0.48413,0.05913,0.37152,-2.51645,-3.93032
0.98600,0.78392,-0.00689,0.39928,-0.04220,0.49106,0.39879,-0.03215,0.21396,-3.52517,-0.00879,0.06423,0.09961,0.62589,0.48160,0.05520,0.34682,-2.53551,-3.93258
0.98700,0.78388,-0.00640,0.39968,-0.04223,0.49126,0.39526,-0.02545,0.19481,-3.54019,-0.00816,0.06471,0.09967,0.62622,0.47906,0.05126,0.32211,-2.55447,-3.93468
0.98800,0.78384,-0.00590,0.40007,-0.04225,0.49145,0.39171,-0.01875,0.17567,-3.55508,-0.00753,0.06518,0.09972,0.62653,0.47649,0.04733,0.29738,-2.57334,-3.93663
0.98900,0.78380,-0.00541,0.40046,-0.04226,0.49161,0.38815,-0.01205,0.15655,-3.56982,-0.00691,0.06566,0.09976,0.62682,0.47391,0.04339,0.27264,-2.59210,-3.93842
0.99000,0.78375,-0.00492,0.40085,-0.04227,0.49176,0.38457,-0.00534,0.13743,-3.58442,-0.00628,0.06613,0.09980,0.62708,0.47131,0.03945,0.24789,-2.61075,-3.94005
0.99100,0.78371,-0.00443,0.40123,-0.04228,0.49189,0.38098,0.00136,0.11834,-3.59888,-0.00565,0.06660,0.09984,0.62731,0.46869,0.03551,0.22313,-2.62931,-3.94153
0.99200,0.78367,-0.00394,0.40161,-0.04227,0.49200,0.37737,0.00807,0.09926,-3.61320,-0.00502,0.06707,0.09987,0.62752,0.46605,0.03157,0.19836,-2.64776,-3.94286
0.99300,0.78363,-0.00345,0.40199,-0.04226,0.49209,0.37375,0.01477,0.08019,-3.62738,-0.00440,0.06753,0.09990,0.62771,0.46339,0.02763,0.17358,-2.66611,-3.94402
0.99400,0.78358,-0.00295,0.40236,-0.04224,0.49216,0.37012,0.02147,0.06114,-3.64141,-0.00377,0.06800,0.09993,0.62787,0.46072,0.02368,0.14879,-2.68435,-3.94504
0.99500,0.78354,-0.00246,0.40273,-0.04222,0.49221,0.36647,0.02816,0.04211,-3.65531,-0.00314,0.06845,0.09995,0.62801,0.45802,0.01974,0.12400,-2.70248,-3.94589
0.99600,0.78350,-0.00197,0.40309,-0.04218,0.49224,0.36281,0.03485,0.02310,-3.66906,-0.00251,0.06891,0.09997,0.62812,0.45531,0.01579,0.09921,-2.72051,-3.94659
0.99700,0.78346,-0.00148,0.40345,-0.04215,0.49225,0.35913,0.04153,0.00410,-3.68267,-0.00188,0.06937,0.09998,0.62821,0.45258,0.01184,0.07441,-2.73843,-3.94714
0.99800,0.78342,-0.00098,0.40381,-0.04210,0.49225,0.35544,0.04821,-0.01488,-3.69614,-0.00126,0.06982,0.09999,0.62827,0.44984,0.00790,0.04961,-2.75625,-3.94753
0.99900,0.78337,-0.00049,0.40417,-0.04205,0.49222,0.35174,0.05488,-0.03383,-3.70946,-0.00063,0.07026,0.10000,0.62831,0.44707,0.00395,0.02480,-2.77395,-3.94776
